# File generated by ImageToStl.com - Free Image and 3D model conversion tools

o obj1
v -0.99137223 -0.86567998 0.26268774
v -0.99468797 -0.84675097 0.23894396
v -0.9921208 -0.853589 0.22233528
v -0.9749741 -0.11246691 0.64872658
v -0.98799354 -0.14166944 0.65948313
v -0.99590778 -0.10953407 0.69525343
v -0.98441774 -0.85232484 0.44842327
v -0.99239415 -0.8459518 0.47927627
v -0.99049562 -0.84142119 0.47205466
v -0.98530072 -0.15047577 0.69303995
v -0.95047337 -0.85037899 0.28636414
v -0.95482516 -0.84536749 0.21586342
v -0.95444411 -0.85770899 0.43803632
v -0.95827013 -0.8441596 0.50193983
v -0.99090511 -0.84928089 -0.12135155
v -0.99414515 -0.83727813 -0.10225511
v -0.9483034 -0.84224987 -0.14563189
v -0.92235667 -0.84377164 -0.05303837
v -0.97248757 -0.82762814 -0.06453148
v -0.97553337 -0.08681232 0.59869355
v -0.97373885 -0.08386204 0.54579496
v -0.96959603 -0.14072183 0.57746643
v -0.94931221 -0.85474265 0.25278193
v -0.95162719 -0.85050911 0.41792256
v -0.93384647 -0.83970833 -0.11835034
v -0.97200394 -0.14665166 0.34338987
v -0.96165943 -0.18118782 0.33302423
v -0.93826711 -0.18225512 0.35045052
v -0.97587782 -0.1758811 0.56911755
v -0.94512534 -0.17946924 0.59133756
v -0.93272859 -0.17827478 0.68661839
v -0.97009522 -0.17862208 0.55735332
v -0.93417937 -0.12564479 0.69870102
v -0.94600314 -0.13128538 0.76345408
v -0.98999023 -0.11120488 0.74968988
v -0.95136231 -0.14958398 0.7467373
v -0.96815026 -0.07226926 0.75355321
v -0.94596046 -0.13395184 0.72674602
v -0.95035827 -0.04912351 0.58320856
v -0.93705761 -0.85344839 0.2005199
v -0.87228531 -0.83683389 0.47880718
v -0.93263763 -0.15882835 0.51858145
v -0.91817355 -0.21207169 0.53694755
v -0.9232927 -0.12566863 0.63257724
v -0.95803326 -0.04319341 0.60186458
v -0.95627159 -0.02859155 0.63410383
v -0.95506626 -0.01547628 0.59720176
v -0.90017903 -0.84886813 -0.1105969
v -0.88996959 -0.83716917 0.51154339
v -0.98473495 -0.85341525 -0.24099112
v -0.88506019 -0.84017497 -0.20954005
v -0.95710599 -0.85115987 -0.27793521
v -0.93106741 -0.82411271 0.51073295
v -0.93520051 -0.15752184 0.64683962
v -0.92860067 -0.16409007 0.31006411
v -0.92700738 -0.1586685 0.34729707
v -0.93511182 -0.14163129 0.71671593
v -0.95828211 -0.08608562 0.49018559
v -0.94722378 -0.05683766 0.44935998
v -0.93315428 -0.12451628 0.46060833
v -0.92913771 -0.06770141 0.54976648
v -0.95496231 -0.01141038 0.52363092
v -0.94065714 0.05131118 0.49391446
v -0.95611012 -0.04129594 0.41536364
v -0.92540556 0.01294146 0.62540567
v -0.90696424 0.06347578 0.63479573
v -0.90299433 0.06254747 0.6626991
v -0.9651075 0.1314407 0.62287045
v -0.89297462 -0.85843575 0.35355306
v -0.93219054 -0.86320448 0.40701005
v -0.94583833 -0.17213519 0.39265263
v -0.93347627 -0.23197576 0.35301808
v -0.93317401 -0.23920716 0.43796396
v -0.94112223 -0.18185535 0.44888496
v -0.93484539 -0.10858355 0.51952231
v -0.93122327 -0.13728206 0.73426515
v -0.91848266 -0.03952959 0.59096491
v -0.90089238 -0.04072616 0.6267916
v -0.89953673 -0.01081169 0.33709747
v -0.91136569 -0.08065673 0.38236004
v -0.91843641 -0.03101662 0.57148206
v -0.9267931 0.02821986 0.41197708
v -0.92872149 -0.00073607 0.58759201
v -0.93991619 -0.03369335 0.6724382
v -0.92389065 -0.00077102 0.66117024
v -0.92408139 0.06708183 0.46735463
v -0.90404713 0.10865882 0.5992198
v -0.90717363 0.21581253 0.6413244
v -0.91529006 0.15483305 0.60154057
v -0.9436956 0.18822904 0.67361808
v -0.94041556 0.41535521 0.47982603
v -0.94288188 0.47608674 0.47796801
v -0.93702936 0.49247751 0.45515785
v -0.89072317 -0.86292261 -0.24759632
v -0.83693153 -0.86823297 0.21955198
v -0.92923015 -0.84595907 0.20274296
v -0.9460367 -0.25279212 0.5906328
v -0.90981752 -0.28348491 0.61008805
v -0.93037999 -0.24211547 0.64076388
v -0.9377563 -0.22660598 0.48748603
v -0.92446959 -0.20749801 0.59443986
v -0.92097056 -0.17477944 0.6372667
v -0.90316188 -0.1421167 0.44840226
v -0.91517013 -0.13511449 0.38791943
v -0.92444086 -0.12578438 0.73635805
v -0.90720356 -0.14654389 0.50444406
v -0.91067827 -0.13265738 0.51528883
v -0.91886771 -0.10013702 0.42805019
v -0.90203846 0.03917788 0.54147494
v -0.91565359 0.05133571 0.41603887
v -0.93664014 0.09204613 0.46061915
v -0.92349738 0.12869297 0.43281475
v -0.91197014 0.09802274 0.41251865
v -0.91959828 0.41783673 0.50686699
v -0.93172723 0.40213677 0.50901836
v -0.9208622 0.410171 0.45809293
v -0.92520362 -0.84835535 0.17727821
v -0.88182259 -0.86072743 0.32418025
v -0.89877266 -0.85348684 0.45717156
v -0.91049486 -0.81688535 0.52807361
v -0.91743445 -0.28594205 0.50182915
v -0.90404063 -0.25853151 0.53704971
v -0.92619997 -0.26564339 0.56003875
v -0.91898793 -0.20453411 0.6942451
v -0.91747886 -0.15714912 0.48255658
v -0.89734226 -0.1418303 0.46979856
v -0.91037786 -0.11503541 0.65919697
v -0.92871648 -0.11982959 0.33994365
v -0.91957051 -0.11466207 0.27839065
v -0.90579027 -0.01738971 0.72417539
v -0.90860319 -0.04519929 0.72208959
v -0.91133535 -0.01407684 0.69411236
v -0.90947258 0.06381517 0.50583196
v -0.9004854 0.11516788 0.47822717
v -0.90466708 0.22222076 0.68682724
v -0.90803051 0.28396997 0.53963226
v -0.92412239 0.31753731 0.48330113
v -0.90283906 -0.85255438 -0.29005161
v -0.88058698 -0.86625981 0.16010767
v -0.88597995 -0.85152358 0.32556304
v -0.91853601 -0.83804917 0.14969942
v -0.89141876 -0.84300649 -0.04711419
v -0.89928442 -0.29811648 0.57917356
v -0.90244752 -0.285714 0.43859649
v -0.91571927 -0.26826528 0.66071689
v -0.90398943 -0.18266761 0.33434886
v -0.90316904 -0.16865335 0.62211418
v -0.90943563 -0.14556763 0.75497037
v -0.88826245 -0.08532527 0.58625996
v -0.92036307 -0.06271333 0.68341762
v -0.89255834 0.00809873 0.59965718
v -0.90847015 0.04312431 0.6402176
v -0.89716935 0.1615666 0.7058143
v -0.90782714 0.25191382 0.52168858
v -0.91335446 0.34190747 0.462118
v -0.92159253 0.47165191 0.46181372
v -0.8856591 -0.8605963 -0.30864158
v -0.8808127 -0.84867734 -0.25112435
v -0.86430907 -0.85550845 0.16189843
v -0.88304102 -0.83833218 -0.10741955
v -0.88794076 -0.81660217 0.09218147
v -0.91948432 -0.84243548 0.08880521
v -0.87530416 -0.80751216 0.52988857
v -0.88538426 -0.29490709 0.3606675
v -0.8881672 -0.23248537 0.32407805
v -0.87668854 -0.22838363 0.71287256
v -0.85796976 -0.19056129 0.64161074
v -0.88652819 -0.11530389 0.63214493
v -0.91725612 -0.09613428 0.17782061
v -0.91129303 -0.13868204 0.16564097
v -0.90089035 -0.13016048 0.20963131
v -0.91607153 -0.09854067 0.77117699
v -0.88666856 -0.05615872 0.2909199
v -0.89808518 -0.03196212 0.80969888
v -0.89927393 -0.04593968 0.58984929
v -0.90030402 -0.00319637 0.71426386
v -0.89604574 -0.01781696 0.65470606
v -0.90093261 0.00187544 0.65725023
v -0.89205468 0.04865801 0.6063475
v -0.91038191 0.07760829 0.38484547
v -0.87303698 0.08182558 0.46772906
v -0.91166782 0.10304013 0.49450839
v -0.89167279 0.10588338 0.52547318
v -0.91636616 0.13465641 0.51531136
v -0.87387848 0.10127821 0.44008195
v -0.88581926 0.11659297 0.44938394
v -0.91209263 0.07137204 0.56792021
v -0.90759593 0.1684581 0.54198247
v -0.86629874 0.13628286 0.57945722
v -0.90592563 0.29035851 0.46467745
v -0.85912526 -0.86436677 0.35588187
v -0.89311552 -0.85275912 -0.32648638
v -0.89583611 -0.29252291 0.52970403
v -0.86668658 -0.3261739 0.63859081
v -0.88110578 -0.16664161 0.22627054
v -0.90604669 -0.2085024 0.2509397
v -0.89905834 -0.19313474 0.28158057
v -0.87874842 -0.12530938 0.15115923
v -0.87379581 -0.10175595 0.41752735
v -0.90216821 0.02396388 0.73913747
v -0.8835873 0.03296681 0.68998271
v -0.855349 0.01799805 0.58480418
v -0.88563293 0.06930953 0.34394538
v -0.87968826 0.06730711 0.43822527
v -0.88605148 0.1170204 0.59008151
v -0.90584594 0.12141863 0.27598479
v -0.90638578 0.16121802 0.27114919
v -0.88438463 0.11741868 0.25444323
v -0.8984521 0.17401601 0.48149189
v -0.88969612 0.23312154 0.48554456
v -0.86234826 0.26982641 0.45472178
v -0.86084515 0.32285756 0.46429917
v -0.88424432 0.39102662 0.48079669
v -0.88818234 -0.84455746 -0.32896489
v -0.88053524 -0.85691714 -0.04615037
v -0.8840555 -0.84923917 0.05367827
v -0.86471885 -0.84391689 0.08058162
v -0.84698421 -0.81723708 0.55319244
v -0.87057334 -0.34756431 0.45551589
v -0.86582768 -0.29107136 0.60793734
v -0.85811204 -0.32483119 0.66991413
v -0.88071954 -0.16271485 0.25435704
v -0.85833108 -0.12364043 0.21444441
v -0.87007654 -0.06812327 0.34388232
v -0.86111075 -0.12583584 0.65894896
v -0.87468046 -0.09239452 0.38951907
v -0.87473506 -0.07079199 0.36268556
v -0.88457102 -0.01642558 0.75829262
v -0.87307107 -0.00111983 0.80999076
v -0.88703936 -0.02934607 0.67134392
v -0.88101798 0.01100671 0.61116236
v -0.87068081 0.04356949 0.324395
v -0.86872548 0.02125368 0.72303331
v -0.87271523 0.08725244 0.40419096
v -0.83827442 0.10054944 0.71165282
v -0.88289487 0.10402191 0.32296982
v -0.85739446 0.17289054 0.61299515
v -0.88000798 0.25174952 0.56882292
v -0.86565739 0.29121125 0.56036782
v -0.86524493 0.36266729 0.51162189
v -0.87278801 -0.85905445 0.08197547
v -0.80357766 -0.85164887 0.21097657
v -0.85951412 -0.35670608 0.551404
v -0.84883529 -0.35217252 0.52311188
v -0.86648077 -0.30294752 0.40720734
v -0.87184125 -0.24831925 0.28819546
v -0.83240283 -0.27918017 0.71344686
v -0.87674195 -0.24562244 0.25204784
v -0.87229568 -0.1948522 0.20982985
v -0.88022739 -0.18084437 0.16918001
v -0.84862089 -0.18443561 0.75869727
v -0.84026939 -0.11693775 0.18526296
v -0.86771286 -0.09957841 0.21668205
v -0.88337171 -0.01386144 0.61458319
v -0.86940563 0.00474058 0.31500202
v -0.86880195 -0.00856763 0.6391421
v -0.86273021 0.03788694 0.53391343
v -0.86959982 0.09084247 0.3640413
v -0.87642282 0.1417613 0.32492206
v -0.8672989 0.19005135 0.52245504
v -0.87245816 0.18544464 0.55652022
v -0.87618899 0.25261128 0.46339801
v -0.83360428 -0.85960335 0.34358108
v -0.8344053 -0.85162336 0.26720235
v -0.8725121 -0.86152381 -0.01165004
v -0.87244612 -0.84659511 0.34032202
v -0.85624367 -0.16286258 0.15026005
v -0.8525756 -0.07469507 0.81663942
v -0.87125063 -0.01512054 0.62571603
v -0.84415084 -0.02030925 0.58095533
v -0.86063254 0.08511269 0.26750526
v -0.86034906 0.14358747 0.4275445
v -0.8556177 0.16018878 0.28198314
v -0.78266138 -0.85672683 0.30429307
v -0.8205421 -0.84068942 -0.34505591
v -0.81990314 -0.84968358 -0.30286601
v -0.8621183 -0.84382713 -0.3468664
v -0.81206679 -0.83918548 -0.29464686
v -0.82842052 -0.84638381 0.37043256
v -0.84031999 -0.82836241 -0.34816518
v -0.83074546 -0.83999485 -0.23309843
v -0.85122585 -0.84656858 -0.08439535
v -0.84266406 -0.83161336 -0.19535322
v -0.84635347 -0.33238122 0.3652122
v -0.84080511 -0.35967323 0.39858738
v -0.85721081 -0.28228128 0.3097232
v -0.86191851 -0.0599836 0.25499398
v -0.84832811 -0.03073722 0.66514397
v -0.856224 -0.02992441 0.64824075
v -0.84722996 -0.00412502 0.78749639
v -0.83872658 0.00739678 0.68402642
v -0.85731453 0.03935787 0.74910015
v -0.84857309 0.02931127 0.49035034
v -0.85374451 0.07468765 0.51095545
v -0.83894497 0.0903016 0.44346794
v -0.83806098 0.17542508 0.43510723
v -0.84551829 0.16056146 0.69815069
v -0.8504501 0.17447747 0.49047717
v -0.82085294 -0.8562097 0.00565616
v -0.81514889 -0.84634 0.54302686
v -0.81844389 -0.86293191 0.47624907
v -0.83110464 -0.79583865 0.5291217
v -0.84230453 -0.32765681 0.5951739
v -0.83292884 -0.18942112 0.12948419
v -0.82903939 -0.26229781 0.15181777
v -0.84357828 -0.06510387 0.22515255
v -0.84872198 -0.05974275 0.30729839
v -0.83721703 -0.03636049 0.35513833
v -0.855497 -0.05554464 0.04220396
v -0.88079578 0.02731412 0.01570648
v -0.83263969 -0.06436519 0.02344857
v -0.8378123 -0.00241553 0.61447078
v -0.86677015 0.03126949 8.415E-05
v -0.85472083 0.00352492 0.06511872
v -0.85137606 0.06306747 0.42277548
v -0.84558392 0.03620925 0.29234463
v -0.85024887 0.17037831 0.60102731
v -0.83783948 0.1754044 0.64975709
v -0.83402145 0.20623951 0.62299955
v -0.84276074 0.21871178 0.46275887
v -0.82697594 0.31650925 0.59410977
v -0.80346972 -0.87027454 -0.0068531
v -0.8002916 -0.86748731 0.08613589
v -0.82368731 -0.85036778 -0.23188008
v -0.83173347 -0.80668271 0.43660507
v -0.83084112 -0.40376079 0.55138355
v -0.83857197 -0.35348961 0.42531347
v -0.84285158 -0.33495867 0.63737017
v -0.81726927 -0.25388816 0.19784981
v -0.85030073 -0.08769248 0.20382124
v -0.8595497 -0.05102667 0.18962784
v -0.856327 -0.07253399 0.14015496
v -0.85499287 -0.03247768 0.13512935
v -0.83591759 -0.03937446 0.10474057
v -0.88647503 0.03003607 0.08771355
v -0.83811766 0.02275235 0.13876101
v -0.8449344 0.02985985 0.08167141
v -0.85078502 0.03432034 0.33759022
v -0.84094036 0.02025872 0.70111811
v -0.81711018 0.03976604 0.04997016
v -0.82231945 0.02412219 0.54583341
v -0.83962566 0.07727281 0.46870634
v -0.85219049 0.14979756 0.3557846
v -0.86662138 0.2779142 0.43868992
v -0.83197176 0.23605366 0.44241309
v -0.85057873 0.26238602 0.45630297
v -0.82693976 0.24571447 0.4643859
v -0.79090983 -0.86639124 0.20194389
v -0.8166455 -0.8485865 0.05263604
v -0.85268849 -0.78796136 0.32660002
v -0.82412124 -0.83789855 -0.42697337
v -0.8405394 -0.82740903 -0.4736253
v -0.8387866 -0.84374881 -0.50139874
v -0.8478297 -0.81724554 0.34719425
v -0.83018047 -0.34617651 0.29911742
v -0.82407689 -0.31753743 0.26170748
v -0.84536028 -0.2135682 0.68860185
v -0.82448357 -0.19397151 0.72076762
v -0.81432843 -0.2292237 0.77299672
v -0.83245188 -0.10194622 0.12735331
v -0.81019932 -0.0305999 0.30035567
v -0.81542194 -0.04352207 0.0669761
v -0.84356606 -0.05218528 0.65226293
v -0.81766707 -0.01090741 0.58933479
v -0.83503771 0.00749854 0.3486993
v -0.82983667 0.04429577 0.72557622
v -0.83646435 0.05214186 0.25070125
v -0.8332001 0.0416774 0.49687371
v -0.81660539 0.1391004 0.42233229
v -0.83485317 0.13589771 0.13230586
v -0.85193014 0.10648817 0.17572935
v -0.85527861 0.16237414 0.15848526
v -0.83791298 0.12904926 0.25053462
v -0.84037775 0.18432763 0.29676363
v -0.85270029 0.27854469 0.37452978
v -0.85163242 0.27154207 0.34139612
v -0.83745295 0.16641164 0.40874285
v -0.83948779 0.26582137 0.41868645
v -0.84030294 0.28193414 0.31205779
v -0.82604092 0.31636983 0.35677388
v -0.82169408 0.29108384 0.53791761
v -0.78546071 -0.87003505 0.16437554
v -0.82131773 -0.85676348 0.41115734
v -0.8115468 -0.84043282 -0.17798029
v -0.81162733 -0.83694077 -0.1632926
v -0.83003807 -0.82458979 -0.14454222
v -0.84232444 -0.84332395 -0.13002285
v -0.82723707 -0.84512466 -0.06235389
v -0.82634693 -0.81370926 0.25150859
v -0.79726994 -0.77798092 0.44811964
v -0.82641798 -0.76057088 0.34630427
v -0.83792096 -0.74152517 0.3148132
v -0.82794869 -0.37887701 0.61149317
v -0.8090468 -0.41127715 0.47427461
v -0.80428135 -0.36355621 0.69531375
v -0.80887502 -0.26247811 0.2297312
v -0.79303777 -0.16745532 0.81006783
v -0.82869798 -0.06107023 0.24170649
v -0.81489545 -0.01723713 0.6299414
v -0.80915368 -0.0583363 0.62692094
v -0.80116606 -0.01401909 0.00711277
v -0.82348841 0.02662282 0.17830734
v -0.82857651 0.01110417 0.40337178
v -0.80987376 0.07889419 0.70584369
v -0.79684383 0.07003944 0.22551045
v -0.81299269 0.10281634 0.26354852
v -0.82967585 0.15254036 0.22808915
v -0.83127958 0.19237293 0.15801542
v -0.81492382 0.16896649 0.34967709
v -0.81517816 0.16052169 0.65818882
v -0.83184153 0.19067216 0.25392818
v -0.83366191 0.19595058 0.36084312
v -0.82025957 0.23898853 0.45438427
v -0.78779215 -0.85620368 0.10970075
v -0.79189467 -0.83112538 -0.37723535
v -0.82494503 -0.82167763 0.37247968
v -0.80389333 -0.85248536 0.3511332
v -0.78913015 -0.38189098 0.5421887
v -0.81561911 -0.38328311 0.34188455
v -0.79110569 -0.22516724 0.72584492
v -0.80954862 -0.2178691 0.11162111
v -0.81317735 -0.19429831 0.68296021
v -0.81286699 -0.14060926 0.08573586
v -0.827218 -0.19208476 0.09062214
v -0.81688726 -0.08690397 0.10526163
v -0.81327832 -0.02756775 0.65441918
v -0.80173093 -0.00408506 0.82274282
v -0.83609784 0.06527725 0.75927824
v -0.79854298 0.00793113 0.1172706
v -0.81881672 0.01537046 0.26827535
v -0.80372465 0.09384254 0.21991402
v -0.81365615 0.13147303 0.43805665
v -0.79838347 0.21397234 0.32340568
v -0.80671906 0.2580533 0.44018155
v -0.81575614 0.29461592 0.4982022
v -0.79411197 -0.84668052 -0.28779367
v -0.78535253 -0.84747571 -0.14575233
v -0.80236024 -0.85534394 -0.52226663
v -0.79418987 -0.84419245 -0.52703297
v -0.81010842 -0.82205409 -0.3615346
v -0.79360056 -0.78442568 0.36180994
v -0.77210462 -0.76464063 0.40281078
v -0.80588043 -0.77308977 0.25094217
v -0.79308939 -0.35774994 0.65258205
v -0.78830278 -0.28871602 0.73301244
v -0.83097655 -0.30867958 0.20421429
v -0.81241107 -0.28705835 0.10281458
v -0.80948049 -0.04373235 0.10261463
v -0.81237245 -0.00218581 0.40506288
v -0.79945886 -0.01310441 0.30470547
v -0.79042864 0.0232189 0.13606855
v -0.80419838 0.09370285 0.17993359
v -0.80284309 0.100307 0.66657859
v -0.80337471 0.19671214 0.32964557
v -0.81792092 0.21364568 0.24880326
v -0.80245417 0.20371328 0.65367538
v -0.79033583 0.2705445 0.53684253
v -0.78660804 0.2881085 0.29954967
v -0.77223021 -0.85322177 -0.47867933
v -0.80627275 -0.83679879 -0.22568367
v -0.7952798 -0.82625723 -0.22999346
v -0.79264659 -0.83919507 -0.19091192
v -0.7743758 -0.80474818 0.51005465
v -0.79996288 -0.72546631 0.30972996
v -0.789262 -0.40760207 0.59045875
v -0.7985189 -0.39360663 0.40525827
v -0.76728129 -0.42005876 0.47316891
v -0.79934978 -0.38710853 0.29683015
v -0.80391979 -0.37834042 0.22692925
v -0.79491132 -0.34644741 0.20002708
v -0.79288864 -0.34446749 0.21924007
v -0.79569834 -0.30916151 0.18093264
v -0.81003618 -0.31424454 0.16112892
v -0.7854104 -0.22500652 0.79805201
v -0.80020809 -0.18588963 0.05561192
v -0.81076616 -0.13676754 -0.00018486
v -0.81091678 -0.18533881 -0.00486418
v -0.82657099 -0.09691438 0.03156649
v -0.77085698 -0.11583834 0.83251631
v -0.79647678 -0.05754907 0.81612593
v -0.8042298 -0.02193093 0.25420278
v -0.78454465 0.04129377 0.16158994
v -0.79883081 0.15403481 0.1447684
v -0.77904993 0.17984281 0.21280266
v -0.78764081 0.22900958 0.28237098
v -0.78665805 0.29455334 0.62333411
v -0.80410594 0.25316611 0.24011268
v -0.80244559 0.23295397 0.2104224
v -0.77105302 0.29140922 0.40215558
v -0.77051014 0.30796811 0.32249594
v -0.7680769 -0.86506248 -0.03792319
v -0.74882144 -0.8486793 0.45711276
v -0.78374183 -0.83648217 -0.40863523
v -0.78103244 -0.81832314 0.1906905
v -0.79581571 -0.72403908 0.29404855
v -0.79234642 -0.40823489 0.26040351
v -0.79093605 -0.29229993 0.18735796
v -0.79375631 -0.21602945 0.0862543
v -0.80486035 -0.25116166 0.06254998
v -0.79723179 -0.22781192 0.06433585
v -0.80288678 -0.07600656 -0.00588405
v -0.80420905 -0.05766079 0.01593842
v -0.78007025 -0.03025854 0.22435471
v -0.79855543 -0.0230995 0.34689224
v -0.78697252 0.01444205 0.20353395
v -0.78245437 0.0126399 0.08251791
v -0.77740699 0.03540017 0.24149407
v -0.79948992 0.09580212 0.75693834
v -0.7782132 0.1376254 0.60649079
v -0.7871294 0.17066662 0.19761093
v -0.78688699 0.227459 0.50455302
v -0.78405386 0.29946065 0.39075118
v -0.75227344 0.30062276 0.60965306
v -0.78325784 -0.86008823 0.04708349
v -0.77124268 -0.82775652 0.1005859
v -0.79862773 -0.82581985 0.06849099
v -0.78008169 -0.83472192 -0.13955817
v -0.79194307 -0.38000292 0.21504115
v -0.79556191 -0.29292613 0.06448749
v -0.8016693 -0.25245556 0.03684553
v -0.76229632 -0.22729586 0.00036157
v -0.7646327 -0.24151205 0.0432415
v -0.7888332 -0.13505439 0.07415156
v -0.7958926 -0.01923158 0.05095353
v -0.78000665 -0.01234018 0.08257321
v -0.79963958 -0.02492632 0.12280001
v -0.76049185 0.00953908 0.24635848
v -0.77831626 0.20123988 0.64344704
v -0.77787066 0.25017303 0.26490128
v -0.76480675 0.32629392 0.36764094
v -0.74921429 -0.85962731 0.19408257
v -0.77131665 -0.85542136 0.19020517
v -0.75226462 -0.85940957 -0.41739893
v -0.7533198 -0.84662539 -0.08515093
v -0.76638108 -0.83593875 -0.27756444
v -0.76584238 -0.35722432 0.13148801
v -0.76688707 -0.28205055 0.02364687
v -0.75558764 -0.09815391 0.04598362
v -0.78013682 -0.06978197 0.11366526
v -0.75349307 -0.01631606 0.82442796
v -0.77897078 0.0234465 0.79738426
v -0.77743471 0.07180914 0.77041763
v -0.78285134 0.08587649 0.21185189
v -0.78047544 0.11685494 0.18097457
v -0.77604401 0.21088886 0.32598701
v -0.7549631 0.20180289 0.47849372
v -0.76992339 0.25354218 0.21782731
v -0.81552202 0.34289446 0.41650921
v -0.80449903 0.36269853 0.39551586
v -0.77628195 0.31480759 0.42975321
v -0.76967371 -0.8594197 -0.01452773
v -0.74278188 -0.82212585 0.4826577
v -0.7670384 -0.84045988 -0.35328692
v -0.75303853 -0.84968555 -0.24906862
v -0.77280825 -0.84165215 -0.37164658
v -0.76797789 -0.8410145 -0.18006794
v -0.7664941 -0.79430413 0.05397174
v -0.77946806 -0.8053866 0.03993329
v -0.75846499 -0.76636279 0.24094562
v -0.76943755 -0.41292313 0.25878221
v -0.75480443 -0.40989128 0.29414496
v -0.73661089 -0.29455996 0.72302127
v -0.75485176 -0.18484375 -0.03625111
v -0.75608271 -0.10832938 -0.00854225
v -0.75444704 -0.05434579 0.13132797
v -0.7637412 -0.00076092 0.13547982
v -0.76950395 0.13198049 0.62667823
v -0.75757182 0.15507397 0.49281043
v -0.79158461 0.09457766 0.48595247
v -0.79669857 0.1040658 0.46940041
v -0.76022071 0.20977908 0.21220094
v -0.75099093 -0.85261405 -0.11384588
v -0.75804281 -0.85231185 -0.54372913
v -0.76987308 -0.84585422 -0.32462242
v -0.73889035 -0.85379964 0.39399403
v -0.7590968 -0.83225751 0.04168823
v -0.75752103 -0.8366639 0.17841458
v -0.7683872 -0.80576879 0.19649069
v -0.74873275 -0.79288578 0.33316645
v -0.72886682 -0.46190047 0.34835127
v -0.75098568 -0.37691805 0.22696672
v -0.72246885 -0.37114322 0.5691793
v -0.76589763 -0.36447486 0.19425736
v -0.74500936 -0.32655939 0.06511347
v -0.75639063 -0.2574645 0.74998951
v -0.76142639 -0.22760651 0.75511855
v -0.75233775 -0.07486215 0.07028586
v -0.74898243 -0.08764851 0.79787397
v -0.75232261 -0.00889651 0.2294279
v -0.73904884 -0.01911808 0.20689291
v -0.74544853 0.04414402 0.25849977
v -0.74837077 0.16522057 0.22587167
v -0.7400555 0.21699579 0.59797007
v -0.75374639 0.25193661 0.43592942
v -0.74660259 0.31774646 0.41510716
v -0.76305515 0.35899359 -0.08715507
v -0.78279161 0.38911176 -0.0962436
v -0.78548777 0.38845181 -0.1226684
v -0.73756379 -0.86935157 0.02708102
v -0.70779598 -0.8555671 0.31685773
v -0.73439145 -0.85502279 -0.36027324
v -0.73818922 -0.85259753 -0.13524514
v -0.75099331 -0.84861326 -0.12417513
v -0.76011068 -0.83005488 0.15393649
v -0.74210334 -0.83831024 0.35466903
v -0.76142627 -0.84059548 -0.30442217
v -0.74644512 -0.81555414 0.09302903
v -0.74370474 -0.78000295 0.41337827
v -0.7438603 -0.77349663 0.27909523
v -0.77063304 -0.63584942 0.12867676
v -0.76156557 -0.69419998 0.1534273
v -0.74533916 -0.65597242 0.16012645
v -0.73406851 -0.40735632 0.49367571
v -0.77829337 -0.39473027 0.1357916
v -0.75274307 -0.40145484 0.15951027
v -0.74742126 -0.37634012 0.15301302
v -0.76248759 -0.33514574 0.22305875
v -0.72145903 -0.33146954 0.62918937
v -0.72375697 -0.31986213 0.67627347
v -0.75400347 -0.08506019 0.00345828
v -0.73204958 -0.05689179 0.80452681
v -0.73821467 0.03594964 0.8146773
v -0.7529456 0.02670514 0.76861286
v -0.75569212 0.12156109 0.21029407
v -0.75115812 0.10511851 0.73348755
v -0.75615996 0.18627267 0.49797159
v -0.74894512 0.22133322 0.5345903
v -0.74466354 0.22089404 0.27450365
v -0.74749881 0.28727689 0.5747692
v -0.75980377 0.37659588 -0.08409883
v -0.75033242 0.37663352 -0.09222914
v -0.74038428 -0.84403455 -0.1547669
v -0.74805599 -0.85911983 -0.03739053
v -0.75224978 -0.65550566 0.118015
v -0.74546123 -0.69281179 0.16400585
v -0.74596888 -0.41137236 0.43494198
v -0.75406653 -0.37215075 0.52849382
v -0.74655688 -0.37296331 0.12273294
v -0.76184464 -0.18921797 -0.09902872
v -0.75047469 -0.20019849 -0.07707071
v -0.72910285 -0.18405278 -0.07223257
v -0.73310643 -0.04839244 0.16755737
v -0.73612225 0.09890921 0.49167687
v -0.72768259 0.09667735 0.78870779
v -0.74037653 0.14601699 0.66819215
v -0.74500895 0.17687048 0.58457834
v -0.76050007 0.16003668 0.37229705
v -0.74178052 0.13976127 0.36476585
v -0.75813305 0.18849596 0.34815726
v -0.74205166 0.20599617 0.358596
v -0.73175037 0.20476009 0.3212592
v -0.75654691 0.3091431 0.36718294
v -0.73189902 0.34266558 -0.05790054
v -0.70314449 -0.86959583 0.17908706
v -0.70772666 -0.86333477 -0.49127531
v -0.69708729 -0.87002331 -0.2060629
v -0.71142024 -0.85333496 -0.48174638
v -0.72381324 -0.8547523 -0.43260041
v -0.74358457 -0.83821523 -0.55878824
v -0.74652839 -0.84695446 -0.62788492
v -0.72997004 -0.84352273 -0.30780715
v -0.74567133 -0.84729117 -0.11157775
v -0.70987123 -0.8566252 0.03195574
v -0.73803496 -0.829916 -0.30592263
v -0.73803717 -0.69976044 0.14978647
v -0.73075187 -0.43191969 0.40778226
v -0.73717046 -0.38850096 0.27096906
v -0.73664021 -0.26713198 0.02733828
v -0.73546386 -0.19888492 0.79234612
v -0.73905087 -0.19818527 -0.04079085
v -0.74851328 -0.1618316 -0.04910861
v -0.73337847 -0.10561465 0.85929251
v -0.71694577 -0.07244185 0.78878152
v -0.72590375 -0.05974429 0.78897423
v -0.72670203 -0.07626534 0.7176258
v -0.76250887 -0.07480988 0.68103993
v -0.74521261 -0.05551891 0.68471098
v -0.72620034 -0.00582682 0.23930882
v -0.73723829 -0.01311197 0.76271772
v -0.71761155 0.05544364 0.80488312
v -0.73062521 0.09794189 0.27356541
v -0.70352536 0.08828543 0.76348084
v -0.73901147 0.14540632 0.47674438
v -0.69451314 0.20309442 0.61924708
v -0.74404705 0.23080513 0.24592061
v -0.73116261 0.22828545 0.37734857
v -0.71639556 -0.87529433 -0.04467922
v -0.69439149 -0.87293547 0.09901355
v -0.71211791 -0.85558307 0.19459741
v -0.73278207 -0.86085492 -0.4469029
v -0.69723052 -0.87308455 -0.09336553
v -0.73260099 -0.85576814 0.68523002
v -0.72939229 -0.84224623 0.69559991
v -0.73520911 -0.84561491 0.65762383
v -0.73679888 -0.83835787 -0.62789708
v -0.68165225 -0.85550869 -0.34577906
v -0.73145652 -0.82664943 0.14750762
v -0.73790413 -0.7328583 0.19967523
v -0.74038374 -0.78159171 0.17477758
v -0.70375186 -0.42350781 0.20807076
v -0.69440985 -0.35575065 0.55132341
v -0.72725201 -0.36393169 0.09257665
v -0.73415703 -0.20677492 0.75092089
v -0.75475329 -0.12406583 -0.10467695
v -0.74194366 -0.10533383 -0.06819468
v -0.73050773 -0.09289117 -0.11236718
v -0.71746314 -0.04945201 -0.02587232
v -0.752298 -0.05554406 -0.08916536
v -0.72112274 -0.07405762 -0.05216743
v -0.73364371 -0.09356926 0.67635524
v -0.72870964 -0.03726429 0.77567571
v -0.74675018 -0.04922455 0.73197037
v -0.72190613 0.02522696 0.83155042
v -0.71667629 0.14488579 0.28024331
v -0.73288637 0.15043688 0.50455076
v -0.73677868 0.15455209 0.40536886
v -0.73669064 0.16402593 0.57683283
v -0.71899718 0.16187653 0.33513913
v -0.73788995 0.16414553 0.48065668
v -0.73673338 0.17033641 0.52182686
v -0.72173882 0.35222167 -0.0793025
v -0.72980505 0.36102456 -0.06616833
v -0.66757554 -0.86280155 -0.30896109
v -0.72231615 -0.86063164 0.21264876
v -0.73052871 -0.86578345 0.47797403
v -0.72271484 -0.85336757 0.52989149
v -0.74421501 -0.85169876 0.47047195
v -0.71831703 -0.84560883 -0.68341476
v -0.72706062 -0.84407979 0.07087691
v -0.72213638 -0.82432592 0.2151379
v -0.72887218 -0.81374669 0.3926098
v -0.71438271 -0.8177951 0.23002736
v -0.73703992 -0.81057173 0.33593482
v -0.71853268 -0.82778686 0.28378159
v -0.7228483 -0.77520895 0.14055692
v -0.7210452 -0.71683669 0.13655046
v -0.71207368 -0.718485 0.20842995
v -0.73240763 -0.66553676 0.14884982
v -0.72565454 -0.65931791 0.18617444
v -0.6990487 -0.30495211 0.71900725
v -0.69500774 -0.17842411 0.75766152
v -0.69862449 -0.15658875 -0.10138802
v -0.73509592 -0.10620381 -0.13613956
v -0.71783614 -0.10047866 0.70103264
v -0.70725101 -0.05639457 0.00356348
v -0.72414374 -0.05545593 -0.13318898
v -0.69860893 -0.00444176 0.07058287
v -0.71884573 -0.03098279 -0.11920848
v -0.71589607 -0.02325777 0.85059041
v -0.71359241 0.10304173 0.73356342
v -0.70063937 -0.86067909 0.00906199
v -0.71950728 -0.84924102 0.44867134
v -0.69459748 -0.86091793 -0.58317894
v -0.6970582 -0.85624206 -0.31997728
v -0.67179638 -0.863078 -0.21717428
v -0.68424487 -0.85288906 -0.13457604
v -0.71765167 -0.84690076 0.5229699
v -0.72573274 -0.83292538 -0.64698607
v -0.7194407 -0.64020121 0.16211434
v -0.71631438 -0.45439053 0.3551752
v -0.70015377 -0.38577983 0.30741209
v -0.69865996 -0.39043787 0.131868
v -0.71079731 -0.31651211 0.05678527
v -0.71025538 -0.29248324 0.67839885
v -0.69508374 -0.26058048 -0.03439251
v -0.71192938 -0.19535322 -0.07914749
v -0.71418017 -0.09023709 0.69509345
v -0.70070195 -0.06637204 0.75333482
v -0.69444364 -0.02675557 0.81391329
v -0.70506555 0.00937539 0.246558
v -0.71063435 0.01673962 0.74440086
v -0.71661896 0.16604638 0.37563896
v -0.70354074 0.18523884 0.42239279
v -0.71044976 0.18505487 0.53037339
v -0.69962358 -0.86610448 0.50507301
v -0.67499268 -0.85867643 -0.56028581
v -0.66698593 -0.85825169 0.50232548
v -0.71940345 -0.84556198 0.59009415
v -0.73359036 -0.85139042 0.5954175
v -0.69149572 -0.83513099 -0.71111625
v -0.71493179 -0.85230458 0.15920655
v -0.70213181 -0.85366035 0.24717323
v -0.69159329 -0.33687037 0.07859433
v -0.70869023 -0.30648217 0.53290629
v -0.69784611 -0.28744248 0.01558818
v -0.69802022 -0.22494186 0.77337009
v -0.68122864 -0.16905847 0.80826151
v -0.66836137 -0.13040397 -0.11420228
v -0.69001722 -0.04257042 0.74185532
v -0.6939587 -0.03691692 -0.09213078
v -0.72369951 -0.00168593 0.67249244
v -0.68849033 0.00869072 0.66545385
v -0.71426213 0.01645415 0.61996752
v -0.69913268 0.17477953 0.56260711
v -0.70015025 0.20899528 0.45546639
v -0.6172576 -0.87283009 -0.00158686
v -0.67553651 -0.86490393 -0.32518181
v -0.67885458 -0.86622328 -0.09465653
v -0.6981107 -0.85237342 0.63964474
v -0.66258723 -0.85752815 0.65921926
v -0.6351347 -0.84927785 -0.70668048
v -0.69580179 -0.82712865 0.12396685
v -0.69659394 -0.39299393 0.4324235
v -0.67442495 -0.32140866 0.4955821
v -0.71001214 -0.32137522 -0.00111153
v -0.67603922 -0.27745384 0.75252599
v -0.69802117 -0.0940787 0.8488757
v -0.6798752 -0.05704195 0.23083128
v -0.69707948 0.00438231 0.82972938
v -0.69540894 0.05884087 0.27200982
v -0.70007217 0.09559946 0.31436622
v -0.66661489 0.12169694 0.67746347
v -0.69666201 0.12723807 0.52079481
v -0.68481863 0.16545889 0.66095477
v -0.69843209 0.31217927 -0.04130176
v -0.69578367 0.3390632 -0.02281604
v -0.6421665 -0.87091362 -0.17435874
v -0.67033243 -0.85884303 0.06947158
v -0.65386939 -0.85377032 0.59004885
v -0.69293994 -0.83914125 0.29136086
v -0.70467138 -0.85476893 0.63071471
v -0.6846059 -0.79147094 0.13858967
v -0.68578702 -0.78512692 0.22598214
v -0.68848258 -0.71622628 0.15085064
v -0.69808149 -0.68074918 0.17727226
v -0.68736058 -0.38034216 0.31816941
v -0.68939054 -0.36792487 0.06911565
v -0.68990964 -0.31297386 -0.02532707
v -0.68690938 -0.27479607 0.64625585
v -0.69745886 -0.12854303 0.7302931
v -0.66648865 -0.04779728 0.78930455
v -0.69367808 -0.07176147 -0.04672774
v -0.65454423 -0.01859332 -0.02640972
v -0.68878472 0.03376715 0.68213826
v -0.69571471 0.05776775 0.78921163
v -0.66565502 0.15894915 0.55361646
v -0.68386894 0.2044324 0.47615987
v -0.68049926 0.16970073 0.35408223
v -0.68921989 0.3412807 -0.06008035
v -0.67961001 -0.87012482 -0.4496932
v -0.6781559 -0.86693501 -0.4798153
v -0.66636628 -0.86307144 -0.4556914
v -0.64672679 -0.86766231 0.32825223
v -0.68888378 -0.85237372 0.40202725
v -0.68082505 -0.85917372 0.42891368
v -0.68690372 -0.85548818 0.47320142
v -0.67786151 -0.84919661 -0.31639743
v -0.66198575 -0.85143363 0.11119758
v -0.67517281 -0.85021776 0.64901745
v -0.67437989 -0.84277648 0.61927152
v -0.67464328 -0.80584586 0.2437852
v -0.68172711 -0.74136889 0.20557342
v -0.67875892 -0.38814732 0.38734269
v -0.66786283 -0.42251232 0.20345594
v -0.66382784 -0.37138858 0.57260317
v -0.65438128 -0.35366878 0.64553207
v -0.67711943 -0.3784714 0.11299743
v -0.67711973 -0.32848129 0.66051322
v -0.68249291 -0.14051829 0.67199343
v -0.67063433 -0.06345113 -0.11291664
v -0.65205765 -0.03875489 0.27144316
v -0.6819908 -0.00850443 0.2720423
v -0.69245136 0.01285536 0.71673054
v -0.6755138 0.02641308 0.25845832
v -0.69373643 0.0552771 0.6079576
v -0.68007898 0.0590398 0.30625987
v -0.67619878 0.08609925 0.72213149
v -0.65985978 0.21858341 0.63425982
v -0.67719525 0.18729353 0.44003052
v -0.6465016 -0.86349028 -0.01715203
v -0.67991889 -0.85693437 0.33523208
v -0.67083436 -0.86003071 0.60021859
v -0.65772969 -0.85981482 -0.18639687
v -0.69592422 -0.78754634 0.41520467
v -0.69515783 -0.8405481 0.36680403
v -0.68429416 -0.79790068 0.39357877
v -0.68787467 -0.77564657 0.41397485
v -0.66062438 -0.3610501 0.44971046
v -0.68483126 -0.32946724 -0.01813506
v -0.6734609 -0.34390408 0.52621293
v -0.66985369 -0.29671016 0.69398713
v -0.65645289 -0.19832249 -0.08125439
v -0.65067059 -0.10796582 0.75834131
v -0.65973747 -0.13425969 0.7551043
v -0.64479399 -0.1044828 0.69648206
v -0.65441793 -0.06831068 0.72205675
v -0.64768982 -0.08049478 -0.08572647
v -0.66288006 0.01341284 0.04975277
v -0.65768927 0.01767342 0.10434312
v -0.6898672 0.04280775 0.60072076
v -0.67928243 0.068989 0.55598074
v -0.68385816 0.08732545 0.54459596
v -0.6782667 0.60031813 -0.32083923
v -0.69292355 0.61284357 -0.34705731
v -0.68486834 0.58340299 -0.32737884
v -0.61337078 -0.87068969 -0.42776737
v -0.62348682 -0.87366432 0.12781003
v -0.67567688 -0.84633446 0.70858634
v -0.67180651 -0.83445764 0.72426385
v -0.66915792 -0.76928359 0.16179287
v -0.66679561 -0.41261244 0.24699707
v -0.66101748 -0.35418802 0.3452318
v -0.62129021 -0.3757576 0.03805462
v -0.66806668 -0.14790729 0.74942297
v -0.67235577 -0.12803729 0.66652858
v -0.63504142 -0.00476522 0.17377655
v -0.6630193 0.00432346 0.6887787
v -0.65549672 0.05156132 0.62295878
v -0.66998637 0.07943977 0.32687363
v -0.66543925 0.1217434 0.34475696
v -0.66668767 0.32176235 -0.00993372
v -0.61126369 0.33438119 -0.00562572
v -0.66567534 0.37230629 -0.14466256
v -0.69222927 0.38821471 -0.17209907
v -0.68437022 0.36592561 -0.17081107
v -0.67326808 0.59399503 -0.34338611
v -0.66111237 0.56546944 -0.29124987
v -0.62279642 -0.86682224 0.55671734
v -0.59620237 -0.85619593 -0.55979609
v -0.64381933 -0.86263615 -0.15943913
v -0.66229934 -0.85268724 0.46574113
v -0.61856169 -0.84342623 -0.67179668
v -0.61741096 -0.84103179 -0.70616931
v -0.65397304 -0.8236928 0.07498685
v -0.65829879 -0.81361079 0.45012179
v -0.62796021 -0.78647947 0.10602038
v -0.65883058 -0.80016893 0.20588449
v -0.64499307 -0.33828992 0.42356101
v -0.65876663 -0.28994143 0.7115081
v -0.64751679 -0.27859247 -0.02958661
v -0.64923882 -0.2417119 0.75220054
v -0.65856701 -0.20596676 0.76254213
v -0.64725882 -0.14649978 0.71108925
v -0.64987606 0.09303939 0.62262839
v -0.64216322 0.08160465 0.66548556
v -0.6621455 0.08330379 0.50433958
v -0.64640164 0.11817324 0.59394693
v -0.65629816 0.1137588 0.53092074
v -0.6484316 0.1015292 0.6789484
v -0.65864336 0.12534875 0.66413891
v -0.64855838 0.36362281 -0.178231
v -0.65855742 0.55906218 -0.30938882
v -0.63170952 -0.86775643 -0.58578223
v -0.57854295 -0.85777318 -0.41835222
v -0.64160228 -0.84137344 0.45846456
v -0.65120047 -0.83548832 0.35215479
v -0.64418215 -0.80404037 0.29947469
v -0.65000224 -0.80131537 0.009486
v -0.64024729 -0.8032375 0.41890654
v -0.65012133 -0.38532662 0.53498507
v -0.63958126 -0.21654992 -0.1026297
v -0.65834296 -0.15974258 0.636343
v -0.65928125 -0.17085302 0.67807341
v -0.62229973 -0.1572959 -0.10825257
v -0.63760138 -0.11219358 -0.10405318
v -0.65718919 -0.02832946 0.29715148
v -0.64660352 -0.00285659 0.2616592
v -0.65323466 0.0643001 0.30015582
v -0.68451822 0.09219765 -0.29272068
v -0.64524227 0.08683415 -0.27098015
v -0.66401535 0.09321828 -0.25598896
v -0.64109623 0.08796407 0.3789745
v -0.63741428 0.11196494 0.55889493
v -0.64292246 0.15495349 0.46867839
v -0.64970869 0.33873314 -0.1381574
v -0.61709076 0.36467534 -0.1629982
v -0.67288089 0.4645077 0.07176197
v -0.64661229 0.40175882 0.07693814
v -0.65775168 0.45206693 0.09455173
v -0.6349712 0.50209773 -0.12234691
v -0.66183847 0.55205989 -0.1086958
v -0.663553 0.56227177 -0.13928059
v -0.65645832 0.58627141 -0.32533848
v -0.57307422 -0.87120903 -0.10542625
v -0.60471159 -0.84837216 0.4587335
v -0.64586776 -0.86199862 0.61736226
v -0.63367534 -0.85242218 0.62277198
v -0.62695593 -0.8370989 -0.72262073
v -0.61872268 -0.84642977 0.73402286
v -0.63751221 -0.76173896 0.22643586
v -0.63292897 -0.76958144 0.26075974
v -0.63982928 -0.76099664 0.12324298
v -0.63054109 -0.37684759 0.2849544
v -0.63083249 -0.31690234 0.39331064
v -0.64319104 -0.37626532 0.48445562
v -0.60662383 -0.32139373 -0.00218075
v -0.61342567 -0.30137122 0.72458577
v -0.65134406 -0.19976416 0.66126901
v -0.64978409 -0.1975331 0.69387084
v -0.64039719 -0.14897393 0.65107155
v -0.64792871 -0.115531 0.76850408
v -0.64590955 -0.07827406 0.79074579
v -0.62974483 -0.11843996 0.7541973
v -0.6353814 0.09942675 0.56007969
v -0.64766538 0.11550698 0.51208144
v -0.65811622 0.080738 0.48598057
v -0.63165212 0.11636278 -0.25633499
v -0.6435594 0.11513424 -0.22731633
v -0.65559065 0.08740214 -0.22837441
v -0.61992693 0.1839916 0.3614296
v -0.68092209 0.15255567 -0.03570257
v -0.62430626 0.13217759 0.0825916
v -0.66366637 0.18165265 -0.00100682
v -0.61119324 0.20641588 0.37369323
v -0.63433975 0.40200019 0.05880444
v -0.6526289 0.43097168 0.12279642
v -0.65204805 0.46504053 0.11453816
v -0.63155067 0.41512796 0.14746577
v -0.6515606 0.48003075 0.06240543
v -0.65891451 0.47921425 -0.32035449
v -0.6618219 0.49333721 -0.35256737
v -0.65056318 0.45505589 -0.32878402
v -0.64720696 0.55951023 -0.12843758
v -0.58499503 -0.8611306 -0.2262926
v -0.58455658 -0.86183649 -0.13219054
v -0.56910622 -0.83015352 -0.06965046
v -0.62456828 -0.84205037 0.7058109
v -0.58107799 -0.8377713 0.73894972
v -0.5974375 -0.73542809 0.16685116
v -0.62780249 -0.38581145 0.20701134
v -0.61880666 -0.37999558 0.17844385
v -0.61575389 -0.39802134 0.12626238
v -0.62203985 -0.33111683 0.57750523
v -0.6491698 -0.2695182 0.71649653
v -0.64732921 -0.1624594 0.60228097
v -0.63167387 -0.18477207 0.72088277
v -0.64243442 -0.15555836 0.61812299
v -0.63542581 -0.14820528 0.69106609
v -0.64464319 -0.04878651 0.30106297
v -0.65006804 -0.04349411 0.34891987
v -0.63172746 -0.01237658 -0.0132328
v -0.63311654 0.01451214 0.65122122
v -0.63991165 0.04579487 0.28710335
v -0.60569257 0.07202996 0.34837455
v -0.64214897 0.099727 0.63035911
v -0.63039076 0.12944116 0.55827588
v -0.63771474 0.17484897 -0.07057709
v -0.60872829 0.1398623 -0.08550688
v -0.6384902 0.20970847 0.06288128
v -0.64399219 0.15739679 0.61787766
v -0.63354421 0.24129023 0.03523874
v -0.67248964 0.27323297 0.11524944
v -0.62818837 0.24857871 0.0672043
v -0.65332288 0.28566742 -0.03079437
v -0.5945074 0.29369584 -0.04761992
v -0.62508661 0.3543373 -0.1182823
v -0.64595902 0.45723835 0.09299691
v -0.62417936 0.45877206 -0.34807232
v -0.62827891 0.45299795 0.04049661
v -0.60944563 0.4707737 -0.32921326
v -0.64992404 0.50545567 -0.2795175
v -0.64094526 0.50796062 -0.29447696
v -0.63793552 0.48247808 -0.27716392
v -0.64913261 0.49276432 -0.15149292
v -0.64444804 0.5255059 -0.18028864
v -0.63522911 0.49817273 -0.1927235
v -0.63332152 0.51037461 -0.07283287
v -0.62589067 -0.86629534 0.41836697
v -0.60248762 -0.85589403 0.55712777
v -0.61968976 -0.79780662 0.3104285
v -0.61715972 -0.82680386 0.4127599
v -0.61044544 -0.32940477 0.66891676
v -0.62148249 -0.27507526 0.73403537
v -0.63745171 -0.24484794 0.71550035
v -0.61545753 -0.17605092 -0.14853591
v -0.61550975 -0.21865292 0.65227282
v -0.63929749 -0.16701151 0.69846767
v -0.62347752 -0.16333926 0.68675894
v -0.64159894 -0.13757707 0.5459584
v -0.62300652 -0.05001351 0.36544418
v -0.60390824 -0.0293504 0.35593814
v -0.62671065 -0.06433597 0.67873466
v -0.6206091 -0.0194228 0.31510499
v -0.61082512 -0.00477092 0.6139949
v -0.63579994 0.01249463 0.07843982
v -0.63685447 0.04826757 0.44513881
v -0.63944662 0.0813254 0.44559148
v -0.61931241 0.10643167 0.50591832
v -0.61499745 0.10116303 -0.17796394
v -0.63773751 0.11610955 0.03571659
v -0.65419388 0.18391439 -0.57103646
v -0.64112729 0.15147883 -0.5680697
v -0.6305269 0.15600824 -0.5366565
v -0.6152187 0.16250369 0.11852613
v -0.64299411 0.37625542 0.04303355
v -0.63885891 0.34681565 0.06115413
v -0.62141252 0.4380978 0.13846889
v -0.61286539 0.43619829 0.09521355
v -0.61802256 0.55055183 -0.27249014
v -0.62538838 0.57567942 -0.30177179
v -0.58509123 -0.86326504 0.67262971
v -0.57328349 -0.85357046 -0.49344477
v -0.59655315 -0.84778643 -0.31221303
v -0.57746989 -0.85070771 -0.21682422
v -0.62135363 -0.84835899 0.35731909
v -0.61845881 -0.84164023 0.43229932
v -0.60920101 -0.7887736 -0.0029792
v -0.61497343 -0.35762569 0.51141953
v -0.60518712 -0.37492508 0.29710609
v -0.60998774 -0.16497554 0.5746401
v -0.59969711 -0.13056955 0.59384656
v -0.61029452 -0.15284243 0.68552345
v -0.59416515 -0.13651597 0.71865815
v -0.60923684 -0.04628231 0.23137696
v -0.62083483 -0.04236659 0.36925918
v -0.60563266 -0.04491321 -0.06213841
v -0.62886888 0.0113045 -0.03556694
v -0.61857742 -0.00188064 0.12388895
v -0.6188882 0.07321264 0.59873408
v -0.61768967 0.03266952 0.31184489
v -0.61904007 0.08686426 -0.23050512
v -0.61614472 0.1650833 0.3872405
v -0.61850321 0.12285908 -0.56786066
v -0.61386085 0.1693211 -0.54758239
v -0.58381277 0.21842076 -0.07959878
v -0.5899033 0.26046762 -0.01901266
v -0.62941611 0.25084662 -0.21624562
v -0.58649689 0.24049172 -0.1813155
v -0.63265067 0.28448242 -0.22315942
v -0.60829419 0.2912088 0.1176758
v -0.65093184 0.29418054 -0.2624906
v -0.6026963 0.27090824 0.0138312
v -0.61548001 0.31515354 -0.13872844
v -0.62259614 0.32597649 0.03886821
v -0.62305778 0.36323306 0.11265659
v -0.62713486 0.42408222 -0.28026921
v -0.61447352 0.3976132 -0.26614302
v -0.64432031 0.40496585 -0.2600154
v -0.624183 0.41012838 0.09836355
v -0.60662961 0.43684804 -0.31871662
v -0.59449369 0.42692375 0.13596655
v -0.60875952 0.48140842 -0.24994007
v -0.58632642 0.54125214 -0.28641188
v -0.57748771 -0.86766487 -0.68108827
v -0.56572443 -0.85987765 -0.36003071
v -0.60706556 -0.86226308 0.6201604
v -0.60236907 -0.85346669 -0.6103552
v -0.59085017 -0.85208124 0.68285584
v -0.61268306 -0.75494319 0.06837814
v -0.60800898 -0.7577889 0.12766202
v -0.60377276 -0.34964326 0.45666197
v -0.59955829 -0.29822737 0.37893021
v -0.604599 -0.35052052 0.40906388
v -0.60074741 -0.21066259 0.71560705
v -0.5955829 -0.14751138 0.49600795
v -0.63810968 -0.11607245 0.49268904
v -0.58438307 -0.12418055 0.54916108
v -0.61537701 -0.05171454 0.28175169
v -0.61948407 0.07794906 0.01444775
v -0.60160738 0.06601574 0.40763348
v -0.6178844 0.08097154 0.16226833
v -0.63128805 0.10214759 0.15020981
v -0.63004488 0.0801862 0.1445951
v -0.61297399 0.10431321 0.52781206
v -0.62105262 0.10391507 0.0714019
v -0.61381704 0.11711577 -0.21896973
v -0.59003568 0.10899062 -0.03788228
v -0.60637051 0.15237622 -0.51392895
v -0.63064378 0.2609967 0.15782405
v -0.60858172 0.26708961 -0.24118246
v -0.61933595 0.29897952 0.0550719
v -0.6025998 0.35262772 0.02799591
v -0.60079932 0.40337798 -0.21749499
v -0.60420096 0.43557441 -0.23912664
v -0.60308456 0.4589009 -0.23064488
v -0.61558211 0.47416577 -0.17487314
v -0.61736584 0.48225343 -0.12121996
v -0.61726213 0.50023812 -0.12696932
v -0.61015779 0.48334152 -0.27517119
v -0.60831857 0.50884402 -0.08307604
v -0.59539407 -0.85780829 -0.69263506
v -0.58908933 -0.84653986 0.71076822
v -0.61185902 -0.78106874 0.03249159
v -0.59649891 -0.4055945 0.2354178
v -0.60457575 -0.2941635 0.58020639
v -0.59828681 -0.14502423 0.61958623
v -0.57932216 -0.09417053 0.48403448
v -0.62308288 -0.101321 0.46833053
v -0.58671975 -0.11378087 0.71238065
v -0.61585903 -0.07729704 0.42045203
v -0.6147514 -0.06138949 0.42707428
v -0.59547222 -0.03546495 0.34096986
v -0.57590389 -0.05678376 0.61978006
v -0.57357734 0.0116463 0.57729495
v -0.56741118 0.0986082 0.20310138
v -0.60442346 0.10080983 0.01868677
v -0.59469754 0.16115725 0.15847069
v -0.61196029 0.14888403 -0.53673583
v -0.62216187 0.18653023 -0.1667746
v -0.58013946 0.15870039 -0.14591599
v -0.62402523 0.19236167 -0.14599231
v -0.60097718 0.21680021 -0.46223372
v -0.59584039 0.21850795 -0.42310658
v -0.62666124 0.248346 -0.47391877
v -0.59123683 0.31317049 0.0188748
v -0.61372888 0.30310404 -0.10894398
v -0.61030453 0.37352753 -0.32213023
v -0.60777819 0.36645225 -0.34021756
v -0.61666566 0.34657165 -0.30388194
v -0.59735888 0.3387011 0.14826635
v -0.60261327 0.40063184 0.07012974
v -0.59817678 0.4389891 -0.25134405
v -0.61649573 0.45721051 -0.31326693
v -0.60449487 0.43784359 -0.13683355
v -0.56992936 0.56049365 -0.28260139
v -0.5705409 -0.8543126 -0.07369078
v -0.58021593 -0.85883576 -0.67046452
v -0.56229913 -0.83857149 -0.31394842
v -0.60997653 -0.83699459 -0.71939933
v -0.59622747 -0.85644037 0.39757192
v -0.59685403 -0.83153415 0.31148165
v -0.59233826 -0.78601772 0.2791287
v -0.57511044 -0.3562746 0.01800322
v -0.62185782 -0.30743226 0.55151469
v -0.55043119 -0.32006204 0.00898573
v -0.60479009 -0.23983344 0.53973079
v -0.57834196 -0.20288065 -0.12711903
v -0.55995345 -0.23105714 -0.09596933
v -0.56262457 -0.08035526 -0.0811277
v -0.5824123 -0.06783677 0.40222272
v -0.60847133 -0.03815746 0.35713059
v -0.58782476 -0.03909502 0.3743957
v -0.59253925 -0.03094767 -0.08344754
v -0.59246802 0.03126451 0.3503857
v -0.59010941 0.02695561 0.45964903
v -0.58297241 0.04037171 0.50448132
v -0.57893598 0.03960662 -0.08576878
v -0.57842183 0.07646221 0.11102802
v -0.57635689 0.0746449 -0.16375892
v -0.59640557 0.15661228 -0.52258945
v -0.57931292 0.19507611 -0.17804343
v -0.55026901 0.22720811 -0.21465522
v -0.59275061 0.25736117 -0.47777557
v -0.60216808 0.32514748 -0.31674665
v -0.61038244 0.30791488 -0.32743979
v -0.61546648 0.29023999 -0.30184323
v -0.60263282 0.38685143 -0.24844262
v -0.58995008 0.36521584 -0.2210367
v -0.57937467 0.39025921 0.03431748
v -0.59850538 0.44537053 -0.09662541
v -0.62279803 0.41866034 -0.09818594
v -0.58631945 0.43086255 0.00357004
v -0.6070928 0.46376672 0.01722032
v -0.58592397 0.434661 -0.32726386
v -0.53692442 -0.87316209 0.18695213
v -0.56845832 -0.873685 0.30925271
v -0.49983338 -0.87245655 0.40621084
v -0.60301757 -0.85563397 0.31250149
v -0.60265958 -0.84494162 -0.71918291
v -0.59413379 -0.84377748 -0.72023231
v -0.57982373 -0.85786098 0.39827076
v -0.59248143 -0.8332954 -0.72959149
v -0.60128403 -0.84486711 -0.71918291
v -0.60048372 -0.8340081 -0.71147722
v -0.57046789 -0.73688567 0.17716371
v -0.57131076 -0.34634361 0.18738496
v -0.55595374 -0.33613133 0.03872443
v -0.60312611 -0.27214071 0.64033014
v -0.57898253 -0.25787136 0.72564018
v -0.58552039 -0.20944987 0.54153454
v -0.58796823 -0.20078504 0.57786977
v -0.56206417 -0.01660327 0.17620732
v -0.5945825 0.01814416 0.54478943
v -0.57028288 0.07149855 -0.18844138
v -0.59010124 0.0476635 0.39602089
v -0.52406847 0.09832764 -0.186269
v -0.57955742 0.13910364 -0.52131832
v -0.56722569 0.20107926 -0.12653853
v -0.59486848 0.24804004 0.18769689
v -0.58007014 0.19107139 -0.4251079
v -0.59828573 0.24250235 -0.61919284
v -0.61477399 0.27716762 -0.64419532
v -0.58811933 0.27790216 -0.6671387
v -0.56873339 0.26586941 -0.1997271
v -0.60636932 0.27766258 -0.06125063
v -0.59994692 0.26623565 -0.11601754
v -0.59344876 0.28474835 -0.27626356
v -0.57784629 0.32278207 -0.14548069
v -0.61097735 0.41194534 -0.07750086
v -0.57885391 0.36534786 -0.11102524
v -0.58790535 0.38699427 0.16873425
v -0.55466831 0.38769871 0.12033313
v -0.60061818 0.4043816 0.09642868
v -0.56734908 0.4559834 0.02810089
v -0.57701135 0.46390578 -0.3260709
v -0.56732029 0.49708885 -0.11920074
v -0.58217347 -0.86439383 -0.60585904
v -0.58697081 -0.85326391 0.46656442
v -0.55261558 -0.87246037 0.45538655
v -0.57099652 -0.84915161 0.62126976
v -0.56365085 -0.8531211 0.73668587
v -0.58471477 -0.85526079 0.33495978
v -0.57285571 -0.83614552 -0.73826903
v -0.57016939 -0.76288682 0.23359708
v -0.56569403 -0.74908149 0.05245695
v -0.58553523 -0.76040667 0.12927319
v -0.58408755 -0.7442292 0.07447941
v -0.57830322 -0.28921336 0.68034029
v -0.58169246 -0.22800618 0.69038165
v -0.56051028 -0.15358731 -0.13519785
v -0.58495009 -0.13979608 0.70431006
v -0.56530207 -0.04099376 0.45864934
v -0.58465576 -0.09226724 0.27014849
v -0.575131 -0.02404506 0.3813667
v -0.58181578 -0.02466751 0.56484085
v -0.57126629 0.02281612 0.17206553
v -0.57428801 0.02846084 0.50033092
v -0.58774954 0.17004582 -0.6626038
v -0.57673496 0.14462101 -0.62992287
v -0.59659576 0.18602544 -0.6509093
v -0.56848687 0.25289479 -0.59950447
v -0.54032695 0.30740437 -0.26804799
v -0.57029539 0.32766974 -0.08082639
v -0.57981145 0.34331083 -0.11320589
v -0.56695491 0.33523384 -0.26996917
v -0.53458691 -0.87163353 0.08663739
v -0.56206405 -0.86483675 -0.48255938
v -0.52349085 -0.86381018 -0.16397038
v -0.56607091 -0.85362947 -0.1113023
v -0.57283455 -0.84437954 -0.7370742
v -0.56420022 -0.84009027 -0.71176833
v -0.58428329 -0.82190681 0.33461693
v -0.58284265 -0.83630329 0.52271414
v -0.58426827 -0.85064918 0.49349368
v -0.59155047 -0.84627831 0.53237432
v -0.54751748 -0.80193871 -0.05709205
v -0.57556641 -0.79645449 0.29727867
v -0.56717354 -0.73308021 -0.01637929
v -0.54904634 -0.27234226 0.33889785
v -0.56404257 -0.29971585 0.50665706
v -0.57037157 -0.27346972 0.5391444
v -0.58341074 -0.25243875 0.35673621
v -0.57016438 -0.24179067 0.4022415
v -0.56967133 -0.09895429 0.66580868
v -0.56522733 -0.09890166 0.39421877
v -0.56332517 -0.07955632 0.34910202
v -0.51818794 -0.05057718 0.19854684
v -0.56106812 0.07980833 0.13957122
v -0.56636381 0.08682137 -0.07546405
v -0.5521844 0.12552622 -0.16620824
v -0.5682779 0.08650769 -0.10997772
v -0.56631887 0.15764366 -0.15969019
v -0.56586856 0.20340881 -0.44230115
v -0.56046987 0.17837436 0.20450732
v -0.56463569 0.23263171 -0.61825061
v -0.5731293 0.29632884 -0.33771881
v -0.55599606 0.30991581 0.15623641
v -0.56923217 0.32876247 -0.01908519
v -0.56856811 0.36085126 -0.32511303
v -0.54745001 0.35068786 -0.23376593
v -0.57466763 0.44572043 -0.28257865
v -0.57253146 0.42495576 0.08439598
v -0.59046 0.42863929 -0.23640822
v -0.57094067 0.45121503 -0.2404242
v -0.5761196 0.49222276 -0.16985117
v -0.51460737 -0.87444115 -0.1495641
v -0.54659694 -0.87408894 0.03696378
v -0.5385524 -0.8663727 -0.65634048
v -0.56571549 -0.86083788 -0.71258372
v -0.49997076 -0.84121668 -0.6343841
v -0.53789979 -0.85334724 -0.65047014
v -0.59040362 -0.85564423 0.11296517
v -0.56822151 -0.82147586 0.13044599
v -0.56784779 -0.85654408 0.15780815
v -0.52450734 -0.83533567 0.7222715
v -0.56640184 -0.8260482 0.4406265
v -0.55767864 -0.38295454 0.07365851
v -0.55192667 -0.38720608 0.12283691
v -0.5704717 -0.35502669 0.16658111
v -0.55171764 -0.26996326 0.42465425
v -0.5691461 -0.15530005 0.44684583
v -0.56922823 -0.07551116 0.5614211
v -0.54220903 -0.1139698 0.29829818
v -0.56570768 -0.00900071 0.42240047
v -0.55047667 0.09638535 -0.14925162
v -0.55748826 0.15575589 -0.47482535
v -0.56766599 0.15900931 -0.61081535
v -0.5657745 0.23289204 -0.57232428
v -0.57976735 0.2664291 0.25067061
v -0.54795605 0.25980878 -0.31582806
v -0.55103451 0.29225954 -0.12801825
v -0.56282294 0.33844075 -0.12959108
v -0.55468744 0.36288211 0.07988446
v -0.56291503 0.38710269 -0.25769645
v -0.55864424 0.40024209 -0.28489366
v -0.55510628 0.4021354 -0.24365237
v -0.56927449 0.55265367 -0.25033078
v -0.57312012 0.56624436 0.03304279
v -0.58393735 0.60587811 0.03302632
v -0.57540125 0.59928656 0.00513178
v -0.5558244 -0.87007225 -0.40287805
v -0.55014783 -0.85885531 -0.37384626
v -0.55778515 -0.85006511 0.48573607
v -0.54875207 -0.81952506 0.44615373
v -0.53136647 -0.82127088 0.07756361
v -0.56211782 -0.82691205 0.76012331
v -0.51109695 -0.78458011 -0.06033461
v -0.56012595 -0.82450712 0.14400777
v -0.54493064 -0.31275216 0.26442072
v -0.55773169 -0.22364064 0.55016267
v -0.54573351 -0.13760149 -0.09911343
v -0.5588631 -0.05645582 0.52301687
v -0.55273426 0.12336124 -0.47624108
v -0.53736275 0.15459687 -0.62223828
v -0.56581348 0.17561217 -0.42754233
v -0.56105018 0.16630451 -0.40861607
v -0.56023127 0.19524898 -0.38943422
v -0.54943311 0.19849858 -0.57536632
v -0.55366665 0.21029544 -0.1752777
v -0.55770618 0.28625751 0.21700373
v -0.55923903 0.27641416 -0.25044015
v -0.53556168 0.29747549 0.00392635
v -0.54931259 0.35658097 -0.0340362
v -0.54499173 0.40261459 -0.05538601
v -0.53003633 0.37497905 0.14821732
v -0.52644217 0.38759232 -0.29379886
v -0.5557344 0.44184673 0.0506135
v -0.53691256 0.45742294 -0.14288989
v -0.56852174 0.47229609 0.05039916
v -0.55189645 0.48478842 -0.09000307
v -0.55014354 0.49597666 -0.16352358
v -0.54446882 0.63061947 0.02531767
v -0.53425068 -0.86120832 -0.39127615
v -0.5520373 -0.85366505 -0.28944167
v -0.54566288 -0.85564262 0.11226194
v -0.55032915 -0.85818624 0.09406628
v -0.53130722 -0.85520005 0.53995705
v -0.54804981 -0.83754909 0.56770784
v -0.54884219 -0.79734755 0.09310148
v -0.52460718 -0.7455889 0.29834369
v -0.54746282 -0.78453225 0.18934508
v -0.57248473 -0.61238748 0.17472689
v -0.57610703 -0.60528743 0.1599932
v -0.55925733 -0.63243574 0.13127615
v -0.54124594 -0.36935493 0.10521888
v -0.55047941 -0.3206169 0.1798408
v -0.55549186 -0.2482039 0.5223946
v -0.53586906 -0.18998432 0.44628403
v -0.54052734 -0.18361638 0.42617372
v -0.5251072 -0.02004863 -0.11040615
v -0.55636853 0.134278 -0.59987575
v -0.55663782 0.18790226 -0.36438957
v -0.52564919 0.1936601 -0.40356192
v -0.54524809 0.2370027 -0.3188594
v -0.56893265 0.22754011 -0.35068256
v -0.5785805 0.21955921 -0.32536548
v -0.53803444 0.30599681 -0.30938855
v -0.53821361 0.32449457 -0.19601707
v -0.55247736 0.38501784 0.10497793
v -0.53400218 0.36435392 -0.1758453
v -0.53818941 0.39558107 -0.20097023
v -0.53744602 0.37696975 0.01951686
v -0.5143919 0.43561152 -0.31344816
v -0.54743391 0.51419324 -0.25937539
v -0.52735025 0.51691067 0.0369904
v -0.52329731 -0.87209439 0.10245266
v -0.53523493 -0.85314399 -0.33821678
v -0.55364197 -0.84104061 -0.77339977
v -0.53045309 -0.85531992 -0.35283336
v -0.5506658 -0.83755684 0.61213541
v -0.5390808 -0.839158 0.58257794
v -0.54537511 -0.82959676 0.56501502
v -0.55495715 -0.81352437 0.76944482
v -0.54801744 -0.81783456 0.77803874
v -0.52370292 -0.78845173 -0.11403124
v -0.51493925 -0.75769836 0.36578786
v -0.52970654 -0.71995324 0.03094723
v -0.50594163 -0.65143967 0.17324373
v -0.55154979 -0.62796402 0.10198838
v -0.54101574 -0.58718014 0.12830311
v -0.55957562 -0.56248271 0.2699284
v -0.55930966 -0.55722195 0.24639271
v -0.53943068 -0.620597 0.24197762
v -0.54186219 -0.52596051 0.28210899
v -0.55602521 -0.23413369 0.32599375
v -0.53715843 -0.24061699 0.37123027
v -0.55493093 -0.22250172 0.2809428
v -0.55538464 -0.16893744 0.29013655
v -0.53348368 -0.1283953 0.34672269
v -0.54096633 -0.01289605 -0.57342428
v -0.55146378 -0.01004729 -0.60041517
v -0.57037699 -0.03479103 -0.61297661
v -0.56141639 -0.0288356 -0.20214362
v -0.54939944 -0.01422833 -0.21221732
v -0.55726504 -0.03715128 -0.21351667
v -0.49542493 0.07120001 -0.11762742
v -0.57159042 0.11194389 -0.42317072
v -0.53772348 0.09428796 -0.39881542
v -0.5574308 0.09078607 -0.40014464
v -0.54265678 0.08762488 -0.34847453
v -0.53473938 0.10267751 -0.35844949
v -0.54009849 0.13276277 -0.44105029
v -0.53626263 0.15447117 -0.40525007
v -0.53845358 0.13762976 -0.3636761
v -0.55424285 0.19291578 -0.16939856
v -0.52957481 0.19510692 -0.53344709
v -0.53773886 0.20866667 -0.184662
v -0.53430361 0.21424225 -0.59930831
v -0.53899938 0.22706009 -0.14061214
v -0.53788698 0.23183629 -0.59216046
v -0.53922933 0.23462066 -0.24575245
v -0.52199459 0.32875848 -0.29157305
v -0.53880709 0.35541722 0.06749909
v -0.54814112 0.37522644 -0.13308853
v -0.52319103 0.35741103 -0.25774986
v -0.52920359 0.43288535 -0.27012277
v -0.53201896 0.43268508 0.0007381
v -0.51313233 0.41901171 -0.08324534
v -0.55302465 0.52889788 -0.41553417
v -0.54152447 0.54158068 -0.40639853
v -0.57680959 0.56229711 -0.43246189
v -0.53699452 0.54759705 0.06729996
v -0.50064605 -0.83663934 -0.73106301
v -0.52222121 -0.85785431 -0.20744674
v -0.51905328 -0.82454652 -0.16440175
v -0.49509579 -0.811454 0.41287366
v -0.50440145 -0.80956638 0.76082039
v -0.51318538 -0.83548754 0.75424033
v -0.54351401 -0.82651389 0.12692088
v -0.53904325 -0.75646758 0.06740204
v -0.52237302 -0.75312936 0.19368027
v -0.55277079 -0.67407691 0.1091335
v -0.54288501 -0.70093936 0.07861815
v -0.52194852 -0.35091642 0.16458717
v -0.54385692 -0.28941858 0.24343149
v -0.53127515 -0.21451037 0.44237697
v -0.5460276 -0.18302491 0.27698994
v -0.53279823 -0.19569278 -0.08264972
v -0.55353582 -0.12807119 0.27713582
v -0.52251512 -0.12856895 0.27651417
v -0.5291453 -0.02136658 -0.19457591
v -0.51570582 -0.01203676 -0.21451236
v -0.50587583 0.01356625 0.19849874
v -0.50082278 0.08315399 0.17030182
v -0.52426976 0.0753895 -0.17022215
v -0.51401609 0.12764247 -0.17885169
v -0.51699513 0.11843371 0.23822671
v -0.52274752 0.13425855 -0.47866809
v -0.52457911 0.13922235 -0.59118104
v -0.52500165 0.16315556 -0.40212315
v -0.55099559 0.20238473 -0.23714361
v -0.52426821 0.22069266 0.27084929
v -0.5342375 0.2365419 -0.15142468
v -0.53033137 0.29191968 -0.21846588
v -0.52542973 0.26373714 -0.21016182
v -0.48799115 0.32546738 0.18946666
v -0.51884711 0.34582689 0.04584049
v -0.50201035 0.3252759 -0.00536428
v -0.52807969 0.40555525 -0.11016393
v -0.53645116 0.43596143 0.08254061
v -0.54423243 0.46972764 0.04084605
v -0.52826506 0.47856665 -0.12997323
v -0.50865257 0.51530147 -0.26328173
v -0.51912981 0.53604746 -0.42559198
v -0.54922414 0.57748401 0.14165348
v -0.54856628 0.62006456 0.12590191
v -0.54976767 0.62521362 0.11037446
v -0.53720695 0.61819142 0.00442518
v -0.49404415 -0.8646844 -0.48334879
v -0.52423245 -0.85945445 -0.27183834
v -0.51838565 -0.86993957 -0.2567071
v -0.52643096 -0.84557027 -0.78582573
v -0.49604052 -0.84654164 -0.74801415
v -0.50816995 -0.85371894 -0.3259317
v -0.47512853 -0.83253264 0.71803457
v -0.52721316 -0.80697387 0.76684666
v -0.51358688 -0.7849732 0.78547341
v -0.51797491 -0.72885048 -0.02211305
v -0.5217163 -0.65894377 0.03667227
v -0.5082522 -0.55478656 0.04427363
v -0.5269565 -0.60920078 0.19234638
v -0.51428604 -0.58487862 0.17305474
v -0.51918113 -0.5083127 0.2143693
v -0.52183688 -0.29900521 0.21047738
v -0.51443118 -0.28774238 -0.00665013
v -0.5259971 -0.24460368 0.29535607
v -0.49858063 -0.18076669 0.33787838
v -0.5129692 -0.10590933 -0.06263226
v -0.484433 -0.07600981 -0.09359319
v -0.53355521 -0.02288642 -0.58734351
v -0.52380717 -0.00304099 -0.5699982
v -0.55964333 0.06726336 -0.26514325
v -0.5388552 0.06902876 -0.26730365
v -0.54773676 0.04424394 -0.25634
v -0.53367674 0.06130231 -0.22623649
v -0.54114938 0.06734212 -0.34453547
v -0.52697974 0.07259101 -0.36614797
v -0.51586717 0.06780361 -0.13877857
v -0.50793517 0.0888145 -0.23403904
v -0.52778161 0.11166761 -0.46304896
v -0.52782565 0.18531001 -0.17307086
v -0.51988858 0.18887091 -0.32996324
v -0.52871406 0.2112878 -0.25735697
v -0.54468322 0.20588131 -0.29113662
v -0.51690966 0.23971239 -0.46637115
v -0.52810353 0.23363224 -0.42717859
v -0.54981279 0.26858759 -0.44597161
v -0.53302932 0.2904056 -0.1692306
v -0.5538463 0.37902731 -0.41942284
v -0.52800471 0.35529181 -0.37647653
v -0.55276102 0.3927052 -0.40860838
v -0.52600265 0.3785544 -0.2191318
v -0.52364641 0.38707772 -0.2316182
v -0.52406287 0.3773143 -0.12005862
v -0.49704424 0.40997493 0.10272367
v -0.52398258 0.48483825 0.01423829
v -0.52271748 0.5223546 -0.21473791
v -0.50746542 0.51376939 -0.37528014
v -0.53218383 0.54277521 0.17319658
v -0.54040408 0.5092501 0.15523128
v -0.52141815 0.52025157 0.09711873
v -0.51723409 0.60657728 0.03056651
v -0.49188399 -0.85233533 -0.64057267
v -0.47396487 -0.85526365 -0.52326357
v -0.51656568 -0.83063936 0.04955787
v -0.50833005 -0.78859591 0.77225292
v -0.51364696 -0.80089343 0.78242773
v -0.52589691 -0.73045576 0.0834708
v -0.51501513 -0.70346779 0.1310246
v -0.49895141 -0.725061 0.2543171
v -0.50887078 -0.74171895 0.04449214
v -0.52195174 -0.71871883 0.01190175
v -0.47078955 -0.64597809 0.2977826
v -0.52298898 -0.55109644 0.17961192
v -0.50484872 -0.33335352 0.0445329
v -0.51921707 -0.26524809 0.20318162
v -0.52689534 -0.25019237 0.26478356
v -0.52864355 -0.23599532 0.27704105
v -0.52610707 -0.17874843 0.28889167
v -0.53120846 -0.00950239 -0.56193894
v -0.53392482 0.00754629 -0.54537266
v -0.53727299 0.02342888 -0.55263799
v -0.53556335 0.01982394 -0.57214749
v -0.54462713 0.03887703 -0.57799882
v -0.50151867 0.07347388 -0.31153008
v -0.5138396 0.14875613 -0.62476951
v -0.5244047 0.15561865 -0.31983081
v -0.50359422 0.17903522 -0.36312449
v -0.5135994 0.16830742 -0.20477137
v -0.49932894 0.20388235 -0.31862351
v -0.49783447 0.23965152 -0.13355629
v -0.51702255 0.26404557 -0.3138904
v -0.52560318 0.29247653 -0.31576696
v -0.51907516 0.26163697 -0.27797824
v -0.52756053 0.33222574 -0.16154444
v -0.52137864 0.31348044 -0.32036301
v -0.52522361 0.35627311 -0.3647379
v -0.53770733 0.3118808 -0.36584616
v -0.50523561 0.34053493 -0.14266437
v -0.50904387 0.33082935 0.15875873
v -0.51234323 0.36734995 0.1498865
v -0.50553429 0.35510135 -0.03667532
v -0.47765177 0.44500729 -0.09991008
v -0.52143532 0.50845152 0.04720678
v -0.50087571 0.53398436 -0.25059161
v -0.49258983 0.58440417 0.01581531
v -0.51040459 0.59049028 0.14945427
v -0.54126853 0.64546329 -0.36970842
v -0.52643144 0.61960721 -0.35206196
v -0.52808154 0.63702232 -0.33570498
v -0.51261973 0.63982445 -0.34544557
v -0.48706517 -0.86319327 -0.5533129
v -0.50519282 -0.86321336 -0.34247839
v -0.50526357 -0.87216955 0.08443076
v -0.46614677 -0.84284371 -0.32943746
v -0.51720023 -0.84547544 0.56992716
v -0.51402581 -0.83777285 0.59864938
v -0.47513264 -0.85712713 0.51748449
v -0.49706042 -0.82293308 0.61332017
v -0.50511295 -0.74289346 0.01519066
v -0.5066399 -0.68190557 0.23652424
v -0.49190995 -0.54950434 0.32620212
v -0.50951606 -0.29824468 0.18821532
v -0.49057251 -0.24885219 -0.02938289
v -0.50426036 -0.01148753 -0.19666888
v -0.52372473 -0.00936242 -0.56046343
v -0.53035718 -0.00065009 -0.54982203
v -0.51378626 -0.00117415 -0.2136735
v -0.51667744 -0.00298895 -0.55721498
v -0.51142353 0.00780378 -0.55475253
v -0.49542063 0.01642003 -0.49599147
v -0.49152872 0.03402246 -0.5058732
v -0.51283139 0.03931737 -0.54141337
v -0.50716335 0.04769078 -0.22258195
v -0.46511206 0.07451398 -0.22731632
v -0.4956876 0.09589901 0.19163647
v -0.49429631 0.11849223 -0.58624125
v -0.48723117 0.15243597 -0.58267379
v -0.50945187 0.14592013 -0.45719725
v -0.5031302 0.17104429 -0.51190853
v -0.49150932 0.17371942 -0.33297211
v -0.48904315 0.17845924 0.31965348
v -0.48602813 0.18717243 -0.56887972
v -0.49966455 0.22423033 -0.14227729
v -0.50311941 0.22593373 -0.31147289
v -0.50003457 0.2610245 -0.46782118
v -0.48204368 0.28846803 0.23191509
v -0.49545345 0.28651968 -0.12837659
v -0.51726508 0.33108708 -0.20283683
v -0.51490688 0.31371975 -0.37747246
v -0.51622307 0.34307405 -0.19714665
v -0.51473343 0.33597255 -0.22074063
v -0.51507741 0.34914637 -0.21071066
v -0.49523953 0.36400208 0.11296243
v -0.48516414 0.3652966 -0.40404758
v -0.4849028 0.47030315 0.0788404
v -0.49803156 0.49473128 -0.236065
v -0.50553608 0.48785654 -0.37728107
v -0.48128942 0.54625303 0.09002072
v -0.50079465 0.56821543 0.06042154
v -0.51066023 0.59730905 -0.32111424
v -0.39976248 -0.86936146 -0.39586988
v -0.43503281 -0.87369585 -0.02127913
v -0.39201656 -0.86316723 -0.46250424
v -0.51658779 -0.82422245 -0.1916554
v -0.50240123 -0.86480898 0.4388355
v -0.50036204 -0.83674121 0.57569629
v -0.50184649 -0.82881355 -0.79407459
v -0.49024537 -0.83390218 -0.80664504
v -0.51482493 -0.81350195 0.77269417
v -0.49511507 -0.76599979 0.02728478
v -0.47346881 -0.72113764 0.29911014
v -0.49220374 -0.74229056 -0.01776073
v -0.50517106 -0.72145283 0.21244688
v -0.48984206 -0.68689305 -0.01779782
v -0.49887055 -0.55222672 0.12397616
v -0.4941698 -0.46949023 0.26928946
v -0.49069518 -0.33429366 0.09981854
v -0.48659548 -0.29588604 -0.00726118
v -0.46184227 -0.22178948 0.1574311
v -0.50094771 -0.19704618 0.27098304
v -0.46970701 -0.00994229 -0.49693078
v -0.5035544 0.05509238 -0.33368656
v -0.49152425 0.03648647 -0.16433614
v -0.48495799 0.0844906 -0.31868112
v -0.51498079 0.11811917 -0.43807834
v -0.5013777 0.07772882 -0.41216007
v -0.50345278 0.08656979 -0.46477601
v -0.49386433 0.11887038 -0.37992084
v -0.49070525 0.11747635 -0.32917562
v -0.5212723 0.22345889 -0.40852186
v -0.47036076 0.21631141 -0.53127396
v -0.49619672 0.23672798 -0.5920915
v -0.49678901 0.22126786 -0.60963041
v -0.50265396 0.25769547 -0.16857998
v -0.49655625 0.26124725 -0.71010894
v -0.51887971 0.29528916 -0.72073114
v -0.5006575 0.28565687 -0.73142678
v -0.48965493 0.28116375 -0.35555461
v -0.48368734 0.2965315 -0.20818476
v -0.50257808 0.34641555 -0.38152671
v -0.49981004 0.36087453 -0.36955833
v -0.50360179 0.35633749 -0.05620895
v -0.50133139 0.42925477 -0.2022983
v -0.49843773 0.45522332 -0.19708361
v -0.52824312 0.45415434 -0.2128927
v -0.51122147 0.45727354 -0.21856198
v -0.50623518 0.47703156 0.20594856
v -0.50196701 0.50105792 0.19932529
v -0.47327849 0.514332 -0.37148181
v -0.48689762 0.54131657 0.03744218
v -0.46998313 -0.85670936 -0.2394657
v -0.48736686 -0.84525847 0.58411711
v -0.47359771 -0.8198998 0.73964167
v -0.49363989 -0.80327326 0.77002156
v -0.49205169 -0.7374112 0.01641817
v -0.49919999 -0.67360997 0.19405404
v -0.48782712 -0.65003937 0.20224001
v -0.49922463 -0.5099951 0.22198139
v -0.48133042 -0.18498434 -0.08277558
v -0.48656237 -0.07913628 0.20756823
v -0.50564849 0.01030034 -0.2122498
v -0.48103839 0.05223274 -0.23814639
v -0.50736964 0.01185347 -0.24462982
v -0.49857154 0.07497709 -0.19696075
v -0.48709875 0.04320205 -0.21061313
v -0.50349426 0.07998257 -0.4568311
v -0.48851743 0.15717043 -0.26939157
v -0.54251605 0.13574398 -0.24352935
v -0.49387023 0.18491647 -0.42329979
v -0.48045909 0.21526068 -0.36456019
v -0.4920083 0.24932542 -0.41821867
v -0.46613762 0.30421048 -0.27450445
v -0.46456048 0.284316 -0.22050028
v -0.46115148 0.36021671 -0.18971078
v -0.46483263 0.36968699 -0.16909213
v -0.51560241 0.39661556 0.16850357
v -0.50272799 0.43787122 0.19615857
v -0.51039869 0.4324646 0.15502295
v -0.50056499 0.44079691 -0.23276556
v -0.4948808 0.43597382 0.10599361
v -0.48666272 0.49914855 -0.4089435
v -0.49082342 0.52500486 -0.23055092
v -0.45351866 0.54640114 0.14275207
v -0.49137947 0.61367673 -0.30717152
v -0.38844913 -0.87366992 -0.46555942
v -0.49178025 -0.86718464 -0.3139964
v -0.41576147 -0.87413913 -0.17949525
v -0.47606683 -0.87185282 0.39180508
v -0.49135852 -0.8449406 0.58430964
v -0.48844418 -0.8130663 -0.22608584
v -0.47743741 -0.81892914 0.71966881
v -0.4862608 -0.78391862 -0.20772448
v -0.48735383 -0.78545249 -0.14401412
v -0.46083933 -0.78770584 -0.12958582
v -0.46224281 -0.72506613 -0.01852778
v -0.4935362 -0.55388689 0.17583318
v -0.48005787 -0.49659637 0.31549144
v -0.47852585 -0.14596382 0.2410105
v -0.48512352 8.001E-05 -0.20113935
v -0.46171442 -0.00924608 -0.11786316
v -0.48952156 0.05989462 -0.48190334
v -0.4958207 0.07365823 -0.49561211
v -0.48716813 0.08784937 -0.4876869
v -0.49606603 0.08041718 -0.39011031
v -0.49169883 0.11702183 -0.40313795
v -0.48769808 0.13570465 -0.54157525
v -0.47752681 0.1586059 -0.32075095
v -0.48425782 0.13784464 -0.22038975
v -0.4506593 0.15516497 -0.48939887
v -0.49311796 0.26987785 -0.69253111
v -0.46640024 0.3238025 -0.36442173
v -0.46501154 0.29742435 -0.28986299
v -0.45199823 0.3334423 -0.28138283
v -0.48357698 0.38034388 0.12205962
v -0.47916362 0.36418858 -0.04391335
v -0.46918574 0.39042076 -0.22368015
v -0.46931854 0.38937938 0.22771573
v -0.48189867 0.46255863 -0.24023248
v -0.48544154 0.4551664 0.21820101
v -0.47102338 0.58139551 -0.32483193
v -0.48382899 -0.87051469 0.4436976
v -0.47014678 -0.85706019 0.39916161
v -0.46745524 -0.82490373 0.65367514
v -0.4572024 -0.82120258 -0.81405455
v -0.49124452 -0.79750168 0.75828594
v -0.48146823 -0.80917597 -0.05070219
v -0.50216258 -0.75719279 -0.18723346
v -0.45732492 -0.58072937 0.35745636
v -0.46996415 -0.54301471 0.11175545
v -0.47612011 -0.52498198 0.03387504
v -0.49505031 -0.50631863 0.14301755
v -0.49040842 -0.48069048 0.20468278
v -0.47641227 -0.50917065 0.26042363
v -0.4755041 -0.26062411 0.03793067
v -0.48716846 -0.07351331 0.18670747
v -0.48809978 0.00912322 -0.21222825
v -0.50228989 0.04606277 -0.47415319
v -0.46953449 0.01487459 -0.31295633
v -0.4668718 0.06041073 -0.43902457
v -0.46048301 0.07092036 -0.3083556
v -0.46299058 0.07232648 -0.42391092
v -0.48448092 0.10666732 -0.37780154
v -0.4695054 0.09952766 -0.35833573
v -0.45868281 0.13916284 -0.46783072
v -0.46512312 0.13396062 -0.41572264
v -0.47883904 0.13576484 -0.40101704
v -0.46966082 0.1505664 -0.29061982
v -0.45359853 0.23035166 -0.1664492
v -0.45801595 0.2995466 -0.12205857
v -0.4717904 0.32698706 -0.12503056
v -0.44859549 0.37054724 -0.20737076
v -0.49078515 0.42206088 -0.17993009
v -0.46844617 0.45627835 0.03539937
v -0.43327922 0.49849105 -0.37681654
v -0.48120865 0.54041231 -0.28310418
v -0.46093622 0.50845617 0.06956228
v -0.48089945 0.57649171 -0.27128235
v -0.46410745 0.57790059 0.06598579
v -0.46534964 -0.86488307 0.53693426
v -0.47833693 -0.83908361 0.57650584
v -0.48415422 -0.80558121 0.75857931
v -0.46385583 -0.71856296 0.27458262
v -0.47321978 -0.71440637 0.26245052
v -0.47188488 -0.70865655 0.23971933
v -0.46510974 -0.6692012 0.22782286
v -0.47067595 -0.59556293 -0.01397944
v -0.45934007 -0.47419804 0.03676817
v -0.47017995 -0.48144501 0.25362384
v -0.44217789 -0.48701805 0.31216708
v -0.44329092 -0.31548849 0.03440623
v -0.41856197 -0.16771927 0.14485425
v -0.45020497 -0.15694487 -0.06958173
v -0.45325619 -0.11157656 -0.04738268
v -0.42263275 -0.00352883 -0.46820199
v -0.45668471 0.02093594 -0.23436484
v -0.46353546 0.06460421 -0.40067205
v -0.47339955 0.07354684 -0.38027707
v -0.4682852 0.09428994 -0.45737863
v -0.48323798 0.09116752 -0.32310811
v -0.45616716 0.09182837 0.22925873
v -0.44301352 0.11408661 -0.20274237
v -0.47766942 0.17529054 -0.41398233
v -0.44792968 0.16346779 -0.27662569
v -0.47152048 0.19344009 -0.29915506
v -0.45915052 0.22537857 -0.56484294
v -0.46247631 0.22805798 -0.33422533
v -0.45625019 0.23218507 -0.43451843
v -0.46080863 0.24585362 0.26052827
v -0.44559759 0.27036491 -0.50502729
v -0.47898513 0.29587293 -0.55155921
v -0.48788288 0.2747151 -0.54868942
v -0.44973239 0.29539263 0.21428993
v -0.45825723 0.32905328 -0.35130671
v -0.45557797 0.31590432 -0.05284246
v -0.47872734 0.41081926 -0.01513102
v -0.4759078 0.4328115 -0.24518543
v -0.44959295 0.50267571 -0.26289618
v -0.46861053 0.60137838 -0.20603843
v -0.48762193 0.64472204 -0.24828473
v -0.49158734 0.61763471 -0.24316862
v -0.33025965 -0.8715775 0.3119539
v -0.45832458 -0.85397261 0.46222371
v -0.41775373 -0.85591048 -0.6194222
v -0.46128112 -0.81991583 0.38796717
v -0.48054338 -0.85289192 -0.0398582
v -0.46524158 -0.81023568 -0.00749717
v -0.46263307 -0.73145074 -0.20829313
v -0.4672794 -0.7057479 0.21936038
v -0.47000188 -0.23972023 0.12823428
v -0.46550462 -0.06537727 -0.46349746
v -0.47429243 -0.050804 -0.48791999
v -0.49017406 -0.06381616 -0.50559694
v -0.45866814 -0.05068953 0.18808188
v -0.44997916 -0.00762887 -0.45766053
v -0.42313504 0.03594538 -0.21241806
v -0.4610855 0.05823151 -0.29264754
v -0.46026784 0.02714429 -0.40874332
v -0.49408609 0.05607817 -0.62952185
v -0.50734711 0.07719605 -0.6503616
v -0.4558259 0.08690822 -0.63726574
v -0.44137046 0.14231487 -0.431216
v -0.46423331 0.12980001 -0.59056211
v -0.43822846 0.148488 -0.2591176
v -0.46675298 0.15717123 -0.47519562
v -0.4549363 0.20776497 -0.49320912
v -0.46487457 0.24415416 -0.67223984
v -0.46122584 0.26707989 -0.70069933
v -0.4505032 0.43156376 -0.18243989
v -0.44289964 0.47258133 -0.33811629
v -0.44335666 0.53716725 0.10763457
v -0.43085057 0.56583846 -0.28369081
v -0.45616552 0.60624772 -0.23998941
v -0.43032411 -0.85368645 -0.31979227
v -0.419539 -0.85801691 -0.37130791
v -0.44267946 -0.84455687 0.60733724
v -0.44569924 -0.83038914 -0.82420158
v -0.45013732 -0.78890991 -0.22598329
v -0.45412487 -0.76477611 0.03627032
v -0.45063144 -0.74451876 0.23484825
v -0.44709569 -0.52511638 0.05878821
v -0.4632642 -0.44528669 0.09053767
v -0.4458577 -0.40344581 0.13202849
v -0.43157005 -0.29792377 0.02841707
v -0.44916007 -0.26074561 0.10763262
v -0.47187853 -0.10067135 0.16023694
v -0.4616825 -0.07156451 -0.48346362
v -0.43039602 0.03640192 -0.18261196
v -0.46048912 0.07184526 -0.12528239
v -0.42880625 0.07478027 0.17657356
v -0.45832881 0.06961387 -0.57650411
v -0.45907253 0.10877883 -0.55087632
v -0.46623087 0.15882418 -0.61165887
v -0.44160885 0.1559121 -0.55764115
v -0.47426957 0.15848714 -0.66737723
v -0.46757674 0.17684425 -0.64038843
v -0.45868969 0.18024898 -0.46162173
v -0.45518512 0.20402732 -0.33129188
v -0.42876634 0.18268535 0.33081618
v -0.4483065 0.22426562 -0.37040916
v -0.43257695 0.25675094 -0.64625871
v -0.46133465 0.29219851 -0.3547796
v -0.45163092 0.29484349 -0.23203537
v -0.46179494 0.403815 -0.21538892
v -0.46549165 0.38804314 -0.18084025
v -0.47496682 0.42125329 -0.15148212
v -0.49478644 0.4169834 -0.10362175
v -0.44893783 0.37186953 -0.12633608
v -0.46306571 0.40106973 -0.08197248
v -0.44784257 0.42924049 -0.13366935
v -0.46031398 0.45723501 -0.38605946
v -0.45670018 0.47583479 -0.39814389
v -0.4773635 0.46141958 -0.42801669
v -0.46417657 0.48473895 -0.44271824
v -0.45498812 0.46874502 -0.45078859
v -0.46522954 0.5222165 -0.21145371
v -0.42371559 0.50232416 0.17426907
v -0.44726932 0.56972933 -0.21102662
v -0.37477466 -0.87100768 0.21507296
v -0.41908014 -0.86971837 0.45888513
v -0.40297985 -0.86380798 -0.27514979
v -0.45958075 -0.86143059 -0.02683347
v -0.41788459 -0.84661382 0.57478917
v -0.42360032 -0.81123459 -0.24889021
v -0.45095435 -0.82451874 0.63598531
v -0.43794048 -0.77060765 0.32035586
v -0.41635519 -0.73414046 0.01581923
v -0.42494196 -0.75384521 -0.00914434
v -0.44634593 -0.69007701 0.27730277
v -0.43243375 -0.44652763 0.20325442
v -0.44991091 -0.17782539 -0.0749796
v -0.44147035 -0.12542434 0.11310963
v -0.44264355 -0.14195621 0.12870149
v -0.42074886 -0.13493653 0.16300194
v -0.41441712 -0.04198033 -0.44644031
v -0.44532192 0.04156159 -0.29198495
v -0.46300903 0.05249698 -0.55428487
v -0.45178536 0.05062011 -0.58062238
v -0.4508124 0.05062409 -0.42312306
v -0.42032108 0.07483206 -0.59834337
v -0.47015315 0.07740765 -0.54322803
v -0.42683056 0.07408486 -0.4692941
v -0.42718136 0.08609381 -0.5665105
v -0.43497947 0.080306 -0.43818524
v -0.42707869 0.09050167 -0.45511401
v -0.44721022 0.05976702 -0.2517747
v -0.43640816 0.13290924 -0.46305516
v -0.44144824 0.12929447 -0.51888579
v -0.45044509 0.14037542 -0.61896545
v -0.42398891 0.15060645 -0.40084282
v -0.42916554 0.14635311 0.28833431
v -0.44532776 0.23846623 -0.345193
v -0.4438304 0.2134428 -0.56838405
v -0.44687319 0.23562267 -0.5242635
v -0.42689174 0.27212188 -0.55360079
v -0.43847668 0.29114732 -0.09504839
v -0.44460961 0.2965554 -0.30689457
v -0.40542832 0.30259907 0.24824221
v -0.43749267 0.36059913 -0.44173536
v -0.45882556 0.33667263 -0.45508066
v -0.45042497 0.32523504 -0.42160195
v -0.44688246 0.40336385 -0.2890588
v -0.46019956 0.37094218 -0.34803796
v -0.45233345 0.42648482 -0.40336409
v -0.45851824 0.40977421 -0.41359475
v -0.45382905 0.45266178 -0.3538307
v -0.43443596 0.45999604 -0.23050268
v -0.44277501 0.45955324 -0.20676363
v -0.4405784 0.48747665 -0.18404359
v -0.43012071 0.53572375 -0.23409486
v -0.47050396 0.56915683 -0.07987753
v -0.45457223 0.57066661 -0.06150234
v -0.45348817 0.59042525 -0.09976891
v -0.39112628 -0.86935651 0.1011048
v -0.40382823 -0.85718435 -0.24012484
v -0.44128573 -0.86249292 -0.06658972
v -0.42713776 -0.82760918 0.4333533
v -0.4385379 -0.82891721 0.62426543
v -0.43517688 -0.74646753 -0.20767571
v -0.4099364 -0.72278684 -0.04032483
v -0.42723179 -0.68866032 -0.04406631
v -0.4119626 -0.6564436 0.28972971
v -0.42340773 -0.55815309 -0.01502316
v -0.4493202 -0.25165436 0.08210735
v -0.40346274 -0.07087555 -0.07048965
v -0.3820484 -0.07392078 0.12495317
v -0.43506369 -0.07574299 -0.45241874
v -0.43774271 -0.05197619 -0.43245748
v -0.45008266 0.01194784 -0.38175568
v -0.43000022 0.04972016 -0.44752896
v -0.40862364 0.0550462 -0.47473192
v -0.43545431 0.07843121 -0.388165
v -0.44015744 0.09945547 -0.36164507
v -0.42757493 0.08996672 -0.21460004
v -0.43306574 0.1527319 -0.6100747
v -0.43286169 0.15090168 -0.61960614
v -0.4200249 0.19201741 -0.52268809
v -0.44339794 0.20586629 -0.39446229
v -0.4410049 0.24779865 -0.47738677
v -0.43941787 0.2250592 -0.63102812
v -0.44143835 0.28365618 -0.23704994
v -0.4394668 0.3312127 -0.10955913
v -0.44178209 0.35330835 -0.36763623
v -0.4417249 0.3585037 -0.57423002
v -0.46161163 0.3837207 -0.56987876
v -0.46083212 0.39271912 -0.61027002
v -0.43715101 0.36086744 -0.54193372
v -0.43514648 0.38123837 -0.21985769
v -0.38963231 0.37073502 -0.00567338
v -0.44444427 0.39647919 -0.21696523
v -0.45478413 0.39668912 -0.21604666
v -0.45403153 0.39182106 -0.22303568
v -0.45194551 0.39692608 -0.21784779
v -0.43158299 0.38927171 -0.26743311
v -0.43761185 0.40580586 0.01617301
v -0.43530917 0.43019369 -0.24170981
v -0.44137019 0.49918416 0.0735146
v -0.43871745 0.49637306 -0.16645041
v -0.45746127 0.53868741 -0.19139342
v -0.41892219 0.53381151 -0.28744057
v -0.44827926 0.56031418 -0.20926794
v -0.44880325 0.56737071 -0.199237
v -0.44329673 0.55717504 -0.19746734
v -0.43492055 0.53000402 -0.06425468
v -0.40684316 -0.8634395 -0.66268331
v -0.42021874 -0.85385346 -0.5322597
v -0.42527258 -0.86151344 -0.13008229
v -0.41278091 -0.83345902 -0.1549073
v -0.39614654 -0.83447284 -0.76590711
v -0.42369571 -0.79031587 -0.20247279
v -0.41730276 -0.76756424 0.29006845
v -0.41436523 -0.73919994 0.04340757
v -0.40115866 -0.51798791 0.28684664
v -0.44274178 -0.49285164 0.01183232
v -0.42400917 -0.19381244 -0.0278291
v -0.4252592 -0.17934178 0.09311425
v -0.40530106 0.03152975 0.17393795
v -0.42086694 0.01873814 -0.47063541
v -0.42505589 0.04071474 -0.54925811
v -0.39984336 0.0726511 -0.1246774
v -0.42336291 0.07014456 -0.24132936
v -0.42345569 0.09465423 -0.40111822
v -0.41563931 0.11117462 -0.23553397
v -0.43393773 0.10387145 -0.43615171
v -0.41996965 0.10124233 -0.55799055
v -0.43819126 0.09642861 -0.54577321
v -0.41251272 0.18202318 -0.36837325
v -0.43968961 0.19198906 -0.47209838
v -0.39497775 0.20257179 0.31003916
v -0.41402322 0.21291582 -0.53107953
v -0.41975269 0.24401248 -0.46861929
v -0.38854712 0.24658008 0.26287955
v -0.44130042 0.28382114 -0.27381611
v -0.42013672 0.29851627 -0.09725246
v -0.44029778 0.3044154 -0.39518723
v -0.42172953 0.31558493 -0.27192238
v -0.43013093 0.29438439 -0.41682351
v -0.42360222 0.36528999 -0.34587732
v -0.40769535 0.38502616 -0.5575332
v -0.43102607 0.38652027 -0.20650092
v -0.43589011 0.39187202 -0.58803457
v -0.42312646 0.41753805 -0.38445476
v -0.43160006 0.42002925 -0.1642676
v -0.44524327 0.40471596 0.06440836
v -0.42665848 0.42562065 -0.40877345
v -0.39747491 0.51153642 -0.15891312
v -0.42264831 0.53340375 0.06087491
v -0.43417931 0.58854938 -0.20227566
v -0.402695 -0.86581481 -0.52754104
v -0.39473721 -0.85105658 -0.72990412
v -0.35428616 -0.85654008 0.52838165
v -0.41253415 -0.85956359 0.57746905
v -0.44505823 -0.83286142 0.1239431
v -0.43215087 -0.83485383 0.16179626
v -0.43950292 -0.85826689 0.12977417
v -0.42138347 -0.84485775 0.16333552
v -0.41895533 -0.85817093 0.44059882
v -0.43364596 -0.83129364 0.09866247
v -0.43318337 -0.80384582 -0.05106242
v -0.42405644 -0.79456687 0.01428985
v -0.41280332 -0.79219377 0.06111389
v -0.40962791 -0.74457037 0.22397727
v -0.40824685 -0.69278127 0.22676533
v -0.40266958 -0.36806315 0.04728024
v -0.42937362 -0.22595209 0.04860352
v -0.41960779 -0.18283111 -0.02472243
v -0.43566224 -0.12372653 0.00957991
v -0.41966254 -0.15731429 0.00136365
v -0.42057475 -0.03486716 -0.43338704
v -0.43757337 0.01790856 -0.41062325
v -0.40169734 0.02966024 -0.32498103
v -0.42159128 0.05820933 -0.55473489
v -0.42641172 0.0508317 -0.41462094
v -0.40245399 0.0742323 -0.35697719
v -0.41329423 0.10994031 -0.41328567
v -0.40301496 0.08578902 0.22500606
v -0.41540724 0.10651812 -0.48891714
v -0.43657619 0.12091898 -0.46629903
v -0.42916963 0.1318035 -0.41874507
v -0.4161562 0.13075104 -0.24206075
v -0.39907137 0.2470355 -0.34211192
v -0.42677337 0.25732771 -0.33780465
v -0.43130881 0.33233654 -0.40110898
v -0.39731213 0.32016191 -0.32604069
v -0.39653358 0.34306422 -0.04095463
v -0.41801327 0.35571858 -0.27690488
v -0.41866523 0.4037196 -0.42449781
v -0.4021515 0.38976964 -0.10251843
v -0.44208458 0.45243827 -0.0577158
v -0.45004749 0.48313776 -0.08865198
v -0.42431998 0.48253602 -0.11221189
v -0.40817907 0.45211333 -0.148863
v -0.42517051 0.55131572 -0.04916225
v -0.42934132 0.555318 -0.07704777
v -0.41802138 -0.86132622 -0.07614969
v -0.44745287 -0.85294569 0.06273194
v -0.40009069 -0.84006017 0.09014525
v -0.42813435 -0.85835296 0.05674369
v -0.39479047 -0.85278022 -0.29838035
v -0.42758101 -0.83449268 -0.33517259
v -0.38401332 -0.84352815 -0.72321296
v -0.41451144 -0.82479352 -0.24787378
v -0.4231528 -0.82179576 0.18325064
v -0.41472265 -0.79481125 -0.04022232
v -0.40522295 -0.78054833 0.35255879
v -0.40716347 -0.7428869 -0.02433176
v -0.40004471 -0.55846864 0.32827237
v -0.38006836 -0.47991773 0.28788301
v -0.40666729 -0.39669979 0.00246502
v -0.42343682 -0.19005534 0.01306538
v -0.44852534 -0.08592544 -0.56857044
v -0.42303315 -0.09526099 -0.57229584
v -0.43285981 -0.10685718 -0.56027603
v -0.41940001 0.00673678 -0.30049941
v -0.42892337 0.04163883 -0.29884622
v -0.43810752 0.06355803 -0.68767583
v -0.44428667 0.07145808 -0.67551404
v -0.40711555 0.08501277 -0.66825014
v -0.38630271 0.07936715 -0.33157215
v -0.42686105 0.0888938 -0.52109641
v -0.40695077 0.090445 -0.47693819
v -0.42706108 0.09853148 -0.52419353
v -0.42133608 0.13784988 -0.45418856
v -0.41734892 0.14402373 -0.41495377
v -0.42340782 0.18294856 -0.48266521
v -0.3986336 0.18383762 -0.40772086
v -0.41058043 0.21867789 -0.65512031
v -0.42064953 0.24214017 -0.27924266
v -0.41244236 0.24395026 -0.24301057
v -0.42388791 0.27047297 -0.22790715
v -0.39481485 0.28529856 -0.38592708
v -0.41849262 0.3433215 -0.07773259
v -0.41554224 0.34322146 -0.44825566
v -0.40698543 0.35064623 -0.38249829
v -0.41674674 0.38252169 -0.52671164
v -0.41983625 0.34627518 -0.5083437
v -0.42762202 0.39798784 -0.32982913
v -0.43515462 0.37126848 -0.32276928
v -0.40645629 0.3565222 0.05545415
v -0.41267231 0.44887546 -0.3994776
v -0.38972294 0.42834139 -0.28898183
v -0.39435264 0.39763913 0.07607735
v -0.40787095 0.5080213 -0.25402489
v -0.40147138 0.4886989 -0.07719638
v -0.40182266 0.47495019 -0.33374777
v -0.42432615 0.50743997 -0.66348422
v -0.41423988 0.51430434 -0.71056569
v -0.42636684 0.48124009 -0.68065786
v -0.42206621 0.50330752 0.08713229
v -0.41075423 0.53803295 0.07970868
v -0.41534153 0.51040953 -0.0316511
v -0.40553978 0.54396278 -0.18596473
v -0.44593892 0.62870753 -0.47288668
v -0.42012924 0.6361202 -0.50061142
v -0.4043602 0.58579665 -0.47026491
v -0.43526417 0.60073453 -0.43257198
v -0.40336618 0.61876577 -0.45488513
v -0.39467064 -0.8683477 -0.5736801
v -0.3712596 -0.8549521 -0.38812083
v -0.39545557 -0.8571732 0.63771307
v -0.4262276 -0.84494162 0.6248638
v -0.40488493 -0.84643048 0.6342904
v -0.39993736 -0.84735608 0.62044585
v -0.38459641 -0.83465189 -0.79132831
v -0.41327485 -0.7846511 0.07802289
v -0.39121568 -0.73708761 0.30189174
v -0.4080174 -0.6474672 0.26078761
v -0.40377277 -0.54708523 0.00353498
v -0.37907848 -0.42261869 -0.09193666
v -0.3918463 -0.35597038 0.07750402
v -0.40813047 -0.19561216 0.03357133
v -0.41207391 -0.1317962 0.03782284
v -0.38773724 -0.10482176 0.02545117
v -0.43855411 -0.08096949 -0.56308216
v -0.36790413 0.02402588 -0.37142614
v -0.39610115 0.01840765 -0.34525847
v -0.3980068 0.00783716 -0.32677311
v -0.37219951 0.01711515 -0.10711754
v -0.4002541 0.01302238 -0.44524696
v -0.4156422 0.04037692 -0.44434404
v -0.3866598 0.04114449 -0.27004874
v -0.38790217 0.04539232 -0.65069884
v -0.40839523 0.09400079 -0.41207176
v -0.40322313 0.10300329 -0.48300844
v -0.40805262 0.11721431 -0.48593113
v -0.39798313 0.12708928 -0.56727594
v -0.39744774 0.13712715 -0.55365753
v -0.40825793 0.19348612 -0.32861972
v -0.42108518 0.21081132 -0.34033895
v -0.41729653 0.21284789 -0.32110709
v -0.43934095 0.22943786 -0.31562194
v -0.4225077 0.22239499 -0.28643066
v -0.41069925 0.21934958 -0.50361592
v -0.41133729 0.23730078 -0.33747622
v -0.39193726 0.23588917 -0.64124286
v -0.42070025 0.25965506 -0.45307782
v -0.39931333 0.24866623 -0.49346536
v -0.42042997 0.24044691 -0.44977331
v -0.4041627 0.32091412 -0.06052488
v -0.3923471 0.39313772 -0.2469538
v -0.38045779 0.34569618 0.24326314
v -0.41163272 0.40982687 -0.15487118
v -0.41145819 0.43432516 -0.13500369
v -0.41140386 0.44020623 -0.06398685
v -0.40010306 0.48397374 -0.1310882
v -0.40068278 0.50010729 -0.72439831
v -0.37091592 0.46855268 0.11904863
v -0.37589154 -0.86702406 -0.20366859
v -0.38627523 -0.85715073 -0.54995626
v -0.37280068 -0.85378605 -0.6599943
v -0.37839842 -0.83665204 0.18616775
v -0.40147907 -0.81723994 -0.23008251
v -0.38795212 -0.79013097 0.23205511
v -0.34936658 -0.62612677 -0.08103838
v -0.36867404 -0.51869613 -0.0768752
v -0.36424881 -0.48439732 -0.11482234
v -0.37516919 -0.11048415 -0.52445185
v -0.40216872 -0.04788728 -0.36590019
v -0.39962596 -0.06305761 -0.42607298
v -0.39656749 0.08632086 -0.49470532
v -0.38634697 0.10439399 -0.48770761
v -0.38447142 0.12170068 -0.38268963
v -0.37823957 0.12744349 -0.4360393
v -0.39868796 0.209319 -0.59304661
v -0.40957838 0.21881981 -0.58243585
v -0.39946592 0.24190429 -0.60978389
v -0.41366524 0.26619405 -0.4208813
v -0.40964127 0.25183281 -0.40522
v -0.39623159 0.23119368 -0.28522971
v -0.40190223 0.26019901 -0.26035234
v -0.38118505 0.34598061 -0.55075294
v -0.39682093 0.36660528 -0.34428769
v -0.38599873 0.38339508 -0.29015437
v -0.39287257 0.3981874 -0.40947509
v -0.38878947 0.41369042 -0.103563
v -0.36774954 0.40541944 0.21165694
v -0.40759155 0.43540993 -0.215533
v -0.41229725 0.44332623 -0.56908178
v -0.42490852 0.47151819 -0.57731348
v -0.40376794 0.46720994 -0.61119616
v -0.37114945 0.47432223 -0.37006775
v -0.36230794 0.47668132 -0.06513993
v -0.39046711 0.47939897 -0.68051487
v -0.40301743 0.47637314 -0.63306457
v -0.39826444 0.50642407 -0.04846523
v -0.3804844 0.50543857 -0.22664219
v -0.3895821 0.53051484 -0.05571742
v -0.38441449 0.53216469 -0.19137235
v -0.40495792 0.58982605 -0.44386417
v -0.40178254 0.61255997 -0.42287928
v -0.42804268 0.62952638 -0.09237539
v -0.40938127 0.64905149 -0.09392758
v -0.41090766 0.64019072 -0.12747668
v -0.37751406 -0.86278379 -0.16538599
v -0.37194341 -0.86035705 -0.49672589
v -0.39483526 -0.78171194 0.1467267
v -0.38553515 -0.74987572 0.17538916
v -0.38373947 -0.76177913 0.04803602
v -0.37736389 -0.74643028 0.10285012
v -0.40131298 -0.09337997 -0.50930268
v -0.38639206 -0.0622467 -0.49753135
v -0.38163599 -0.0744179 -0.38353091
v -0.3991676 -0.0036195 -0.66450804
v -0.38041696 -0.02548792 -0.71980631
v -0.40498108 -0.03418539 -0.66295081
v -0.41125596 -0.00030606 -0.610282
v -0.37845165 -0.0117119 0.15445408
v -0.37673312 0.04424688 -0.19965269
v -0.40424287 0.04139633 -0.5257349
v -0.39193144 0.03241467 -0.67724609
v -0.37557536 0.06010783 -0.49331269
v -0.38556728 0.09248862 -0.68690586
v -0.3965514 0.10576847 0.22591594
v -0.39175647 0.14799365 -0.40812799
v -0.3732554 0.17121772 -0.45281842
v -0.37620246 0.18592355 -0.44559398
v -0.3919206 0.19275171 -0.42352617
v -0.39541847 0.1913874 -0.53403622
v -0.40154845 0.2105194 -0.51598734
v -0.4015632 0.20126759 -0.31914482
v -0.40311125 0.22275534 -0.53353989
v -0.40016273 0.19963834 -0.42224064
v -0.39544421 0.22133802 -0.34645614
v -0.38483515 0.21320866 -0.4415634
v -0.40590176 0.25356191 -0.33236581
v -0.37159342 0.25467044 -0.44720536
v -0.3744345 0.30351225 -0.5026415
v -0.38689405 0.30990276 -0.48185199
v -0.3889648 0.35654244 -0.40294814
v -0.39713734 0.35158658 -0.47869098
v -0.38488296 0.36352324 -0.22315267
v -0.38582051 0.37404647 -0.18727179
v -0.36983123 0.3555789 -0.37612727
v -0.38048837 0.42564291 -0.1487973
v -0.39777845 0.41864073 -0.37573847
v -0.39239892 0.45251086 -0.08309884
v -0.39378095 0.48975584 -0.58236539
v -0.40201172 0.48611885 -0.6241101
v -0.37715229 0.43737182 -0.01338625
v -0.3861329 0.49792695 -0.66400278
v -0.40356442 0.52021569 -0.01913701
v -0.38699153 0.60015339 -0.06702894
v -0.35241324 -0.87107396 -0.03107002
v -0.36779433 -0.87065291 0.47811025
v -0.3712551 -0.85500878 -0.58620501
v -0.38925716 -0.86221766 0.39608091
v -0.37749159 -0.85828489 -0.20882905
v -0.35449114 -0.85538107 -0.01148204
v -0.38946626 -0.80486506 -0.0488121
v -0.37019518 -0.84005851 0.15546302
v -0.38499883 -0.82598126 0.37450582
v -0.38977337 -0.72857571 0.19852766
v -0.37710005 -0.68323219 0.26866826
v -0.35556915 -0.61759412 0.26905826
v -0.37772003 -0.52480447 0.30631694
v -0.39143896 -0.07750873 -0.36355892
v -0.40589023 -0.13286401 -0.38051108
v -0.37376043 -0.09289879 -0.5379619
v -0.40655285 -0.0300828 -0.76154792
v -0.38800669 -0.0051509 -0.58435875
v -0.37533426 -0.0152814 -0.40054554
v -0.37553468 5.727E-05 -0.36865681
v -0.36388096 -0.0223584 -0.08552707
v -0.38147053 0.0191661 -0.56051987
v -0.38294259 0.01257195 -0.62745255
v -0.37384504 0.0097635 -0.29725191
v -0.40181687 0.04054957 -0.53366315
v -0.37753516 0.01712686 -0.53621966
v -0.39692608 0.03536965 -0.5237838
v -0.39804366 0.03668117 -0.52384871
v -0.37666273 0.0322091 -0.44761726
v -0.3964639 0.09556324 -0.67996907
v -0.37191194 0.09798738 -0.3675372
v -0.3977536 0.08705468 -0.55737579
v -0.35939544 0.10265377 -0.40513584
v -0.34746876 0.12500402 -0.50003672
v -0.37827548 0.13662727 -0.43633664
v -0.36646411 0.192277 -0.34784532
v -0.37620223 0.18637165 0.27975917
v -0.38552091 0.18174742 -0.49990261
v -0.37849188 0.21672851 -0.60889524
v -0.35420707 0.32890767 -0.21793163
v -0.33801326 0.32414779 -0.1161786
v -0.38489363 0.37376383 -0.12422425
v -0.38408828 0.35347879 -0.26542366
v -0.38753477 0.33826324 0.03779999
v -0.3824293 0.38947743 -0.24958222
v -0.39527962 0.45966062 -0.53527987
v -0.39698231 0.41849715 -0.5425126
v -0.39864853 0.40746534 -0.50642049
v -0.36762199 0.42762923 -0.48628566
v -0.39367512 0.40293926 -0.245656
v -0.40121189 0.40666062 -0.20132783
v -0.37691754 0.43441337 -0.17806247
v -0.38097379 0.48764685 -0.63495368
v -0.39924929 0.61249918 -0.43108091
v -0.37670287 0.58683461 -0.08999691
v -0.40483379 0.62567478 -0.41848016
v -0.38306832 0.62696946 -0.28201821
v -0.41417396 0.62262183 -0.27346686
v -0.39663526 0.64342046 -0.27708268
v -0.41262266 0.68129951 -0.17382453
v -0.38524491 0.63079774 -0.15325053
v -0.38786829 0.64032733 -0.11980544
v -0.32696745 -0.87197399 0.04480302
v -0.36978942 -0.85814422 -0.57351011
v -0.35394621 -0.86148047 -0.09776223
v -0.32895088 -0.86583865 -0.36172476
v -0.33807588 -0.85784203 0.46655154
v -0.38166848 -0.84385538 0.65606898
v -0.38065064 -0.85743433 0.09204895
v -0.38614333 -0.80567473 0.20733611
v -0.36628422 -0.57442975 -0.01108805
v -0.37721252 -0.12157654 -0.35304832
v -0.37418908 -0.04659956 -0.71183878
v -0.38900915 -0.04033281 -0.66131473
v -0.37359899 -0.00727428 0.19300312
v -0.37293956 0.02786026 -0.32753485
v -0.36089721 0.01853633 -0.31507036
v -0.37944239 0.01894982 -0.29570663
v -0.39320025 0.04027175 -0.53435099
v -0.36019537 0.03383257 -0.53812003
v -0.35293722 0.03454435 -0.41239405
v -0.37095007 0.01722721 -0.22233108
v -0.37087476 0.06652942 -0.10973335
v -0.37051427 0.06364732 0.23410703
v -0.36648995 0.10781551 -0.53453183
v -0.38489813 0.19782817 -0.3170076
v -0.39680901 0.20791548 -0.48861799
v -0.35374507 0.23739585 -0.5876255
v -0.35815737 0.25793979 -0.41357023
v -0.35330859 0.29392883 -0.39217106
v -0.38631612 0.32050711 -0.06761158
v -0.3601467 0.31486183 0.06666525
v -0.37212992 0.37020704 -0.44835746
v -0.3797521 0.36974031 0.04141305
v -0.37953979 0.41606078 0.00227771
v -0.37789056 0.37502581 -0.50263762
v -0.36871958 0.37652463 -0.16793875
v -0.37691432 0.38845545 -0.24792981
v -0.35002726 0.44035462 -0.21998756
v -0.38108549 0.43481225 -0.05319348
v -0.3840982 0.43726343 0.02549525
v -0.36472476 0.44211397 0.18444447
v -0.37035859 0.48451239 -0.60191059
v -0.37852105 0.55382997 -0.48647666
v -0.3988089 0.56205779 -0.51058477
v -0.38631794 0.52173704 -0.486265
v -0.3570098 0.59581214 -0.27663997
v -0.39861062 0.59458947 -0.25322202
v -0.37671933 0.64216882 -0.4281888
v -0.37323809 0.63453525 -0.39574099
v -0.36438102 0.67201656 -0.15541019
v -0.38874301 0.68662131 0.08730806
v -0.40653834 0.67558628 0.07843471
v -0.36031067 0.61748075 0.10623331
v -0.39001855 0.69960392 -0.18694365
v -0.34183145 -0.87175065 0.16248569
v -0.33818612 -0.8730464 0.60603642
v -0.35848087 -0.86542237 -0.6687935
v -0.33977905 -0.84709036 -0.48946029
v -0.35491252 -0.79773796 0.08212152
v -0.37569696 -0.74857265 -0.02498882
v -0.35818723 -0.35516247 -0.0029081
v -0.36378145 -0.33241996 0.03116391
v -0.37212896 -0.11035874 -0.38183451
v -0.35324273 -0.10035472 -0.34500036
v -0.3661795 -0.05510746 -0.51500273
v -0.34103686 -0.05874127 -0.38100219
v -0.34182799 -0.03502449 -0.39361864
v -0.3721303 -0.01559058 -0.59718412
v -0.38940546 -0.02914909 -0.33921561
v -0.36958382 0.01930056 -0.28551778
v -0.38072875 0.04395776 -0.31617838
v -0.36532143 0.0727426 -0.49505934
v -0.33797857 0.09038083 -0.43599772
v -0.33982217 0.08615644 -0.38421726
v -0.38319895 0.14284797 0.21633661
v -0.36092201 0.11549284 -0.43397117
v -0.37948623 0.23111735 -0.37025401
v -0.36177099 0.2198526 -0.51884621
v -0.36623412 0.25157791 -0.38480833
v -0.36858091 0.32518575 -0.45861515
v -0.37201142 0.3068932 -0.01327929
v -0.34973401 0.34382558 -0.42894953
v -0.38151637 0.33574682 0.00614843
v -0.36404654 0.35447881 -0.46104583
v -0.36694294 0.35030624 -0.38876104
v -0.37100875 0.37906864 -0.1388766
v -0.35936084 0.37284106 -0.08647279
v -0.38153979 0.38629606 -0.03977867
v -0.37268716 0.40541673 -0.47572571
v -0.36925018 0.38264096 -0.20657416
v -0.35839942 0.40275821 -0.27160254
v -0.34478226 0.41708651 -0.10129375
v -0.3687816 0.42752257 -0.05278918
v -0.35720018 0.44820014 -0.36046886
v -0.32516789 0.42823911 0.13761289
v -0.35348225 0.43020833 -0.02488551
v -0.32445166 0.48826724 0.01971817
v -0.36475983 0.56903833 -0.52975458
v -0.38223869 0.55990052 -0.24047197
v -0.36987972 0.55358469 -0.21058118
v -0.35884199 0.56259185 -0.36178604
v -0.3815369 0.59394854 -0.37156135
v -0.35810485 0.58399856 -0.39755404
v -0.35199162 0.5395596 -0.10013831
v -0.35845971 0.64520836 0.07514956
v -0.36424342 0.67512107 -0.17263757
v -0.31854895 -0.86226386 0.67538625
v -0.32819918 -0.86098766 0.32106471
v -0.3552973 -0.85251993 0.68519396
v -0.35304594 -0.7889905 -0.02343981
v -0.30365643 -0.82153875 0.28860873
v -0.36617959 -0.73417997 0.13851911
v -0.36017668 -0.74707788 0.27606404
v -0.31200546 -0.70894378 -0.07465065
v -0.35787115 -0.55248255 0.26731297
v -0.35013366 -0.32901713 0.05586318
v -0.3649019 -0.14664456 -0.38731802
v -0.33688948 -0.05955236 0.03036647
v -0.35941288 -0.08210526 -0.47729579
v -0.35472196 -0.03897883 0.12418259
v -0.36994603 -0.02820771 -0.66736412
v -0.36289886 0.00432269 -0.61158437
v -0.35473114 -0.00429045 -0.49322277
v -0.326406 -0.01707315 -0.2781736
v -0.34776527 0.01847377 -0.48173058
v -0.33147091 0.05889702 -0.63367712
v -0.34627637 0.05664962 -0.61288589
v -0.30540615 0.0892861 -0.62576795
v -0.35335088 0.10358314 -0.13539098
v -0.32153112 0.08850053 -0.5897854
v -0.35218582 0.09188641 -0.55506623
v -0.37410763 0.12851341 0.21906878
v -0.37997511 0.20938089 0.20007025
v -0.37256324 0.20424829 0.1865826
v -0.35928342 0.1984081 -0.60735416
v -0.37292957 0.23327149 0.24762389
v -0.35402581 0.19591771 -0.43589079
v -0.35549131 0.21773815 -0.47496423
v -0.35419613 0.18150534 -0.33127686
v -0.38160676 0.28860831 -0.45814887
v -0.37391269 0.27275953 0.05562878
v -0.32579866 0.27669007 0.00113583
v -0.37003157 0.28853145 -0.0793888
v -0.35479844 0.32050356 0.05580166
v -0.34497532 0.34589627 0.11017131
v -0.3733092 0.3380394 -0.25753015
v -0.36216876 0.36741725 -0.14080326
v -0.35490659 0.3514531 -0.51384145
v -0.34996441 0.36387447 -0.5083493
v -0.36450332 0.36696124 -0.12401663
v -0.36374336 0.44505906 -0.59510136
v -0.3851465 0.48490334 -0.29720101
v -0.36503571 0.50113153 -0.32368845
v -0.34722814 0.45447165 -0.31471163
v -0.34275362 0.47946876 -0.17627281
v -0.3553476 0.52350652 -0.02277803
v -0.34124649 0.51355046 -0.47348243
v -0.35961887 0.61049032 -0.24924277
v -0.34659433 0.60631156 -0.09514239
v -0.34207773 -0.8356511 0.1964168
v -0.35696357 -0.76864529 0.05370404
v -0.35470009 -0.76964617 0.07912499
v -0.32933518 -0.72944719 0.18642651
v -0.33381295 -0.71950185 0.22082508
v -0.35460821 -0.67869151 0.27666286
v -0.34521657 -0.57407635 0.28130704
v -0.34738263 -0.05345764 -0.02904066
v -0.34475267 -0.0757902 0.1653982
v -0.34105116 -0.02366191 -0.53557771
v -0.34295186 0.00715664 -0.37279686
v -0.3614051 0.02664906 -0.30788937
v -0.3334485 0.04475903 -0.62751818
v -0.35305053 0.09333358 -0.10786049
v -0.31796587 0.10189272 -0.60618782
v -0.37052411 0.13764822 -0.60681587
v -0.34753785 0.11529148 -0.56157774
v -0.36871588 0.15212247 -0.55744863
v -0.34893128 0.11913254 -0.39653742
v -0.3508403 0.15471452 -0.46170312
v -0.35300022 0.16851841 -0.54825264
v -0.34247088 0.15458731 -0.49536276
v -0.37596577 0.18365642 -0.28859916
v -0.33678371 0.22098941 -0.41339147
v -0.30996722 0.27472374 0.18053985
v -0.35975212 0.26851854 0.24316508
v -0.35988128 0.26460984 -0.37911052
v -0.35472831 0.27677286 -0.01984145
v -0.32012227 0.26230216 0.15814741
v -0.35081294 0.26814288 -0.46654734
v -0.34301335 0.35758975 0.22331204
v -0.33346024 0.33880284 -0.18918386
v -0.3344903 0.33474821 -0.11381136
v -0.35162842 0.38712683 0.01969526
v -0.34524491 0.43393707 -0.0535678
v -0.35100156 0.45928454 -0.34302565
v -0.34378967 0.45892075 -0.52902734
v -0.3652958 0.45542955 -0.69459552
v -0.37068933 0.4471868 -0.69068462
v -0.3607578 0.46440902 -0.67261785
v -0.36365885 0.43582615 -0.65873837
v -0.34977937 0.47155699 -0.09692247
v -0.34032041 0.4970336 -0.27954713
v -0.32284591 0.45713848 -0.21304943
v -0.31208181 0.48434722 -0.02197577
v -0.34126043 0.53036571 -0.50402993
v -0.35910162 0.55806464 -0.33489105
v -0.35922188 0.57673669 -0.05283233
v -0.33985558 0.63864499 0.10416412
v -0.29338714 -0.86115521 -0.45520616
v -0.32392484 -0.86988389 -0.29926342
v -0.27531141 -0.87514126 -0.13943523
v -0.30456686 -0.8644526 -0.54888773
v -0.34867361 -0.86413056 0.15394261
v -0.31334797 -0.85430038 -0.3865962
v -0.32498738 -0.85478759 -0.32542813
v -0.32585469 -0.85941225 0.59068418
v -0.36327597 -0.83891749 -0.73031646
v -0.33713681 -0.84603661 -0.54043454
v -0.34333053 -0.82334399 0.16666189
v -0.35605639 -0.75190479 -0.00898526
v -0.31534931 -0.74477887 -0.053967
v -0.34469944 -0.60316855 0.25111398
v -0.31401613 -0.4119291 0.21002099
v -0.33768931 -0.37099764 -0.07276595
v -0.32682428 -0.39202541 -0.11610634
v -0.32621199 -0.04373438 0.06861974
v -0.31291899 -0.04106046 -0.4807322
v -0.3597244 -0.01598499 -0.13928545
v -0.32745475 0.05490875 -0.17466034
v -0.32770547 0.05665187 -0.47357932
v -0.33670521 0.07807648 -0.15526365
v -0.35762647 0.12182879 -0.41990954
v -0.36071983 0.12511931 -0.42459515
v -0.34825352 0.16045521 -0.60372102
v -0.36698854 0.20201421 -0.64963025
v -0.31864518 0.18503147 -0.29681486
v -0.32510942 0.21033376 -0.50392616
v -0.36071143 0.2218719 0.17201424
v -0.36476099 0.24314041 0.11079507
v -0.32414657 0.19532831 0.15040632
v -0.3728272 0.24733396 -0.75255334
v -0.34130144 0.23652151 -0.73447055
v -0.34001926 0.21830527 -0.71757948
v -0.35546392 0.24091695 -0.71681297
v -0.35680661 0.28857583 -0.42723647
v -0.34007001 0.34473631 -0.33413959
v -0.35200211 0.35806951 -0.42788824
v -0.32663161 0.37027863 -0.29613072
v -0.34754485 0.40449506 -0.27952948
v -0.3287966 0.38763833 -0.02814052
v -0.32117271 0.32996798 -0.03609609
v -0.32640353 0.40251318 -0.08059932
v -0.33980647 0.41649938 -0.28485626
v -0.33302912 0.42293584 -0.08178147
v -0.32423922 0.45436487 -0.6813153
v -0.33711123 0.46856904 -0.11964484
v -0.35410437 0.51599377 -0.17931522
v -0.33732513 0.52667069 -0.22238201
v -0.33532676 0.61609447 -0.36204815
v -0.33958474 0.57218301 -0.18184409
v -0.34071052 0.58409673 -0.14240821
v -0.35134611 0.6213882 -0.40590942
v -0.30557835 0.60715514 -0.128289
v -0.3270303 -0.86371017 0.10250744
v -0.33329198 -0.84046781 0.05583829
v -0.31103691 -0.87336802 -0.70140958
v -0.27113628 -0.85956782 0.3959848
v -0.31730807 -0.86196542 -0.76151448
v -0.33576608 -0.84197026 0.7178207
v -0.3173337 -0.8488369 0.69076502
v -0.32141834 -0.72232234 0.16027167
v -0.32209247 -0.58314586 -0.04743689
v -0.29012951 -0.45698342 -0.17689635
v -0.3555316 -0.31474084 -0.04679975
v -0.34672505 -0.31605524 -0.1053161
v -0.33068177 -0.34551531 -0.0630286
v -0.33134624 -0.12224124 -0.37739265
v -0.29205441 -0.10019341 -0.48329988
v -0.3258031 -0.05612904 -0.31526166
v -0.34601113 -0.06626683 -0.10461136
v -0.3158232 -0.11126556 -0.14686547
v -0.31859019 -0.0326723 -0.49587598
v -0.30954021 0.01322424 0.24779965
v -0.3404004 0.03010815 -0.31342658
v -0.33565626 0.08658863 -0.14291976
v -0.32046649 0.08704915 -0.53339994
v -0.32640958 0.08475678 -0.34543788
v -0.33341476 0.10311947 -0.38434407
v -0.35016209 0.11599416 -0.41996911
v -0.35000175 0.12188423 -0.41976568
v -0.34601262 0.11967404 -0.59266442
v -0.32528993 0.14555755 -0.44392425
v -0.34885883 0.13749734 -0.52504963
v -0.34582648 0.15178443 -0.62656832
v -0.33443171 0.1603514 -0.57213569
v -0.33997589 0.15755014 -0.28907466
v -0.30844653 0.16714863 0.19671655
v -0.35305634 0.19019505 -0.66024357
v -0.32393962 0.16806251 -0.58707434
v -0.32741985 0.27710876 -0.11846222
v -0.35084823 0.27740759 -0.06102636
v -0.31766796 0.33821535 -0.43887675
v -0.31852049 0.30946073 0.00523477
v -0.33409715 0.34394982 -0.48903346
v -0.34187552 0.36890614 -0.1505907
v -0.32038423 0.37654874 -0.34928656
v -0.31720665 0.39544836 -0.43153784
v -0.30482092 0.35782456 -0.2466854
v -0.32650945 0.42595938 -0.18858209
v -0.3511335 0.42970777 -0.61437231
v -0.32911384 0.41224778 -0.64774263
v -0.34089547 0.43740398 -0.62031859
v -0.32883 0.44194329 0.06110465
v -0.33666012 0.45566097 -0.58119649
v -0.33375642 0.43620172 -0.2708565
v -0.34250009 0.47513655 -0.46742356
v -0.33806324 0.53503776 -0.27782255
v -0.33719137 0.50647008 -0.32495639
v -0.33358824 0.53574014 -0.49173284
v -0.31348288 0.58239973 -0.29635549
v -0.33340335 0.6281389 -0.15092066
v -0.29844251 -0.86384892 0.25597933
v -0.30456117 -0.867091 0.2862753
v -0.31615394 -0.86582291 0.55024296
v -0.28641489 -0.86107469 -0.5941937
v -0.33480778 -0.85683709 -0.522416
v -0.37549955 -0.84116775 -0.78344965
v -0.3057864 -0.86065823 -0.71034569
v -0.33526027 -0.81611443 -0.01881672
v -0.3310357 -0.8537094 0.73244852
v -0.31581798 -0.85136539 -0.75858766
v -0.32276186 -0.81164318 0.02308038
v -0.30097049 -0.84326053 0.2520602
v -0.30751905 -0.56309766 -0.08766224
v -0.33106002 -0.34785292 0.00083455
v -0.29866356 -0.36355257 0.15088828
v -0.32213682 -0.10129059 -0.35459533
v -0.32054102 -0.10493529 -0.51663274
v -0.32355273 -0.072777 -0.51720715
v -0.31915173 -0.12756573 -0.08847155
v -0.31210363 -0.01555832 -0.35556811
v -0.32025072 0.00700449 -0.42937738
v -0.34099561 0.05191 -0.30181378
v -0.31210858 0.04742645 -0.33303192
v -0.3419475 0.06541264 -0.33792171
v -0.33216697 0.11477033 -0.45880491
v -0.32788762 0.11621608 -0.41093522
v -0.32557115 0.19908698 -0.60011601
v -0.33768916 0.23611645 -0.47501507
v -0.32719561 0.24774797 -0.66063142
v -0.33057919 0.25471479 -0.44437644
v -0.31524891 0.26810372 -0.47589999
v -0.32616264 0.3172479 -0.50819731
v -0.33569869 0.3322815 -0.38221294
v -0.32013196 0.29564679 -0.37887108
v -0.31808373 0.34852263 0.05670047
v -0.33275363 0.38686457 0.06054217
v -0.33151519 0.4266746 -0.33781102
v -0.33834997 0.40438297 -0.06016666
v -0.3065089 0.41054508 -0.01282349
v -0.33424518 0.44164249 -0.69982719
v -0.32101309 0.42890266 -0.29360896
v -0.31053191 0.47353637 0.05224776
v -0.32075942 0.45562097 -0.07254536
v -0.30789974 0.48794791 -0.14411414
v -0.34222147 0.4988296 0.03189981
v -0.29906279 0.50300694 0.03608775
v -0.35854122 0.53283638 0.01200703
v -0.33352482 0.52001405 -0.10250658
v -0.34033728 0.56811142 -0.06981922
v -0.33628428 0.57708627 -0.392232
v -0.31035161 0.58925176 -0.23757547
v -0.33063382 0.60532576 0.0857932
v -0.32363319 0.58703411 -0.25853851
v -0.31950423 0.60148001 0.13316493
v -0.31685323 -0.87450367 -0.2301697
v -0.32143083 -0.85644883 0.52616829
v -0.29469943 -0.85959852 0.32435095
v -0.29997358 -0.86021191 0.48239076
v -0.33371547 -0.85096449 -0.82089382
v -0.28083515 -0.85942507 -0.64386135
v -0.31326878 -0.84530532 0.51448655
v -0.33158442 -0.77006829 -0.10037553
v -0.29792133 -0.7586199 0.02672577
v -0.3134245 -0.75356537 0.13789956
v -0.30668512 -0.6338886 0.24312291
v -0.30934337 -0.58438545 0.27015758
v -0.32316834 -0.33942309 0.05899958
v -0.32557419 -0.33671898 0.03224814
v -0.32672662 -0.31418186 0.06432818
v -0.32194054 -0.03150155 -0.25164086
v -0.30955231 -0.04726537 -0.19638327
v -0.2941564 0.01913547 -0.20944129
v -0.32206306 0.05049063 -0.62840575
v -0.29825333 0.0729998 -0.20035581
v -0.3188332 0.11327349 -0.48574239
v -0.30555689 0.11286493 -0.58979827
v -0.30623332 0.14483073 -0.66443461
v -0.32060984 0.22267932 -0.66710347
v -0.30768529 0.23461638 -0.68944919
v -0.33896744 0.24490868 0.2482374
v -0.31647733 0.21523748 0.23661222
v -0.34509844 0.23375474 0.25280651
v -0.33096337 0.24187137 0.26555204
v -0.34660065 0.25217709 -0.47223517
v -0.30630285 0.32705787 0.18867578
v -0.33032012 0.3111724 -0.33917493
v -0.30582044 0.33857015 -0.25403884
v -0.32440656 0.35253966 -0.37173459
v -0.33705559 0.36677793 -0.65352583
v -0.32366195 0.40449718 -0.68061817
v -0.31933978 0.38895673 -0.70671588
v -0.3342917 0.39910012 -0.29047313
v -0.32457152 0.38027009 -0.27784756
v -0.31715927 0.40100116 0.16260797
v -0.3115826 0.418585 -0.61305302
v -0.3224977 0.39270344 -0.03761815
v -0.32301906 0.42760867 -0.54826367
v -0.31938601 0.43646434 -0.22964895
v -0.32671428 0.5086804 -0.25495028
v -0.32426864 0.51050484 -0.49322745
v -0.31846282 0.57930791 -0.08572934
v -0.30936238 0.53923202 0.12521802
v -0.32086161 0.59684938 -0.38883811
v -0.3302339 0.63189834 0.08462408
v -0.28504717 -0.86936915 -0.61806226
v -0.30061758 -0.87277627 -0.60437661
v -0.29616281 -0.86313158 -0.22734554
v -0.30414709 -0.85987425 -0.16219684
v -0.29166585 -0.86060601 -0.41881186
v -0.28874359 -0.85869223 0.76659983
v -0.29700425 -0.81809926 -0.14120124
v -0.31795913 -0.82853442 0.10771226
v -0.31138358 -0.85744619 0.16847764
v -0.31980905 -0.85588324 0.20243834
v -0.28223586 -0.76704061 0.10483313
v -0.29480499 -0.67810875 0.22330466
v -0.30789444 -0.35166383 -0.13217475
v -0.29860115 -0.09110435 0.21090703
v -0.31968689 -0.03475675 -0.35068274
v -0.32995504 -0.07205797 -0.28827599
v -0.31936067 -0.00113046 -0.53440428
v -0.31054512 0.1426962 -0.55737227
v -0.32184711 0.17518425 -0.64969242
v -0.32121864 0.1641342 -0.59623444
v -0.27936712 0.2025366 0.28348497
v -0.32679316 0.27359042 -0.69929582
v -0.30214694 0.26101398 -0.33319262
v -0.32844278 0.33129928 -0.34384304
v -0.32381323 0.33009914 -0.61257738
v -0.30793232 0.36005312 -0.41383502
v -0.31340146 0.38989499 -0.32613239
v -0.30001274 0.41023958 -0.0838847
v -0.30617672 0.43131673 -0.65584433
v -0.31238949 0.44010365 -0.20073801
v -0.31174055 0.46015298 -0.05512444
v -0.32076558 0.46531647 -0.49089423
v -0.32596889 0.44212046 -0.43860638
v -0.30422607 0.45957965 -0.21837209
v -0.31733283 0.46518111 -0.32565019
v -0.30690232 0.47368273 -0.1875993
v -0.31078431 0.53515685 -0.35754657
v -0.3175382 0.54684418 -0.0785929
v -0.32587719 0.60890424 -0.42130625
v -0.29613596 -0.84739453 0.7650522
v -0.27454078 -0.84417427 -0.80224693
v -0.29177997 -0.75989312 -0.11367538
v -0.29930279 -0.76107031 -0.00710386
v -0.29661211 -0.59341699 -0.0550812
v -0.31518331 -0.33410397 -0.17971395
v -0.31375232 -0.3621268 -0.17890164
v -0.31313127 -0.33682263 0.06567024
v -0.31586874 -0.18141696 -0.44206715
v -0.31621882 -0.19357292 -0.4285585
v -0.31952435 -0.15182009 -0.42498028
v -0.31419834 -0.13857998 0.02302282
v -0.29074368 -0.10242409 0.10698719
v -0.309672 -0.09772468 -0.32945487
v -0.28533572 -0.07834154 -0.33510312
v -0.3119168 -0.03507927 -0.45871997
v -0.28971115 0.01170502 -0.34668627
v -0.29589275 0.04275343 -0.46640036
v -0.28501505 0.0326951 -0.31153089
v -0.29803193 0.02747936 -0.63903362
v -0.31329003 0.05699869 -0.6418286
v -0.28397667 0.05584618 -0.49746475
v -0.31304255 0.09391682 -0.14667319
v -0.30629697 0.09766176 -0.57211518
v -0.28938237 0.13635072 -0.53707039
v -0.30653724 0.15627854 -0.58011907
v -0.30366287 0.18012905 -0.57228005
v -0.29100004 0.20255259 -0.45894605
v -0.30375627 0.24159361 0.0269177
v -0.2989932 0.25791201 -0.66059405
v -0.29626226 0.24634862 -0.43860602
v -0.29158443 0.29559526 -0.31905755
v -0.31347272 0.29809403 -0.58448869
v -0.31357259 0.33944747 -0.57091445
v -0.3037596 0.32565615 -0.33712724
v -0.29265943 0.31305799 -0.07641651
v -0.32077351 0.37425745 0.13440114
v -0.32495144 0.40790367 -0.4065949
v -0.30625406 0.35552284 0.18019988
v -0.31345451 0.40926206 -0.62902778
v -0.2885735 0.41200334 -0.50936615
v -0.28633755 0.43470174 -0.04137989
v -0.3026433 0.42169905 -0.62958145
v -0.28376701 0.42948794 -0.4536218
v -0.31685054 0.45812336 0.16161768
v -0.31386876 0.45174399 0.11030744
v -0.30031884 0.47473636 -0.48221999
v -0.29924598 0.49090821 0.05713335
v -0.31383401 0.47854787 -0.07136154
v -0.32007456 0.50271863 -0.11800018
v -0.28687471 0.53773528 -0.21984337
v -0.28172997 0.52222097 -0.15768552
v -0.29535472 0.56803524 -0.40801832
v -0.30098766 0.56547052 -0.37467378
v -0.30292603 0.56273514 0.15188028
v -0.28963718 0.54565322 0.10514481
v -0.33814359 0.58312845 0.01958805
v -0.30931941 0.5619812 0.053436
v -0.31031287 0.62337852 -0.00525405
v -0.2926771 0.59588009 -0.13978581
v -0.31707725 0.65415722 -0.47137111
v -0.32405475 0.63530898 -0.4651041
v -0.29874632 -0.87017465 -0.27550972
v -0.26300386 -0.86804974 -0.19286996
v -0.24901444 -0.87008917 0.33595154
v -0.28324601 -0.86929142 -0.71923041
v -0.28346249 -0.863289 0.63602942
v -0.2599805 -0.86202872 -0.57697189
v -0.28498334 -0.84675002 -0.45106876
v -0.29495996 -0.83416295 -0.32128546
v -0.28550741 -0.8240065 -0.35813153
v -0.30246708 -0.77464616 0.0797381
v -0.28938207 -0.78175819 0.11976205
v -0.30824542 -0.62617904 0.17466816
v -0.26703179 -0.48803875 0.20641932
v -0.27537331 -0.51635277 -0.14543654
v -0.27727792 -0.35788947 -0.22484991
v -0.29187867 -0.3270689 0.11643869
v -0.27277377 -0.23872393 -0.14997458
v -0.30267167 -0.14072841 -0.11141296
v -0.30342034 -0.19277544 -0.07595561
v -0.29897314 -0.15141194 -0.03876743
v -0.29951462 -0.13712709 0.09539045
v -0.29527065 -0.11134477 0.17479205
v -0.30186412 -0.08576266 -0.30124182
v -0.29466933 -0.06962118 -0.26372918
v -0.2865696 -0.07161871 -0.41192004
v -0.27786824 -0.02384696 -0.23471677
v -0.27772301 -0.00502041 -0.3812083
v -0.29555413 0.00501142 -0.48389184
v -0.28091669 0.03384403 -0.5875442
v -0.2952503 0.05891114 -0.61891758
v -0.2898356 0.07375278 -0.51915765
v -0.27584407 0.11903972 -0.60664076
v -0.27889818 0.179902 0.26470551
v -0.30945122 0.20912437 -0.40976241
v -0.3224417 0.20632164 -0.1878894
v -0.31963012 0.24482162 -0.1361672
v -0.28289649 0.22099917 -0.14904696
v -0.29419824 0.26909217 -0.13975967
v -0.26939005 0.25413603 0.27892077
v -0.28977579 0.26654282 -0.11805456
v -0.30344555 0.27874365 0.05625296
v -0.32599512 0.30207947 0.32464999
v -0.32803386 0.29774991 0.30581018
v -0.31668296 0.29691476 0.33461884
v -0.30726597 0.26901904 -0.53124738
v -0.30169553 0.30736554 -0.54340994
v -0.27103502 0.2987695 -0.47395071
v -0.31279927 0.31450349 0.31698275
v -0.28587675 0.32599732 -0.47245371
v -0.29551831 0.34467947 -0.4651185
v -0.30380931 0.34110948 0.16298297
v -0.31335726 0.35995534 0.11398944
v -0.31991348 0.29192376 0.11363018
v -0.28500041 0.35256723 -0.39070594
v -0.2817108 0.39098138 0.08830182
v -0.29719752 0.38472557 -0.63409132
v -0.31751877 0.40211007 -0.61088926
v -0.28723693 0.39235622 -0.51640451
v -0.2841377 0.4147172 -0.02544331
v -0.29684839 0.42094058 0.10529203
v -0.28149796 0.45320833 -0.39649856
v -0.29037029 0.44894648 -0.12688464
v -0.29061937 0.46148664 0.04974742
v -0.29834828 0.44116482 -0.29889396
v -0.29843983 0.47508088 -0.45088398
v -0.29606372 0.46354535 0.14135621
v -0.28966597 0.45334399 -0.10992733
v -0.29778254 0.53843021 -0.12238682
v -0.2880137 0.52458179 0.03436095
v -0.28615746 0.62488192 0.12560584
v -0.294918 0.65083563 -0.47425991
v -0.2890628 0.62601703 -0.47098026
v -0.30686986 0.63230091 -0.26924148
v -0.32577381 0.68322331 -0.31921476
v -0.29611617 0.68592376 -0.33373004
v -0.30697891 0.7021808 -0.30823627
v -0.28632629 -0.85436195 -0.73930442
v -0.2855714 -0.85295361 -0.29639289
v -0.26737487 -0.84441012 -0.78291845
v -0.31400824 -0.81427789 -0.18841833
v -0.2971268 -0.76706868 0.00155205
v -0.29845595 -0.70334959 0.15223175
v -0.27127099 -0.65213436 -0.06663141
v -0.28108811 -0.41469905 -0.19709048
v -0.27705607 -0.35925618 0.12304557
v -0.26939955 -0.23946792 0.0048678
v -0.28761312 -0.2246093 -0.07907446
v -0.28333464 -0.11051304 -0.37712833
v -0.27775672 -0.10103182 -0.44284225
v -0.2810815 -0.05050794 -0.47935346
v -0.2819204 -0.0213572 -0.5086332
v -0.288358 0.03613107 -0.65188956
v -0.26341501 0.07042583 -0.58451468
v -0.2398043 0.09197723 0.22328471
v -0.25811055 0.13711423 -0.58040434
v -0.25868762 0.12530482 0.15674435
v -0.28778219 0.19809835 0.07351784
v -0.29406655 0.21758033 -0.58519226
v -0.27500814 0.24743985 0.24541309
v -0.27859613 0.22451437 -0.45914093
v -0.28267872 0.27548167 -0.3700037
v -0.21816845 0.19430926 0.33308086
v -0.30260015 0.25882226 -0.56340033
v -0.27990797 0.27476352 -0.61252248
v -0.29746896 0.31643534 0.03048723
v -0.25652641 0.29980609 -0.41220656
v -0.28087589 0.36314079 0.08588015
v -0.28151986 0.32344487 -0.3848958
v -0.27020377 0.36086714 -0.29174978
v -0.29486975 0.38365278 -0.56670427
v -0.28326571 0.35973901 -0.26758021
v -0.29658431 0.38640824 -0.33939636
v -0.3005769 0.39747357 -0.73901153
v -0.29618835 0.39585412 -0.71846509
v -0.30397105 0.39724019 -0.73432201
v -0.31338987 0.40462375 -0.77044457
v -0.30284524 0.40467003 -0.73368388
v -0.302607 0.39890665 -0.72704279
v -0.29542601 0.42129204 -0.74741936
v -0.30240154 0.42645344 -0.7796008
v -0.29099637 0.43682942 -0.00646217
v -0.27420104 0.45729318 0.17856584
v -0.27476686 0.47427803 -0.32406819
v -0.28812364 0.46858829 0.02559909
v -0.29619291 0.51938826 -0.06462465
v -0.28048262 0.50601161 -0.33486575
v -0.28115919 0.52163261 -0.27013266
v -0.28581116 0.53706032 0.14517787
v -0.286708 0.58308178 0.00095243
v -0.28259397 0.56541228 -0.35026461
v -0.28987017 0.59549403 0.02337138
v -0.28755477 0.62807369 0.1006076
v -0.2667765 -0.86788177 -0.31597912
v -0.2719329 -0.87414849 -0.24099244
v -0.22876802 -0.87311554 -0.06991708
v -0.23247217 -0.87031001 0.22536613
v -0.25346476 -0.8698799 0.29310951
v -0.27912596 -0.8621245 0.58295316
v -0.28005296 -0.84560227 -0.41043025
v -0.27010059 -0.86091548 0.14486091
v -0.25028253 -0.85367435 0.26180437
v -0.2761384 -0.85100579 0.7025944
v -0.2949146 -0.81999952 -0.20543475
v -0.27271724 -0.74355453 0.01843656
v -0.28232133 -0.73161191 -0.05537899
v -0.25400349 -0.60520345 -0.03493155
v -0.25844452 -0.60821414 0.15279931
v -0.27847484 -0.41512212 -0.21360818
v -0.28093281 -0.15798153 -0.15683132
v -0.28103942 -0.13543591 -0.31457379
v -0.2540836 -0.06551331 -0.47035983
v -0.29832643 -0.07281937 -0.37379262
v -0.26678872 -0.0419641 -0.3148751
v -0.28132787 0.11061617 -0.48204517
v -0.28400695 0.11387584 -0.53143746
v -0.29558185 0.1454592 -0.56143862
v -0.28217554 0.15354587 -0.64603901
v -0.27983403 0.18347546 -0.52271581
v -0.27469108 0.20495856 -0.61574352
v -0.28578362 0.22305518 0.05190126
v -0.28080788 0.20982037 0.22536774
v -0.26902595 0.24329299 0.29116666
v -0.27654716 0.24491616 0.11815406
v -0.28080717 0.30895719 -0.12942548
v -0.28486162 0.29349932 0.17321642
v -0.2651886 0.30848038 0.28687978
v -0.28573593 0.30226135 -0.60571277
v -0.26497447 0.34707996 -0.50315636
v -0.27189279 0.35633025 -0.65563816
v -0.27283242 0.40708303 -0.38146833
v -0.26142329 0.39432976 0.08804218
v -0.29273176 0.40194538 -0.73822409
v -0.29590634 0.40512231 -0.72654986
v -0.29203051 0.40342426 -0.72807473
v -0.28422874 0.3845695 -0.43470752
v -0.27956027 0.43814805 0.10803334
v -0.30066398 0.50301844 -0.46125054
v -0.3033644 0.5174312 0.07490306
v -0.28752881 0.48554081 0.06552133
v -0.27966371 0.50789368 0.0932664
v -0.26641163 0.48618242 -0.13413072
v -0.28969607 0.55642879 0.07348057
v -0.28023198 0.58244908 -0.40077364
v -0.2598905 0.59079874 -0.14542712
v -0.26811343 0.60457009 -0.10935432
v -0.27237737 0.64053643 -0.24914049
v -0.26789406 0.66369331 -0.30151916
v -0.27128437 -0.87032229 -0.65421319
v -0.27256465 -0.87208599 -0.587547
v -0.20702964 -0.86761349 -0.19210599
v -0.23101856 -0.85795242 -0.37625638
v -0.25741673 -0.85232162 -0.78186715
v -0.2763555 -0.86171311 -0.69658214
v -0.24794202 -0.86138451 -0.43152568
v -0.25111067 -0.84684592 0.51913446
v -0.25334004 -0.85487318 0.60619211
v -0.28499556 -0.84097624 0.69811141
v -0.26614431 -0.82551092 0.13946731
v -0.25213 -0.84078062 0.49888265
v -0.25691405 -0.79819679 -0.18774192
v -0.27560154 -0.73875892 -0.0409424
v -0.26068464 -0.73324752 0.11126996
v -0.28354564 -0.67146331 0.17746519
v -0.27798653 -0.38617244 0.17623337
v -0.23194304 -0.2791521 -0.23188457
v -0.27551296 -0.15335687 -0.41019017
v -0.26588771 -0.1918198 -0.05679353
v -0.27241629 -0.1194812 -0.43501511
v -0.25998276 -0.12854317 -0.33267176
v -0.25768551 -0.09147099 -0.27526489
v -0.2756789 -0.04799107 -0.41328451
v -0.24811667 -0.04823001 -0.34149128
v -0.25801796 -0.01753792 -0.22706968
v -0.27737981 0.04138634 -0.46233189
v -0.22359377 0.0807799 -0.58109462
v -0.27061209 0.15868926 -0.53687805
v -0.29216501 0.14204921 0.26831341
v -0.30133733 0.16403528 0.29240334
v -0.27317318 0.17862691 0.23883398
v -0.26536918 0.18535663 -0.57027084
v -0.2794387 0.21251649 -0.41635901
v -0.27685618 0.23232986 -0.55879563
v -0.2696763 0.2361812 -0.59139079
v -0.28608415 0.22906567 -0.306072
v -0.26631477 0.27696159 -0.51883268
v -0.26459309 0.32405433 0.33017421
v -0.27295944 0.28792194 -0.50349391
v -0.27943218 0.39089373 -0.6798963
v -0.25382218 0.38534033 -0.26742104
v -0.27604443 0.35431257 0.21136108
v -0.26797593 0.41046602 0.19971162
v -0.24569702 0.38313255 -0.54878718
v -0.25281671 0.39453346 -0.60400444
v -0.27652109 0.40509781 -0.27856812
v -0.29028997 0.43023819 -0.30219844
v -0.28350577 0.43590942 -0.33786303
v -0.27886122 0.44730172 -0.12513284
v -0.26726422 0.44235876 0.02675641
v -0.24799548 0.42992404 -0.19978651
v -0.28429341 0.47573397 -0.18363927
v -0.25598449 0.44689667 -0.43969721
v -0.25808373 0.47357351 -0.01618139
v -0.26832372 0.48210391 0.08408932
v -0.28884804 0.5230881 -0.45479912
v -0.26920009 0.54073822 -0.52096921
v -0.26711762 0.52636552 0.09676664
v -0.297649 0.55858856 -0.67867613
v -0.28533348 0.55588609 -0.6922881
v -0.27940556 0.51790613 -0.64297348
v -0.26504412 0.5358206 -0.32713145
v -0.2747882 0.54595578 -0.19751693
v -0.25204244 0.5335713 0.02328114
v -0.26310575 0.60483116 0.09910522
v -0.26273233 0.58112043 0.16209915
v -0.26805446 -0.86848742 -0.67867911
v -0.18358831 -0.87271732 0.117621
v -0.27654979 -0.8616392 -0.61559987
v -0.2700119 -0.86084968 -0.64174849
v -0.25038916 -0.85669351 -0.28718656
v -0.26165292 -0.85752738 -0.25858742
v -0.2700814 -0.85713953 -0.75791907
v -0.22929177 -0.84989548 -0.44175714
v -0.25191009 -0.86018062 -0.41464964
v -0.26518494 -0.84743375 -0.76507562
v -0.24429516 -0.85306787 -0.18042298
v -0.25308147 -0.79753184 -0.38085076
v -0.26381353 -0.82783723 -0.13023447
v -0.24075682 -0.70985764 -0.02822661
v -0.2418693 -0.54578024 0.22189353
v -0.25905371 -0.37732369 0.1439169
v -0.25069293 -0.20764837 0.01065491
v -0.26696566 -0.19491687 0.07898855
v -0.25063804 -0.17883478 -0.13239168
v -0.20993884 -0.1369442 -0.24943385
v -0.27035367 0.01455088 -0.43686599
v -0.27042985 0.05103076 -0.54459548
v -0.26126599 0.15026855 0.25108713
v -0.28924817 0.19887483 -0.79907686
v -0.27965793 0.20722723 -0.81859207
v -0.2687417 0.18206349 -0.79432577
v -0.29506692 0.1670965 0.30186924
v -0.25292227 0.16257827 -0.49277163
v -0.24560407 0.22746138 -0.61965364
v -0.26171523 0.25022528 -0.30073124
v -0.26325426 0.27731389 -0.32501116
v -0.26244146 0.36964267 -0.45546815
v -0.30509573 0.41079298 0.29489708
v -0.29976776 0.38185722 0.33038956
v -0.23667517 0.40358788 0.34541854
v -0.26420417 0.44128898 -0.38136119
v -0.26397577 0.41825268 0.04331168
v -0.26676631 0.43588483 -0.30133229
v -0.2496742 0.43648419 -0.18809947
v -0.23859151 0.47742835 -0.24653128
v -0.23471496 0.50191069 -0.11001617
v -0.27067801 0.55554938 -0.6671918
v -0.25770605 0.57065535 0.0238079
v -0.27157965 0.69235289 0.06685112
v -0.25268176 0.65579158 -0.26480493
v -0.23722357 -0.85351914 -0.2201256
v -0.26691854 -0.8510136 0.31626841
v -0.2715126 -0.85401583 -0.7347191
v -0.25889742 -0.84268743 -0.62567228
v -0.24847306 -0.85996073 0.49067417
v -0.23875868 -0.8583321 0.67069972
v -0.25118923 -0.84837347 0.45827445
v -0.2270849 -0.84787863 0.73107326
v -0.26336956 -0.43215582 -0.2026646
v -0.25816619 -0.23488259 -0.14494921
v -0.25933093 -0.22970866 -0.03747748
v -0.25585008 -0.12600884 0.14310752
v -0.20954488 -0.13550149 0.20783171
v -0.22689547 -0.04301432 0.26313689
v -0.24082194 -0.00303075 -0.46446416
v -0.25440034 -0.01401403 -0.3384217
v -0.25461522 0.0310837 -0.59435105
v -0.26122224 0.05752529 -0.57198739
v -0.25293559 0.03676947 -0.51273042
v -0.24426287 0.0553547 -0.59627485
v -0.25543839 0.14083472 -0.56022006
v -0.24620304 0.16337603 -0.39912134
v -0.2623795 0.17500848 -0.7648285
v -0.24281947 0.19020773 -0.7469902
v -0.27043089 0.21213548 0.18728705
v -0.25141925 0.15794697 0.19048844
v -0.26861322 0.20587306 -0.51744264
v -0.26108205 0.1847323 0.07060003
v -0.25202093 0.2429186 -0.58055884
v -0.27802768 0.27068806 0.19326432
v -0.24947703 0.24781473 -0.32019788
v -0.25745356 0.29539615 -0.36803946
v -0.25375384 0.3469047 -0.63472575
v -0.25111598 0.3100448 -0.59330112
v -0.24591492 0.35116452 -0.42167822
v -0.25971487 0.36099172 0.28485203
v -0.2521745 0.36226308 -0.62192506
v -0.24695891 0.39784774 -0.3760964
v -0.25568706 0.36308956 -0.26255465
v -0.23463337 0.40600786 -0.40948397
v -0.25991344 0.39354518 -0.28124997
v -0.28293943 0.37778166 0.35772744
v -0.23311904 0.38804656 -0.01271771
v -0.26315558 0.42779562 -0.30658263
v -0.26465946 0.46621132 0.05520592
v -0.23090397 0.47603887 -0.39745086
v -0.25006706 0.50452125 -0.48945907
v -0.26283717 0.52018917 -0.61331552
v -0.26423669 0.52594405 -0.65698165
v -0.23826645 0.51013047 -0.29718843
v -0.2446603 0.53165221 -0.06616251
v -0.26509848 0.54279369 -0.48100701
v -0.25929457 0.55590856 -0.51310766
v -0.22479811 0.55084741 -0.08661646
v -0.25195602 0.5704819 0.16151167
v -0.25462255 0.61616391 -0.26672083
v -0.25552195 0.64901781 0.0680308
v -0.26212922 0.70432466 -0.16867524
v -0.28050682 0.69179302 -0.19438405
v -0.25278768 0.63050216 -0.15844375
v -0.2714034 0.71815062 -0.20512846
v -0.25921634 -0.86244953 -0.66519064
v -0.17556857 -0.87544286 0.07523648
v -0.26662165 -0.86326146 -0.73181444
v -0.26434037 -0.86050481 -0.63463384
v -0.26428223 -0.86239207 0.55278242
v -0.26483086 -0.8699832 0.56168473
v -0.23365736 -0.85682219 -0.68943828
v -0.26690224 -0.8526057 -0.6412077
v -0.25138184 -0.85978574 -0.64609814
v -0.22128908 -0.86197758 0.71205485
v -0.26821467 -0.84487206 -0.80053055
v -0.23487367 -0.85124314 -0.31884494
v -0.2345469 -0.8384546 0.7794432
v -0.25035852 -0.83760452 -0.81178045
v -0.22960031 -0.84532619 -0.40564486
v -0.24172099 -0.82543033 -0.20058016
v -0.23596039 -0.73938662 -0.01210072
v -0.25129449 -0.73836803 0.05770987
v -0.24856764 -0.43617895 -0.24185936
v -0.25337303 -0.35838512 0.1693541
v -0.25127822 -0.24671967 -0.09420673
v -0.2485209 -0.23718607 -0.00230576
v -0.2417203 -0.11333229 -0.38722658
v -0.23549442 -0.13427193 -0.30414179
v -0.24524499 -0.09882613 0.23757811
v -0.16906439 0.01481555 0.24692951
v -0.23661146 0.03726568 -0.61384213
v -0.25850666 0.14527209 -0.53104991
v -0.22277763 0.09776399 0.14998373
v -0.24111119 0.19698516 -0.39991423
v -0.26061648 0.2077979 -0.45374647
v -0.25080243 0.21889704 0.15572706
v -0.22803964 0.24182217 0.38304996
v -0.2401246 0.26479816 -0.48914894
v -0.24262267 0.28039256 -0.61137152
v -0.25601754 0.33054343 -0.48605341
v -0.2357941 0.40677828 0.30452612
v -0.23368412 0.40889123 -0.02861575
v -0.23430793 0.44564953 -0.01807605
v -0.24819687 0.43230203 -0.3291671
v -0.26235455 0.47904283 -0.59875
v -0.25991473 0.48067352 -0.56244719
v -0.24189183 0.51182199 -0.31233725
v -0.24233533 0.47871494 0.04028918
v -0.2415968 0.52979374 -0.24441069
v -0.27671808 0.49691752 -0.20287585
v -0.26266786 0.52756083 -0.20710567
v -0.25207898 0.55434459 0.11843821
v -0.27631021 0.58011365 -0.55237931
v -0.24086826 0.55037844 0.05430213
v -0.25424388 0.61582804 -0.59268308
v -0.24911343 0.57578146 -0.57911551
v -0.25617918 0.5795303 0.32533887
v -0.2644586 0.60771006 0.26978767
v -0.25283489 0.48073792 0.33283508
v -0.24881476 0.6241135 -0.26057801
v -0.21585706 -0.8650943 -0.23165981
v -0.23980393 -0.86192501 0.30468914
v -0.24345493 -0.86404198 0.52239472
v -0.21898529 -0.85490972 0.64818615
v -0.22614644 -0.85921991 -0.70062131
v -0.24001239 -0.85196459 -0.64889991
v -0.24598044 -0.86058617 0.35169357
v -0.23224516 -0.86456281 0.4318243
v -0.24438579 -0.84422195 -0.85275316
v -0.25230265 -0.84949487 -0.782143
v -0.26044673 -0.846304 -0.76853222
v -0.22604868 -0.80553025 0.09996533
v -0.21779975 -0.75488496 0.0685551
v -0.23544636 -0.77847546 -0.07085662
v -0.26669109 -0.61031926 0.0851193
v -0.23633082 -0.65411079 0.11475027
v -0.22745712 -0.34178764 0.17156366
v -0.23305623 -0.24533519 0.05558913
v -0.24662997 -0.21721694 0.05975954
v -0.22250803 -0.18405889 0.14451198
v -0.20498669 -0.13501991 0.16956431
v -0.23364004 -0.1012454 -0.44237408
v -0.23864028 -0.0338371 -0.44986501
v -0.24128234 0.06373271 -0.58097935
v -0.23433277 0.10274435 0.29840475
v -0.24076372 0.12225064 0.22975174
v -0.2416067 0.19232579 -0.77083045
v -0.21526989 0.19611375 -0.60079813
v -0.22305174 0.16482414 0.10769147
v -0.2312218 0.24030828 -0.45086375
v -0.2160407 0.2836214 0.37296462
v -0.24107926 0.29689276 -0.4552983
v -0.22784421 0.34623188 0.4158479
v -0.25602657 0.36591309 -0.45930436
v -0.24422207 0.42534292 0.2451762
v -0.23231634 0.39688036 -0.11567491
v -0.24411541 0.43539697 -0.36100107
v -0.22472861 0.44163442 0.20378274
v -0.23748934 0.4046354 -0.26918459
v -0.21125397 0.48434597 -0.30211028
v -0.22899061 0.4576599 -0.12748316
v -0.23469673 0.44104263 0.07779616
v -0.21019106 0.50163561 0.17126139
v -0.22624007 0.51828587 -0.58647859
v -0.23131782 0.50618106 -0.46306866
v -0.24583301 0.54220951 -0.22953588
v -0.24997427 0.52970153 0.36918858
v -0.22833084 0.5984149 -0.57079107
v -0.25035942 0.6117866 -0.14264692
v -0.25623766 0.63487762 0.26863274
v -0.24035756 0.65533555 -0.13829274
v -0.24125209 0.63807523 -0.27160776
v -0.23115416 0.63850093 0.12585597
v -0.23197855 0.66377252 0.09063677
v -0.2315695 -0.84570521 -0.34353068
v -0.19039693 -0.86334568 0.25951064
v -0.2043203 -0.85115623 0.55466604
v -0.20404926 -0.84157622 -0.72467047
v -0.22035436 -0.84547037 0.63700789
v -0.21962129 -0.85239834 0.68858784
v -0.22534938 -0.81573373 -0.18513331
v -0.22759277 -0.71637636 0.02980603
v -0.22091052 -0.59077281 -0.06963468
v -0.18567975 -0.49077082 0.15952125
v -0.23955402 -0.40536848 0.15337436
v -0.23701973 -0.23980223 -0.18714184
v -0.23164664 -0.25267893 0.0163727
v -0.24209359 -0.21732076 -0.47443804
v -0.22544666 -0.17721431 -0.44754714
v -0.26689449 -0.1918918 -0.47983164
v -0.21851908 -0.201654 -0.1662164
v -0.22248796 -0.13903512 -0.46695042
v -0.25173685 -0.15479651 -0.46350124
v -0.23227133 -0.06476154 -0.57889104
v -0.26715875 -0.07070187 -0.62042499
v -0.21983784 -0.08958108 -0.58392727
v -0.21874316 -0.09665132 -0.2870304
v -0.21668653 -0.02805429 -0.24713208
v -0.23497905 0.10040534 -0.55109012
v -0.21594517 0.14741214 -0.42947707
v -0.21720767 0.16519158 -0.5339008
v -0.23383647 0.16561757 -0.72769558
v -0.2553328 0.18905331 -0.47581872
v -0.23448294 0.22349349 -0.4806225
v -0.23784296 0.33611456 -0.47140405
v -0.22864428 0.33170617 -0.43361172
v -0.22078778 0.36400214 -0.39286801
v -0.23638286 0.37000686 -0.27684182
v -0.21698539 0.38095349 -0.23143426
v -0.22267996 0.38363343 -0.32939065
v -0.2191871 0.40012798 -0.10035629
v -0.24134108 0.44563168 -0.50547779
v -0.23039737 0.43314087 -0.53692824
v -0.24651591 0.43245143 0.01927014
v -0.23255377 0.4865486 -0.02202941
v -0.21856306 0.52870715 -0.10637451
v -0.21978578 0.51803917 -0.62832648
v -0.24340905 0.53157771 0.28472883
v -0.22534686 0.54943973 -0.2168563
v -0.23375304 0.52832687 -0.49536502
v -0.21322957 0.62038493 0.11015332
v -0.23084474 0.69548827 -0.20509312
v -0.22269303 0.69580978 -0.19079605
v -0.23490979 -0.86815131 0.36006707
v -0.17621543 -0.85345471 -0.70693392
v -0.18963884 -0.86606038 -0.55220419
v -0.22383134 -0.8517344 -0.16251349
v -0.25162655 -0.85470629 -0.11379749
v -0.23447053 -0.86267996 -0.11092324
v -0.22303104 -0.86077583 0.09910197
v -0.23501843 -0.85573679 0.41310072
v -0.17251658 -0.86661124 0.49441215
v -0.20794348 -0.84653497 0.60113108
v -0.21942674 -0.83289528 -0.88569129
v -0.23310877 -0.6124382 0.02266216
v -0.21388048 -0.45968869 0.16599129
v -0.16356993 -0.37280738 -0.30141613
v -0.18970552 -0.27595964 0.09835771
v -0.19700398 -0.24570301 -0.23471487
v -0.21959879 -0.25915769 -0.17042421
v -0.21391812 -0.23242922 0.05574112
v -0.20270135 -0.19452934 -0.22781906
v -0.20812039 -0.09774477 -0.39912766
v -0.21591339 -0.10389835 -0.30326545
v -0.22643527 -0.06662589 -0.60240573
v -0.23523499 -0.03696493 -0.5853411
v -0.23624294 -0.05877646 -0.54451442
v -0.25495842 -0.03003897 -0.56271708
v -0.22164695 -0.02292306 -0.23658685
v -0.23169804 -0.01296703 -0.47206727
v -0.22293808 0.00796466 -0.42567259
v -0.20032987 0.02615217 -0.45809397
v -0.22157893 0.01827331 -0.59091902
v -0.23994257 0.05470512 -0.58705503
v -0.2164171 0.02521241 -0.52356368
v -0.20881031 0.09327236 0.26210582
v -0.19865514 0.11657599 0.3564308
v -0.20610008 0.12501013 -0.53929603
v -0.20660461 0.15250453 -0.5276143
v -0.209934 0.11877874 0.11894013
v -0.21767183 0.16879497 -0.43336701
v -0.23277448 0.23928511 -0.51321346
v -0.23373993 0.35079366 -0.56973559
v -0.22405137 0.3335816 -0.55651325
v -0.24372581 0.35423651 -0.48856413
v -0.22614884 0.38446313 -0.45313203
v -0.23174798 0.39184394 -0.263935
v -0.2231224 0.41419536 -0.18481769
v -0.21380655 0.41569874 -0.11129054
v -0.2287184 0.45942914 0.38717362
v -0.21961667 0.42848155 -0.41203135
v -0.21144269 0.45302072 -0.28040361
v -0.21245131 0.46375069 -0.43610871
v -0.20579909 0.46712458 -0.41901076
v -0.2222895 0.55657208 -0.53155953
v -0.2403141 0.54514307 -0.33339199
v -0.20408407 0.48488665 0.08988965
v -0.23538084 0.59709889 -0.28253168
v -0.24547759 0.60158116 -0.36612937
v -0.23428944 0.55254024 -0.3559258
v -0.2470611 0.61356294 -0.39790246
v -0.2214314 0.59983885 0.25483668
v -0.23049371 0.6627664 0.24005912
v -0.23294461 0.59048486 0.1719729
v -0.18906255 -0.87191635 -0.57323843
v -0.19733565 -0.86148959 0.55756694
v -0.1986865 -0.85396302 0.59240347
v -0.21247642 -0.85494202 -0.64344233
v -0.2172543 -0.85724258 -0.07480547
v -0.17517228 -0.85110056 -0.88285643
v -0.21645777 -0.8092947 -0.20855731
v -0.23234245 -0.85710233 -0.06456139
v -0.22505495 -0.78715765 -0.03687109
v -0.19489297 -0.59089744 0.04656707
v -0.23097728 -0.27279136 0.02269034
v -0.20941457 -0.2315747 0.10437161
v -0.20836294 -0.08448405 -0.45347959
v -0.22272554 -0.06143113 -0.47405198
v -0.21338037 -0.04086854 -0.51200402
v -0.2146356 -0.02271922 -0.52593774
v -0.22564124 0.1682618 -0.75047308
v -0.17268339 0.11623474 0.14794602
v -0.22281832 0.24816222 -0.55316997
v -0.21886654 0.29050219 -0.56015706
v -0.21607266 0.30037346 -0.43997595
v -0.22809175 0.3378132 -0.50290686
v -0.21330701 0.35859215 -0.44802541
v -0.21832731 0.31377813 -0.2783809
v -0.22482592 0.38961384 -0.47903612
v -0.21106045 0.38868296 -0.28982288
v -0.22398362 0.42062676 0.01287511
v -0.21015114 0.43313429 0.28379941
v -0.21596543 0.44798547 -0.46111858
v -0.22993231 0.45301107 -0.40749994
v -0.21946856 0.47344744 -0.58639741
v -0.22111645 0.48937798 -0.51972604
v -0.22675128 0.50462687 -0.13368252
v -0.21315446 0.47458589 -0.17216085
v -0.22104307 0.51193953 -0.04341187
v -0.20190902 0.53647488 -0.30855173
v -0.21210127 0.59588414 0.31854188
v -0.22106978 0.64353055 -0.17296439
v -0.20720908 0.64691663 -0.15651768
v -0.21706152 0.66695529 0.25025716
v -0.22209361 0.66329426 -0.41677162
v -0.18519942 -0.8806513 0.33068421
v -0.15699866 -0.87637156 0.20699136
v -0.19625333 -0.8630079 0.36682525
v -0.21788289 -0.84793901 0.76325113
v -0.20611018 -0.84825736 -0.63637757
v -0.20695823 -0.83831882 -0.22874948
v -0.21228334 -0.84899449 -0.38088876
v -0.19655001 -0.743325 0.02088775
v -0.21147597 -0.66093773 0.01771948
v -0.16711462 -0.49071598 -0.21407181
v -0.18514991 -0.45157275 0.18844625
v -0.2106697 -0.1473269 -0.43293366
v -0.22216205 -0.10118781 -0.54713804
v -0.19948919 -0.09536578 -0.33930007
v -0.21054167 -0.03169252 -0.44537541
v -0.21412 -0.0011676 -0.51882505
v -0.20072329 0.06137049 -0.60042381
v -0.2326469 0.06580013 0.29015449
v -0.19042224 0.16061082 -0.46499741
v -0.20881815 0.14205018 -0.70810986
v -0.20759948 0.16575609 -0.7268241
v -0.19577144 0.1860386 -0.49087703
v -0.1918674 0.13347319 0.17962453
v -0.21037737 0.29638189 -0.39395523
v -0.20355505 0.32594439 -0.39241874
v -0.1936366 0.31685537 -0.23295441
v -0.21722837 0.36033535 -0.646339
v -0.22762683 0.36699712 -0.6247893
v -0.23191054 0.40931025 -0.68844175
v -0.22705157 0.4058339 -0.65991116
v -0.17762376 0.41427091 -0.30466759
v -0.20806424 0.494041 0.00787356
v -0.20808445 0.45317495 -0.2495999
v -0.21523049 0.54472923 -0.01164513
v -0.19130497 0.46857724 0.0627409
v -0.20863067 0.51563567 -0.11681909
v -0.20403236 0.52041596 -0.07651288
v -0.20092417 0.50427192 0.05661098
v -0.19992152 0.52172476 0.28539449
v -0.19167629 0.51245779 -0.24977481
v -0.20418456 0.58023357 -0.21395162
v -0.17642502 0.56483251 -0.39124376
v -0.20704283 0.63986552 -0.39338219
v -0.1743248 -0.87824422 0.38754794
v -0.20013617 -0.86958659 -0.40390754
v -0.21585467 -0.85837042 -0.37607878
v -0.1819319 -0.85969079 -0.32373017
v -0.20553951 -0.85430402 -0.40412527
v -0.18899114 -0.8376655 -0.79768336
v -0.19687362 -0.83862662 -0.183145
v -0.2148378 -0.81291711 -0.07975957
v -0.1931697 -0.86063564 -0.10488637
v -0.17554779 -0.53975803 -0.15853964
v -0.17928363 -0.51544732 0.17182094
v -0.19878544 -0.29165885 0.06123126
v -0.20258322 -0.14787914 -0.44572008
v -0.20877022 -0.17010796 0.17595823
v -0.21413873 -0.07539587 -0.57291025
v -0.20866843 -0.04487657 -0.51820642
v -0.20440012 0.04447301 0.28995955
v -0.18894325 0.16581172 -0.67975217
v -0.19324295 0.20926717 -0.56961489
v -0.19112964 0.33246005 -0.53797263
v -0.1995827 0.33247021 -0.27586287
v -0.21206895 0.35425931 -0.55561304
v -0.2115238 0.38811669 -0.26310453
v -0.1953875 0.38861436 -0.42119709
v -0.18830539 0.38665909 -0.67821801
v -0.20079234 0.41791916 -0.71453953
v -0.19366306 0.40954351 -0.50849456
v -0.21048391 0.40392184 -0.1674903
v -0.20469257 0.42849907 -0.70564979
v -0.20316516 0.42567825 -0.13053402
v -0.20053545 0.38515675 0.39643559
v -0.19926079 0.43575791 0.03267624
v -0.18908833 0.49796352 0.19642274
v -0.19127467 0.47172824 -0.48924145
v -0.20224819 0.50056082 -0.5502032
v -0.17317361 0.47423565 -0.11060297
v -0.20662566 0.50881368 -0.32670918
v -0.19550711 0.51697457 -0.19352037
v -0.18452044 0.48909432 0.11785149
v -0.18219028 0.50275421 0.1411828
v -0.2229532 0.5995239 -0.18830201
v -0.21388377 0.5643757 -0.20679922
v -0.21744572 0.5250141 -0.1455023
v -0.20477663 0.56603038 0.13279618
v -0.17556632 0.55198234 -0.37778342
v -0.19023031 0.5994314 0.14112633
v -0.22359693 0.64152753 -0.07698362
v -0.21227509 0.59227008 -0.05665531
v -0.19566222 0.6153332 -0.04364982
v -0.18848905 0.61261308 -0.28135213
v -0.21507232 0.66383654 -0.12505105
v -0.21189436 0.65750146 0.24021462
v -0.19968896 0.61708319 -0.42320248
v -0.21688847 0.65517163 -0.22168471
v -0.21750458 0.7061621 -0.22743605
v -0.21069767 0.74226254 -0.22464742
v -0.16082743 -0.87122238 -0.466663
v -0.19622929 -0.8684122 -0.23510747
v -0.15634748 -0.88091397 0.26355228
v -0.17567123 -0.86543006 -0.13705721
v -0.1926665 -0.86333156 -0.31626898
v -0.19493285 -0.85424262 -0.17242645
v -0.13734074 -0.87553471 0.41249219
v -0.19193874 -0.84812182 -0.78556484
v -0.19579171 -0.81414771 -0.1076484
v -0.199608 -0.86360168 -0.0312493
v -0.17193185 -0.29590786 -0.27448836
v -0.18391716 -0.32741824 0.15281852
v -0.18619134 -0.22655559 0.15671492
v -0.18700124 -0.10241571 0.24259943
v -0.18272233 -0.05903502 -0.25843701
v -0.18110391 -0.04566839 -0.2633906
v -0.19576766 0.01210581 -0.51423246
v -0.18970515 0.03076736 -0.57956016
v -0.19049269 0.09069367 -0.52198029
v -0.19151001 0.16972826 0.36285025
v -0.18697092 0.21272844 0.423801
v -0.18449633 0.25440413 -0.50839585
v -0.19751185 0.27546477 -0.41264251
v -0.19050702 0.32262695 0.45423755
v -0.19163106 0.31792468 -0.59057391
v -0.20469457 0.32385191 -0.41320553
v -0.2002281 0.38823363 -0.61805582
v -0.19294004 0.35247055 -0.09616977
v -0.1933354 0.35927415 -0.11450691
v -0.18437247 0.41794151 -0.26579434
v -0.18589757 0.43408728 -0.18704413
v -0.18759814 0.44094416 -0.34365162
v -0.1879614 0.49087837 -0.29133564
v -0.19366102 0.48869652 -0.26177147
v -0.20128264 0.50273228 -0.57919049
v -0.18923791 0.51186037 -0.12958409
v -0.1780577 0.52712852 0.37083757
v -0.19971068 0.53306907 -0.12515534
v -0.18087584 0.51068926 -0.0605423
v -0.18949024 0.60579282 -0.15689978
v -0.2061168 0.6316191 0.2695179
v -0.20135981 0.67271882 -0.46138883
v -0.20025358 0.67295563 -0.11129304
v -0.2037756 0.7453348 -0.25102732
v -0.21104945 0.79477978 -0.2697072
v -0.15169731 -0.87598956 0.31620029
v -0.15300189 -0.85964763 -0.61892986
v -0.19100353 -0.85479581 -0.07039827
v -0.18292126 -0.85152239 -0.7414158
v -0.16349103 -0.83712143 0.5924592
v -0.15584187 -0.52450639 -0.18784998
v -0.16379103 -0.43008271 0.18602318
v -0.16298145 -0.26850691 0.08367798
v -0.14409533 -0.28538799 0.14050625
v -0.187547 -0.16009292 0.19274539
v -0.18296787 -0.12919325 -0.28861541
v -0.18009908 -0.09281503 -0.34743705
v -0.19263574 -0.13801974 -0.32037142
v -0.16812806 -0.08225691 -0.50111586
v -0.17987013 -0.05296847 -0.51211631
v -0.18395588 -0.02707244 -0.52986193
v -0.17647642 -0.00190098 -0.24478835
v -0.19868654 0.13156213 -0.66502923
v -0.16063602 0.1558934 -0.48426706
v -0.18946077 0.22192994 -0.54779524
v -0.18359871 0.22272122 -0.50091445
v -0.20676182 0.22820774 -0.37376493
v -0.1787544 0.24105021 -0.42080551
v -0.20492595 0.29466847 -0.67717201
v -0.19667906 0.31556958 -0.72117084
v -0.19875525 0.30956325 -0.74228895
v -0.19092983 0.30200991 -0.38620675
v -0.19191778 0.33659336 -0.49517217
v -0.17924581 0.37322515 -0.45101646
v -0.19210774 0.42607886 -0.12174287
v -0.17741397 0.37921241 -0.64665395
v -0.17573486 0.42954227 -0.10037665
v -0.16136386 0.44923699 0.25311789
v -0.18414231 0.43088907 0.3933304
v -0.20132869 0.45080456 0.08308753
v -0.18965268 0.50099319 -0.16487591
v -0.19990659 0.46123534 -0.14134653
v -0.18942533 0.48923981 -0.55600202
v -0.19571981 0.52502441 -0.22378169
v -0.18986224 0.598984 -0.0816765
v -0.18535532 0.54265809 0.17294064
v -0.1662768 0.56282198 -0.2650249
v -0.18658404 0.59769857 -0.2127604
v -0.18641146 0.54268932 0.29345396
v -0.19472294 0.59716505 0.11011556
v -0.17534524 0.54025948 0.34687147
v -0.1773898 0.63218498 -0.43996114
v -0.17566666 0.67921567 -0.24403392
v -0.17348491 0.63304031 -0.06198396
v -0.18886767 0.67503893 -0.4471904
v -0.18729015 0.749183 -0.22601862
v -0.15155579 -0.8852523 0.13319586
v -0.12865321 -0.89263606 0.20129897
v -0.1486865 -0.86953604 -0.61919498
v -0.16354547 -0.86704797 0.10168966
v -0.17072868 -0.87030363 0.1312248
v -0.17618813 -0.84701997 -0.4438369
v -0.17421897 -0.86145574 -0.27841714
v -0.17541911 -0.86385721 -0.20715739
v -0.1648943 -0.84593678 -0.83454686
v -0.18073775 -0.84403062 -0.74459934
v -0.17192683 -0.86447537 0.04443733
v -0.13239376 -0.57640606 -0.02043969
v -0.16954787 -0.54194981 0.12119656
v -0.15528737 -0.49428263 -0.23435763
v -0.18247367 -0.19224001 -0.44136801
v -0.18503167 -0.13521017 0.24394278
v -0.16021447 -0.18471539 0.22439501
v -0.16789509 -0.01836984 -0.23340411
v -0.15775888 0.05069233 0.27538398
v -0.17835458 0.13818476 -0.53476006
v -0.18411347 0.16401726 -0.62337893
v -0.19224915 0.13966076 -0.58586895
v -0.17308883 0.16725457 -0.54079205
v -0.18316561 0.18737936 -0.57906705
v -0.16588823 0.25830492 0.41228175
v -0.17958239 0.26730931 -0.38467228
v -0.19444978 0.25042975 -0.6116575
v -0.18790881 0.28284767 -0.62353265
v -0.19369686 0.26622903 -0.65993035
v -0.15372141 0.27063477 0.43270022
v -0.17418893 0.31301746 0.46814877
v -0.17006233 0.31455606 -0.4646067
v -0.16984227 0.3033568 -0.74398106
v -0.19075476 0.33760884 -0.80870259
v -0.16389143 0.33578444 -0.78793412
v -0.19719334 0.35949022 -0.53218716
v -0.17461239 0.35149002 0.43222725
v -0.17598557 0.34187835 -0.61810762
v -0.18463372 0.43026116 -0.13485062
v -0.16477589 0.44838899 -0.43773648
v -0.18053922 0.43663168 -0.31775743
v -0.17449769 0.44368729 0.06489288
v -0.17129244 0.45871866 -0.53399462
v -0.18801627 0.49291274 -0.29887053
v -0.18349509 0.5147813 -0.30923927
v -0.17693113 0.54934162 -0.3385748
v -0.1770694 0.56741929 -0.21094625
v -0.17958577 0.51818347 0.11446644
v -0.16144866 0.62401009 -0.16396393
v -0.18088689 0.66884011 -0.16781887
v -0.17747366 0.70944381 -0.24202518
v -0.15656999 -0.86488295 -0.36264887
v -0.17190413 -0.86569124 -0.0778025
v -0.1227589 -0.8914274 0.47828504
v -0.14739555 -0.86846405 -0.05262868
v -0.17137042 -0.85019326 -0.67523789
v -0.15099274 -0.57949173 -0.04870519
v -0.15305446 -0.49188361 0.17589194
v -0.16383162 -0.46555966 -0.26321974
v -0.16736978 -0.30756751 0.08700379
v -0.16158631 -0.27381575 -0.22158696
v -0.14805062 -0.28687215 0.11198749
v -0.15746187 -0.08634266 -0.27423307
v -0.15754506 0.0576491 0.32234052
v -0.17096065 0.12396089 -0.52796412
v -0.16185248 0.10458515 -0.58868557
v -0.18163686 0.18253422 -0.7386182
v -0.16859831 0.1665343 -0.74319512
v -0.16394266 0.21276475 -0.35624692
v -0.1599822 0.26690599 -0.56260413
v -0.15218093 0.23894052 -0.35415161
v -0.17846319 0.32616651 -0.50732321
v -0.14016633 0.33634201 0.44652358
v -0.16511561 0.38655105 -0.48018852
v -0.1765641 0.36230698 -0.55150002
v -0.1697581 0.40401444 -0.08770971
v -0.16724558 0.40885285 -0.39290696
v -0.16712204 0.39957684 -0.27576596
v -0.1745805 0.46045879 0.4274199
v -0.17719549 0.41134581 -0.16116878
v -0.17173341 0.40504277 -0.1691796
v -0.16147912 0.45049861 0.04341592
v -0.18525116 0.47252834 -0.28798336
v -0.18925288 0.52087861 -0.39850801
v -0.18959337 0.50198662 -0.37080637
v -0.16705704 0.56351185 -0.37274808
v -0.16613096 0.53819305 -0.19803923
v -0.1491472 0.5645023 -0.23958346
v -0.1532993 0.57995754 -0.3985897
v -0.189092 0.6790421 0.10053331
v -0.19415855 0.66478002 0.08350869
v -0.17704275 0.69593012 0.06413855
v -0.17110574 0.72697109 -0.26196724
v -0.16990434 0.77483606 -0.28458515
v -0.15712368 -0.86751574 -0.6699596
v -0.15577844 -0.86128682 -0.49062994
v -0.07034707 -0.86364275 0.55722636
v -0.15830146 -0.84461558 -0.87378234
v -0.16903245 -0.50085896 0.14043337
v -0.15757103 -0.30120587 0.12112623
v -0.16562757 -0.24942592 -0.24754478
v -0.13683616 -0.2319831 -0.22436823
v -0.16031253 -0.17680286 -0.42333803
v -0.14725198 -0.13836804 -0.39597169
v -0.10310415 -0.22309992 0.24694474
v -0.14575483 -0.13093571 -0.27151445
v -0.12676276 -0.09937704 0.28357607
v -0.15647936 -0.096241 -0.44507954
v -0.15051089 -0.16291171 -0.28833458
v -0.14853881 0.05713297 0.14727432
v -0.16122337 0.09826669 -0.49517781
v -0.1589174 0.07324213 -0.50144166
v -0.1541716 0.17450511 0.36276254
v -0.16115297 0.21862444 -0.60698849
v -0.15484917 0.2803686 -0.68892109
v -0.15637949 0.29687253 -0.45768255
v -0.15524852 0.26344001 -0.39066195
v -0.16862479 0.31927973 -0.44970146
v -0.15812586 0.36233214 -0.56271464
v -0.17136723 0.37963656 -0.12141453
v -0.15389827 0.41251135 -0.31471908
v -0.17400104 0.43307054 -0.17642274
v -0.15219189 0.41662046 -0.3686868
v -0.14508274 0.44967374 0.29572242
v -0.16465445 0.43579015 0.39445958
v -0.15799752 0.46257651 -0.14200391
v -0.18903516 0.46237952 -0.33040637
v -0.15341495 0.43463027 -0.33986726
v -0.16098253 0.48036623 -0.30282664
v -0.15873492 0.46722201 0.10747577
v -0.1604224 0.45980293 -0.50344336
v -0.16547732 0.50862586 -0.34207028
v -0.17491832 0.49696776 -0.2446041
v -0.15522434 0.45912412 -0.18536718
v -0.1478083 0.55585665 -0.00363261
v -0.16929147 0.52881616 -0.52472574
v -0.17617343 0.52672225 -0.50414544
v -0.18275264 0.56825125 -0.55029583
v -0.14952247 0.46759823 0.31106997
v -0.15007916 0.54713517 -0.2320271
v -0.15693916 0.50206566 -0.05480716
v -0.16794141 0.59924459 -0.60287476
v -0.16927738 0.56961936 -0.57970858
v -0.14736122 0.61038846 0.08268824
v -0.155331 0.6413061 0.13659024
v -0.16391669 0.62802893 -0.08739895
v -0.15052257 -0.87830216 0.1163306
v -0.15165626 -0.85621524 -0.2550194
v -0.16060998 -0.85907346 -0.14976679
v -0.15424281 -0.85530758 -0.85538763
v -0.11267952 -0.84839255 0.60367155
v -0.15875193 -0.51994264 0.09408408
v -0.12255807 -0.40658632 -0.29941118
v -0.13581036 -0.12697212 -0.36289081
v -0.16168159 -0.02817652 -0.51553899
v -0.13458307 -0.03853221 0.26733568
v -0.16479847 0.01482916 -0.48779342
v -0.11025791 -0.00144796 0.17403805
v -0.10514671 -0.0302962 0.21899724
v -0.154641 0.04477742 -0.50923395
v -0.16911332 0.06591409 -0.53089911
v -0.13662891 0.10224357 -0.61796981
v -0.11586622 0.07278884 0.19664334
v -0.12799574 0.14996848 -0.68698364
v -0.15036935 0.09108139 0.36151126
v -0.15557641 0.15508063 -0.57700926
v -0.13533677 0.16862398 -0.5661177
v -0.1550504 0.21698555 -0.49232981
v -0.13084409 0.30050802 -0.64647597
v -0.15712029 0.32433513 -0.7339738
v -0.13956995 0.38706419 -0.53301209
v -0.18449904 0.35702509 -0.36445457
v -0.1606124 0.38454324 -0.32868114
v -0.15940318 0.43118313 -0.19113119
v -0.14646791 0.42746419 0.37113532
v -0.13422605 0.49998212 0.24592724
v -0.16359416 0.48794928 -0.17675865
v -0.1385009 0.44958341 -0.35246488
v -0.12845907 0.52880454 -0.2877627
v -0.14330007 0.52360648 -0.26756766
v -0.17277075 0.48834947 -0.48133731
v -0.15404882 0.59016532 0.17417249
v -0.14716743 0.60651189 -0.0868123
v -0.1489577 0.60055226 -0.58344626
v -0.14855105 0.62156957 -0.21078768
v -0.15629251 0.61379063 -0.417826
v -0.14959495 0.65353018 -0.22061038
v -0.14111923 -0.88041782 -0.55985451
v -0.15216701 -0.86248058 -0.64716262
v -0.13275035 -0.86188483 -0.361094
v -0.09067967 -0.87866676 -0.20885758
v -0.13979281 -0.85821009 -0.08678653
v -0.15511911 -0.85670292 -0.67112225
v -0.16255498 -0.86151159 -0.71762609
v -0.13980582 -0.85949701 -0.34163246
v -0.13358806 -0.54641283 0.06022908
v -0.10414167 -0.2141816 0.21189986
v -0.15111324 -0.18902437 -0.30546847
v -0.15121877 -0.0866256 -0.51803184
v -0.1566028 -0.09549707 -0.5057705
v -0.12305473 0.00318031 -0.4870235
v -0.17539293 0.06989534 -0.59655052
v -0.15158719 0.0729278 -0.62662476
v -0.14274631 0.1730126 -0.70201868
v -0.13375837 0.21147466 0.41600728
v -0.13545258 0.24118809 -0.53271949
v -0.14220437 0.2564683 -0.51968503
v -0.15848286 0.32438904 -0.56482399
v -0.14574288 0.3081581 -0.54865301
v -0.12016015 0.37047842 -0.53174728
v -0.14710827 0.35760635 -0.33606911
v -0.14927529 0.43695796 0.44463539
v -0.15451761 0.4540146 -0.29178706
v -0.14107776 0.38118944 -0.25783733
v -0.14962204 0.40559122 -0.14734739
v -0.15139626 0.43272573 -0.08745658
v -0.14380138 0.42101035 -0.47750682
v -0.1403317 0.46697742 -0.17305878
v -0.13402492 0.44378957 0.09902667
v -0.16063732 0.51780009 0.43997318
v -0.15701734 0.50649041 -0.157692
v -0.14895874 0.48544523 -0.11877338
v -0.15421961 0.4992201 -0.44909936
v -0.14955388 0.56764656 -0.52668178
v -0.13038312 0.53712225 -0.1095566
v -0.14384444 0.540196 0.10326596
v -0.15908118 0.53504682 -0.41175365
v -0.12967175 0.56166613 -0.39588314
v -0.14029376 0.59629655 -0.03022689
v -0.14372772 -0.87967861 -0.05771876
v -0.11102604 -0.88924295 0.39806324
v -0.13901314 -0.87660033 0.12453198
v -0.10543847 -0.87873858 0.40126237
v -0.13889995 -0.86800641 -0.56480211
v -0.14836292 -0.86026824 -0.46323133
v -0.13026255 -0.8509829 -0.72880346
v -0.13008958 -0.85943151 -0.3132394
v -0.13990308 -0.85338992 -0.30630302
v -0.12892334 -0.56101525 -0.12079429
v -0.12504978 -0.49816236 0.13129105
v -0.09617171 -0.50810421 -0.20366552
v -0.12952027 -0.42319477 0.17150936
v -0.13815564 -0.3602176 0.09119523
v -0.11969154 -0.2585611 -0.26751384
v -0.13958921 -0.06079053 -0.50329244
v -0.14849721 0.01620886 -0.4274219
v -0.15067033 0.03877911 -0.42085454
v -0.10544212 0.0265606 -0.52383178
v -0.13002595 0.0926637 -0.52411586
v -0.13123386 0.1195027 -0.57766509
v -0.12593265 0.19096969 -0.59764785
v -0.13624628 0.27405673 0.46453387
v -0.12129561 0.28707385 -0.67220539
v -0.13106483 0.34212616 -0.70598471
v -0.12105151 0.2991409 -0.47039807
v -0.14935301 0.29373857 -0.49345282
v -0.12175464 0.39302549 -0.35938618
v -0.13343225 0.41827893 -0.35874376
v -0.13716251 0.38638091 -0.33633122
v -0.15429668 0.38483402 -0.31638506
v -0.12308208 0.43352565 -0.30357334
v -0.15047692 0.5082106 0.44149792
v -0.12405567 0.47014037 -0.39355728
v -0.11487106 0.44141236 -0.19595599
v -0.14441448 0.45428002 -0.06723262
v -0.12738934 0.47771686 -0.47919589
v -0.13572451 0.51179832 -0.46993774
v -0.124476 0.51240909 -0.51103818
v -0.14505723 0.61681002 -0.07460763
v -0.13801007 0.67674434 0.08981966
v -0.09774738 -0.8934322 0.30936506
v -0.14807463 -0.87021059 -0.47543776
v -0.14622465 -0.87252665 -0.10538167
v -0.11853486 -0.87754351 0.08240505
v -0.07244515 -0.88221616 0.48867944
v -0.1232215 -0.86225688 -0.67956609
v -0.10292184 -0.54907739 0.03295068
v -0.11942779 -0.50308937 0.11532223
v -0.12949401 -0.37442502 0.11979765
v -0.10904732 -0.17090748 -0.27517304
v -0.12896568 0.03282298 -0.41057074
v -0.1302536 0.04706841 -0.46371415
v -0.12400799 0.09814357 -0.52047968
v -0.13089104 0.17471269 0.37327284
v -0.15891917 0.27510643 -0.23165035
v -0.13813744 0.29394028 -0.26730853
v -0.13471867 0.30644557 -0.24344641
v -0.14696546 0.32885921 -0.26598749
v -0.12444817 0.45013121 -0.09104869
v -0.14204995 0.40464368 -0.06714063
v -0.13208711 0.44410482 -0.43264875
v -0.10571192 0.47424823 -0.29854578
v -0.1363387 0.47451046 0.06043261
v -0.13839588 0.48415014 -0.12799452
v -0.13836002 0.4740842 -0.46382535
v -0.12629293 0.50708419 0.02017509
v -0.11304732 0.50071603 -0.09408373
v -0.12040099 0.51788551 -0.34485826
v -0.12469295 0.57422519 -0.18016313
v -0.12397126 0.50962484 -0.05117873
v -0.11951736 0.58279902 -0.17006852
v -0.1335175 -0.88876486 0.12168795
v -0.07240026 -0.89683133 0.35280177
v -0.06354623 -0.895024 -0.19948922
v -0.08713724 -0.87906241 -0.05073443
v -0.09648886 -0.88147247 0.25032216
v -0.11685823 -0.86090362 0.57274318
v -0.09663711 -0.26884326 0.18280706
v -0.12696026 -0.17079842 -0.2910395
v -0.12487786 -0.16180949 -0.30739492
v -0.10202246 -0.18699975 0.26569244
v -0.13147525 -0.12480158 -0.28045303
v -0.12642218 -0.11492071 -0.36795184
v -0.12749957 -0.08757197 -0.48115638
v -0.12925197 -0.0864372 -0.46515381
v -0.13748667 -0.09018466 -0.43254384
v -0.15253575 -0.06958809 -0.4372077
v -0.12159099 -0.05706372 -0.40887284
v -0.11713394 0.01008335 0.30680889
v -0.10032208 0.04606261 -0.58672452
v -0.1263513 0.00081229 0.33557642
v -0.13115261 0.10720143 -0.58840895
v -0.12415646 0.12954795 0.37914574
v -0.11113647 0.13749702 -0.5825519
v -0.13512535 0.21807554 -0.45817074
v -0.13112968 0.17255917 -0.4777734
v -0.13188179 0.2514551 0.39571351
v -0.12112278 0.26486823 0.40963814
v -0.12403139 0.24896368 -0.23293887
v -0.12417661 0.2567842 -0.54007429
v -0.11405446 0.32189238 -0.70556289
v -0.13758418 0.27292049 -0.46102676
v -0.13154121 0.33103696 -0.30535635
v -0.10986155 0.35422865 -0.50877613
v -0.12325834 0.38058779 -0.47643512
v -0.12833156 0.41563013 -0.17711191
v -0.12197979 0.4546982 -0.48681927
v -0.12728117 0.429158 -0.4977535
v -0.11130414 0.43472686 -0.26682931
v -0.13122928 0.47497863 -0.29690698
v -0.09815034 0.45486653 0.10478751
v -0.12019775 0.50151306 -0.39795014
v -0.12234404 0.47996551 -0.06080837
v -0.14532548 0.537714 0.05078801
v -0.12744839 0.52443177 -0.49193421
v -0.09816141 0.52879477 0.2099559
v -0.12063969 0.56599087 -0.00603074
v -0.08769098 0.5887503 0.1778051
v -0.1171881 0.60675716 0.17889351
v -0.09565665 -0.87517571 -0.254861
v -0.10958635 -0.88225764 0.14169869
v -0.0398256 -0.89130431 0.34759581
v -0.08494459 -0.87514585 0.00569383
v -0.13463227 -0.860937 -0.4004274
v -0.10999604 -0.86229217 -0.37334406
v -0.08072803 -0.88273484 -0.13452099
v -0.10421264 -0.85839146 -0.04182194
v -0.12204113 -0.85319233 -0.43559295
v -0.13207325 -0.84927499 -0.41585219
v -0.1218655 -0.85565579 -0.37658542
v -0.13001773 -0.85814536 -0.3434976
v -0.11539795 -0.85154641 -0.29157802
v -0.10537385 -0.49929768 -0.23426093
v -0.10169819 -0.32494414 -0.30174747
v -0.09619983 -0.27660879 -0.2471067
v -0.11065564 -0.13797328 -0.32871664
v -0.11538543 -0.15315749 -0.28049573
v -0.10543932 -0.1167549 -0.40165532
v -0.12912305 -0.0935052 -0.47192088
v -0.1167383 -0.05941562 -0.45632759
v -0.09728561 0.0289746 0.29482776
v -0.09877407 0.02351396 0.39877701
v -0.10778185 0.12656325 -0.62521321
v -0.13561207 0.19001149 0.32366702
v -0.11557508 0.12935419 0.35548243
v -0.12786023 0.19201936 0.36170352
v -0.10487637 0.20914324 -0.49871457
v -0.12126289 0.22836713 0.31167915
v -0.0934523 0.21676724 -0.59771538
v -0.09975872 0.25675949 -0.631091
v -0.10170388 0.25785407 -0.58157384
v -0.07679448 0.26537806 0.49033496
v -0.12345725 0.31481749 -0.58764941
v -0.11663658 0.32990715 -0.56320345
v -0.09727284 0.32292262 0.45328483
v -0.12279171 0.40617576 -0.29954919
v -0.10107539 0.360865 -0.63857979
v -0.13088076 0.40740198 -0.66739696
v -0.13611665 0.41649666 -0.70632714
v -0.12348856 0.38718349 -0.2528986
v -0.11839956 0.38640642 -0.05522954
v -0.12787312 0.45323059 -0.733302
v -0.11582818 0.4348909 -0.7421627
v -0.11352333 0.41664064 -0.38303033
v -0.11824021 0.41425717 0.37566096
v -0.1175955 0.54056489 -0.46404046
v -0.12843014 0.54314709 -0.0108522
v -0.12276174 0.52307695 -0.27706939
v -0.12351039 0.5768528 0.00956807
v -0.1165103 0.55557328 -0.53746897
v -0.12089145 0.61379182 -0.10285386
v -0.13161036 0.63091505 -0.10072321
v -0.11077037 0.62150985 -0.05446805
v -0.10324712 0.62580323 0.11680678
v -0.05538143 -0.88028312 0.5431478
v -0.11554015 -0.8584553 -0.36119914
v -0.12183219 -0.85288686 -0.36844718
v -0.10269719 -0.84431583 -0.36519873
v -0.08179759 -0.83250618 -0.34133768
v -0.10634763 -0.495781 0.10256223
v -0.08852991 -0.56321675 0.12262057
v -0.1123678 -0.41328436 0.14823933
v -0.10508374 -0.22777197 -0.49392211
v -0.11728549 -0.19400311 -0.49670893
v -0.11839321 -0.24350385 -0.51760882
v -0.07226122 -0.2310749 -0.24848232
v -0.10263311 -0.14714454 -0.29591772
v -0.12599726 -0.10873049 -0.28255823
v -0.11568492 -0.08578047 -0.45276356
v -0.09750548 -0.11111641 -0.43392968
v -0.11668663 -0.02322622 -0.42717108
v -0.10732514 0.02530517 -0.44217101
v -0.1082204 0.09453471 -0.60172027
v -0.1139438 0.17161304 -0.44745889
v -0.09991583 0.16165432 0.40613589
v -0.12220364 0.19027972 0.29568389
v -0.07760491 0.2468942 0.44055742
v -0.07827353 0.20432709 -0.5221352
v -0.10786407 0.27559701 -0.62527639
v -0.12575281 0.28790188 -0.26053143
v -0.10407764 0.28267652 -0.47773331
v -0.10946588 0.32691771 -0.27518684
v -0.10422244 0.31781167 -0.51655871
v -0.11467632 0.35713428 -0.30265111
v -0.11294231 0.35257015 -0.6182974
v -0.09828547 0.37116882 -0.61148745
v -0.10152346 0.35511294 0.43662179
v -0.09786563 0.43573737 -0.45087278
v -0.09945628 0.38878337 0.41353714
v -0.10902419 0.47225702 -0.75568974
v -0.11542534 0.47804821 -0.15778401
v -0.08266652 0.48945495 0.26682726
v -0.11496092 0.47855097 -0.47564286
v -0.12032422 0.46996242 -0.49290293
v -0.11615883 0.48055151 -0.39865822
v -0.12542225 0.491649 -0.44989428
v -0.11527137 0.48983854 -0.27683094
v -0.10689237 0.52559876 0.11838262
v -0.07742763 0.49016026 0.09806949
v -0.0980294 0.52472895 -0.27626058
v -0.11452694 0.54404873 -0.25342095
v -0.12105802 0.57278287 0.05040431
v -0.10946021 0.64672977 -0.08973142
v -0.1177468 0.66123664 -0.13031693
v -0.09749337 0.62085032 0.13470793
v -0.09349575 -0.88486642 0.11766621
v -0.07500809 -0.8815974 0.29360962
v -0.06448261 -0.89546031 -0.13223027
v -0.06406685 -0.84496558 -0.34691373
v -0.11127255 -0.8530702 0.57171428
v -0.07764702 -0.86056143 0.59087741
v -0.06647523 -0.55399835 -0.10834726
v -0.09667163 -0.35451326 0.14028561
v -0.07710913 -0.31983259 0.17807961
v -0.10775056 -0.12334336 -0.49172327
v -0.11007789 -0.11044995 -0.52068943
v -0.10154694 -0.08008617 -0.31280568
v -0.09770162 -0.09411957 -0.46155205
v -0.10079798 -0.07124228 -0.28964892
v -0.09728064 -0.08191698 -0.47652116
v -0.10050707 -0.02788848 0.33546543
v -0.09187859 0.05082018 0.39461663
v -0.11505685 0.07256936 -0.62238616
v -0.09055265 0.08917718 -0.53506517
v -0.09205871 0.10486453 -0.52401835
v -0.09573109 0.15880741 0.40148661
v -0.08790301 0.18654712 -0.54993045
v -0.08174135 0.17849267 0.40181708
v -0.08761579 0.19228354 0.29040408
v -0.09857024 0.25152963 -0.21412469
v -0.10950713 0.26533917 -0.24423531
v -0.08221845 0.24782802 0.47721273
v -0.09427028 0.26304436 -0.56208068
v -0.11114916 0.320416 -0.67827511
v -0.09839018 0.31321424 -0.59341925
v -0.10799637 0.34717411 -0.25443596
v -0.09002049 0.40808991 -0.47872174
v -0.08077948 0.43999219 -0.69702286
v -0.09810145 0.44020584 -0.49715063
v -0.11329288 0.50359309 -0.03417136
v -0.10682797 0.44174963 -0.02314127
v -0.10988759 0.49642882 -0.20151523
v -0.10024964 0.51419389 -0.03211688
v -0.10288978 0.52299231 -0.30028948
v -0.09818462 0.51380736 -0.16135716
v -0.12505354 0.5099135 0.15566616
v -0.10342919 0.53344184 0.15413356
v -0.09899326 0.54585385 -0.12430695
v -0.10006605 0.56356013 -0.01044087
v -0.11738393 0.56995785 -0.3124215
v -0.08065413 0.54187113 -0.0083964
v -0.11352396 0.53718305 -0.22049244
v -0.1216355 0.5872795 -0.24604718
v -0.1103315 0.58393842 -0.22983253
v -0.10067957 0.56392491 -0.18674693
v -0.09691449 0.54830813 0.09452084
v -0.11991957 0.61273503 0.07376654
v -0.11307109 0.61393875 0.03910957
v -0.11884573 0.63523102 -0.23650871
v -0.10224665 0.64875674 -0.27129754
v -0.11817722 0.70908511 -0.29293483
v -0.07537977 -0.88672251 0.19077587
v -0.08536268 -0.88502634 0.42560673
v -0.08796995 -0.87018245 -0.2786009
v -0.09475631 -0.84438437 -0.44475469
v -0.09772273 -0.84530026 0.59225833
v -0.06311019 -0.82078564 -0.39667255
v -0.0687936 -0.49546143 0.08235819
v -0.08386047 -0.56676871 0.10733401
v -0.06159718 -0.4720757 -0.25375661
v -0.03125128 -0.28986272 -0.25677487
v -0.08243229 -0.17638777 -0.46127468
v -0.09450421 -0.20762883 -0.32710993
v -0.09060072 -0.22190161 -0.310862
v -0.09759364 -0.16077121 -0.47789523
v -0.102717 -0.12031751 -0.31817651
v -0.09929628 -0.06591827 -0.35441202
v -0.06473843 -0.10791288 0.30607137
v -0.08238228 -0.06214967 -0.45767748
v -0.09021979 -0.03594891 -0.45657063
v -0.09696679 -0.01031076 0.35995561
v -0.10154491 0.07034995 -0.68602633
v -0.08219841 0.07426745 -0.6511454
v -0.09224737 0.10756452 -0.65391994
v -0.08820947 0.0925549 0.37121558
v -0.10334885 0.16428021 -0.52663594
v -0.08021574 0.19033675 0.4538559
v -0.10319079 0.35264117 -0.45369866
v -0.09140202 0.32255724 -0.43949807
v -0.07281338 0.38770902 -0.61199886
v -0.08450581 0.42996877 -0.07627211
v -0.1042 0.4422318 -0.52502805
v -0.09289146 0.43754929 -0.25700843
v -0.10634173 0.49007204 -0.02686844
v -0.09413091 0.50884593 0.11539003
v -0.09313887 0.5021022 -0.3436113
v -0.10322697 0.48893118 0.0134946
v -0.10048352 0.51525897 -0.37040529
v -0.10524728 0.522654 -0.19590294
v -0.08472568 0.52744985 -0.05246811
v -0.08746829 0.53400236 0.22286049
v -0.09983341 0.54082018 -0.47468519
v -0.07578095 0.4899002 -0.25388616
v -0.06442624 0.54127586 -0.1847765
v -0.08524157 0.55113983 -0.06410038
v -0.07786597 0.54458672 -0.02696307
v -0.08668938 0.56753713 -0.2916868
v -0.09182769 0.58181387 -0.1813105
v -0.0993346 0.61025107 -0.37404367
v -0.0955465 0.58045757 -0.26859671
v -0.08816878 0.57060623 0.20749019
v -0.09677964 0.57201189 0.24469866
v -0.12234727 0.61648273 0.20440172
v -0.09949533 0.62628424 -0.35592037
v -0.08218288 0.63269234 -0.11064762
v -0.09535643 0.62599587 -0.20238914
v -0.08309653 0.64404821 0.19726007
v -0.0988581 0.66927427 0.00492061
v -0.09677332 0.66047215 0.03958282
v -0.08444882 0.67200172 -0.13645357
v -0.08543023 0.65980846 -0.24170439
v -0.1019548 0.71425086 -0.27638593
v -0.07935919 -0.88140315 0.12955324
v -0.0663072 -0.87432736 0.41636276
v -0.09048986 -0.87046331 -0.3986676
v -0.07201302 -0.50007898 0.09611584
v -0.07652907 -0.38041458 -0.29229176
v -0.05705929 -0.41589507 -0.29732984
v -0.09213641 -0.19570561 -0.50347269
v -0.05853439 -0.14300562 -0.31827044
v -0.08799088 -0.11441034 -0.48729247
v -0.08423135 -0.08707643 -0.28544095
v -0.08189241 -0.03119704 0.19049986
v -0.08451955 -0.01194237 -0.55260617
v -0.06154029 -0.00696667 0.20205596
v -0.05011762 0.03554593 0.25027943
v -0.09178118 0.12842055 -0.59576637
v -0.09287129 0.15441896 -0.61864245
v -0.07757983 0.15947711 -0.5830602
v -0.0872005 0.17021762 0.29478619
v -0.07742368 0.15517405 0.42406622
v -0.08587466 0.20579745 -0.57750547
v -0.08381799 0.19412006 -0.552495
v -0.07689502 0.22886185 0.32862103
v -0.08847881 0.23688336 -0.58163774
v -0.06787711 0.22428475 0.44955781
v -0.095034 0.25768718 -0.4294349
v -0.07906217 0.27995768 -0.40664747
v -0.07204039 0.3113873 -0.55057514
v -0.08495555 0.40221292 -0.47060931
v -0.08745683 0.40606397 -0.49166679
v -0.08826958 0.42065156 -0.03364678
v -0.07623817 0.45744374 -0.73889452
v -0.07798408 0.46579072 -0.45719123
v -0.09948978 0.45637995 -0.36094561
v -0.09156436 0.49920741 -0.43739811
v -0.09789263 0.51213425 0.14567173
v -0.08595095 0.5656181 0.12887102
v -0.07980902 0.58186448 0.01830853
v -0.07513023 0.67350847 -0.28971657
v -0.08285997 0.74953943 -0.31808019
v -0.05008132 0.7280677 -0.33143082
v -0.03429743 -0.89250588 0.01338062
v -0.04385557 -0.88773817 0.18061943
v -0.02864467 -0.88193232 -0.0143554
v -0.05134721 -0.86160117 -0.37429839
v -0.00618927 -0.88678181 -0.08951882
v -0.07223922 -0.84881973 -0.31105694
v -0.06771952 -0.20424192 0.25399071
v -0.08978812 -0.15044972 -0.45158541
v -0.08372179 -0.14997715 -0.45908299
v -0.09216027 -0.12152984 -0.43877935
v -0.08424573 -0.1367292 -0.45083579
v -0.09056669 -0.12648733 -0.43127817
v -0.08167484 -0.10447197 -0.36419132
v -0.05174849 -0.07124256 0.21400376
v -0.03387172 -0.11811861 0.29995915
v -0.0806128 -0.01073941 0.33615404
v -0.06353097 0.01914284 -0.5995391
v -0.01849342 0.0011187 0.30647776
v -0.07644328 0.05657745 -0.59400129
v -0.08400294 0.08968642 -0.68332106
v -0.08653781 0.10938329 -0.69276327
v -0.07429384 0.09949429 -0.55275553
v -0.07822338 0.15159421 -0.52455646
v -0.08256762 0.12387726 0.40489152
v -0.09056358 0.13754864 0.40506035
v -0.08947121 0.14974695 0.41119489
v -0.07135993 0.26410842 -0.65069652
v -0.07436933 0.31597936 -0.6471706
v -0.08823904 0.34933141 -0.50956863
v -0.09623338 0.31350306 -0.48764873
v -0.08150476 0.3723841 -0.47622484
v -0.09072963 0.41600683 -0.42985019
v -0.07444298 0.42745692 -0.72321922
v -0.0778157 0.46599278 -0.22490117
v -0.06698902 0.50369054 -0.06831882
v -0.09145814 0.41062039 -0.34410039
v -0.06357741 0.46230853 -0.33417395
v -0.09476858 0.48611817 -0.28733921
v -0.06115774 0.44530493 -0.0964311
v -0.08460463 0.51982516 -0.37106878
v -0.0903891 0.50579178 -0.34976652
v -0.06074433 0.52909023 -0.34158254
v -0.09362766 0.54047048 -0.64605898
v -0.09705727 0.49714911 -0.59096342
v -0.08198549 0.53046501 -0.59751385
v -0.0779098 0.54384774 0.20152421
v -0.0620473 0.57386458 0.2678214
v -0.08502743 0.5223226 -0.15327743
v -0.07414807 0.61625445 -0.23277628
v -0.06857955 0.61744064 -0.0813275
v -0.07638106 0.64518672 -0.10023609
v -0.07973304 0.6503225 -0.30152193
v -0.06359632 -0.89635599 0.15666728
v -0.03700606 -0.86789393 0.59555364
v -0.01453085 -0.56335497 0.17538036
v -0.01225998 -0.54055327 0.18590014
v -0.0544131 -0.40114093 0.1702892
v -0.06332202 -0.29510301 -0.28489912
v -0.074053 -0.23496769 0.19771418
v -0.06234209 -0.19971901 -0.30902869
v -0.0443321 -0.16215049 -0.30856091
v -0.07829171 -0.12438519 -0.444785
v -0.07562418 -0.12766165 -0.42250898
v -0.05275603 -0.16695695 -0.38411748
v -0.07954745 -0.06715211 -0.33160755
v -0.07000804 -0.11056765 -0.33755434
v -0.05973248 -0.051626 -0.44926697
v -0.06217363 -0.03770776 0.41460922
v -0.07274438 0.04268124 -0.60856545
v -0.074065 0.04856651 0.41607755
v -0.07474209 0.09408309 -0.55801493
v -0.07499125 0.09829065 -0.73196429
v -0.08168971 0.13896091 0.40446877
v -0.07215847 0.19765396 -0.58019626
v -0.07629847 0.21371768 -0.73996699
v -0.0873007 0.21332528 -0.70857453
v -0.08384489 0.24077086 -0.75251728
v -0.06761771 0.22273317 -0.7152819
v -0.07522898 0.23998998 -0.66976935
v -0.05762773 0.25471178 -0.43459707
v -0.07703425 0.3400701 -0.64983642
v -0.07165572 0.33764544 -0.44613722
v -0.07430361 0.34709603 -0.43411982
v -0.07514174 0.35022962 -0.54978073
v -0.04380159 0.38056976 -0.62153333
v -0.08328866 0.37655461 -0.41495222
v -0.09153631 0.39837629 -0.4093616
v -0.07936396 0.4165346 -0.48028475
v -0.064255 0.43566772 -0.40157411
v -0.06615502 0.48145306 -0.30322966
v -0.00451265 0.51372886 0.28410214
v -0.08935793 0.47431013 -0.55399996
v -0.08624177 0.56591207 -0.64763027
v -0.08793563 0.57438362 -0.68939114
v -0.07557008 0.57797551 -0.0083433
v -0.06085223 0.56660634 -0.29790238
v -0.06835077 0.58715248 0.16927414
v -0.04712855 0.58895028 0.17256543
v -0.06344847 0.57696861 0.11011775
v -0.0603691 0.60324323 0.09863255
v -0.06251774 0.6266129 0.08174101
v -0.06435728 0.60776061 -0.35807708
v -0.07477205 0.60543352 0.16986068
v -0.06074216 0.68148321 0.00386209
v -0.05517888 0.72313553 -0.29044428
v -0.06392194 0.76318419 -0.31966275
v -0.09973136 0.79896039 -0.34527239
v -0.06860361 0.80406505 -0.34661889
v -0.05281057 -0.89954299 0.06890949
v -0.07178974 -0.87390107 -0.27629149
v -0.02509461 -0.87829393 0.12306108
v -0.0140675 -0.86967981 0.45379382
v -0.01878454 -0.8763448 -0.24213433
v -0.05229076 -0.8594715 0.59240562
v -0.04852809 -0.48558229 0.07715897
v -0.05993681 -0.36586669 0.14763124
v -0.04630833 -0.31319121 0.17889377
v -0.06139971 -0.27278951 0.16885123
v -0.06658249 -0.13622415 -0.30524632
v -0.05040355 -0.0745573 -0.44542912
v -0.07395585 -0.13322727 -0.50044113
v -0.07166479 -0.03282911 0.37287325
v -0.05248049 0.00491871 -0.55883956
v -0.04912991 -0.00763436 0.43473482
v -0.07195935 0.04731305 -0.69312352
v -0.07330287 0.02918213 -0.68132704
v -0.06290507 0.10134731 0.413665
v -0.05244508 0.07604669 0.38641903
v -0.0745347 0.09669525 -0.64137703
v -0.05988038 0.10315957 -0.56410605
v -0.07045321 0.16112182 -0.6574074
v -0.06775923 0.1765285 -0.64189821
v -0.06711557 0.21065402 -0.56000078
v -0.06142299 0.19852675 -0.51494968
v -0.05939744 0.18271425 -0.66563112
v -0.07514941 0.19694495 -0.65244007
v -0.05221328 0.25356144 -0.56264049
v -0.04349357 0.26300782 0.48701954
v -0.0479483 0.29158458 -0.45034644
v -0.03968975 0.33676615 -0.59154016
v -0.05446529 0.31636885 -0.53590131
v -0.05846459 0.37998998 -0.54154789
v -0.07959298 0.37060273 -0.55722457
v -0.07156766 0.36358383 -0.34677115
v -0.07743859 0.3857277 -0.38834551
v -0.0670246 0.36193606 -0.40826195
v -0.06999761 0.38511157 -0.43782932
v -0.06954308 0.38743734 -0.3037253
v -0.05851958 0.42365915 -0.53102982
v -0.06851693 0.43474856 -0.3056758
v -0.066125 0.44980505 -0.51315165
v -0.06893566 0.40829256 -0.24664815
v -0.06626053 0.43862849 -0.29843318
v -0.08169873 0.44268718 -0.26569724
v -0.05553184 0.48639607 -0.59760898
v -0.05498115 0.45640072 -0.31805032
v -0.06211945 0.50257266 -0.13427275
v -0.06488697 0.54532295 -0.01230053
v -0.07717013 0.58311725 -0.39974907
v -0.08338606 0.55437613 -0.392894
v -0.07062549 0.55618644 -0.05236534
v -0.06516284 0.57216871 -0.42614606
v -0.07923917 0.58698583 -0.42477238
v -0.073855 0.57251692 -0.0559035
v -0.04273116 0.58602804 -0.28423688
v -0.06521092 0.6286751 -0.23667595
v -0.05824322 0.59795606 0.01398738
v -0.058521 0.6670419 -0.2871007
v -0.0413756 0.62790555 0.06143428
v -0.04570802 -0.88864458 0.06570358
v -0.05955623 -0.88319665 0.24369186
v -0.02803316 -0.89210618 0.25781655
v -0.05585692 -0.88473713 0.41250029
v -0.03207572 -0.85606372 -0.32017758
v -0.05051485 -0.60562247 0.08904464
v -0.01236106 -0.52783352 -0.09142189
v -0.02265869 -0.52609277 -0.17374967
v -0.01838905 -0.49076369 0.0183479
v -0.05139162 -0.2077564 -0.42360845
v -0.04687743 -0.14821406 -0.29359153
v -0.01997699 -0.14277112 0.30041668
v -0.05954642 -0.15625392 -0.49935466
v -0.03963996 -0.12786707 -0.41861251
v -0.03750889 -0.12940641 -0.35801163
v -0.04499799 -0.08605374 -0.60495555
v -0.09331518 -0.06447416 -0.59931779
v -0.05272824 -0.06986614 -0.63033992
v -0.08970115 -0.03441568 -0.60405684
v -0.05586543 -0.04820151 -0.55219471
v -0.04631644 -0.06065251 0.2045588
v -0.04587205 -0.03599876 0.3486957
v -0.05078705 0.05678394 -0.6631344
v -0.05283514 0.07952296 -0.58418715
v -0.05520462 0.0775595 -0.53757882
v -0.02619516 0.14769657 0.31564066
v -0.05517957 0.13532737 -0.59690404
v -0.04497208 0.13575368 -0.58041072
v -0.0551538 0.19224106 -0.58899665
v -0.05708832 0.17689498 -0.64987725
v -0.03854612 0.20826526 0.34528837
v -0.00921604 0.16068667 0.42365485
v -0.05229321 0.20108809 -0.66984123
v -0.03441031 0.20810527 -0.56400216
v -0.02877168 0.28477392 -0.49407426
v -0.01215196 0.30446002 0.49741396
v -0.01255942 0.38555658 0.45429593
v -0.05861032 0.33184969 -0.33741841
v -0.04487715 0.39573339 -0.66145372
v -0.0598532 0.40588489 -0.57793957
v -0.04704855 0.42442581 -0.6703788
v -0.0587091 0.4310205 -0.29203978
v -0.00601544 0.49486786 0.32194063
v -0.04823695 0.49639681 -0.54707265
v -0.03849181 0.49494734 -0.37710938
v -0.04959613 0.5781154 -0.71282858
v -0.05306009 0.59075713 -0.0644327
v -0.06680934 0.56198442 -0.04977485
v -0.06151921 0.58109725 -0.67954445
v -0.05844745 0.57721126 -0.33108172
v -0.05895245 0.60388935 -0.7217806
v -0.05081813 0.59258592 0.1525166
v -0.05365356 0.63536948 -0.46144226
v -0.04691091 0.62654746 -0.42340916
v -0.05538191 0.67462295 0.16753103
v -0.04900587 0.69469738 -0.28635317
v -0.05406448 0.77819681 -0.3383255
v -0.02464397 -0.88651079 -0.17913903
v -0.02400091 -0.89000666 -0.01880393
v 0.00298757 -0.88515311 0.04636344
v -0.03924654 -0.85094643 -0.39897287
v -0.0202755 -0.49254933 -0.21906488
v -0.04714872 -0.34369469 0.15754926
v -0.06117193 -0.24835293 0.22430588
v -0.04915118 -0.2163579 0.25512609
v 0.00331906 -0.23612249 -0.2665709
v -0.04555943 -0.18890381 0.26502794
v -0.0315185 -0.1161393 -0.46192002
v -0.03023726 -0.10536617 0.24346866
v -0.05382316 -0.01639859 -0.54807717
v -0.03850706 0.03105363 -0.5981639
v -0.04510096 0.05690372 0.40452066
v -0.05017995 0.14681573 -0.50498146
v -0.04616774 0.13356991 0.44892699
v -0.05180865 0.15589866 -0.61324447
v -0.03853026 0.2180132 0.48444024
v -0.03308481 0.14999439 0.48770601
v -0.04073416 0.22339925 -0.61018205
v -0.02350424 0.36053586 -0.58130097
v -0.05107608 0.32657441 -0.34403756
v -0.0416273 0.3600342 -0.48475647
v -0.05585949 0.36531758 -0.34202084
v -0.06532229 0.43831211 -0.36212289
v -0.0425255 0.44959682 -0.32091683
v -0.04970934 0.40563795 -0.24657822
v -0.04316236 0.43076634 -0.46615455
v -0.00736959 0.43341252 0.41179109
v -0.04783036 0.43932906 -0.4839358
v -0.03085114 0.43712246 -0.23634738
v -0.04950388 0.4914878 -0.2597349
v -0.04688188 0.47706896 -0.30636609
v -0.02875984 0.51739639 -0.26424056
v -0.04913893 0.55243003 -0.65895212
v -0.04183653 0.57205123 -0.37972516
v -0.03530751 0.58140272 -0.11347748
v -0.02572865 0.58687347 -0.23246671
v -0.05576671 0.65211427 0.10268056
v -0.05476337 0.59571779 0.09415266
v -0.04245458 0.64828467 -0.29842377
v -0.0155928 -0.89378858 0.46962386
v -0.01815385 -0.85977203 -0.32244664
v -0.0097006 -0.65357232 0.10111625
v -0.05001437 -0.35556892 0.12224127
v -0.04154265 -0.38623267 0.1148585
v -0.02246846 -0.07937355 0.42226627
v -0.04929607 0.03662519 -0.67434478
v -0.00829507 0.02342284 0.26508713
v -0.02382251 0.09216592 -0.49685523
v -0.01673264 0.16301309 0.31237173
v -0.03395886 0.28336695 -0.61506832
v -0.02991019 0.35437411 -0.69966853
v -0.04147221 0.30824146 -0.31926593
v -0.02413238 0.29607055 -0.32099304
v -0.03476738 0.37094295 -0.67197162
v -0.03131339 0.40999123 -0.4154613
v -0.03575876 0.40337336 -0.58428705
v -0.02669031 0.40123451 -0.43107924
v -0.02948796 0.40574226 -0.09481845
v -0.03155847 0.40976918 -0.11326949
v -0.04156369 0.45850259 -0.39585796
v -0.02724406 0.40257353 -0.3637152
v -0.03992298 0.47007462 -0.29385614
v -0.03101962 0.49712184 -0.58847505
v -0.02047255 0.45397717 -0.13081008
v -0.04307669 0.48473307 -0.29485753
v -0.03470018 0.52206886 -0.6124
v -0.0426375 0.54295772 -0.6317659
v -0.03022883 0.55938506 -0.28870544
v -0.00164231 0.54796827 -0.41497976
v -0.04078746 0.59370154 0.02637017
v -0.03624752 0.58920008 -0.71123707
v -0.03548845 0.61041927 -0.74338639
v -0.05994117 0.64474207 -0.10846522
v -0.05126413 0.60455066 -0.09423456
v -0.03290763 0.61085773 0.15557323
v -0.02266257 0.63957626 -0.46196425
v -0.03492724 0.66308242 0.01590568
v -0.04966709 0.6959334 -0.13414192
v -0.03580865 0.70081711 -0.1694721
v -0.0155234 0.69567865 0.20263347
v -0.0281482 -0.8872261 0.12907691
v -0.02151303 -0.8825466 0.00112529
v 0.02216402 -0.87300336 -0.28666979
v 0.00610488 -0.51868236 -0.14856412
v -0.01063407 -0.46334568 0.19152291
v -0.02401476 -0.30082422 -0.26655123
v -0.0369069 -0.30804959 0.19514473
v -0.03295164 -0.17536831 -0.31810156
v -0.02227929 -0.09317221 -0.46253943
v -0.03277406 -0.07961181 -0.53831726
v -0.03659599 -0.05306617 -0.43774125
v -0.01201344 -0.07711692 0.39937353
v -0.0222635 -0.0558209 -0.58417511
v -0.0045294 -0.0255139 0.22485487
v -0.01816389 -0.01838649 -0.48476517
v -0.0249523 0.05175541 -0.50203854
v -0.02763348 0.11648826 -0.55666202
v -0.02474366 0.18415332 -0.52634698
v -0.02109724 0.18826325 -0.46342969
v -0.02996382 0.23779775 -0.48499531
v -0.0219529 0.32061344 -0.47220972
v -0.02997018 0.33353427 -0.34195822
v -0.02591041 0.33219472 -0.32416865
v -0.02382817 0.42998341 -0.52453631
v -0.05885999 0.45906296 -0.47705704
v -0.0360353 0.45836544 -0.44963863
v -0.02718013 0.45327449 -0.55326897
v -0.02921519 0.46326503 -0.50568396
v -0.0481535 0.51044899 -0.52930099
v -0.02464518 0.46182752 -0.53418404
v -0.02665843 0.51482499 -0.17052154
v -0.03003168 0.50120926 0.10946516
v -0.03929611 0.49279949 0.1328868
v -0.06922647 0.46915203 0.10657624
v -0.00315603 0.5355193 -0.0944674
v -0.03919522 0.51693112 0.16297495
v -0.04941198 0.56488985 0.1258492
v -0.03442416 0.57762182 0.16635749
v -0.03081384 0.5581032 -0.00207547
v -0.00692296 0.6031363 -0.03833911
v -0.02012544 0.57334226 0.0105069
v -0.00888589 0.59075475 -0.22962715
v -0.02824461 0.57416219 0.04649194
v -0.02464505 0.66799057 0.10590009
v -0.03024197 0.65736341 0.08265994
v -0.01554048 0.65000087 0.15184039
v -0.0455888 0.64963454 -0.26568133
v -0.03884406 0.68063599 0.16079652
v -0.04119241 0.71814907 0.15237604
v -0.02656918 0.72710955 -0.3165974
v -0.02361244 0.74336213 -0.1893297
v -0.02572233 0.77822769 -0.36265445
v -0.01916123 -0.88534731 0.16314761
v -0.01321344 -0.89819252 0.32381436
v -0.00443512 -0.90160757 0.40193427
v -0.01537921 -0.89204836 -0.04366655
v -0.00264528 -0.88038397 0.25348854
v -0.00136201 -0.8687315 0.40038362
v -0.00811015 -0.88911998 0.38139597
v -0.00583055 -0.86994815 0.54922897
v 0.0119322 -0.86384547 -0.28005412
v -0.03245363 -0.8480103 0.62126893
v -0.01406662 -0.53534824 0.07622007
v -0.01148662 -0.42070937 0.10939015
v -0.01361842 -0.37679973 0.14218076
v -0.0039234 -0.19892448 0.27009812
v -0.02996632 -0.14460889 -0.38661873
v -0.01910309 -0.08912163 0.21754737
v -0.02842721 -0.05564143 -0.50369674
v -0.02261965 0.02752973 -0.54345113
v -0.01229584 0.10470467 0.46491754
v -0.0236837 0.1576997 -0.51277202
v -0.01657371 0.30148628 -0.55920607
v -0.03170841 0.36752263 -0.36403307
v -0.02938448 0.34602335 -0.47138971
v -0.01306858 0.36034784 -0.54612613
v -0.02864231 0.39686877 -0.61073637
v -0.01134901 0.41403803 -0.23593545
v -0.0146268 0.44793072 -0.46040896
v -0.00185953 0.44805381 -0.28749102
v -0.03519913 0.4347623 -0.4780305
v -0.01982747 0.44619632 0.11919238
v -0.01409961 0.50981873 -0.30979264
v -0.01819855 0.51402783 -0.27207765
v -0.02407612 0.54384583 0.106658
v -0.0485772 0.55305785 0.09073235
v -0.02088396 0.59252292 0.15924112
v -0.02425099 0.6386472 -0.07813319
v -0.03005655 0.62170571 -0.25899503
v -0.01483124 0.62090939 -0.20987059
v -0.01250267 0.68027955 -0.25708351
v -0.03233609 0.77279121 0.1203176
v -0.02562159 0.7404775 0.10701787
v -0.01242776 0.78149402 -0.35279602
v 0.02757963 -0.89357251 -0.17716248
v 0.02779289 -0.90069956 -0.07290014
v -0.00178363 -0.88472658 -0.04003166
v -0.01100141 -0.63990152 0.07100399
v -0.03077769 -0.4133192 -0.29350239
v -0.01631373 -0.46114331 0.07697787
v -0.01104804 -0.42540652 0.14777151
v -0.01246696 -0.15640025 0.25739291
v -0.0186333 -0.17166975 -0.3120729
v -0.02408083 -0.08280193 -0.52322131
v -0.01448978 -0.04827969 0.44605139
v -0.00500502 -0.02087122 -0.49967512
v -0.01323422 0.02031395 0.41158131
v -0.00845383 0.16578166 -0.48574018
v -0.00016506 0.1971906 0.34213415
v -0.01528296 0.2582536 -0.4396196
v -0.02253779 0.37559992 -0.36002663
v -0.01286027 0.38199833 -0.58435273
v 0.00208851 0.39016113 -0.46123186
v -0.01823204 0.40520367 -0.2209568
v -0.00207959 0.40494347 -0.49021256
v -0.01869801 0.46349463 -0.38807955
v -0.00674536 0.46511236 -0.30064711
v -0.01919372 0.5001024 -0.5063076
v -0.01568417 0.50558054 0.1668631
v -0.01080311 0.512348 -0.3397665
v -0.01552517 0.51399702 -0.19007963
v -0.01967633 0.53698194 -0.26797152
v 0.00034738 0.5812276 0.27308401
v -0.01296209 0.51257795 0.08563462
v -0.01355984 0.55755335 0.00722998
v -0.02251075 0.57283902 -0.23447666
v -0.00494485 0.61121881 0.09325038
v -0.01128274 0.59136796 -0.42866465
v -0.00917815 0.60347039 0.15635499
v -0.00493725 0.61641574 -0.10963185
v -0.02742108 0.6920926 0.12140263
v -0.03424787 0.73481429 0.07668827
v -0.00256602 -0.90082598 0.36675435
v 0.03385345 -0.89649951 0.02726418
v -0.02161663 -0.88954788 -0.00787811
v -0.01314548 -0.89496982 -0.02361998
v -0.01386992 -0.89028752 0.00257947
v 0.01201724 -0.14079027 -0.33076227
v 0.00445799 -0.11976241 -0.38428521
v 0.00337081 -0.08855741 -0.42909324
v 0.0062698 -0.04290697 -0.50928319
v -0.00821189 -0.05468543 -0.47636449
v -0.01310526 -0.05476898 -0.41324785
v -0.01243589 0.03960677 -0.64905959
v -0.02097354 0.02021939 -0.61722624
v -0.00651257 0.03282898 -0.55608743
v -0.00718176 0.11148423 0.45112813
v 0.00111574 0.16693945 -0.57445401
v -0.01941464 0.15344912 -0.62387437
v -0.01932509 0.21199335 -0.40811729
v -0.03616389 0.21354562 -0.59035695
v -0.02046658 0.24850227 -0.64080942
v 0.00418966 0.22582534 -0.6227234
v 0.00908838 0.25153643 0.48590669
v -0.03186897 0.23279682 -0.58284521
v -0.00744982 0.26942345 -0.63891912
v -0.00070456 0.32032186 -0.61818236
v -0.02035564 0.28278595 -0.28582406
v -0.01175278 0.31890365 -0.34878498
v -0.01028189 0.38574398 -0.38752118
v -0.0067793 0.43422163 -0.19328035
v -0.00360321 0.4946295 -0.07658362
v 0.00848242 0.41613555 -0.08011533
v 0.00080836 0.49487746 0.13521419
v -0.01307472 0.49545863 -0.38209465
v -0.00345317 0.47914246 0.10230931
v -0.01353442 0.5635215 -0.39402297
v -0.01223541 0.57486367 0.16982549
v -0.00729552 0.65903211 0.0806511
v -0.00171072 0.67705357 0.09981745
v -0.00553088 0.70039785 -0.14503509
v 0.02552228 -0.88968658 0.11087434
v -0.01160316 -0.88741428 -0.01962791
v 0.02069761 -0.88506079 -0.03590673
v 0.03255009 -0.88014781 0.51272488
v 0.00638531 -0.86366749 0.49546579
v 0.00640692 -0.85739416 0.6513198
v 0.00306522 -0.41744146 -0.27212343
v 0.02588007 -0.38244346 0.12260856
v 0.01116549 -0.33409807 -0.24727842
v 0.01948564 -0.31299117 -0.24927597
v -0.01249449 -0.13728514 0.28401133
v -0.01060752 -0.13017763 0.25490832
v -0.01073855 -0.14208509 0.30054563
v 0.01275071 -0.05444437 0.214343
v 0.05786547 0.00141282 0.32200637
v -0.0102865 0.03746286 -0.72104096
v 0.00253606 0.00644307 -0.62418044
v -0.00968927 0.05589268 -0.71775448
v 0.01415265 0.05716581 0.40829715
v -0.00715594 0.08524326 -0.64160699
v -0.00733236 0.11564654 -0.69137216
v -0.01414203 0.08544243 -0.66611373
v 0.00795533 0.14534183 -0.62522936
v -0.00083278 0.13464391 0.4864251
v 0.0063096 0.16635619 -0.54891056
v -0.01268356 0.17213231 -0.44183251
v 0.01455449 0.2103401 0.48463652
v 0.00821787 0.21995315 -0.53565091
v 0.00235437 0.21968657 -0.40130565
v 0.0108612 0.28206614 -0.64331108
v 0.00630855 0.27043927 -0.67186725
v -0.00223406 0.26976764 -0.2734277
v 0.00366573 0.31048369 -0.2630994
v 0.01310343 0.30418077 -0.48659262
v -0.00960915 0.3596155 -0.34209993
v 0.01071502 0.34685424 -0.47679159
v -0.01102462 0.36301556 -0.35260457
v -0.00467757 0.37297204 -0.34651402
v -0.01033497 0.44278386 -0.4627341
v -0.00833859 0.37174037 -0.16824701
v 0.03178226 0.42852655 -0.33974621
v -0.00184288 0.46308723 -0.4765408
v -0.01131162 0.48016936 -0.2293403
v -0.01129258 0.48064855 -0.21897507
v -0.01017969 0.46411774 -0.1855454
v -0.02236823 0.48202634 -0.1942465
v 0.02958084 0.47150269 -0.36212122
v 0.02168301 0.48606879 -0.13294291
v -0.00667635 0.52402544 -0.22072491
v 0.00384686 0.53724653 -0.17960051
v -0.00129997 0.56784248 0.03486773
v 0.00256113 0.54383928 0.1170728
v 0.01960317 0.58431512 -0.43836972
v 0.01171532 0.58364272 -0.02553297
v 0.00557812 0.65644264 -0.26163065
v 0.00502598 0.65651721 -0.10319747
v 0.01119693 0.68620318 0.12382638
v -0.00582112 0.75448292 0.0437385
v 0.02400983 0.77222145 0.15431605
v 0.00834123 0.74796337 0.09610222
v 0.01367868 -0.90033937 0.34366095
v 0.01186049 -0.90014327 0.36366394
v 0.02787847 -0.90050942 0.33728594
v 0.01499242 -0.89063245 0.33409399
v 0.01869382 -0.8891747 0.44750324
v 0.05696883 -0.86053389 0.59304398
v 0.00229679 -0.85179234 -0.32992926
v -2.225E-05 -0.86283308 -0.34583005
v 0.02011684 -0.49765757 0.07836688
v 0.0158962 -0.41391346 0.17715336
v 0.0025861 -0.12520601 0.31118417
v 0.01787661 -0.04838 0.43121547
v 0.03653421 0.03455026 0.42307475
v 0.0103131 0.02318289 -0.70439178
v 0.00950099 -0.00658848 -0.56199914
v 0.00586115 0.06404244 -0.48464835
v 0.00751609 0.06886981 -0.77424765
v 0.05244073 0.08238462 0.3811425
v 0.00190646 0.09578963 -0.70279765
v 0.00956293 0.07184737 -0.65422732
v 0.02613108 0.12367444 -0.57447356
v 0.01642578 0.09094839 -0.49919343
v 0.05485073 0.16221713 0.29951459
v 0.01493667 0.2119747 -0.58577091
v 0.02374054 0.25231662 -0.44015878
v 0.03335361 0.26382744 -0.685422
v -0.00600095 0.26957726 -0.22570428
v 0.02231787 0.31285423 -0.50318956
v 0.03104092 0.32645398 -0.48767462
v -0.00321097 0.34462452 -0.28857079
v 0.02671116 0.36783713 -0.33826733
v 0.02239848 0.32764798 -0.56204885
v 0.00425445 0.37699378 -0.33497632
v 0.00858869 0.37150016 -0.53978908
v 0.03046943 0.40437752 -0.36474839
v 0.01103229 0.38100004 -0.20284458
v 0.01840535 0.42024693 -0.1050579
v 0.00454742 0.39804924 -0.09468664
v 0.00319587 0.46491849 -0.46076664
v 0.02286188 0.46030286 -0.32702759
v 0.00504262 0.46502659 -0.2541683
v -0.00332352 0.48060006 -0.23206101
v 0.02119958 0.4548035 0.11757747
v -0.00267144 0.52070081 -0.26670474
v 0.00319188 0.51579106 -0.28904158
v 0.02279666 0.55030775 -0.02173109
v -0.00117785 0.6512717 -0.05871091
v 0.01178869 0.6547296 0.09751567
v 0.0110267 -0.89434749 0.352902
v 0.04683783 -0.88080454 0.07856887
v 0.01345374 -0.88725209 0.23511222
v 0.057682 -0.88179827 0.53185093
v 0.03041519 -0.87203217 0.53693283
v 0.06321307 -0.87022525 0.60749078
v 0.04248588 -0.8617543 0.63524967
v 0.06656057 -0.86523235 -0.26397705
v 0.07171602 -0.57957661 -0.02519975
v 0.00685395 -0.47181877 -0.22402172
v 0.0131918 -0.35851672 0.16847241
v 0.01282894 -0.21471703 -0.32236069
v 0.03067805 -0.07224688 0.2387135
v 0.07025898 -0.01186467 0.3551985
v 0.02200095 0.0051125 -0.57825512
v 0.01043187 0.03156137 -0.63743842
v 0.02230871 0.03008854 -0.57857084
v 0.00939824 0.06188121 -0.55408704
v 0.01853559 0.15726385 -0.63009608
v 0.02409854 0.14849241 -0.49559912
v 0.01608446 0.16504858 -0.47175473
v 0.00926836 0.17324056 -0.54816073
v -0.00257932 0.18646535 -0.58289224
v 0.02702287 0.22691624 0.48593435
v 0.03581857 0.23562275 -0.64883047
v 0.02300401 0.25951639 -0.23478666
v 0.01583811 0.28347373 -0.22388697
v 0.02313773 0.32906669 -0.33363587
v 0.0018762 0.33134115 -0.25394952
v 0.00594627 0.34981409 -0.26242751
v 0.02014897 0.35149053 -0.52676147
v 0.0385048 0.36018166 -0.60621923
v 0.02308572 0.40982494 -0.17731327
v 0.01552925 0.42619202 -0.20657472
v 0.01106318 0.44240844 -0.48682559
v 0.00897896 0.49483314 -0.27501836
v 0.02319002 0.51050645 -0.2015873
v 0.0225952 0.4569582 -0.11094265
v 0.01597021 0.51248479 -0.24515954
v 0.02489601 0.53938556 -0.19708416
v 0.01837998 0.50498611 0.06864485
v 0.01970431 0.54721272 -0.39045501
v 0.03269973 0.51336402 -0.35852805
v 0.0164786 0.53745568 -0.0783384
v 0.01734963 0.53151333 0.02923755
v 0.00439002 0.48295832 0.01874962
v 0.01972223 0.53202629 0.14886963
v 0.02871502 0.54022318 0.0077113
v 0.02529011 0.5954107 0.1230253
v -0.0147557 0.6054787 -0.06833715
v 0.02049849 0.57782573 -0.39710033
v 0.01396857 0.61185271 -0.4565784
v 0.00243359 0.58576661 -0.18968257
v 0.00715666 0.59157926 -0.1999042
v 0.01077636 0.58476752 -0.20923714
v 0.01206239 0.61582017 -0.01825971
v 0.01724304 0.59488899 -0.21031654
v 0.01757092 0.60886455 -0.22346248
v 0.0559101 0.80672789 0.06597954
v 0.01742679 -0.89236659 0.21311466
v 0.04703965 -0.88849336 -0.08536079
v 0.04305651 -0.88780469 0.22629334
v 0.00230695 -0.88389665 0.21591496
v 0.0292061 -0.87972444 0.17875363
v 0.01282885 -0.88544929 0.17881204
v 0.02246702 -0.87111771 0.42806497
v 0.02145769 -0.86608559 0.66131026
v 0.01595513 -0.86010706 0.67647517
v 0.02158492 -0.86371893 -0.38307747
v 0.02868126 -0.85272831 0.62538362
v 0.06381945 -0.58095312 0.1156579
v 0.02999137 -0.54135096 0.16355237
v 0.03623545 -0.51005846 0.09069771
v 0.05397359 -0.56069982 -0.10380021
v 0.04553092 -0.28757712 0.21006267
v 0.02136709 -0.12846689 -0.33294606
v 0.02198155 -0.12886204 -0.40335542
v 0.05087938 -0.06875069 -0.46654055
v 0.02418992 0.05134161 -0.72038728
v 0.03152042 0.08976198 -0.58488762
v 0.03261323 0.0678328 -0.60904473
v 0.01869281 0.07789876 -0.60486978
v 0.02999422 0.08569518 -0.64293987
v 0.01571387 0.16540283 -0.59829384
v 0.01977816 0.16809364 -0.59325874
v 0.02074639 0.19981587 -0.4604663
v 0.00829459 0.20925225 -0.62705147
v 0.05524875 0.18548626 0.39709041
v 0.04000476 0.28885999 -0.44798401
v 0.01248491 0.2824176 -0.26530421
v 0.03406639 0.3191013 -0.30537671
v 0.02320047 0.34243879 -0.25966358
v 0.02242708 0.38499686 -0.1749963
v 0.00664281 0.42549309 -0.64800155
v 0.03581962 0.41059038 -0.59504378
v 0.04033491 0.45564646 -0.43117949
v 0.02618605 0.42281216 -0.214616
v -0.00409654 0.45190406 -0.52969533
v 0.01758868 0.4001157 -0.49324945
v 0.01638933 0.49161848 -0.55643022
v 0.01016069 0.4926877 -0.57456142
v 0.02635696 0.46824321 -0.24239433
v 0.01769153 0.49291006 -0.10849921
v 0.01957571 0.46846688 0.0407907
v 0.03168605 0.54806918 -0.27011332
v 0.0330809 0.5113402 -0.00146702
v 0.01840504 0.53384334 -0.30098459
v 0.0095265 0.55931574 -0.28291288
v 0.01564208 0.50041425 -0.03660939
v 0.06350911 0.54905057 0.13850746
v 0.00401783 0.59256405 -0.0484463
v 0.01156792 0.58463705 -0.19246607
v 0.04117614 0.67900914 -0.09225143
v 0.03219038 0.72726351 0.16558163
v 0.04501583 -0.88884002 0.38415995
v 0.04641603 -0.88215226 0.03100492
v 0.02252747 -0.88459837 0.21736948
v 0.05929458 -0.88450181 -0.21001463
v 0.08525768 -0.87954223 -0.22199315
v 0.07364379 -0.8782177 -0.18264411
v 0.01131856 -0.86715788 0.69127113
v 0.07563451 -0.85825217 -0.36037296
v 0.03408849 -0.52355629 -0.17271532
v 0.05797296 -0.50086039 -0.20658113
v 0.05260377 -0.48614046 -0.24921909
v 0.04683929 -0.39250833 -0.28903601
v 0.03344136 -0.35223848 0.15670894
v 0.05172036 -0.23722932 -0.34559324
v 0.02125255 -0.25800887 -0.34317556
v 0.03843734 -0.21071717 -0.31062359
v 0.05465016 -0.19118008 -0.2799539
v 0.06186279 -0.21392564 0.25973648
v 0.02309773 -0.1079559 -0.44223315
v 0.02657043 -0.02925862 -0.6003179
v 0.02791243 -0.0579321 -0.53516978
v 0.08179101 -0.00404321 0.19360633
v 0.02539286 0.03079732 0.25088248
v 0.02650734 0.14854126 -0.604765
v 0.05367794 0.16179441 0.42206886
v 0.03343316 0.1265558 -0.50891525
v 0.01881086 0.15985543 -0.57151854
v 0.03700248 0.21170141 -0.66424704
v 0.03533232 0.23540086 -0.55213964
v 0.04378662 0.24219477 -0.56690031
v 0.019841 0.25496483 -0.48610374
v 0.00734399 0.28716618 -0.51894903
v 0.03204279 0.2601178 -0.51862526
v 0.05392336 0.29872313 0.47049007
v 0.0251925 0.30380669 -0.72217184
v 0.00204219 0.30233619 -0.53539151
v 0.02332763 0.2949318 -0.49375892
v 0.03967582 0.30919185 -0.58323872
v 0.04018607 0.35589886 -0.27559683
v 0.05414459 0.37237298 -0.28929117
v 0.04892353 0.36605552 -0.53445417
v 0.02329085 0.37552705 -0.46604249
v 0.03461388 0.36366203 -0.10514369
v 0.08745527 0.3890557 0.41660318
v 0.02946224 0.47289711 -0.579261
v 0.05003179 0.44950041 -0.49447232
v 0.04149148 0.48421088 -0.47512063
v 0.05930941 0.49338001 0.2662687
v 0.15362538 0.43801758 0.2981227
v 0.03941109 0.54264295 -0.10254991
v 0.0314685 0.54568774 0.12644863
v 0.03504209 0.57464772 -0.3071698
v 0.05675668 0.57325238 0.25510734
v 0.02810401 0.55930996 0.04027284
v 0.0173091 0.58292598 -0.33182025
v 0.00565393 0.60114044 -0.34232169
v 0.02513209 0.58787781 -0.36525792
v 0.0541524 0.58330363 0.19354293
v 0.03062196 0.61455691 0.00268792
v 0.06183123 0.62863153 0.15855961
v 0.04510988 0.72445995 0.14350991
v 0.06533549 0.83877647 0.0842692
v 0.03565824 -0.89276326 0.19887951
v 0.03821371 -0.88492548 0.2073034
v 0.04926571 -0.88569778 0.49058902
v 0.02829485 -0.87677997 -0.39818347
v 0.06179098 -0.87970108 0.66688704
v 0.05284008 -0.86733162 -0.35099563
v 0.05738739 -0.86653119 0.66527617
v 0.04775446 -0.8633132 0.65207249
v 0.04259183 -0.53749883 0.05463995
v 0.04174484 -0.36167699 0.16561116
v 0.04165874 -0.18147957 0.28529719
v 0.04714075 -0.15377495 -0.29462257
v 0.04192408 -0.1289026 -0.35800925
v 0.04773224 -0.05457873 -0.49863592
v 0.05808255 0.0080657 0.41158915
v 0.07143405 0.03464589 0.2824893
v 0.04874722 0.07854649 -0.58701801
v 0.03668062 0.09309586 -0.49026167
v 0.04198167 0.17325306 -0.56658077
v 0.05676401 0.18287006 0.29520437
v 0.02372588 0.19381556 -0.68107957
v 0.0440967 0.19364083 -0.50417149
v 0.04130797 0.25419599 0.49041945
v 0.04535071 0.29244617 -0.4585427
v 0.03600454 0.32868013 -0.45809191
v 0.0355133 0.4075889 -0.4814114
v 0.03696425 0.39096335 -0.06860755
v 0.06107742 0.419981 -0.67294616
v 0.03579783 0.41193357 -0.25374418
v 0.04747949 0.44711435 -0.29673105
v 0.06191776 0.43064821 -0.5256415
v 0.03837054 0.45592633 -0.05738899
v 0.01822768 0.43895039 -0.03638931
v 0.02957723 0.42263937 -0.03739867
v 0.03231067 0.47812518 -0.02425179
v 0.03461399 0.46437249 -0.00224675
v 0.03906921 0.46601537 0.02630946
v 0.05620499 0.50992125 -0.28075606
v 0.04425842 0.49319622 -0.58324021
v 0.04660838 0.50061095 0.11934942
v 0.0378304 0.50112307 -0.17744797
v 0.04771799 0.55917001 -0.30510375
v 0.05826806 0.56997961 0.04452265
v 0.03854282 0.61389232 -0.06517117
v 0.05003224 0.63047373 -0.03154533
v 0.06933717 0.6814059 0.13226682
v 0.06710847 0.83114702 0.05190189
v 0.07924589 -0.90173936 0.28084439
v 0.05933153 -0.88863987 0.13692191
v 0.05090695 -0.86927086 -0.45040414
v 0.0370272 -0.87442493 0.75978059
v 0.04456601 -0.85714716 0.78702533
v 0.09255847 -0.4774994 0.14940752
v 0.05074923 -0.29908147 -0.26939118
v 0.05668131 -0.30885607 0.18853685
v 0.05961303 -0.15351807 -0.40274173
v 0.05865839 -0.0904898 -0.33455431
v 0.03987236 -0.08428288 -0.30725273
v 0.06009659 -0.13447082 -0.29583651
v 0.07404849 0.02141227 0.19980992
v 0.05181656 0.11732536 -0.5177207
v 0.04730023 0.09875491 0.40408316
v 0.03312964 0.12496542 -0.57470143
v 0.05905646 0.15274428 -0.61788458
v 0.05692731 0.17889173 0.45035428
v 0.03516942 0.1677793 -0.50957471
v 0.04188548 0.19698673 -0.70183825
v 0.05210723 0.21781622 -0.60487157
v 0.06593712 0.22933371 0.32289791
v 0.04843219 0.20825113 -0.69099581
v 0.04964493 0.22415419 0.44830558
v 0.06517968 0.22027071 -0.56350464
v 0.05190782 0.2474122 0.44571286
v 0.07176233 0.26986313 -0.56606758
v 0.04321777 0.29747561 -0.46049574
v 0.04049001 0.32062292 -0.77184194
v 0.05256712 0.3279404 -0.7456916
v 0.04605023 0.34001511 -0.34286973
v 0.04105015 0.3396534 -0.42385539
v 0.04489784 0.40548319 -0.09179148
v 0.1104693 0.4084911 0.37954053
v 0.06049645 0.4397985 -0.64997101
v 0.05437733 0.42657173 -0.04093768
v 0.03265043 0.45409933 -0.68609995
v 0.04149992 0.43794507 -0.73538935
v 0.05326015 0.43682307 -0.21538213
v 0.04686404 0.45411971 -0.73277807
v 0.04523265 0.44230786 -0.31867445
v 0.05045264 0.45461586 -0.20889917
v 0.05542118 0.50861126 0.099675
v 0.04343784 0.44790369 -0.17388478
v 0.04894037 0.51194352 -0.14964795
v 0.03480138 0.5497843 -0.13984075
v 0.0565683 0.54070038 -0.07458545
v 0.04442598 0.60948288 -0.34681693
v 0.07289396 0.81305391 0.111131
v 0.09576598 -0.88771445 -0.15532947
v 0.0925091 -0.89770073 0.12998199
v 0.06414984 -0.88383216 0.04380594
v 0.0835396 -0.89078665 0.33820739
v 0.07275064 -0.88205099 -0.47345617
v 0.04968951 -0.87960893 -0.42253536
v 0.04804023 -0.87659878 -0.48115686
v 0.07607264 -0.87546092 0.00048128
v 0.06375832 -0.87627196 0.51814377
v 0.09309096 -0.86130792 0.70776927
v 0.06061459 -0.28012139 -0.25408438
v 0.06658984 -0.16099326 -0.44373071
v 0.05378317 -0.15520032 -0.46827239
v 0.04422189 -0.12589926 -0.48656446
v 0.06445305 -0.05259373 -0.57244492
v 0.04496163 -0.04094986 -0.63422167
v 0.06088576 -0.01591166 -0.59845531
v 0.06104959 -0.00657927 -0.5998407
v 0.04569321 0.04690271 -0.60476345
v 0.05484186 0.13594933 -0.51433682
v 0.05168282 0.17036764 -0.6636427
v 0.07259604 0.26516718 -0.5820483
v 0.07121989 0.28605998 -0.71629578
v 0.07117836 0.30877182 -0.70534414
v 0.06258447 0.32614225 -0.57435739
v 0.05204565 0.31156355 -0.39719775
v 0.03476758 0.31561527 -0.38230416
v 0.0522313 0.35302779 -0.79702926
v 0.06346505 0.34071574 -0.80301756
v 0.07117507 0.3457759 -0.09507309
v 0.05183947 0.42570281 -0.32135952
v 0.06025692 0.45775598 0.0156635
v 0.0509594 0.48454344 -0.23648575
v 0.05496041 0.46951854 -0.50239968
v 0.06663123 0.48382515 -0.05916009
v 0.05029573 0.57162791 -0.16067402
v 0.05193134 0.57394797 -0.1256109
v 0.09116127 0.56561643 -0.01042473
v 0.07181845 0.60341251 -0.0408223
v 0.06074091 0.59242213 -0.33868188
v 0.09314316 0.62419426 0.17942102
v 0.0651831 0.62248951 -0.00497086
v 0.06109815 0.65022391 -0.06317635
v 0.08715323 0.68843377 0.19259755
v 0.06584515 0.76886833 0.11159506
v 0.09425692 -0.88623881 0.16411452
v 0.07844632 -0.87470478 -0.19796585
v 0.07475002 -0.87058872 0.62873739
v 0.10582075 -0.86067462 -0.35933575
v 0.09809242 -0.52807128 0.12552625
v 0.07504808 -0.50128394 0.10474759
v 0.09988733 -0.45100909 -0.27156493
v 0.07181575 -0.26491073 0.18026541
v 0.13179922 -0.21407178 -0.24602948
v 0.06715968 -0.16935351 -0.31034157
v 0.05887106 -0.15919437 -0.52614892
v 0.06699321 -0.15209855 -0.37032121
v 0.06106383 -0.09251647 -0.46339312
v 0.10647572 -0.03844865 0.28792652
v 0.06687078 -0.02239961 -0.5474782
v 0.05362206 -0.01841139 -0.45624191
v 0.06097231 -0.05695838 -0.41322008
v 0.07465571 0.0557694 0.22509304
v 0.06169565 0.04745782 -0.56900811
v 0.05457954 0.12843232 -0.63429403
v 0.06997194 0.14534426 -0.57494539
v 0.06937863 0.16065873 -0.63341522
v 0.061585 0.15519646 -0.62409508
v 0.0598206 0.18532446 -0.60322112
v 0.0750522 0.16122767 0.41093448
v 0.09963124 0.29875633 0.48004696
v 0.07629164 0.28713211 -0.60792011
v 0.06323147 0.30075529 -0.47993335
v 0.06017395 0.28979042 -0.40043375
v 0.05844251 0.31509909 -0.36012822
v 0.07665549 0.37136158 -0.41185004
v 0.07038856 0.33584973 -0.06558125
v 0.07537023 0.42091298 -0.47073913
v 0.06911508 0.44248441 -0.69405746
v 0.07839685 0.40801883 -0.39787054
v 0.05822612 0.4601602 -0.25504175
v 0.05892312 0.45142496 -0.78104782
v 0.07183041 0.47534242 -0.44625244
v 0.07300754 0.52179402 -0.34176821
v 0.03908899 0.52903247 -0.38003829
v 0.05921048 0.49397087 -0.37603021
v 0.06642862 0.53952438 -0.18763326
v 0.06305203 0.50155622 0.00275898
v 0.0782306 0.52144039 0.25244218
v 0.06419925 0.58367705 -0.29731411
v 0.07707011 0.55545169 -0.27919701
v 0.07588805 0.58289528 0.17504537
v 0.05608959 0.59382385 -0.18301111
v 0.04607148 0.63825482 -0.2141477
v 0.0459439 0.61022151 -0.22146307
v 0.0724998 0.59571576 0.01537902
v 0.05298385 0.66631305 -0.26195243
v 0.04841364 0.66156554 -0.23094113
v 0.05202214 0.68801355 -0.26341975
v 0.1160838 -0.89879531 0.36701256
v 0.08009803 -0.87666261 -0.17055354
v 0.05621358 -0.88696235 0.21318935
v 0.07919701 -0.886213 0.23987655
v 0.06645992 -0.87671506 -0.20394799
v 0.10099395 -0.51998109 -0.1769495
v 0.09638858 -0.4080652 0.1536539
v 0.09238952 -0.10984185 0.30342603
v 0.06790324 -0.10236884 -0.51801986
v 0.06984092 -0.0790708 -0.52744919
v 0.06431103 -0.10409404 -0.56361359
v 0.08057112 -0.074426 -0.30239692
v 0.08697199 -0.08275302 -0.28760877
v 0.06986769 -0.0633278 -0.62217742
v 0.05753229 -0.07335187 -0.66350389
v 0.07618627 -0.04056491 -0.66972947
v 0.07274569 -0.00496057 -0.42390323
v 0.06094278 0.07075609 0.40010121
v 0.06576782 0.1490197 0.40155673
v 0.08360736 0.17053583 -0.58940578
v 0.06669541 0.16815554 -0.63494438
v 0.08858463 0.18406419 0.29396415
v 0.11264121 0.21183635 0.41468391
v 0.07159188 0.21257348 -0.60027903
v 0.06254303 0.32937765 -0.64712459
v 0.06647438 0.35803071 -0.34374472
v 0.07575497 0.32393914 -0.4935905
v 0.08982263 0.37185797 -0.57155663
v 0.06813148 0.39300549 -0.31618696
v 0.07261173 0.40619227 -0.62150717
v 0.07798179 0.47027799 -0.78673464
v 0.06217561 0.47733712 -0.34431329
v 0.06086983 0.50758904 -0.53082651
v 0.08398646 0.51715434 -0.20633043
v 0.09337499 0.54547805 -0.00501269
v 0.06179475 0.56696934 -0.39181307
v 0.0823545 0.5341177 -0.08611474
v 0.05983085 0.6074838 -0.44166994
v 0.08332065 0.55365455 -0.42803827
v 0.08152185 0.61527175 0.21714322
v 0.06257423 0.71311164 -0.29714727
v 0.06634863 -0.88256055 -0.19972636
v 0.09143045 -0.88473165 0.00544808
v 0.14105691 -0.87814784 0.19237706
v 0.13357808 -0.87737691 0.40393561
v 0.10631315 -0.87534237 -0.44039565
v 0.11257832 -0.87283736 -0.0623668
v 0.09328912 -0.88572061 0.12434451
v 0.09822427 -0.87502831 0.17179202
v 0.0903421 -0.88216472 0.48869458
v 0.09381046 -0.8714124 0.04862151
v 0.12064439 -0.86543709 0.70538086
v 0.0817577 -0.84938693 0.79115045
v 0.09711023 -0.59044218 0.00782712
v 0.10679594 -0.50124145 0.13802138
v 0.09778751 -0.21310993 0.25988829
v 0.07395355 -0.16685358 -0.51392096
v 0.07072543 -0.13209414 -0.45902583
v 0.0906485 -0.10746893 -0.34262276
v 0.09280519 -0.11805477 -0.28738162
v 0.07687482 -0.06654906 -0.46528754
v 0.09095613 -0.03914363 -0.60580081
v 0.06889887 0.01531922 -0.66917175
v 0.10943096 0.02672899 0.31471765
v 0.07923178 0.05187146 -0.5256483
v 0.08414239 0.09573855 -0.60501271
v 0.07128679 0.10706544 -0.51824474
v 0.07570904 0.09316609 0.38889289
v 0.07973216 0.13836171 -0.66234797
v 0.11516706 0.2735188 0.47037852
v 0.07186703 0.31356204 -0.73875374
v 0.07241502 0.32821321 -0.40788656
v 0.07239574 0.32242942 -0.58859569
v 0.08724379 0.34798935 -0.66531456
v 0.0891303 0.36903992 -0.05897279
v 0.07445 0.44833633 -0.75496292
v 0.09818097 0.4290055 -0.43209508
v 0.08084489 0.4657726 -0.23131223
v 0.08254492 0.4743053 -0.19798072
v 0.08045504 0.53096914 -0.51895988
v 0.07084262 0.53383875 -0.55363655
v 0.07884719 0.5433948 0.07794815
v 0.08694556 0.58615547 -0.21607013
v 0.07817206 0.54168487 0.21264365
v 0.07671743 0.5707044 -0.30058426
v 0.09688149 0.57552582 -0.13339205
v 0.06465829 0.61166489 -0.42773941
v 0.09492689 0.67783201 -0.26633883
v 0.09493497 0.66536725 -0.0807483
v 0.09764436 0.66507232 -0.22351582
v 0.07673916 0.73093712 -0.29123271
v 0.13957086 -0.87797368 -0.05287486
v 0.10655018 -0.87684733 -0.49772158
v 0.07714245 -0.87823915 -0.18923545
v 0.11849421 -0.87633926 0.59785938
v 0.11781167 -0.87859935 -0.25716773
v 0.11019368 -0.86271185 -0.20614202
v 0.09982118 -0.85830754 0.75169021
v 0.09609945 -0.86993074 0.57460946
v 0.1035312 -0.50800222 0.11878488
v 0.10624291 -0.35830837 0.13603328
v 0.1079195 -0.37532142 -0.30285925
v 0.09048694 -0.29031029 0.18895556
v 0.08072087 -0.28450108 -0.27344009
v 0.08132406 -0.20470135 0.21968767
v 0.08480635 -0.0953384 -0.53381598
v 0.09974454 -0.0818241 -0.63192922
v 0.10923061 -0.05837509 -0.67608887
v 0.07923 -0.00204504 -0.57667738
v 0.08977132 -0.01425303 0.3300212
v 0.09485782 0.04226787 -0.70445293
v 0.09418445 0.13364714 0.35547367
v 0.09533363 0.1186469 -0.48281276
v 0.09023658 0.24449322 -0.63495529
v 0.1051717 0.25949219 0.40317011
v 0.09131475 0.2753014 -0.65596551
v 0.09596172 0.2938661 -0.53301823
v 0.10247936 0.32721302 -0.4346776
v 0.08834641 0.36958113 -0.60165668
v 0.10581905 0.4581264 -0.50726449
v 0.09280711 0.45469457 -0.78735131
v 0.08843401 0.49052492 -0.06066437
v 0.08705159 0.47076422 -0.82340318
v 0.08199599 0.54266417 -0.04207265
v 0.08087201 0.52022505 -0.56100142
v 0.09322081 0.55447268 0.05213886
v 0.09248356 0.59297752 0.12540631
v 0.08171609 0.56850922 0.01498453
v 0.11348522 0.57982534 -0.44027653
v 0.08681399 0.66314906 -0.4924272
v 0.10650281 0.63999724 -0.47794464
v 0.09114022 0.63127089 -0.43266067
v 0.07594543 0.68013662 -0.07789771
v 0.08777174 0.73384374 -0.31021643
v 0.11756928 -0.88285339 -0.08796468
v 0.09374955 -0.88451391 0.04329656
v 0.08288337 -0.87811059 -0.18410464
v 0.09759527 -0.8758381 0.58171499
v 0.07557952 -0.85682535 -0.80098027
v 0.08190155 -0.86752629 -0.77832633
v 0.08344343 -0.857544 -0.77173859
v 0.07574197 -0.87381715 -0.71351421
v 0.08524882 -0.84500945 -0.84110546
v 0.1239055 -0.48699728 -0.22740716
v 0.133743 -0.25598991 -0.23073511
v 0.10375881 -0.21355282 0.22288072
v 0.09783011 -0.11646707 -0.42666888
v 0.09712844 -0.10802464 -0.40916064
v 0.10059232 -0.12394722 -0.37755641
v 0.09370822 -0.0815123 -0.67728454
v 0.08146615 -0.03928675 -0.29297832
v 0.09704012 -0.03222419 -0.27537864
v 0.09079304 -0.03224236 -0.49226779
v 0.09118834 -0.00136993 -0.49279428
v 0.08816831 0.02297514 -0.54915988
v 0.08887354 0.01121676 -0.67514884
v 0.09442576 0.02327937 -0.6942175
v 0.09700213 0.04302161 -0.66382909
v 0.11682792 0.0733641 0.18096393
v 0.09776162 0.06543911 0.38199809
v 0.10722619 0.15062922 0.3815361
v 0.10567569 0.15750934 -0.53865653
v 0.10139784 0.15892611 -0.63846362
v 0.09901808 0.25846067 -0.6050325
v 0.08775359 0.32585719 -0.51077855
v 0.10241696 0.33940959 -0.63716906
v 0.08465381 0.33497992 -0.54294682
v 0.10423248 0.33715335 0.44992092
v 0.10087278 0.3772535 -0.3109473
v 0.11634145 0.41958016 -0.34060344
v 0.11143947 0.44551125 -0.43789813
v 0.10797274 0.48682073 -0.36779222
v 0.0899238 0.47887111 -0.25951153
v 0.11016273 0.5049082 0.1061378
v 0.09897958 0.52587527 -0.18255785
v 0.08097877 0.55375528 -0.59889811
v 0.08682013 0.55749369 -0.56849629
v 0.09598808 0.55576265 -0.37929961
v 0.08173195 0.57115489 0.09036705
v 0.10329953 0.68509161 -0.49223569
v 0.1018989 0.67574841 -0.05463498
v 0.10245778 0.69771558 0.15989624
v 0.11024445 0.84361321 0.04973475
v 0.10468945 0.85097778 0.06329548
v 0.10848702 0.86651689 0.01846806
v 0.14064191 -0.88323408 0.40820199
v 0.14152522 -0.87529808 -0.16393463
v 0.13478567 -0.86869764 0.11713166
v 0.116005 -0.8605113 -0.6438157
v 0.10207922 -0.87297457 -0.64810354
v 0.11154565 -0.86334115 -0.44334388
v 0.11675939 -0.56810766 -0.08233673
v 0.13963081 -0.59558219 0.03301385
v 0.12388074 -0.31465888 0.15633032
v 0.1032223 -0.26870567 0.19833592
v 0.10539965 -0.19057745 -0.27031726
v 0.09650061 -0.06881869 -0.29672968
v 0.09845263 -0.01694979 0.24086595
v 0.10872081 0.03450673 0.35101005
v 0.10684414 0.02779386 -0.63260907
v 0.11704946 0.05964939 -0.53349632
v 0.09092078 0.26483339 -0.54030788
v 0.10476555 0.32177424 -0.64131969
v 0.13796295 0.33542341 0.44823822
v 0.09855801 0.36482134 -0.40255412
v 0.09809573 0.36383021 -0.45526111
v 0.1144572 0.43993491 -0.4757672
v 0.09185793 0.48843017 -0.84997457
v 0.11451923 0.48709667 -0.20410351
v 0.0964018 0.52892643 -0.33106282
v 0.12075686 0.49063313 -0.48716196
v 0.10019275 0.57523882 -0.01720599
v 0.12002127 0.57554531 -0.20345148
v 0.0937153 0.57927966 -0.0438575
v 0.11073989 0.59141725 -0.63910609
v 0.0986584 0.61235863 0.04913564
v 0.09710663 0.62411374 0.13007414
v 0.11265089 0.62143707 -0.01226401
v 0.11862648 0.65329689 0.18741095
v 0.14445493 0.66528445 0.17301598
v 0.09141633 0.72525495 -0.09686287
v 0.10261292 0.72860307 -0.08795904
v 0.12996049 -0.89429259 0.49115527
v 0.1341366 -0.88148105 0.49850169
v 0.16546625 -0.86646426 -0.6392135
v 0.1386078 -0.86749303 -0.2472636
v 0.1064508 -0.84606969 -0.86475354
v 0.11778333 -0.15178761 -0.27872151
v 0.11947504 -0.09827705 -0.45448664
v 0.11033902 -0.04035621 -0.5023973
v 0.10379566 -0.0289443 -0.55965
v 0.08830316 -0.04642397 -0.57602501
v 0.11062983 0.02694586 -0.67079127
v 0.10755569 0.03391596 -0.52337754
v 0.11970644 0.03690965 0.17875132
v 0.1139619 0.029952 -0.7265361
v 0.10622973 0.03642053 -0.35620698
v 0.08532016 0.0490058 -0.32001275
v 0.09140982 0.01734619 -0.33121562
v 0.11731971 0.07820453 0.21311028
v 0.12533991 0.12158553 -0.56933516
v 0.10316566 0.18325448 0.38071749
v 0.10925378 0.2203207 0.32221082
v 0.10583347 0.19841523 -0.42611298
v 0.09577718 0.19247633 -0.46563977
v 0.09082117 0.20955171 -0.46588987
v 0.09690074 0.24128601 -0.48055008
v 0.10137478 0.21836817 -0.51207215
v 0.11862583 0.23887271 -0.58845955
v 0.10338112 0.2932469 -0.52235186
v 0.10581291 0.28717524 -0.56613815
v 0.11383221 0.30698174 -0.57738143
v 0.11686276 0.31845894 -0.6106438
v 0.12608655 0.34083518 -0.51174611
v 0.12087778 0.39028564 -0.19743678
v 0.0914947 0.36521167 -0.22689995
v 0.08530758 0.387346 -0.23248492
v 0.10779007 0.40183803 -0.22972099
v 0.14045571 0.42169061 0.35229102
v 0.10958201 0.44919533 -0.22723739
v 0.10014211 0.460026 -0.18999505
v 0.14848153 0.44856802 0.25244123
v 0.10987815 0.47355095 -0.80821007
v 0.09888835 0.49325475 -0.07656115
v 0.12134122 0.45124289 -0.10170656
v 0.08987302 0.48030847 -0.11483683
v 0.10247898 0.47813073 -0.26117438
v 0.11073338 0.50537831 -0.30401251
v 0.09818792 0.5207898 -0.2474056
v 0.12452429 0.52403975 -0.51827002
v 0.10888722 0.52844089 -0.20333539
v 0.12929438 0.52805424 0.11890274
v 0.12303758 0.54394776 -0.601897
v 0.10838974 0.56626743 -0.33309966
v 0.09993752 0.52089763 -0.29372275
v 0.1144488 0.56766599 -0.06973598
v 0.11136652 0.5890522 -0.11366703
v 0.10378116 0.59238166 -0.02821434
v 0.12424018 0.61354226 0.02281072
v 0.10136989 0.60720557 -0.03836094
v 0.10595076 0.62276125 -0.08350945
v 0.09760135 0.59656596 -0.02898256
v 0.10838515 0.65245986 -0.07061806
v 0.11642415 0.71450835 -0.10098902
v 0.10480087 0.70117408 -0.26859879
v 0.11287419 0.73145545 -0.29831818
v 0.09917656 0.75080246 -0.31417763
v 0.16081624 -0.87101454 -0.10132436
v 0.13548316 -0.87405121 0.07842216
v 0.1448272 -0.88255376 0.36078849
v 0.1285089 -0.88152754 -0.50290161
v 0.11765907 -0.88001364 -0.47871545
v 0.13013066 -0.8702541 -0.52137232
v 0.09889884 -0.87134993 -0.56200027
v 0.13615929 -0.86743331 -0.00153173
v 0.11200343 -0.85935867 -0.59690255
v 0.11432546 -0.86766702 -0.60720909
v 0.13006459 -0.84703869 -0.8235535
v 0.10582308 -0.83708173 -0.85997367
v 0.11711729 -0.83633184 -0.86553127
v 0.12621595 -0.47890902 0.190479
v 0.16302212 -0.27913207 -0.23026541
v 0.14114143 -0.1887724 0.25428095
v 0.12318525 -0.13662231 -0.34441212
v 0.12857704 -0.06958307 0.28449127
v 0.1221354 -0.05028411 -0.47548237
v 0.11574691 -0.04472982 -0.57091719
v 0.11905695 0.01787674 -0.4903613
v 0.11319939 0.00874512 -0.48610491
v 0.12326938 0.05946577 -0.75492787
v 0.11835103 0.04273092 -0.29875174
v 0.12142856 0.0634558 -0.33238146
v 0.12222897 0.12614131 -0.63376391
v 0.13235307 0.12003895 -0.54249108
v 0.11719355 0.19493827 0.32650185
v 0.1121965 0.19861156 -0.55584019
v 0.12524986 0.19036624 -0.45196706
v 0.11003019 0.23782286 -0.4682346
v 0.12456865 0.32045731 -0.52367979
v 0.10908258 0.4095006 -0.47538859
v 0.12289499 0.44359091 0.4297033
v 0.10442895 0.40060031 -0.38983384
v 0.10583003 0.43258387 -0.19254053
v 0.10723518 0.42452279 -0.17376834
v 0.1239797 0.43850794 -0.24457043
v 0.11368957 0.46109581 -0.06622292
v 0.11126494 0.49368095 -0.0610279
v 0.12543632 0.48907763 -0.52621102
v 0.12164602 0.54723388 -0.1271992
v 0.16356868 0.48879912 0.2209989
v 0.11086423 0.53916961 -0.35277712
v 0.13642517 0.56953156 -0.59598273
v 0.11421043 0.54105663 -0.38198435
v 0.1561615 0.57410449 -0.3118411
v 0.12275988 0.58158034 -0.24650712
v 0.11886507 0.51872522 0.05674703
v 0.10909516 0.58034062 -0.01678422
v 0.12659506 0.58665502 -0.14340931
v 0.10960463 0.59432882 -0.01179297
v 0.11623175 0.63776076 0.10602162
v 0.12133602 0.6315006 -0.45329893
v 0.11729238 0.64921451 -0.22448277
v 0.11186747 0.74932271 -0.11086836
v 0.12232672 0.76248467 -0.31895435
v 0.16304015 -0.88607401 0.32596135
v 0.15450047 -0.8714717 -0.3465257
v 0.13330823 -0.86564851 0.16150627
v 0.11397597 -0.8453356 -0.86059427
v 0.11385552 -0.84463125 -0.8609007
v 0.11041274 -0.83708173 -0.85280156
v 0.12818076 -0.83770794 -0.80803615
v 0.13576782 -0.59326363 -0.03624132
v 0.15821679 -0.25775686 -0.261996
v 0.17654926 -0.2285739 -0.21623199
v 0.12085927 -0.17566514 -0.29496747
v 0.12183497 -0.1350598 -0.43204206
v 0.13081007 -0.10390613 -0.39845297
v 0.12521622 0.00332007 0.28088292
v 0.11694141 0.00492277 -0.34586942
v 0.11292564 0.03323726 -0.62963521
v 0.12767358 0.05024623 -0.55879009
v 0.12391169 0.0551986 -0.69837451
v 0.14393793 0.06195637 -0.61382562
v 0.11434235 0.2270771 -0.32609293
v 0.11196449 0.23764369 -0.37876275
v 0.14429246 0.27888224 -0.36274612
v 0.11871278 0.28119648 -0.51107907
v 0.14437354 0.26136604 0.41602895
v 0.11845507 0.3766599 -0.51862353
v 0.13468704 0.41723403 -0.51158315
v 0.10763306 0.4462994 -0.4045116
v 0.1435708 0.45681694 -0.38041499
v 0.12798087 0.52165276 -0.15403643
v 0.12592714 0.48323447 -0.3614704
v 0.11780375 0.51419675 -0.366317
v 0.12544121 0.5103057 -0.29477161
v 0.1408495 0.57835561 -0.14358033
v 0.11807653 0.50601959 0.09225889
v 0.10734265 0.53055292 -0.33296028
v 0.11514655 0.5449729 -0.34197375
v 0.17571181 0.51390058 0.20523708
v 0.12148828 0.57291359 -0.41918293
v 0.135701 0.58785707 -0.37351859
v 0.14783806 0.55181432 0.00572905
v 0.14458381 0.63527089 -0.0425769
v 0.15808578 0.60857069 0.07156588
v 0.1372356 0.61585981 0.16085993
v 0.12140252 0.67394519 -0.49447268
v 0.13081375 0.67623335 -0.07311048
v 0.12496256 0.73574847 -0.10669392
v 0.12766077 0.7441594 -0.32280335
v 0.11998763 0.76082921 -0.102582
v 0.130813 -0.87264645 -0.42666531
v 0.14278638 -0.8684175 -0.15611464
v 0.14749591 -0.86160278 -0.08462648
v 0.14058451 -0.86448306 0.07815464
v 0.16984275 -0.85619318 -0.68167979
v 0.14177442 -0.84897447 0.66953391
v 0.13168673 -0.40499264 -0.2886267
v 0.15714186 -0.44683266 0.20648149
v 0.11848705 -0.3683587 0.14585659
v 0.12222888 -0.3663021 0.1140169
v 0.13494758 -0.36600095 -0.2922276
v 0.15084042 -0.29773799 -0.28373736
v 0.15241836 -0.29106256 0.12264849
v 0.1379676 -0.15986975 -0.47501355
v 0.13483448 -0.12082652 -0.72246546
v 0.13480319 -0.10316699 -0.66102725
v 0.14306918 -0.09894887 -0.46276587
v 0.14790136 -0.07846586 -0.69275594
v 0.12886156 -0.01788273 -0.51765054
v 0.16368409 0.03896388 0.26645276
v 0.14479579 0.04197694 0.18996769
v 0.12879854 0.04176874 -0.39706066
v 0.15909228 0.03220293 -0.65803331
v 0.13342443 0.04908042 -0.77835423
v 0.14391132 0.07761455 -0.38867077
v 0.15730932 0.05727769 0.2925427
v 0.161024 0.11088901 0.15631799
v 0.16140147 0.10422567 0.35344344
v 0.14034912 0.16570224 0.36026043
v 0.12153159 0.20952317 -0.54056239
v 0.1245985 0.21232565 -0.339782
v 0.12789021 0.22999296 -0.37969452
v 0.14459534 0.23561826 -0.49631158
v 0.1236033 0.29495981 -0.12626834
v 0.12541425 0.33814842 -0.14427096
v 0.13949971 0.35477328 -0.11427926
v 0.13113378 0.43858844 -0.23967661
v 0.12775889 0.43239915 -0.30663943
v 0.13273957 0.46181357 -0.0807972
v 0.15014344 0.45515659 -0.1645391
v 0.13292401 0.48453492 -0.34174579
v 0.11436492 0.51147377 -0.31247482
v 0.13331299 0.45532799 0.12802923
v 0.1154227 0.45287272 0.10142933
v 0.15387675 0.45417017 -0.11684354
v 0.15472759 0.49614391 -0.08919214
v 0.13865615 0.54176491 -0.26125738
v 0.14873783 0.61462772 -0.36704516
v 0.1366013 0.58887559 -0.64599329
v 0.14025249 0.64987141 0.04090904
v 0.138658 0.62021083 -0.19377913
v 0.1658925 0.67309725 0.10063035
v 0.14010428 0.70338678 -0.12036467
v 0.16404459 -0.88093305 0.26532948
v 0.15907346 -0.87858909 -0.51459193
v 0.16611512 -0.87339205 0.32224587
v 0.1515767 -0.85636556 -0.46973839
v 0.14673059 -0.86623299 -0.45294225
v 0.15789905 -0.87022573 0.53473812
v 0.17674062 -0.86557597 -0.70387632
v 0.16650173 -0.8558774 -0.75631267
v 0.15247585 -0.86744821 -0.40050915
v 0.14565213 -0.86142045 -0.30703452
v 0.14494456 -0.60906076 -0.00097285
v 0.14890093 -0.54760921 0.06966655
v 0.1389308 -0.51480573 0.11734159
v 0.14500237 -0.49445128 0.15414266
v 0.17032194 -0.18583684 -0.30324221
v 0.17226107 -0.14059095 -0.33572331
v 0.15129669 -0.17195974 -0.46293336
v 0.15858732 -0.12551321 -0.38421276
v 0.14681515 0.02003143 -0.6139164
v 0.12700194 0.03006848 -0.5740515
v 0.15078132 0.02752894 -0.58032835
v 0.1443539 0.01674126 -0.55371904
v 0.13375035 -0.00812706 -0.42457321
v 0.13567179 0.06684931 -0.79470319
v 0.13601914 0.06735021 -0.53215545
v 0.1898223 0.14568062 0.17725921
v 0.13765959 0.15049058 -0.54723597
v 0.14894219 0.19590788 -0.59421062
v 0.13537136 0.22568381 -0.55457288
v 0.142938 0.2048527 -0.50289863
v 0.1518952 0.20878564 -0.4607622
v 0.1440984 0.29474267 -0.55391651
v 0.14037858 0.29382265 -0.17064406
v 0.14211337 0.36442533 -0.15299997
v 0.14414708 0.38912106 -0.40863979
v 0.15655467 0.41429204 -0.43757582
v 0.13433367 0.44693476 -0.22274056
v 0.15131913 0.44601724 -0.49220166
v 0.14444105 0.44415691 -0.51562214
v 0.15383922 0.47313333 0.44737259
v 0.14151238 0.45369786 -0.35341471
v 0.13713984 0.42200962 -0.29171383
v 0.14555192 0.45741501 -0.43073288
v 0.17259406 0.44878426 0.23664577
v 0.13218619 0.49260664 -0.35603654
v 0.14827661 0.4750247 -0.22377501
v 0.15456906 0.44595969 0.06289354
v 0.17432003 0.5415749 -0.31619573
v 0.16579244 0.54947162 -0.29886878
v 0.14782262 0.59005874 -0.18036401
v 0.16213714 0.59740728 -0.03339513
v 0.13559371 0.61736369 -0.12901057
v 0.1544555 0.60398483 -0.12530281
v 0.17569318 0.59265882 -0.06001852
v 0.1568151 0.65765524 -0.1079329
v 0.16405585 0.60893756 0.08371244
v 0.17201675 -0.8771894 -0.13917755
v 0.16820878 -0.8563025 0.58104569
v 0.16087283 -0.85256475 0.67299491
v 0.13853167 -0.86331236 -0.44003665
v 0.16921926 -0.85242629 -0.33426565
v 0.165611 -0.55359089 -0.11432227
v 0.16078851 -0.35162735 0.18827881
v 0.15095001 -0.34488618 0.11326274
v 0.12989424 -0.15361984 -0.27169785
v 0.15720572 -0.09893759 -0.41460788
v 0.15899466 -0.0725328 -0.47291681
v 0.14148489 -0.00321314 -0.36002636
v 0.14123674 0.04577666 -0.73019165
v 0.1445462 0.0415118 -0.33168131
v 0.15412872 0.05295572 -0.57872713
v 0.16411713 0.07313623 -0.34535587
v 0.14794233 0.07246641 -0.78016555
v 0.16700803 0.16638023 0.36905041
v 0.12949686 0.241457 -0.58172417
v 0.1520918 0.2375665 -0.33095047
v 0.16419078 0.21723467 0.42827177
v 0.13593492 0.26995033 -0.37968031
v 0.13829099 0.29536998 -0.4264614
v 0.13387601 0.32384402 -0.42213097
v 0.14118345 0.33974639 -0.5692603
v 0.13785015 0.35342363 -0.56162953
v 0.12524262 0.35375461 -0.59438419
v 0.16345374 0.39001548 -0.61387217
v 0.14138548 0.38965598 -0.6263929
v 0.15683559 0.42520207 -0.30646789
v 0.14647511 0.46863514 -0.25665459
v 0.1587939 0.51565838 0.4369407
v 0.14474331 0.50884849 -0.38190925
v 0.17739257 0.52013487 0.13332592
v 0.15668221 0.51146549 -0.1628246
v 0.16654155 0.56491625 -0.12349526
v 0.14851727 0.54077578 0.07240696
v 0.16689414 0.60661215 0.04635044
v 0.14801158 0.55887008 -0.08337
v 0.16244569 0.54593641 0.11440333
v 0.16210726 0.61989814 -0.13181651
v 0.15758251 0.63152587 0.06051661
v 0.18273064 0.62866646 0.03873203
v 0.15008263 0.66045791 0.06761533
v 0.19227764 -0.87953782 0.31495911
v 0.19116721 -0.87246698 -0.02052708
v 0.18657303 -0.87311256 0.15754479
v 0.15412021 -0.86814052 -0.26500529
v 0.23408443 -0.87217039 0.04865869
v 0.16626662 -0.87097806 0.44179276
v 0.16171442 -0.8633244 -0.17225008
v 0.15335041 -0.86298883 -0.06561434
v 0.14871655 -0.83738029 -0.0716523
v 0.17373839 -0.8419928 -0.76210386
v 0.16295743 -0.58139944 0.02414472
v 0.17712511 -0.41229507 -0.28761414
v 0.16328211 -0.32959899 0.12276399
v 0.15661298 -0.30508235 0.15375882
v 0.16315299 -0.18057534 0.21634658
v 0.14839396 -0.14322114 -0.27880284
v 0.17115499 -0.11200996 -0.27055448
v 0.19926371 -0.10895138 -0.25719872
v 0.2104304 -0.05673851 0.30659357
v 0.18001419 -0.04671796 -0.50888187
v 0.1547928 -0.02007141 -0.56630552
v 0.15748693 0.03679634 -0.39642826
v 0.15864001 0.0626942 -0.4174082
v 0.16058098 0.0698651 -0.79937172
v 0.16011156 0.08752026 0.15366308
v 0.19446747 0.09031556 0.26370013
v 0.14858063 0.12467892 -0.56363356
v 0.14329574 0.26142916 -0.64225829
v 0.1638325 0.22190514 -0.48038697
v 0.15857615 0.27047744 -0.55809236
v 0.17334005 0.28316435 -0.36635518
v 0.14191538 0.28406098 -0.68310487
v 0.14791049 0.26956031 -0.68803787
v 0.17279968 0.31913999 0.4592866
v 0.14091498 0.33112141 -0.55691731
v 0.16756366 0.32056406 -0.45300117
v 0.1602421 0.35890979 -0.16175312
v 0.17320289 0.34691566 -0.09784905
v 0.17067906 0.34918928 -0.50523913
v 0.15525936 0.38423774 -0.5020389
v 0.14725824 0.44482502 -0.26928324
v 0.1584235 0.42973754 0.38748035
v 0.16550714 0.47216856 -0.34108728
v 0.15610313 0.52789521 0.03447019
v 0.18193233 0.50223476 -0.23519585
v 0.16622484 0.6039722 -0.28180134
v 0.16058078 0.58169264 -0.21619898
v 0.15423411 0.62908494 -0.27303267
v 0.15677434 0.6092149 -0.14471321
v 0.1296072 0.67557293 -0.16777287
v 0.14870007 0.65165102 -0.17806491
v 0.16955559 0.67068172 -0.12294389
v 0.15206613 0.71239144 -0.2097114
v 0.16410007 0.72473985 -0.16732842
v 0.16248058 0.72348231 -0.12160246
v 0.18473788 -0.87849295 -0.06439764
v 0.16005868 -0.87920547 0.35628897
v 0.18601722 -0.86635703 -0.59022921
v 0.17957024 -0.88151413 -0.41204625
v 0.18112791 -0.85994744 -0.10545519
v 0.15628602 -0.86026889 -0.07863969
v 0.18886116 -0.85454798 -0.5891788
v 0.19035843 -0.85205901 -0.28033274
v 0.15956976 -0.58555138 -0.02646691
v 0.15502597 -0.53009766 0.19813357
v 0.14561355 -0.51564962 0.18662095
v 0.16659568 -0.51677561 -0.19244823
v 0.16337161 -0.47492501 0.18242297
v 0.16512279 0.07559614 -0.57936257
v 0.16888817 0.11857039 0.36740759
v 0.17287573 0.13842274 -0.55412805
v 0.17366427 0.1442011 -0.54183608
v 0.16241451 0.25413144 -0.36251649
v 0.17115587 0.26650217 0.40384462
v 0.18485272 0.26578736 -0.58212799
v 0.17473434 0.27433434 -0.63031679
v 0.16460897 0.29353037 -0.41689417
v 0.16281454 0.32244784 -0.58015007
v 0.16605744 0.38574696 0.43856832
v 0.16349277 0.39133292 -0.65625972
v 0.15242082 0.41108087 -0.66783035
v 0.16301252 0.41539785 -0.65998137
v 0.16472958 0.41185543 -0.50609672
v 0.17105308 0.43703207 0.29421809
v 0.14354999 0.4268243 0.00093794
v 0.15348321 0.45370781 -0.02281778
v 0.16503514 0.49089772 0.02764497
v 0.16984898 0.49338606 -0.00915469
v 0.17247944 0.4885956 0.08002443
v 0.20368409 0.5652371 -0.38702404
v 0.18110713 0.53390759 -0.17119548
v 0.1578666 0.54105961 -0.0658226
v 0.17404006 0.56229472 -0.11204261
v 0.17947619 0.6984604 0.00513536
v 0.18018608 0.73927194 -0.19744848
v 0.23988068 -0.87120336 0.11410651
v 0.16851917 -0.86595511 0.37458345
v 0.18111959 -0.86923289 0.54076731
v 0.16409269 -0.87122405 0.52771127
v 0.17394879 -0.86284393 -0.46634209
v 0.16883768 -0.86194777 -0.44931784
v 0.16856723 -0.86462301 -0.44832942
v 0.17808191 -0.8566705 -0.30817825
v 0.16491196 -0.84164053 0.68221819
v 0.16287197 -0.58986259 -0.00393967
v 0.18585472 -0.57465273 0.1279892
v 0.16158891 -0.51729739 0.21207371
v 0.24606298 -0.31025144 -0.24888003
v 0.18154928 -0.28733778 0.13383143
v 0.17317005 -0.31053355 0.1045737
v 0.17348278 -0.26268226 0.11254768
v 0.18884292 -0.28550762 0.0871167
v 0.17541118 -0.21472621 -0.51704937
v 0.23771122 -0.15002954 -0.24128622
v 0.17460996 -0.13811572 -0.46053499
v 0.17873037 -0.13453344 0.26457658
v 0.15831663 -0.07487503 -0.42934644
v 0.16980784 -0.09554121 -0.40184739
v 0.1749984 -0.05076179 -0.42370391
v 0.19266379 0.00035313 -0.58118021
v 0.19525041 0.06975668 -0.37395716
v 0.19477287 0.06482852 -0.58915931
v 0.14048535 0.09846959 -0.40784806
v 0.1916689 0.10362438 -0.39320764
v 0.17422417 0.11244991 -0.45169413
v 0.14869559 0.11839176 -0.42432785
v 0.17183156 0.12195517 -0.47554588
v 0.16262612 0.14232233 -0.60536683
v 0.1927059 0.15151677 0.1522911
v 0.17474014 0.140165 -0.44623435
v 0.19056483 0.24467057 -0.65763354
v 0.17794777 0.26894715 -0.34545925
v 0.15983635 0.30888924 -0.74650544
v 0.1636847 0.33435035 -0.41873154
v 0.15326838 0.30575728 -0.32574859
v 0.16483428 0.33832318 -0.30940211
v 0.1753234 0.32184252 -0.29467371
v 0.16810033 0.34568989 -0.14469813
v 0.17891951 0.3644391 -0.62593049
v 0.17283939 0.35455227 0.42440176
v 0.1713403 0.39299956 -0.37905475
v 0.17496638 0.37939855 -0.37731439
v 0.18328169 0.3631506 -0.437473
v 0.19024536 0.44338265 -0.41406634
v 0.15717751 0.4198463 0.00956241
v 0.17431368 0.45707756 0.03514959
v 0.16286735 0.4663738 -0.30040634
v 0.16188805 0.4741694 -0.52306545
v 0.13857324 0.48791516 -0.03644069
v 0.16734958 0.47971454 -0.56216711
v 0.14754428 0.51023674 -0.05063232
v 0.18011799 0.53995329 -0.15087633
v 0.18529436 0.5438022 -0.25077647
v 0.19059885 0.52135724 0.15023513
v 0.17068808 0.59673262 -0.3651306
v 0.19799337 0.5597108 0.15876743
v 0.1818935 0.6537869 0.12538932
v 0.18243617 -0.87540823 0.4246904
v 0.1721199 -0.87766826 0.51474077
v 0.18697998 -0.86692721 0.26442361
v 0.17600319 -0.86270279 0.51997799
v 0.20653445 -0.85569745 -0.4918018
v 0.17273971 -0.86362523 -0.46004063
v 0.23392439 -0.86346692 0.07862368
v 0.22209451 -0.8619954 0.15581788
v 0.19149587 -0.8416779 0.63946855
v 0.2172908 -0.53329414 0.27445823
v 0.21260336 -0.46347854 -0.24644732
v 0.20345427 -0.37824598 -0.28782225
v 0.18320996 -0.30429181 0.1131292
v 0.20569707 -0.23896261 0.15261717
v 0.18369575 -0.19172218 -0.51863998
v 0.19121014 -0.14422393 0.21894109
v 0.19091958 -0.15243414 -0.28638852
v 0.18233605 -0.11262983 -0.27549949
v 0.19357713 -0.10006882 -0.26255676
v 0.19004513 -0.09220947 -0.33606559
v 0.17331396 -0.02598242 -0.5760743
v 0.17903729 -0.04442593 -0.61923838
v 0.178314 -0.04359044 -0.55486375
v 0.1768923 -0.01459942 -0.43081418
v 0.17125218 -0.038451 -0.45119491
v 0.16597983 -0.00583053 -0.45856711
v 0.19573939 0.05794194 -0.45953858
v 0.19003865 0.04505121 0.30945998
v 0.17688408 0.08526909 -0.41461283
v 0.18425635 0.12310153 -0.42612532
v 0.18520543 0.23612118 -0.50069994
v 0.18471338 0.22767663 -0.53363913
v 0.18210152 0.27442077 -0.38495189
v 0.18942238 0.310368 -0.70292646
v 0.19818771 0.28759453 -0.7628262
v 0.18673109 0.35248163 -0.56101924
v 0.183606 0.37160408 -0.61394614
v 0.17511322 0.38584706 -0.44913423
v 0.18346754 0.40590987 -0.18362217
v 0.15710764 0.3736124 -0.20067963
v 0.17837428 0.37564692 -0.23685439
v 0.16402459 0.42445731 -0.22240072
v 0.17354715 0.39847064 -0.66982871
v 0.17909066 0.42392412 -0.70775229
v 0.20506394 0.43147188 -0.24325001
v 0.17720553 0.44030571 -0.70236307
v 0.18536338 0.44018927 -0.53822398
v 0.17966148 0.4578312 -0.02873516
v 0.17357928 0.43559498 0.42988893
v 0.18850851 0.42431974 -0.4445911
v 0.17367315 0.42946497 0.40301475
v 0.20788828 0.4699308 0.06052296
v 0.17431432 0.53077918 0.32880184
v 0.20965929 0.5484513 -0.29318088
v 0.18971445 0.50339258 0.08638389
v 0.18679152 0.51018238 -0.42225009
v 0.17805707 0.51631486 -0.07217312
v 0.17167567 0.56795996 -0.43750262
v 0.18757759 0.57259589 -0.26748431
v 0.18540502 0.51982826 0.01638775
v 0.17148417 0.66005856 -0.08416881
v 0.19495051 0.63474393 0.06690723
v 0.198285 0.65511566 -0.27264756
v 0.19595824 0.70174122 -0.17317437
v 0.18703772 0.66936028 0.07262859
v 0.21253064 -0.87020051 -0.22376174
v 0.19028476 -0.86353999 0.41445217
v 0.21030912 -0.85175979 0.45331946
v 0.20959476 -0.84624171 0.53774118
v 0.18494935 -0.86761278 0.52966022
v 0.2088754 -0.8546086 0.56223094
v 0.18524459 -0.86725545 0.53874421
v 0.18822786 -0.85851139 -0.71397704
v 0.19655097 -0.59784693 9.008E-05
v 0.20076746 -0.3870551 0.20932421
v 0.19550958 -0.31432834 0.17272842
v 0.22392921 -0.25760213 -0.22485985
v 0.21342203 -0.08406498 0.29703909
v 0.18499966 -0.06470571 -0.43902573
v 0.19641696 -0.03730324 -0.50279629
v 0.27174163 -0.01538713 0.29588035
v 0.19773221 0.05099772 -0.61978906
v 0.18183514 0.0912735 0.15631373
v 0.19888848 0.12214766 0.35025382
v 0.18400162 0.12207211 -0.45825577
v 0.20983681 0.12260404 -0.53826976
v 0.18596445 0.16388522 -0.45993221
v 0.18364984 0.13684168 -0.52041024
v 0.18269408 0.17294113 0.35552898
v 0.19151795 0.21431281 0.41097373
v 0.19435957 0.19465585 -0.5890308
v 0.20005673 0.2777009 -0.69132489
v 0.1830198 0.28867915 -0.54793286
v 0.2073863 0.24977311 -0.51786929
v 0.18950243 0.33723268 -0.27036437
v 0.1775194 0.34200171 -0.33486724
v 0.19235148 0.35631725 -0.46590492
v 0.18529454 0.37230811 -0.322148
v 0.19184978 0.35294729 -0.27863926
v 0.18522537 0.36051178 -0.18770054
v 0.18817376 0.3573882 -0.15431027
v 0.19351026 0.42835912 -0.69307429
v 0.1939611 0.44296032 -0.19480151
v 0.17683662 0.40041032 -0.31898004
v 0.17706142 0.40449134 -0.30320355
v 0.18253563 0.45727485 0.39307073
v 0.18810113 0.47985569 0.00676415
v 0.18985462 0.49821103 -0.59371847
v 0.20691505 0.44074965 0.20445098
v 0.18964563 0.47489107 -0.39978048
v 0.21007949 0.49299374 -0.55523908
v 0.19590798 0.54434049 -0.30973431
v 0.19330285 0.53358328 0.374841
v 0.19929107 0.54963207 0.12056008
v 0.19375259 0.53910321 -0.03066219
v 0.19600122 0.56375188 -0.03429329
v 0.20340101 0.62000328 -0.2934933
v 0.19342509 -0.87144119 0.27996445
v 0.22985938 -0.87146544 -0.41834208
v 0.23025057 -0.86321795 -0.39984441
v 0.22864598 -0.86571288 -0.35307992
v 0.21228883 -0.86191344 -0.08859695
v 0.21769506 -0.86424255 0.0621372
v 0.20213456 -0.85231906 0.64548218
v 0.22371833 -0.86529911 -0.16415812
v 0.25485733 -0.56171697 0.31046087
v 0.24577513 -0.57767183 0.2760396
v 0.20533632 -0.42756853 0.19767788
v 0.21931608 -0.10240499 -0.43587169
v 0.19783536 -0.04886528 -0.60482943
v 0.18474512 -0.0724372 -0.6375342
v 0.19702676 -0.00399617 -0.52285993
v 0.18779856 0.01161114 -0.48974672
v 0.19039807 -0.00329022 -0.4529759
v 0.20308618 0.06051655 -0.43624523
v 0.24709508 0.10969948 0.24712667
v 0.19208494 0.10094552 -0.61196548
v 0.18845744 0.10796554 -0.49670136
v 0.20587017 0.13100429 0.13389863
v 0.18654794 0.26725438 -0.34426531
v 0.18802184 0.25610891 -0.31715
v 0.22211586 0.25818524 -0.63414258
v 0.18975604 0.28245592 -0.35684961
v 0.20007086 0.2771928 -0.43877643
v 0.22203994 0.33931294 -0.62398511
v 0.17945047 0.37015238 -0.2499882
v 0.19438502 0.38350043 0.39447758
v 0.18703608 0.41243708 0.40185544
v 0.21441482 0.44460225 -0.3712492
v 0.21672803 0.47052979 -0.37000895
v 0.19434403 0.49226612 -0.31045726
v 0.21408375 0.54647017 0.29590958
v 0.19243398 0.54094505 -0.02410442
v 0.19783603 0.54726791 0.13667648
v 0.19947159 0.55300492 -0.19847101
v 0.18963584 0.57689232 -0.1199583
v 0.19155909 0.60705596 -0.46105272
v 0.19071494 0.60677165 0.12137042
v 0.20587191 0.69986224 0.01559198
v 0.21983279 -0.86669332 -0.49666953
v 0.19319391 -0.8685382 -0.45201799
v 0.20792569 -0.86107022 0.51238567
v 0.22451779 -0.85847545 -0.01761718
v 0.22324459 -0.86124575 0.22634543
v 0.23816657 -0.86138254 0.37573886
v 0.23557732 -0.86145139 -0.62459689
v 0.22826606 -0.85380042 -0.33763996
v 0.20199735 -0.83306086 0.7089799
v 0.23785256 -0.39356688 -0.26152086
v 0.22803403 -0.35322011 0.20476724
v 0.24097872 -0.26134574 -0.22850432
v 0.22449948 -0.25817305 0.07304048
v 0.25951427 -0.18807071 -0.2087943
v 0.21945612 -0.17649493 0.18954621
v 0.20649995 -0.17176482 -0.27919528
v 0.2102869 -0.10765919 -0.31340465
v 0.20126823 -0.06372182 -0.67882776
v 0.2166236 -0.04408814 -0.62803227
v 0.21739979 -0.00349644 -0.48909679
v 0.20379044 -0.01307297 -0.57764351
v 0.20539327 0.06000262 -0.47933957
v 0.19567004 0.03382675 -0.48984858
v 0.1838491 0.07108147 -0.53407747
v 0.22838534 0.0820758 -0.58894253
v 0.20285441 0.15455529 -0.42187113
v 0.17740628 0.14320393 -0.66937548
v 0.20354711 0.1652354 -0.68581581
v 0.21172008 0.17731048 -0.73532599
v 0.19668813 0.14501595 -0.6522103
v 0.19952421 0.29675037 -0.33493778
v 0.21798785 0.29790217 -0.38752803
v 0.18998738 0.30582637 -0.77405465
v 0.21033923 0.30905548 -0.80231911
v 0.21444885 0.31701058 -0.5886904
v 0.2126983 0.29643998 -0.47354692
v 0.21100396 0.33208621 -0.27225438
v 0.21401806 0.34488392 -0.29184273
v 0.22285107 0.31971309 -0.53710282
v 0.19368348 0.36821204 -0.33102322
v 0.19214569 0.37218562 -0.31924444
v 0.22962189 0.38897249 -0.42993343
v 0.19665036 0.36140719 -0.44482607
v 0.20416944 0.39504963 -0.40575045
v 0.21515559 0.44530323 -0.29103452
v 0.20316149 0.45378542 -0.72910005
v 0.20803337 0.44688457 -0.48473531
v 0.22698779 0.48953971 -0.59889764
v 0.19983369 0.47917914 0.18641749
v 0.20366372 0.48801562 -0.02364638
v 0.20081948 0.44228271 0.29157031
v 0.19359189 0.46567866 -0.19701733
v 0.21102241 0.50205839 -0.23697892
v 0.22421591 0.51040196 -0.3559517
v 0.22900172 0.59641016 0.31216666
v 0.19481924 0.55682766 -0.17025761
v 0.21593192 0.52655679 -0.11574261
v 0.20049366 0.56829727 -0.0717612
v 0.19599046 0.5928629 -0.21149662
v 0.21836597 0.6162765 -0.44207257
v 0.20186907 0.65140629 0.08991745
v 0.20070989 -0.86853707 -0.4508878
v 0.21691312 -0.86041152 0.46708682
v 0.20981804 -0.87338775 0.40712005
v 0.21989362 -0.87084717 -0.7479648
v 0.21369188 -0.86604643 -0.45351914
v 0.23335814 -0.86526293 0.28766057
v 0.2554619 -0.85528493 0.43343619
v 0.24719249 -0.85629249 -0.25264406
v 0.20965098 -0.83976692 -0.87841171
v 0.20245354 -0.85600704 -0.84509915
v 0.20712195 -0.84501582 -0.81751716
v 0.23549441 -0.85568291 0.70508385
v 0.23757318 -0.49274942 0.26546511
v 0.24345179 -0.39628172 0.23483454
v 0.23573335 -0.24791329 0.10637516
v 0.21352699 -0.14129514 0.1921656
v 0.23213895 -0.11531579 -0.24735965
v 0.20809802 -0.11068749 -0.39296779
v 0.21594352 -0.1000941 -0.36886695
v 0.21501784 -0.09843151 -0.68603212
v 0.23332393 -0.05068105 -0.52385128
v 0.21417855 0.0360784 -0.64199036
v 0.2086565 0.045378 -0.67909896
v 0.18517309 0.05941453 -0.65454966
v 0.21045434 0.0724607 -0.65329242
v 0.21793364 0.06964345 -0.69943374
v 0.22395845 0.0844963 -0.53477889
v 0.213746 0.10542643 -0.4913848
v 0.21755914 0.11808106 -0.52707273
v 0.20688745 0.14387187 -0.50958574
v 0.21108223 0.13786657 -0.67233175
v 0.22401139 0.15565945 -0.42667353
v 0.21600156 0.15334103 -0.70510089
v 0.22274905 0.15327097 -0.63862985
v 0.21416008 0.16683629 -0.51324093
v 0.21659584 0.21668816 -0.51037544
v 0.21004944 0.24598841 0.38646096
v 0.2094018 0.26611951 -0.65058285
v 0.20542878 0.26544863 -0.50212258
v 0.20880388 0.29840332 -0.73041797
v 0.20537141 0.2902737 -0.51703328
v 0.21938702 0.31407595 -0.54519063
v 0.21341386 0.34442091 0.42305002
v 0.22613344 0.36146304 -0.61932796
v 0.20565484 0.37568262 -0.15556842
v 0.229056 0.38890824 -0.37600574
v 0.21059082 0.44540232 -0.52266127
v 0.22398357 0.46423367 -0.17075033
v 0.25122365 0.51977623 0.38376302
v 0.21438754 0.48718327 -0.19342694
v 0.22915345 0.51430637 -0.05035973
v 0.23242785 0.48160246 0.18248497
v 0.2041489 0.54547685 0.0429306
v 0.199515 0.54674071 0.13434653
v 0.21575812 0.54737306 -0.21261282
v 0.2192052 0.55074584 0.01049273
v 0.22152793 0.5213269 -0.13903081
v 0.21633591 0.54171991 -0.04759164
v 0.24862875 0.59718114 -0.25444397
v 0.22439051 0.61664611 -0.4926998
v 0.21956395 0.59809899 -0.29220396
v 0.23492323 0.64790118 -0.26060897
v 0.24021475 -0.87080497 -0.06484564
v 0.2408652 -0.86282367 -0.03745735
v 0.25138462 -0.86758208 0.15244994
v 0.23192571 -0.86690885 0.22169907
v 0.22837229 -0.86051583 -0.7607497
v 0.24923323 -0.86406595 -0.60387546
v 0.21620791 -0.85780317 0.51055831
v 0.2351132 -0.85727614 -0.71243656
v 0.26849818 -0.84402269 -0.50979817
v 0.2308906 -0.85687673 -0.44543368
v 0.20090307 -0.85280156 0.50696498
v 0.21681011 -0.84275126 0.58493203
v 0.22609946 -0.84847939 0.63824058
v 0.23495953 -0.27621394 0.07977417
v 0.22296517 -0.20695254 0.13954541
v 0.22439277 -0.18056348 -0.34752861
v 0.21867816 -0.19932273 -0.32828426
v 0.20770416 -0.17163098 -0.32172069
v 0.22491397 -0.14454129 0.2454372
v 0.21572447 -0.16166085 -0.37265918
v 0.2171583 -0.11569626 -0.25769842
v 0.19854289 -0.06164517 -0.25899756
v 0.22752605 -0.05245657 -0.43425688
v 0.23778784 -0.05489613 -0.67477906
v 0.23880064 -0.0336726 -0.62969917
v 0.21363556 -0.00211724 -0.54379183
v 0.24084878 0.01196313 -0.50046796
v 0.22931342 0.03521574 -0.57942873
v 0.23514135 0.10699055 0.29822198
v 0.21765862 0.14788172 -0.68602723
v 0.22129984 0.14971398 -0.3520464
v 0.20024279 0.11129161 -0.38238266
v 0.2283233 0.17384213 -0.3972905
v 0.22685003 0.14960475 0.2028129
v 0.23002233 0.16658257 0.10756311
v 0.23222913 0.17873576 -0.44605908
v 0.23037763 0.221994 0.34232938
v 0.22168218 0.21103436 -0.55457896
v 0.23823874 0.26688415 -0.28757563
v 0.22836454 0.299541 0.36051542
v 0.22157291 0.33257246 -0.56995606
v 0.22967075 0.34249139 -0.42494515
v 0.22113809 0.38553849 -0.49290401
v 0.21044242 0.35951021 -0.47690478
v 0.22754945 0.4085716 -0.24927053
v 0.23908506 0.41093644 -0.31379053
v 0.21460946 0.40193814 -0.15929045
v 0.23579051 0.44112006 0.38535038
v 0.21471877 0.39762795 0.10994907
v 0.1966029 0.42452812 0.09983249
v 0.22673921 0.45882109 0.128895
v 0.22538997 0.40548116 0.29210493
v 0.23341069 0.45549652 -0.22021127
v 0.22265765 0.48421863 -0.28277013
v 0.21590392 0.52856869 -0.62769091
v 0.21517766 0.50318104 -0.63818133
v 0.24295688 0.51446748 0.08051585
v 0.21389487 0.57123268 -0.19426383
v 0.23624536 -0.87031531 -0.67949849
v 0.25572401 -0.87196487 -0.16614901
v 0.25714889 -0.87054598 -0.27700511
v 0.23567894 -0.85806644 -0.58351207
v 0.22992761 -0.85640091 -0.57452923
v 0.23612338 -0.84607905 -0.89409244
v 0.24323142 -0.8537727 -0.80909431
v 0.24312204 -0.83548969 0.52505744
v 0.26806453 -0.59026885 -0.03926415
v 0.22672489 -0.59334362 0.18217485
v 0.23671179 -0.37301669 0.18444268
v 0.23384489 -0.27030513 -0.18511325
v 0.23460722 -0.16845028 -0.28263685
v 0.21851462 -0.11582705 -0.39434701
v 0.25815386 -0.08118886 -0.25855818
v 0.22373299 -0.06793159 -0.63599181
v 0.24129066 -0.08832072 -0.3365927
v 0.22881293 -0.09604464 -0.74445421
v 0.23521812 -0.07022005 -0.49715486
v 0.20577 -0.04174787 -0.24408601
v 0.22360313 -0.02701688 -0.24655193
v 0.22350891 0.04688709 -0.63385457
v 0.23885845 0.0352174 -0.6137861
v 0.25568226 0.15455331 0.14196722
v 0.24726412 0.09855877 -0.33098423
v 0.23560488 0.16727798 -0.48271492
v 0.27563086 0.16026384 0.31429929
v 0.24720229 0.24765608 -0.30272764
v 0.24865675 0.32117569 -0.43915856
v 0.21260366 0.27941695 -0.59777755
v 0.22252685 0.31447744 -0.60105014
v 0.21559282 0.31720224 -0.64119881
v 0.2167591 0.37063009 -0.11935914
v 0.21020205 0.39252344 -0.09878932
v 0.24872054 0.45354506 -0.10620768
v 0.26877111 0.39731652 0.21882652
v 0.22213098 0.48161843 0.08510973
v 0.24579039 0.39251664 0.07413721
v 0.22531477 0.49349993 -0.01572612
v 0.22851346 0.48491099 0.07591946
v 0.23788668 0.52702063 -0.40007409
v 0.21988831 0.52969754 -0.28622195
v 0.24628808 0.51562762 0.29110396
v 0.22583303 0.54853898 -0.02409735
v 0.23746736 0.57101196 -0.21788535
v 0.25173557 0.6279127 -0.13469516
v 0.23723887 0.64244497 -0.31554961
v 0.21400498 0.66855252 -0.26088399
v 0.21905746 0.68347615 -0.29063508
v 0.28880414 -0.86561614 -0.42546478
v 0.2486977 -0.86052144 -0.58633816
v 0.23917267 -0.85890758 0.13481759
v 0.229452 -0.84583122 0.43893814
v 0.24689049 -0.84590131 0.53297126
v 0.24713331 -0.60897624 0.14295772
v 0.27074358 -0.46892601 -0.20665465
v 0.28731781 -0.46181327 -0.17510712
v 0.23779733 -0.21372655 -0.17959699
v 0.23009878 -0.16734873 0.17092663
v 0.24806735 -0.12471011 -0.30337551
v 0.28755394 -0.12760422 0.2375357
v 0.24628644 -0.12052993 -0.4421663
v 0.27347642 -0.05995702 -0.22581069
v 0.24838854 0.04018393 -0.73083442
v 0.24355929 0.04354727 -0.74213278
v 0.23990874 0.0628625 -0.69861811
v 0.24801269 0.06147885 -0.75946647
v 0.24725159 0.14748819 0.25481787
v 0.25884426 0.11130645 -0.62561566
v 0.27518702 0.11447486 -0.59877604
v 0.24533428 0.15750805 -0.54142511
v 0.23651737 0.1969822 0.16638818
v 0.22438534 0.18168069 -0.5042699
v 0.23196477 0.19579224 0.32015333
v 0.23594731 0.19540566 0.11960463
v 0.24650234 0.26329842 -0.53077859
v 0.22482342 0.27888584 -0.19510101
v 0.24777305 0.2843326 -0.1295792
v 0.21674985 0.23929438 -0.17544648
v 0.25341684 0.27597752 -0.34615579
v 0.23520003 0.32616672 -0.67032427
v 0.22824149 0.33806187 -0.62256181
v 0.23279549 0.34745017 -0.67602199
v 0.24564999 0.36893943 0.38735321
v 0.25288042 0.41155827 -0.21075314
v 0.25128299 0.42066363 -0.38296041
v 0.24744232 0.38587826 0.08790238
v 0.23779769 0.46372271 0.29110941
v 0.23170647 0.48792544 -0.25440603
v 0.25895655 0.53035194 -0.07966544
v 0.22792037 0.49216491 -0.09013154
v 0.22141026 0.50849187 0.01801338
v 0.24602148 0.54907298 -0.40082863
v 0.24779497 0.60886574 -0.16102248
v 0.22739205 0.62367284 -9.45E-06
v 0.24110492 0.6534245 -0.47379744
v 0.24930592 0.6416474 -0.27174515
v 0.26773334 -0.86527133 0.10331859
v 0.31288567 -0.87360257 0.16296615
v 0.26463169 -0.87049049 0.32832211
v 0.24941725 -0.86307275 -0.79305291
v 0.25171286 -0.85370332 -0.8297587
v 0.24298804 -0.8445732 -0.37318167
v 0.28762308 -0.86337763 -0.18005946
v 0.2228339 -0.82378471 0.05562269
v 0.2557016 -0.84625226 0.48384136
v 0.23808667 -0.8258934 -0.42168376
v 0.26027295 -0.83067149 -0.89617807
v 0.24601792 -0.82121825 -0.01367922
v 0.23126347 -0.75506783 0.04855493
v 0.23643877 -0.7679733 0.067086
v 0.24888262 -0.72711563 0.05667437
v 0.28001833 -0.61982095 0.09546307
v 0.26986969 -0.61088294 0.01597351
v 0.27827778 -0.5721553 -0.06398398
v 0.25673187 -0.33303666 0.18092327
v 0.23203659 -0.24228123 0.08244349
v 0.24886693 -0.17425828 -0.38237336
v 0.25293207 -0.14720161 -0.34165266
v 0.25436059 -0.14332774 -0.31714302
v 0.24477519 -0.11140022 -0.72484332
v 0.23868279 -0.08337883 -0.38846296
v 0.26060462 -0.04499077 -0.62340933
v 0.2400873 0.03707055 -0.51806831
v 0.26085058 0.09093361 -0.36030599
v 0.23229723 0.1105101 -0.39451978
v 0.25871861 0.13853678 -0.64588881
v 0.24685617 0.15794855 -0.41260391
v 0.24880184 0.1734613 -0.73486668
v 0.23861346 0.17539959 -0.70077842
v 0.28884181 0.19633354 0.22581543
v 0.24950519 0.20860428 0.08435966
v 0.24940541 0.20018515 -0.52265859
v 0.25773597 0.23694836 0.16711651
v 0.25086537 0.31120673 -0.56967598
v 0.2699641 0.31480852 -0.45703286
v 0.24730276 0.30127856 -0.36955398
v 0.28272352 0.32145795 -0.46952546
v 0.27296963 0.36042276 0.36731398
v 0.24715917 0.40936035 -0.1059707
v 0.2427873 0.4018032 0.33817548
v 0.23757997 0.40214247 -0.40015596
v 0.26114631 0.42844516 -0.14382049
v 0.2407608 0.44081101 -0.18590781
v 0.23618563 0.42804658 -0.2788783
v 0.24502888 0.42395994 -0.26709574
v 0.24157958 0.49933577 0.08369644
v 0.23307131 0.50321984 -0.64657795
v 0.23799062 0.50341392 -0.63261026
v 0.23633195 0.54892647 -0.66145331
v 0.30216375 0.56864202 -0.222001
v 0.25814414 0.52661467 -0.04713744
v 0.26283514 0.56539959 -0.1690367
v 0.25960445 0.59054077 -0.09190009
v 0.25305685 0.61767286 -0.02153151
v 0.27031386 0.67543542 -0.29622984
v 0.27377999 -0.86795956 -0.74055856
v 0.27085033 -0.87653244 0.02027177
v 0.28502467 -0.86471802 -0.46458638
v 0.26418602 -0.868756 0.2614139
v 0.23723921 -0.86642802 0.63867134
v 0.24299113 -0.85146236 -0.57566112
v 0.27472308 -0.85294205 -0.57645333
v 0.2609756 -0.85764545 0.23311225
v 0.26366556 -0.84893543 0.73138708
v 0.28609058 -0.44290236 -0.21672472
v 0.2608079 -0.35676733 0.17223501
v 0.27257997 -0.23901008 0.07609421
v 0.26660818 -0.2642349 -0.156289
v 0.27678692 -0.12305299 0.16802669
v 0.2546967 -0.14453706 -0.39884382
v 0.28317425 -0.09176888 -0.74784911
v 0.26702023 -0.07300846 -0.74646246
v 0.24813481 -0.06585477 -0.46999592
v 0.24548012 -0.09426832 -0.48290503
v 0.25752214 -0.03315207 -0.24007264
v 0.26827514 -0.01018446 -0.58815902
v 0.26431316 0.05350207 -0.75126755
v 0.2460165 0.05021136 -0.59235173
v 0.25121486 0.08697864 -0.52488726
v 0.25038755 0.14653459 -0.68808138
v 0.26181501 0.10700972 -0.32739893
v 0.29171106 0.19639923 0.23714668
v 0.25542843 0.15098821 -0.39784494
v 0.26911911 0.16872057 -0.71048027
v 0.2529588 0.16462477 -0.41520077
v 0.25889331 0.2519384 -0.56380451
v 0.265183 0.30887482 -0.14247568
v 0.29666463 0.28917 0.34503317
v 0.26038206 0.3068715 -0.57395214
v 0.24864106 0.31914017 -0.35371625
v 0.25156668 0.34070072 -0.55038375
v 0.23085685 0.3827714 -0.58552504
v 0.23610762 0.40248671 -0.6022113
v 0.22954851 0.38424188 -0.61152643
v 0.238666 0.37262908 0.30596721
v 0.24032867 0.40208441 0.29662839
v 0.25000089 0.41669992 -0.46643901
v 0.23979715 0.4087106 -0.26008177
v 0.27507904 0.43493381 0.3025994
v 0.23491715 0.43622211 -0.42164773
v 0.26822326 0.44843873 -0.21848623
v 0.24546395 0.49631917 0.07194004
v 0.27076423 0.46308541 0.2114367
v 0.26545805 0.49282089 0.15891735
v 0.24957512 0.53586608 -0.68796414
v 0.2662085 0.49885195 0.02808693
v 0.2573683 0.55175102 0.15747577
v 0.25124204 0.57491678 -0.45697591
v 0.27253821 0.61911595 0.26749885
v 0.25446892 0.58819556 0.08850102
v 0.25756699 0.5971725 0.11159801
v 0.25500387 0.61831141 0.02493673
v 0.25620809 0.61794055 -0.25196365
v 0.267156 0.72372699 -0.29306898
v 0.25159025 -0.86712974 -0.38126686
v 0.26573277 -0.85657519 0.31939512
v 0.26099777 -0.85004777 -0.81018829
v 0.27532142 -0.8571052 -0.74280089
v 0.25404555 -0.84762716 -0.63253438
v 0.26629499 -0.84349263 -0.60158044
v 0.26969135 -0.85249823 -0.53585184
v 0.28499559 -0.85625535 -0.04460925
v 0.26942185 -0.86186868 0.59069467
v 0.2706472 -0.84563673 -0.82789606
v 0.26400059 -0.83702534 -0.86218828
v 0.25074428 -0.84489065 0.43769011
v 0.27933189 -0.77190191 0.10801937
v 0.28455618 -0.8365041 -0.4152669
v 0.2705754 -0.72117358 0.08868566
v 0.26815447 -0.52849299 0.30548584
v 0.25479808 -0.37375522 0.22226425
v 0.3051458 -0.24256825 -0.13922626
v 0.25911546 -0.25208709 0.04533008
v 0.29306597 -0.18065172 0.10921634
v 0.27548683 -0.1956038 -0.42131072
v 0.28913054 -0.12266937 -0.78708786
v 0.27138808 -0.13511261 -0.44916111
v 0.2696096 -0.09135084 -0.36316383
v 0.26763153 -0.04191259 0.29090205
v 0.25044543 -0.04689003 -0.51208889
v 0.24949104 -0.02287667 -0.45484325
v 0.26995853 0.0013872 -0.55196857
v 0.26790264 0.07234962 -0.6013338
v 0.26200563 0.11753121 -0.50416213
v 0.27106094 0.08518089 -0.57343102
v 0.29495302 0.13780771 0.27814373
v 0.23963074 0.21551432 -0.41891685
v 0.25906998 0.19176625 -0.4677889
v 0.25775847 0.20834959 -0.47906497
v 0.26412934 0.21592695 -0.3790082
v 0.25983796 0.25021404 0.18748961
v 0.28403977 0.20966029 0.2997897
v 0.23890235 0.25911152 -0.40992749
v 0.27589253 0.22991617 -0.47943744
v 0.26909274 0.27560934 -0.12460765
v 0.25253907 0.25921318 -0.18653166
v 0.26487279 0.28960383 -0.58989429
v 0.26346716 0.3241407 -0.30949846
v 0.26284617 0.30048886 -0.17709111
v 0.26248235 0.31197283 -0.57862377
v 0.28003535 0.33712029 -0.41983306
v 0.25987679 0.35645667 -0.40232119
v 0.27417645 0.34886578 -0.67533553
v 0.24881558 0.37084195 -0.2933259
v 0.23237778 0.33364648 -0.27357402
v 0.26044291 0.33760306 -0.31106544
v 0.27875507 0.34666049 -0.48313385
v 0.24053253 0.3670989 -0.26710027
v 0.26018274 0.33275977 -0.24128564
v 0.24900208 0.37406662 -0.72557992
v 0.25453505 0.36227882 -0.59550363
v 0.2609528 0.36864048 -0.5125348
v 0.2595166 0.38535443 -0.57203388
v 0.26718286 0.42352721 -0.65532458
v 0.28352076 0.42436361 -0.64178956
v 0.2626422 0.44061193 -0.52707499
v 0.26377121 0.40412903 -0.52184933
v 0.27759913 0.47934917 0.09405503
v 0.26799139 0.43534759 0.03963829
v 0.27120647 0.48078504 -0.14198768
v 0.28312406 0.5028612 -0.24984038
v 0.26267603 0.47381726 0.31236696
v 0.25055918 0.50963867 -0.32268801
v 0.2671712 0.48885703 -0.10249145
v 0.2655552 0.49269161 0.0112264
v 0.27722758 0.52747422 -0.29167336
v 0.2567279 0.52589673 -0.67059672
v 0.27863559 0.50539273 -0.13912059
v 0.27237538 0.53158802 0.0731215
v 0.27823156 0.58481598 0.32365108
v 0.29134038 0.63337559 0.08593279
v 0.26959684 0.57808757 0.00933785
v 0.26838705 0.60270709 -0.45629531
v 0.27060643 0.67076516 -0.26855424
v 0.25167653 0.72839171 -0.31393883
v 0.27427021 -0.86965615 -0.2496452
v 0.30132601 -0.872536 0.13183974
v 0.29366863 -0.84522063 -0.67599398
v 0.32087985 -0.87328535 -0.03453073
v 0.27561903 -0.84927261 -0.82580799
v 0.28644586 -0.86081713 -0.2995218
v 0.28616178 -0.85673702 0.27681628
v 0.28636014 -0.85067487 0.37442729
v 0.27961195 -0.86309063 -0.36867464
v 0.2703554 -0.84507394 0.42131326
v 0.29168826 -0.85085881 -0.43901557
v 0.27400842 -0.76209247 -0.0039215
v 0.25918564 -0.68446964 0.20061526
v 0.24254434 -0.63612133 0.15521912
v 0.27135774 -0.71350491 0.12256959
v 0.26550329 -0.67281115 0.25266105
v 0.25171366 -0.65209585 0.30975601
v 0.25055525 -0.62552595 0.27484715
v 0.25038266 -0.67256945 0.08988559
v 0.27291751 -0.61232507 0.34342566
v 0.26909602 -0.60829455 0.18847759
v 0.27292848 -0.49971595 -0.15256998
v 0.2658278 -0.41121507 0.26466486
v 0.27104667 -0.25593719 0.04631093
v 0.25859255 -0.22848237 0.06328733
v 0.26550394 -0.21260773 -0.40385893
v 0.27486783 -0.12684897 -0.2910592
v 0.28250146 -0.10515995 -0.33464232
v 0.27559954 -0.09985863 -0.54466856
v 0.28124607 -0.08242637 -0.56042624
v 0.27741888 -0.0274545 -0.56257778
v 0.26815969 -0.03059321 -0.23048563
v 0.26407698 0.01088086 -0.6534766
v 0.28495094 -0.01802115 -0.61376083
v 0.24679008 0.02509988 -0.60391659
v 0.26521826 0.0275211 -0.77830207
v 0.27092445 0.0268498 -0.51699328
v 0.25341648 0.04391588 -0.41397017
v 0.24153581 0.0264347 -0.41916311
v 0.26735976 0.03747889 -0.50057167
v 0.27229196 0.11501946 -0.37871823
v 0.27900636 0.18325008 0.30119666
v 0.25327876 0.21972021 -0.57745731
v 0.26977184 0.23065022 -0.55753052
v 0.30920431 0.24521181 0.13213453
v 0.25852355 0.25146148 0.29396129
v 0.29475674 0.27027375 0.3265256
v 0.26252538 0.28507373 -0.44508025
v 0.26389083 0.33955762 -0.10627078
v 0.26586837 0.34072331 -0.69072074
v 0.24776539 0.32684305 0.30265927
v 0.25413722 0.29510802 0.29303432
v 0.26808748 0.29047137 0.23521715
v 0.2448343 0.34426332 -0.34518406
v 0.30453628 0.36862472 0.3351962
v 0.27993333 0.35048816 -0.31544065
v 0.25509104 0.38479719 -0.38796553
v 0.2658841 0.38778919 -0.71565759
v 0.30618078 0.38153246 -0.24350455
v 0.2491854 0.34415632 0.05931046
v 0.27960142 0.38782105 -0.63832945
v 0.30089608 0.38494951 0.34144148
v 0.26416549 0.3959192 -0.747352
v 0.27442688 0.38715851 0.06623549
v 0.28038919 0.41944984 -0.359283
v 0.25410047 0.44882548 -0.46787331
v 0.25530761 0.47218519 -0.51252836
v 0.27446547 0.45373771 -0.12695773
v 0.27906659 0.45979768 0.26380861
v 0.29160866 0.47256166 0.27940825
v 0.27508545 0.53564858 0.34636948
v 0.27401605 0.49210253 0.04263619
v 0.28710082 0.50843579 -0.17746449
v 0.26560825 0.51894456 -0.54354239
v 0.24504943 0.50125337 -0.48873976
v 0.26586804 0.5337801 -0.49746555
v 0.28533241 0.5509463 -0.53933185
v 0.29036719 0.65075541 -0.52043259
v 0.27411932 0.63366926 0.2887294
v 0.27824089 0.61374074 -0.28728831
v 0.28477263 0.63925791 -0.14154665
v 0.27547237 0.66747153 -0.31559998
v 0.28244248 0.75199866 -0.33656654
v 0.3088921 -0.87663603 0.5946449
v 0.28453666 -0.85110462 -0.60769004
v 0.26130223 -0.8662141 0.5428015
v 0.25713938 -0.8478297 0.50148547
v 0.26631096 -0.85741866 0.45385686
v 0.26396051 -0.84497195 -0.87085372
v 0.27713004 -0.84326971 -0.72694069
v 0.2732816 -0.844262 -0.82172179
v 0.29140514 -0.83600819 -0.67601353
v 0.27926755 -0.67672342 0.05856577
v 0.27030772 -0.67082083 0.3350136
v 0.26145375 -0.6534943 0.2326562
v 0.27568394 -0.58620989 0.29664293
v 0.27093175 -0.49853927 0.32319102
v 0.29593882 -0.17943968 -0.3280898
v 0.29518494 -0.10675137 -0.20006317
v 0.2726897 -0.16432793 -0.47527644
v 0.25894171 -0.1524813 -0.43924746
v 0.26814771 -0.13639782 -0.45316097
v 0.27009121 -0.09394052 -0.48576093
v 0.27099711 -0.06881508 -0.40842333
v 0.28360608 -0.06045005 -0.46783221
v 0.28564602 -0.05439865 -0.51752371
v 0.27714983 -0.00818773 -0.51151586
v 0.27747887 0.01652062 -0.54947495
v 0.26812774 0.00872703 -0.41204956
v 0.27375552 0.01123223 -0.47869357
v 0.28580916 0.04959 -0.80522585
v 0.28147671 0.0858152 -0.54891312
v 0.27731964 0.1452177 -0.57464933
v 0.26659957 0.12987679 -0.42307717
v 0.27355143 0.17075536 -0.58965594
v 0.30251387 0.17133786 -0.43293136
v 0.29699332 0.1925237 0.15155339
v 0.30886877 0.21381627 0.1098277
v 0.29226765 0.22417289 0.23007612
v 0.26184687 0.19954799 0.27915952
v 0.33078355 0.30483907 0.32071066
v 0.27060303 0.26235676 -0.52904105
v 0.30872971 0.28246814 -0.57724273
v 0.30304059 0.30798343 -0.32006609
v 0.26869988 0.30938649 -0.57135183
v 0.25644296 0.31692865 0.32975677
v 0.28280661 0.35764387 -0.29679525
v 0.2780399 0.33424979 -0.62756771
v 0.28073987 0.37447816 0.31885707
v 0.28267458 0.35071215 -0.41748625
v 0.27586681 0.36432487 0.22005403
v 0.27773488 0.36652026 -0.7268694
v 0.29316503 0.34161752 -0.56360167
v 0.28148738 0.35957459 -0.57908601
v 0.29229879 0.33945933 0.07538211
v 0.28822312 0.37982294 -0.31063646
v 0.27581894 0.41474569 0.07676757
v 0.30279952 0.46732962 -0.21577643
v 0.2707949 0.48794371 -0.50608271
v 0.28696904 0.45277417 -0.2944169
v 0.30284771 0.50109601 0.19277377
v 0.26957554 0.51736158 0.30316401
v 0.31158772 0.52766621 -0.01109442
v 0.27711278 0.59185266 -0.15647207
v 0.28272247 0.64279306 0.27765322
v 0.28443429 0.65911806 0.00234135
v 0.29605475 0.68263012 -0.5289467
v 0.28309849 -0.85886997 0.19087306
v 0.28527498 -0.8594566 0.55752945
v 0.29567441 -0.84956098 -0.53965819
v 0.31517476 -0.86533153 0.65520233
v 0.28164309 -0.59994018 0.25642616
v 0.27560398 -0.63632274 0.35054716
v 0.31855765 -0.44188732 -0.17804942
v 0.28768831 -0.44340655 0.31317505
v 0.29260665 -0.23786129 -0.09225985
v 0.29256678 -0.2265891 -0.41081333
v 0.28854641 -0.18930936 -0.40349108
v 0.28159869 -0.20257771 -0.46977106
v 0.30608007 -0.2100926 -0.46122804
v 0.28943801 -0.15158631 -0.35639825
v 0.27996549 -0.07963493 -0.33598828
v 0.28756455 -0.10363676 -0.27921987
v 0.28334129 -0.0735513 -0.47818762
v 0.29292479 -0.01271935 -0.64059383
v 0.27854589 0.00957757 -0.52153087
v 0.30305928 -0.00164935 -0.46128213
v 0.30039537 0.03247751 -0.64248413
v 0.30506369 0.05386246 -0.58108765
v 0.28429917 0.05907449 -0.44491044
v 0.3288891 0.10386252 0.26267451
v 0.28137013 0.10276388 -0.61745489
v 0.27708134 0.11836483 -0.62052315
v 0.29138127 0.15232742 -0.48690715
v 0.30930901 0.25610617 0.09665233
v 0.27856487 0.23805672 -0.37999272
v 0.28169164 0.27100399 -0.58703172
v 0.28040093 0.25912321 -0.47527933
v 0.29695573 0.26384535 -0.43344402
v 0.28391543 0.29909205 -0.56141692
v 0.29021445 0.32000107 -0.06754984
v 0.27569187 0.3095997 -0.57854342
v 0.28685695 0.28372297 0.17172964
v 0.28632659 0.32482061 -0.55070966
v 0.29668823 0.34373999 -0.39595327
v 0.28294685 0.36599454 -0.69466245
v 0.28321365 0.38641366 -0.51377422
v 0.26829007 0.40288121 -0.38540912
v 0.29921365 0.40911832 -0.58248776
v 0.29503807 0.39645866 -0.60417515
v 0.29832581 0.40973711 -0.33405438
v 0.28780898 0.44498727 -0.16359696
v 0.28479588 0.49249074 -0.52745974
v 0.29615036 0.52094978 0.04776805
v 0.28836793 0.52853018 -0.48347262
v 0.27922112 0.54706508 -0.34208083
v 0.28415534 0.57007873 -0.11955573
v 0.27284771 0.55234659 -0.08302302
v 0.30322215 0.58383888 -0.19559772
v 0.29610512 0.58704144 0.07293402
v 0.30281353 0.61239421 0.1203416
v 0.28750426 0.63304168 -0.49605507
v 0.30242142 0.66121149 -0.19174981
v 0.29299587 0.65923941 -0.49827784
v 0.30342185 -0.87100589 -0.29435271
v 0.30022281 -0.87008673 0.44870526
v 0.30091646 -0.85915589 -0.34683245
v 0.29064962 -0.85947829 -0.23494901
v 0.3100529 -0.86489898 0.73724717
v 0.27226382 -0.79629588 0.23725231
v 0.29828897 -0.8555727 0.13589104
v 0.30721509 -0.80014282 -0.03644618
v 0.31401283 -0.72128105 0.04395323
v 0.31490529 -0.5235312 0.34881103
v 0.29309765 -0.36496374 0.1938127
v 0.32547307 -0.36421216 -0.19769238
v 0.32245174 -0.32335994 0.13552196
v 0.31315047 -0.24728142 -0.15067777
v 0.29147735 -0.24648128 0.00205806
v 0.29257795 -0.23100415 -0.01990226
v 0.29262006 -0.18084307 -0.13190469
v 0.31053531 -0.20575903 -0.35273156
v 0.29756531 -0.1705486 -0.45691255
v 0.3018305 -0.12669683 -0.32681677
v 0.31039342 -0.09260834 -0.46082333
v 0.30587998 -0.0611296 -0.36798808
v 0.30174455 -0.04375697 -0.3453165
v 0.30176386 -0.01595125 -0.49543658
v 0.29956669 -0.01713577 -0.2272374
v 0.28916299 0.03806493 -0.4970389
v 0.29909605 0.0338046 -0.79408956
v 0.29081506 0.03563819 -0.82029021
v 0.29244006 0.06715925 -0.50316215
v 0.30775771 0.1082979 -0.5791105
v 0.31281659 0.12520605 -0.54238015
v 0.31328395 0.18372308 0.22063638
v 0.29779562 0.19468826 -0.60723937
v 0.31740806 0.25085998 -0.41301614
v 0.29301783 0.21728168 -0.46740255
v 0.28218386 0.25268689 0.04720699
v 0.27436668 0.24961345 -0.50720364
v 0.29159072 0.26635259 -0.48787263
v 0.28274721 0.30718869 -0.59755325
v 0.28528091 0.32412016 -0.60584855
v 0.30814046 0.3267042 -0.11136594
v 0.29834187 0.32456499 -0.47658771
v 0.29030493 0.33324867 -0.45774245
v 0.30291724 0.329505 -0.34254941
v 0.27814457 0.32792017 0.03971346
v 0.28694344 0.39888644 -0.75626087
v 0.31836599 0.37701759 0.06987076
v 0.28492051 0.3904137 -0.7283383
v 0.31732082 0.40588844 -0.24566512
v 0.29625073 0.46391657 0.0466304
v 0.27960321 0.43282256 0.01823477
v 0.29037583 0.51534784 0.08535713
v 0.28321856 0.49680802 -0.33167544
v 0.3078253 0.52665079 -0.04250025
v 0.28483355 0.51260376 0.14812054
v 0.28482413 0.58057541 0.03171096
v 0.29212442 0.6074754 0.29397288
v 0.28935558 0.63370115 0.26865867
v 0.28976166 0.58622599 -0.11824461
v 0.2904959 0.59191525 -0.12204669
v 0.30192056 0.70967925 -0.29968846
v 0.29703596 -0.86852539 -0.2781727
v 0.41507962 -0.87469482 -0.08316679
v 0.32046312 -0.8624472 0.15722607
v 0.35271603 -0.85425603 -0.83329141
v 0.30258965 -0.85693049 -0.49263975
v 0.29551834 -0.84717131 -0.62146938
v 0.29736796 -0.86285746 -0.62315357
v 0.31029177 -0.85382664 0.41863096
v 0.33846641 -0.84175438 -0.8273201
v 0.34972632 -0.84410059 -0.84850073
v 0.30910435 -0.82472712 0.1593685
v 0.28297371 -0.77791125 0.22680493
v 0.31126085 -0.78407758 0.2900959
v 0.31700176 -0.75286078 0.11213779
v 0.31423333 -0.75543725 0.21401499
v 0.31997433 -0.72811097 0.23862879
v 0.31342092 -0.74402875 0.27193776
v 0.32330009 -0.69626445 0.31559482
v 0.29552925 -0.6298874 0.04417557
v 0.32580987 -0.34859553 0.11092694
v 0.30257007 -0.23124044 0.04210855
v 0.30374634 -0.17982829 -0.0014328
v 0.30700442 -0.11400365 -0.55003053
v 0.32157245 -0.07487453 -0.57681233
v 0.31311798 -0.05767793 -0.20599201
v 0.30640969 0.00771137 -0.61260945
v 0.30905482 -0.00826923 -0.21249408
v 0.3142212 0.00188939 -0.66368699
v 0.34012714 0.11965208 -0.61726528
v 0.31320614 0.12088043 -0.49707398
v 0.30129126 0.11913237 -0.43755332
v 0.31025147 0.18427837 -0.47341856
v 0.29669082 0.19653425 -0.48476526
v 0.27686608 0.19277422 -0.50914854
v 0.2865738 0.23870352 -0.60745764
v 0.30026895 0.24881382 -0.59253591
v 0.31478634 0.25741267 -0.40278232
v 0.32098326 0.29214469 0.06727528
v 0.30984905 0.25853747 -0.5247665
v 0.3109971 0.29916966 -0.07720295
v 0.28958192 0.31708309 -0.55020499
v 0.29633397 0.32758617 -0.54924768
v 0.32113782 0.29752699 0.18686233
v 0.28587854 0.35977757 -0.48695534
v 0.28708431 0.32745504 -0.43754661
v 0.29496327 0.33486941 -0.2278931
v 0.29161477 0.39413223 -0.61955398
v 0.30925992 0.40698835 -0.46527994
v 0.3009541 0.38681549 -0.35342374
v 0.3060568 0.42368025 -0.670663
v 0.29808155 0.42387509 -0.34833217
v 0.28480452 0.41795683 -0.13862553
v 0.30454177 0.44821855 -0.07447055
v 0.26683393 0.37374642 -0.08165915
v 0.28977638 0.43848279 -0.67702907
v 0.30746868 0.43157408 -0.42940131
v 0.29044017 0.44069105 -0.1353647
v 0.2985349 0.46199906 -0.23847128
v 0.29469952 0.46325701 0.01339112
v 0.28882578 0.56564093 -0.34183979
v 0.3134816 0.55574608 -0.18914852
v 0.31412372 0.56031954 -0.08083325
v 0.30468872 0.63306111 0.01295558
v 0.30713773 0.67682326 -0.1731036
v 0.30876142 0.67298627 -0.03178255
v 0.30868807 -0.86902219 -0.26282609
v 0.35262084 -0.87329608 -0.19772936
v 0.31639013 -0.87006187 -0.3675445
v 0.31062213 -0.85969222 -0.26167449
v 0.31999853 -0.85923254 -0.74655992
v 0.32921574 -0.83923584 -0.60584486
v 0.32182392 -0.78540885 0.33172312
v 0.31216851 -0.75643474 0.26286232
v 0.30020535 -0.66236967 0.03163954
v 0.33838722 -0.64077806 0.37113184
v 0.30924836 -0.61440581 0.06839506
v 0.31816655 -0.61203897 0.03565017
v 0.33609703 -0.59544128 0.01475671
v 0.36715075 -0.55394661 -0.0168551
v 0.30544567 -0.23544684 0.00129454
v 0.30534607 -0.25028226 -0.07224813
v 0.30576113 -0.21660806 -0.49103332
v 0.32430866 -0.11528917 -0.61371142
v 0.32601294 -0.0948906 -0.54191047
v 0.32075936 -0.03230924 -0.32202879
v 0.3064324 -0.04322488 -0.40750051
v 0.30114365 -0.07612643 -0.26536772
v 0.28635019 -0.00056336 -0.37565583
v 0.30884928 -0.03461638 -0.40142909
v 0.28418961 0.00077341 -0.39455646
v 0.29900768 -0.00480318 -0.36977917
v 0.32599133 0.02518643 -0.85117084
v 0.33596501 0.13268508 -0.5396902
v 0.33352709 0.17457519 -0.60406107
v 0.30812478 0.23623076 0.24489677
v 0.31292269 0.23455818 -0.50072718
v 0.27730927 0.28091598 0.00476201
v 0.32359332 0.25375336 0.0539935
v 0.32163212 0.29093564 -0.57712311
v 0.30364898 0.29241171 -0.10881597
v 0.31756499 0.29165524 -0.04244066
v 0.29852012 0.30259731 -0.0544933
v 0.28396979 0.30473503 0.00399645
v 0.31249073 0.3342936 -0.0105147
v 0.30425328 0.33332685 -0.56957752
v 0.31448528 0.30394697 -0.40904826
v 0.30339512 0.37615249 -0.32689849
v 0.31201181 0.36292827 0.01025839
v 0.30277678 0.37787646 -0.45779148
v 0.30688471 0.34734064 -0.0805485
v 0.30643451 0.39746356 0.07663023
v 0.31230983 0.42285913 -0.42608485
v 0.32433516 0.4261654 -0.05132532
v 0.30627316 0.44517899 -0.10924211
v 0.32433864 0.43240008 -0.12854017
v 0.31498972 0.43980575 0.07386308
v 0.31753117 0.45754001 0.09003858
v 0.3008987 0.45588455 0.01906737
v 0.30465761 0.49402371 0.13999858
v 0.30266407 0.52995229 -0.49696907
v 0.30557686 0.50333124 -0.5128305
v 0.35077789 0.54285043 0.16292615
v 0.31637129 0.52841741 -0.13274224
v 0.31086159 0.57579827 -0.35998499
v 0.30441383 0.54445606 0.08936103
v 0.2976779 0.59026641 -0.13674277
v 0.31296667 0.63825005 -0.01042045
v 0.31447172 0.61091781 -0.16601701
v 0.29375651 0.69809234 -0.02662673
v 0.30168241 0.68064243 0.00375976
v 0.30922291 0.71514583 -0.03228767
v 0.43111667 -0.87088406 0.24228062
v 0.3194274 -0.86598259 -0.49777961
v 0.3123515 -0.8641724 -0.42984098
v 0.32408518 -0.85779804 -0.66730356
v 0.32734627 -0.86275965 -0.03638819
v 0.32486972 -0.84484416 -0.65784401
v 0.31113154 -0.76265836 0.00755845
v 0.31194919 -0.61384392 0.04573945
v 0.33402729 -0.58205473 0.33884722
v 0.30712846 -0.45064467 -0.16782212
v 0.34905094 -0.3187674 0.10486931
v 0.31754643 -0.16806938 -0.08490299
v 0.32630792 -0.17246981 0.05138813
v 0.35072321 -0.13896734 -0.10936764
v 0.33330128 -0.13398285 -0.30491072
v 0.34029865 -0.06542969 -0.48808742
v 0.3014681 -0.00556775 -0.42286277
v 0.32550716 -0.00563499 -0.49209827
v 0.31378487 0.01192865 -0.56290376
v 0.34571368 0.04637444 -0.55853105
v 0.31723163 0.04616401 -0.45942897
v 0.30698478 0.07687815 -0.54336917
v 0.33461019 0.12926146 -0.69096816
v 0.32630092 0.20810747 -0.53435117
v 0.31918177 0.20410345 -0.50154173
v 0.29792723 0.23269808 0.21680421
v 0.29949418 0.24242282 0.17725831
v 0.31032094 0.23994133 -0.50689894
v 0.32804379 0.27632901 -0.6083225
v 0.32058159 0.324074 -0.62742269
v 0.31038764 0.30400345 -0.53291088
v 0.33377537 0.30526331 -0.55656725
v 0.30265015 0.32627267 -0.55693346
v 0.31246209 0.31547919 -0.46379223
v 0.32008028 0.32934842 -0.02529303
v 0.31472424 0.33493298 -0.56751603
v 0.3116017 0.34978178 -0.62506437
v 0.3184076 0.34488916 -0.49978697
v 0.30817673 0.36089963 -0.39591345
v 0.33142033 0.38664368 -0.29530868
v 0.30964577 0.37068793 0.20710145
v 0.34532368 0.38452521 -0.08035889
v 0.33968323 0.426927 -0.10378292
v 0.30864596 0.43692726 -0.66264409
v 0.32408303 0.45330259 -0.53206998
v 0.31459385 0.45461762 -0.27329853
v 0.30656877 0.50124204 -0.19058864
v 0.33561301 0.48747572 0.04262014
v 0.32340419 0.4979108 -0.31707081
v 0.33069164 0.48137614 -0.51522291
v 0.3594313 0.52434069 0.18264088
v 0.32803056 0.57998872 -0.32900622
v 0.34829849 0.57812673 0.10577685
v 0.33408889 -0.86808681 0.73207283
v 0.32672036 -0.85358804 -0.41105205
v 0.30822286 -0.86212009 -0.27044073
v 0.35571885 -0.85970211 -0.53035802
v 0.3287448 -0.85161817 -0.43916097
v 0.3360984 -0.85380679 -0.29575941
v 0.3606112 -0.85224658 0.54028994
v 0.32237101 -0.82653332 0.13869943
v 0.33191451 -0.78004885 0.17593078
v 0.35504338 -0.72131687 0.02512966
v 0.34472644 -0.60881537 0.36321571
v 0.34115604 -0.47878289 0.36001217
v 0.35671997 -0.4500801 0.32525277
v 0.32021561 -0.08357241 0.1281822
v 0.3439042 -0.02844117 -0.45326787
v 0.33222452 -0.04007983 -0.50820488
v 0.32199681 -0.03035608 -0.42118403
v 0.32620847 -0.02202864 -0.38002273
v 0.33421749 -0.01635243 -0.65140611
v 0.33161426 0.01642043 -0.64942336
v 0.34227431 0.01309831 -0.67391342
v 0.33785552 0.0324341 0.27886713
v 0.32149318 0.03912703 -0.82935864
v 0.34860763 0.09286131 0.27168262
v 0.3135812 0.20198897 -0.31878066
v 0.31764689 0.14532498 -0.30037034
v 0.30350867 0.14011979 -0.32197794
v 0.32538912 0.19345072 -0.60278779
v 0.33362579 0.17637859 -0.3672747
v 0.3190423 0.20555913 0.25386092
v 0.3160162 0.20777704 -0.46336299
v 0.34038183 0.24998075 0.26081762
v 0.31809127 0.22998124 -0.64553493
v 0.32385087 0.26857236 -0.64294469
v 0.34182739 0.27456865 0.14867227
v 0.32142246 0.30438057 0.23384771
v 0.32218578 0.29162925 -0.00301042
v 0.32964519 0.29897565 -0.44284508
v 0.30828252 0.3165527 -0.50749916
v 0.33333868 0.33419979 -0.24893183
v 0.300372 0.31563914 -0.21325541
v 0.31518438 0.28171745 -0.23556745
v 0.31755805 0.32864976 -0.10760407
v 0.31657997 0.28897509 -0.47017473
v 0.31471127 0.32956102 -0.14754331
v 0.31136033 0.33304217 -0.55841374
v 0.31075796 0.34139648 -0.56486487
v 0.31538156 0.34006256 -0.56306988
v 0.32584244 0.37352169 -0.36400405
v 0.33474585 0.36102262 -0.54024279
v 0.31981847 0.37168783 0.04348552
v 0.34282693 0.40177929 -0.56972754
v 0.31679931 0.42615354 -0.42748302
v 0.31880996 0.40724275 -0.38540393
v 0.32065824 0.46445212 -0.69771636
v 0.32877657 0.4447518 -0.69482028
v 0.35261613 0.50957483 -0.15849401
v 0.33390453 0.47711805 0.00209008
v 0.30766162 0.50133491 0.11496165
v 0.35068008 0.53004664 -0.30275822
v 0.32082373 0.539428 0.1100201
v 0.31358483 0.52708787 0.09698553
v 0.32848173 0.59885812 -0.10908943
v 0.34649539 0.66754073 0.05548549
v 0.32617521 0.66834825 -0.53035313
v 0.33798856 0.64830518 -0.14144637
v 0.32347018 0.69495201 -0.54973155
v 0.35735941 -0.87517059 0.05741875
v 0.3724522 -0.87047565 0.44349813
v 0.34497687 -0.86195856 -0.2992872
v 0.34953701 -0.85990107 -0.25487715
v 0.3514711 -0.84665328 -0.6165365
v 0.32847282 -0.8526566 0.16133009
v 0.33056602 -0.84573483 -0.52669984
v 0.33957028 -0.73970509 0.05424002
v 0.30414742 -0.56395 0.36938465
v 0.36090428 -0.36918518 -0.15098117
v 0.39094058 -0.36720249 0.15337126
v 0.32965693 -0.22951214 -0.06356522
v 0.32293564 -0.15442532 -0.34060699
v 0.33844468 -0.03513651 -0.42288193
v 0.33897105 -0.03373674 -0.34244061
v 0.34224316 -0.08395401 0.22430819
v 0.33532864 0.03261935 -0.3737554
v 0.3339408 0.02833726 -0.41177452
v 0.3051596 0.05380819 -0.34792992
v 0.33178976 0.0387315 -0.37482116
v 0.3346639 0.06130509 -0.47744215
v 0.32848549 0.14542325 -0.64356256
v 0.34156844 0.15329252 0.23717831
v 0.32150725 0.125771 -0.31289998
v 0.3412388 0.1457497 -0.52422649
v 0.34626353 0.13113344 -0.47050852
v 0.34961921 0.23321117 -0.35026589
v 0.31644088 0.179474 0.30264059
v 0.30375081 0.20932068 0.32095328
v 0.32683572 0.23963679 0.29416177
v 0.31966102 0.21400021 -0.55618107
v 0.32091281 0.20636491 -0.44996691
v 0.33596894 0.22005659 -0.48648414
v 0.32019484 0.23349777 -0.50848985
v 0.32372794 0.23796891 -0.50766581
v 0.31860161 0.24286731 -0.50667596
v 0.32547092 0.25428987 -0.6564486
v 0.32690948 0.24480447 -0.51266372
v 0.35199293 0.28106982 -0.53891307
v 0.33853331 0.29470122 0.19145672
v 0.32170543 0.28902003 -0.45021924
v 0.34985998 0.29657853 -0.21746942
v 0.34486687 0.28630996 -0.06930655
v 0.34167162 0.34259611 -0.59680098
v 0.32483083 0.34723195 -0.09623434
v 0.32263175 0.34654051 -0.10189559
v 0.32891503 0.35691309 -0.25523272
v 0.32235876 0.3821373 -0.13450086
v 0.31362206 0.39420468 -0.00992669
v 0.32144445 0.34448361 0.04884437
v 0.34039885 0.38184649 -0.59866571
v 0.32645896 0.38911399 -0.61045265
v 0.34512779 0.40548173 3.17E-05
v 0.31472668 0.4326463 -0.41693518
v 0.32330015 0.40762532 -0.40996701
v 0.3309547 0.45600489 -0.38206139
v 0.33513191 0.42339891 -0.29814565
v 0.34753215 0.45437953 -0.28291017
v 0.33398438 0.45922789 -0.0982895
v 0.33693984 0.44997308 -0.11766664
v 0.34499198 0.47206491 0.01014656
v 0.33703187 0.48043802 0.11053853
v 0.32316595 0.48124379 -0.26695868
v 0.33619168 0.51405448 0.06438638
v 0.33674031 0.52008367 -0.05470965
v 0.35474977 0.56881684 -0.35248664
v 0.33792517 0.60053688 -0.37414739
v 0.33158919 0.73112923 -0.03502656
v 0.33528975 0.70185232 -0.04108774
v 0.33102676 0.7328403 -0.05229995
v 0.35254708 -0.86727947 0.12548073
v 0.33815354 -0.85328591 0.75707406
v 0.34917757 -0.85052162 -0.57607687
v 0.34457874 -0.85923439 0.45044655
v 0.34377986 -0.79272407 0.02009743
v 0.34094504 -0.78717071 0.28073817
v 0.34754148 -0.70733559 0.28935108
v 0.36461443 -0.62303954 0.37732708
v 0.31896231 -0.57212812 0.38525242
v 0.34125608 -0.52584863 0.40187052
v 0.33089754 -0.41721776 -0.14155407
v 0.37173566 -0.339715 -0.13079323
v 0.33206946 -0.23220178 -0.03327386
v 0.34289914 -0.1282208 0.09334636
v 0.34761527 -0.14299177 -0.63369149
v 0.35458329 -0.12512313 -0.59600753
v 0.37069297 -0.11005737 -0.358282
v 0.34564564 -0.09868214 -0.29052877
v 0.33413938 -0.05837015 -0.27773857
v 0.33864141 -0.07531418 -0.35402283
v 0.35302448 -0.0281622 -0.26461411
v 0.3266021 0.00258236 -0.20132646
v 0.34372988 -0.02603249 -0.41906387
v 0.33683002 -4.381E-05 -0.4361411
v 0.33469304 0.01034294 -0.20841011
v 0.33424318 -0.01279251 -0.46089539
v 0.33268574 0.04984412 -0.47007483
v 0.3329393 0.10861082 -0.4148154
v 0.33891675 0.09630057 -0.44787133
v 0.34631521 0.10815227 -0.61501825
v 0.34065914 0.11872358 0.27484554
v 0.32354227 0.19431582 -0.48836556
v 0.33630678 0.19271103 -0.58285874
v 0.32931381 0.2075323 -0.46856961
v 0.33657473 0.21970813 -0.54018742
v 0.3263343 0.21615948 -0.44788292
v 0.36806792 0.2546967 0.3291302
v 0.33797526 0.24708359 -0.53705066
v 0.31736231 0.25569621 -0.43668303
v 0.32635689 0.26832923 -0.4246234
v 0.34228796 0.32551143 0.26456052
v 0.33163846 0.30158731 -0.03364894
v 0.32997471 0.32181537 0.01205213
v 0.36121342 0.31637356 -0.27277461
v 0.3795436 0.33786309 -0.13333951
v 0.34486166 0.30672216 0.06267983
v 0.34319821 0.33603841 -0.03262945
v 0.33088043 0.33081365 -0.01385661
v 0.32754886 0.37092879 0.00365764
v 0.3396368 0.40473112 -0.27437523
v 0.33882537 0.43050775 -0.05907283
v 0.33365473 0.39702222 -0.01401606
v 0.37398604 0.43382037 0.18531755
v 0.33337924 0.44252554 -0.4383561
v 0.35068408 0.50585467 -0.14424938
v 0.34643316 0.6012761 -0.11195026
v 0.35177773 0.62515718 0.10596706
v 0.34771866 0.64197248 -0.17496991
v 0.33660653 0.67733121 -0.009775
v 0.3639316 -0.86268163 -0.43116498
v 0.35496303 -0.8628906 -0.79557532
v 0.34906065 -0.85234237 0.38355583
v 0.34056553 -0.85307282 -0.63103634
v 0.36834118 -0.84919763 -0.48358038
v 0.41421244 -0.85026461 -0.28577903
v 0.357871 -0.85192442 -0.24236998
v 0.35361618 -0.82693464 0.14514595
v 0.35753462 -0.78972763 0.11087343
v 0.33961028 -0.75154847 0.23171008
v 0.36723903 -0.61866254 0.02694834
v 0.35587975 -0.34645447 0.04632865
v 0.35720649 -0.1242627 -0.05026509
v 0.36355051 -0.0980564 -0.60726792
v 0.34694126 -0.08098906 -0.42169195
v 0.36046761 -0.0602948 -0.33774629
v 0.34889215 -0.02513995 -0.39270142
v 0.36024085 0.00029941 -0.58372551
v 0.36791918 -0.0176314 0.2423218
v 0.33046004 0.05123368 -0.19315474
v 0.3374097 0.04844251 -0.33659378
v 0.3566463 0.03500335 -0.410559
v 0.3709366 0.0820923 -0.59361213
v 0.36931682 0.07515479 -0.56792128
v 0.35559523 0.11314442 -0.63081157
v 0.36698061 0.17499349 -0.32682306
v 0.32356921 0.20362853 0.33459452
v 0.34948957 0.22844902 -0.61858737
v 0.34895453 0.21653949 -0.48828083
v 0.33514875 0.21936241 -0.51869994
v 0.35238928 0.25121999 -0.58470386
v 0.37007442 0.23805453 -0.44189861
v 0.36260507 0.29679564 -0.51081824
v 0.34745628 0.31313807 0.03936325
v 0.37006673 0.3276912 -0.06339679
v 0.35022706 0.34244376 -0.41147584
v 0.33950144 0.35368139 -0.08298594
v 0.35587323 0.35720763 -0.09835166
v 0.33426559 0.35252354 -0.09078401
v 0.33957618 0.37209463 -0.65593046
v 0.34292799 0.3680228 -0.0980517
v 0.34527394 0.36610207 -0.37418902
v 0.35150126 0.37461722 -0.28619939
v 0.35026023 0.38351843 -0.29094651
v 0.37519971 0.34648225 0.20226969
v 0.36175361 0.4065567 0.02824185
v 0.35141909 0.42308906 -0.43727395
v 0.3522613 0.4501617 -0.00128223
v 0.34039557 0.45849416 0.0991214
v 0.37092951 0.46042377 -0.3381041
v 0.33934677 0.43842006 -0.04467854
v 0.33707106 0.46983314 -0.42788404
v 0.35542434 0.46194392 -0.04639774
v 0.32979921 0.4902465 -0.06934546
v 0.36377853 0.54590094 -0.10365444
v 0.3544319 0.51119047 -0.25155053
v 0.40110093 0.53314543 0.07675889
v 0.36064449 0.52111977 0.10089978
v 0.34314284 0.53586602 0.06180347
v 0.35183102 0.54176241 -0.0759371
v 0.36480516 0.62880063 0.05010631
v 0.37450111 -0.87045938 0.03323288
v 0.36765036 -0.853365 0.63347375
v 0.36435562 -0.85406244 -0.79534549
v 0.38322061 -0.82358551 0.11128455
v 0.38241708 -0.79605305 0.13965103
v 0.34348086 -0.60258049 0.06291047
v 0.39238495 -0.3218334 -0.05358684
v 0.36860391 -0.17184857 -0.33575177
v 0.37922814 -0.06426216 -0.12631831
v 0.34909123 -0.04749114 0.09829486
v 0.3759608 -0.03369819 0.1845946
v 0.33894345 -0.03548212 -0.30906057
v 0.35583213 -0.00890114 0.12489913
v 0.35508096 -0.017388 -0.400388
v 0.36273125 -0.01766988 -0.70056158
v 0.35419974 0.02641932 -0.45961985
v 0.35784581 0.01836854 -0.61778903
v 0.33804068 0.05683311 -0.19791408
v 0.33127996 0.11306236 -0.37254456
v 0.36583701 0.08917975 -0.41940129
v 0.35671008 0.12485475 -0.55732965
v 0.34882182 0.1406832 -0.66028076
v 0.36281586 0.19279963 -0.5291422
v 0.35507879 0.19587909 -0.36968142
v 0.37213215 0.30829456 0.32071394
v 0.36692849 0.25314903 -0.51328933
v 0.34242278 0.27337468 -0.67608404
v 0.36562037 0.28911459 -0.65742397
v 0.37443832 0.29976356 -0.45503137
v 0.37501508 0.27494264 -0.43076816
v 0.36017624 0.33555976 -0.62919456
v 0.35128552 0.32561445 0.05972662
v 0.33831882 0.33615535 -0.16249433
v 0.3417981 0.36443478 -0.08858132
v 0.36451954 0.37813979 -0.07428589
v 0.34834653 0.37840459 -0.57069212
v 0.3520495 0.37879393 -0.17856182
v 0.39565811 0.37362349 -0.40650263
v 0.32889903 0.39209321 -0.64004934
v 0.36159882 0.37185249 -0.62789863
v 0.3409836 0.38882333 -0.60417861
v 0.3629213 0.38917518 0.08187382
v 0.35293791 0.42499754 -0.65864384
v 0.36350068 0.38838091 -0.39862153
v 0.35929692 0.43160468 -0.25957924
v 0.36206412 0.47809184 -0.47320238
v 0.35693687 0.50765896 -0.27520797
v 0.37716916 0.49863729 -0.12087292
v 0.36419195 0.48004109 -0.01633381
v 0.34760484 0.52379888 0.01305263
v 0.36811188 0.4942959 0.14801921
v 0.36021 0.53705513 -0.20476241
v 0.3612451 0.53937232 -0.04429004
v 0.36943412 0.53717661 -0.1331269
v 0.39315692 -0.85972869 -0.30034792
v 0.43211117 -0.86214745 -0.16998862
v 0.35163537 -0.85928118 0.76131296
v 0.35481411 -0.85946614 -0.63524699
v 0.39334068 -0.83070135 0.65685534
v 0.37983811 -0.86321157 0.06567487
v 0.34419155 -0.86078787 -0.0077926
v 0.34307608 -0.82212806 0.44436789
v 0.3573952 -0.8204577 -0.41010392
v 0.3709152 -0.82423925 -0.46169788
v 0.35966352 -0.81928277 0.32885244
v 0.36192054 -0.77904314 0.02905266
v 0.36694822 -0.74359095 0.24559285
v 0.37340665 -0.79333699 0.23363079
v 0.38155302 -0.66812128 0.32152984
v 0.37601891 -0.66917819 0.00570702
v 0.36945456 -0.61969882 0.35572237
v 0.3461104 -0.36863524 -0.10774518
v 0.3607851 -0.36301714 0.07119068
v 0.38422427 -0.32040524 0.0271434
v 0.36178258 -0.15767594 -0.35869181
v 0.39323014 -0.10656364 -0.41057816
v 0.39334083 -0.09848855 -0.37826946
v 0.38270059 -0.09161662 -0.32942986
v 0.37731194 0.02331918 -0.21329576
v 0.38474834 0.0195072 -0.15877187
v 0.38359207 -0.00180211 -0.74263418
v 0.35947242 0.01861756 -0.44388106
v 0.36713398 -0.01843714 -0.47272334
v 0.36997157 0.00041781 -0.6889599
v 0.36283988 0.12037754 -0.46966934
v 0.376717 0.14284697 -0.38592285
v 0.40844241 0.04231348 0.28744417
v 0.3618902 0.14072622 -0.49150607
v 0.35934225 0.14083989 -0.61731994
v 0.36568254 0.16102548 -0.65730602
v 0.37785938 0.17137913 0.3460936
v 0.37848353 0.22832191 -0.55714762
v 0.3775987 0.20160824 -0.30674282
v 0.37996286 0.2527945 -0.66469777
v 0.38207093 0.29912424 0.27705404
v 0.37261319 0.30680484 -0.07944445
v 0.36243153 0.31977415 -0.24446264
v 0.37144038 0.36477843 -0.68690819
v 0.36338994 0.36451814 -0.63139975
v 0.36457369 0.36358351 -0.0831985
v 0.35385022 0.37386402 -0.34062311
v 0.35399598 0.36427382 0.05712958
v 0.36027756 0.38345948 -0.24890716
v 0.35732415 0.41051161 -0.16826653
v 0.35539728 0.42170826 -0.67947078
v 0.38152561 0.46256441 0.05105099
v 0.35748109 0.45118394 -0.01431922
v 0.37121624 0.47550043 -0.37758797
v 0.35438475 0.47398162 0.00230385
v 0.37775019 0.51127011 0.04815405
v 0.34613371 0.57010984 0.05743385
v 0.38540167 0.59233445 -0.16447525
v 0.36458099 0.62846959 -0.12889878
v 0.37834713 -0.86273438 -0.10604282
v 0.37319648 -0.85944432 -0.04381211
v 0.37041739 -0.85518539 -0.71639764
v 0.37032884 -0.8533622 0.15689567
v 0.37152976 -0.84860295 -0.84338474
v 0.36919492 -0.85126364 -0.60319799
v 0.39306849 -0.85499722 -0.55935568
v 0.39243877 -0.83539939 0.75391012
v 0.36133745 -0.80534059 0.05909953
v 0.37089926 -0.79777938 0.04709192
v 0.36583263 -0.75266623 0.40669689
v 0.36406901 -0.79384923 0.18193544
v 0.36708689 -0.78445458 0.03834452
v 0.34570536 -0.77191818 0.0848707
v 0.39188498 -0.5425753 0.4229829
v 0.37989125 -0.44856209 0.36531404
v 0.41534182 -0.44494531 0.30603901
v 0.41552159 -0.40116492 0.20675428
v 0.35987526 -0.04936925 0.08986039
v 0.34523007 -0.02592618 -0.35666808
v 0.37107643 -0.03993987 -0.3833428
v 0.37253296 -0.02509764 -0.29625508
v 0.39026302 -0.02565374 -0.42711255
v 0.39141354 -0.00623192 -0.40359625
v 0.34667119 -0.01185478 -0.33828831
v 0.4111211 0.03513599 -0.38473159
v 0.4172025 0.02399283 -0.4689098
v 0.38390914 0.02773678 -0.5255965
v 0.35899943 0.07094204 -0.17601408
v 0.37404737 0.0490366 0.26058066
v 0.35402909 0.07661168 -0.48708364
v 0.36280164 0.15732174 -0.54380471
v 0.38194454 0.15036292 -0.47797269
v 0.38671252 0.18370898 -0.49458256
v 0.36657578 0.22447659 -0.48853928
v 0.34811124 0.22025266 -0.42187488
v 0.39360172 0.24105562 -0.50821537
v 0.3774755 0.25324503 -0.61912084
v 0.41210091 0.34486139 -0.47231156
v 0.3740975 0.32798201 0.08224213
v 0.37047702 0.36136565 -0.05690346
v 0.36782378 0.32227442 -0.31421366
v 0.39483348 0.33762214 -0.17624301
v 0.37514475 0.36417052 -0.30432317
v 0.35734597 0.40274251 -0.32294035
v 0.38893661 0.39675388 -0.11333005
v 0.37198228 0.42114538 -0.2779589
v 0.34560356 0.42419037 -0.18774422
v 0.38786927 0.46250138 -0.20958073
v 0.34431145 0.45103729 -0.20121121
v 0.37782165 0.44163179 -0.16396579
v 0.36995095 0.4333742 0.00559359
v 0.3867448 0.42173854 0.10202036
v 0.37484416 0.49463505 -0.4466821
v 0.3734743 0.50296402 -0.03375289
v 0.34869644 0.53678596 -0.29459524
v 0.40150222 0.56182277 -0.00262994
v 0.37092122 0.67220235 -0.17205271
v 0.39779782 0.68818891 0.03429493
v 0.39143169 -0.86904317 0.15784913
v 0.41418141 -0.85392588 -0.39575669
v 0.38784927 -0.86000443 0.52296025
v 0.37089077 -0.86655486 -0.74786144
v 0.38218915 -0.84088635 0.04496195
v 0.38960201 -0.85057473 0.50441647
v 0.40200755 -0.83968824 0.59066659
v 0.37188929 -0.79210645 0.34767073
v 0.37984237 -0.8090018 0.0904595
v 0.37932462 -0.78953397 0.25840715
v 0.38519186 -0.77596277 0.09066307
v 0.40116763 -0.57744592 0.08467609
v 0.40319338 -0.4858802 0.34484148
v 0.3863453 -0.42418435 -0.07524496
v 0.39471397 -0.47756734 -0.04217888
v 0.36392209 -0.34700289 -0.05439408
v 0.39246416 -0.07023343 -0.05227002
v 0.37072104 -0.06646224 0.0484693
v 0.39376932 -0.04294943 -0.32931426
v 0.38611478 -0.00251432 0.17312291
v 0.38518754 -0.02559008 -0.34239104
v 0.38911217 0.00368925 -0.42299399
v 0.46581322 0.00716439 -0.5336467
v 0.37623069 0.03503256 -0.44429454
v 0.39800116 0.0317751 -0.43958664
v 0.39653468 0.04684325 -0.58971989
v 0.38962033 0.14291419 -0.65220124
v 0.38328177 0.14674532 -0.58192182
v 0.39581323 0.21472628 -0.42930853
v 0.37210596 0.24770817 -0.41906506
v 0.38641316 0.25848356 -0.70263368
v 0.37683067 0.2724691 -0.40666175
v 0.38317674 0.27370983 -0.69657058
v 0.38459349 0.2660515 -0.49654394
v 0.3769649 0.29581353 0.05805706
v 0.38381717 0.30353162 -0.07446744
v 0.36625689 0.38466546 -0.28132212
v 0.37691632 0.39888173 -0.70420957
v 0.38650703 0.36172536 -0.26405689
v 0.40712708 0.38228464 0.0392619
v 0.38659158 0.41133329 -0.68329519
v 0.38502347 0.44411904 -0.71632671
v 0.38286257 0.39810017 -0.63866431
v 0.39075917 0.41635594 -0.26076275
v 0.38032037 0.45867056 -0.70468765
v 0.39189428 0.43812793 -0.43740377
v 0.39170775 0.46919069 0.0362019
v 0.37740245 0.4737244 -0.02747541
v 0.40595549 0.45919985 -0.12506872
v 0.37965634 0.52448237 -0.49358493
v 0.38735715 0.50154996 -0.28900179
v 0.37518507 0.54023331 -0.25427401
v 0.39146736 0.58753586 -0.30395737
v 0.41374058 0.57683033 0.0720579
v 0.38912991 0.63426054 0.06697814
v 0.38683772 0.67269331 -0.19835655
v 0.4094024 0.67314732 0.03316841
v 0.39304194 -0.8676824 -0.57872474
v 0.40063262 -0.8543967 0.5735755
v 0.39110786 -0.86171675 -0.62967908
v 0.37209222 -0.78858477 -0.00706729
v 0.37764311 -0.82562608 0.17079243
v 0.38919252 -0.80476356 0.48155853
v 0.37710139 -0.79521209 0.30878994
v 0.38687107 -0.75095206 0.06267387
v 0.37163529 -0.74662656 0.2974095
v 0.40695357 -0.72895288 0.33330914
v 0.39441335 -0.62642401 0.35767213
v 0.38159809 -0.11835583 -0.62548941
v 0.37522534 -0.13818294 -0.64827567
v 0.39199728 0.02256174 -0.30344257
v 0.3958399 0.00954046 -0.27012199
v 0.39572182 0.01817645 -0.42856139
v 0.40593457 0.02262793 -0.55886096
v 0.36350009 0.03908804 -0.33180499
v 0.38796258 0.08310521 -0.49748048
v 0.38447419 0.09950107 -0.49083954
v 0.36186963 0.0996263 -0.15904991
v 0.40768403 0.08279593 -0.09264132
v 0.37602776 0.10904918 -0.50190395
v 0.39628258 0.11268788 -0.56058657
v 0.3966375 0.15326156 -0.41616565
v 0.39219457 0.16213657 -0.70255655
v 0.39046928 0.22374223 -0.48868343
v 0.38130569 0.2495482 -0.51043719
v 0.39095843 0.2586261 -0.3700251
v 0.39348039 0.24019003 -0.47581246
v 0.37335131 0.30158174 -0.08335432
v 0.38374048 0.29736874 0.08441868
v 0.41061416 0.32003284 0.02077805
v 0.39963505 0.33480814 -0.35010862
v 0.41103271 0.36494809 -0.39376858
v 0.39041215 0.37540829 0.23070727
v 0.39333981 0.34710351 0.27004758
v 0.38509867 0.38264495 -0.10195625
v 0.3823891 0.42805016 -0.09919523
v 0.38598105 0.50912136 -0.50361788
v 0.39624736 0.49596137 -0.2182132
v 0.41602752 0.52464306 0.00931953
v 0.3992855 0.52107191 -0.2428105
v 0.41871741 0.55506814 -0.04639737
v 0.38182116 0.5566839 -0.21036565
v 0.41137099 0.5173803 -0.17239526
v 0.40579459 0.55352479 -0.02763896
v 0.38956571 0.62313193 -0.15619031
v 0.40230766 0.65361041 -0.15011778
v 0.39788672 0.6719563 0.05785661
v 0.47847533 -0.87371665 -0.13426544
v 0.40451428 -0.86028534 -0.25954205
v 0.38567486 -0.86884964 0.11467265
v 0.39452547 -0.86724412 0.0500085
v 0.39048868 -0.8445006 0.2133414
v 0.39868686 -0.84257436 0.71164525
v 0.38918212 -0.80461985 -0.07821581
v 0.38089621 -0.80862254 0.23286942
v 0.39419246 -0.78843218 0.0822419
v 0.40006542 -0.82140756 0.17794995
v 0.40061122 -0.73463619 0.40800941
v 0.4012959 -0.73560005 0.04000749
v 0.43297037 -0.6047585 0.05981992
v 0.41688061 -0.46961507 0.39300767
v 0.41455796 -0.42921716 0.01381572
v 0.39123875 -0.14338423 -0.63867456
v 0.39635235 -0.13054304 -0.34941238
v 0.39445686 -0.05120406 -0.00759563
v 0.385418 -0.0671462 0.0326415
v 0.41279241 -0.02633802 -0.37875327
v 0.39619613 -0.04388535 -0.44940904
v 0.39008102 -0.03871561 0.16543561
v 0.39603272 0.03808973 0.23695205
v 0.4012866 -0.00651368 -0.73850614
v 0.42028207 0.02163543 -0.600595
v 0.37978604 0.11404549 -0.46365097
v 0.42005792 0.10078444 -0.42690438
v 0.41450015 0.13456249 -0.39998579
v 0.37628302 0.12804949 -0.49040681
v 0.4312529 0.15526442 -0.54076231
v 0.41394135 0.22113062 -0.35698259
v 0.39811245 0.19642606 -0.29835841
v 0.40580967 0.22788805 -0.41396415
v 0.38390473 0.22347644 -0.46343631
v 0.39689684 0.27337587 -0.67869973
v 0.39588007 0.30257502 -0.08775455
v 0.40315247 0.32547912 -0.17274347
v 0.39554292 0.37726238 -0.67665011
v 0.4174653 0.36866531 -0.19970755
v 0.41145539 0.37231153 -0.12726478
v 0.39509529 0.37824568 0.10334919
v 0.40845373 0.38077965 -0.33412412
v 0.39882249 0.41840324 -0.30684751
v 0.39620641 0.43638667 -0.34427857
v 0.40559897 0.41283923 -0.11577934
v 0.3908354 0.42421067 -0.67493349
v 0.4006359 0.45515683 -0.1421968
v 0.39090315 0.42788392 -0.09073718
v 0.4145371 0.47279415 -0.25249338
v 0.40762183 0.4946582 -0.06964273
v 0.39833811 0.47467667 -0.39498553
v 0.41278973 0.49910635 -0.1587522
v 0.39795962 0.52920449 -0.32508031
v 0.41819444 0.59167731 -0.35559809
v 0.41461623 0.58814085 0.0327112
v 0.41659272 0.65020508 -0.17011863
v 0.44483417 -0.87142825 -0.01316507
v 0.42369121 -0.85607773 -0.46189794
v 0.40503761 -0.85810173 -0.22318357
v 0.40853146 -0.8617425 -0.12097821
v 0.39518267 -0.85525316 0.53850812
v 0.37859207 -0.85891712 0.24748851
v 0.40794381 -0.82918423 0.64219004
v 0.40304393 -0.82962465 0.25386006
v 0.40712076 -0.7804513 -0.03980969
v 0.42018205 -0.76539272 0.37279686
v 0.41154256 -0.62538439 0.32751331
v 0.41366822 -0.44011748 0.369165
v 0.42692417 -0.42148572 0.10597306
v 0.39298496 -0.15305164 -0.67337221
v 0.39798018 -0.13557795 -0.65799582
v 0.39524817 -0.15494344 -0.38445425
v 0.39707559 -0.10790623 -0.43583083
v 0.42091519 -0.07670506 -0.46101519
v 0.39814723 -0.08251188 -0.38351002
v 0.41424471 0.02761444 -0.22608191
v 0.43778893 0.04553961 -0.63673055
v 0.38083696 0.12019464 -0.11406627
v 0.41967133 0.18148419 -0.59198141
v 0.38654578 0.26827708 -0.39213324
v 0.41551945 0.26100755 0.05967597
v 0.43211192 0.30778182 -0.44622222
v 0.38735241 0.296841 -0.37800041
v 0.4027423 0.27364853 -0.36911085
v 0.39840502 0.28291404 0.31222245
v 0.40171239 0.34819338 0.04318562
v 0.42141032 0.38538322 -0.27458981
v 0.41038811 0.36786959 -0.31304517
v 0.42900065 0.39059737 -0.18996246
v 0.39940572 0.41826031 -0.36330149
v 0.42320579 0.46388596 -0.41395235
v 0.41038048 0.40415043 0.01393345
v 0.4177947 0.3825267 0.13324018
v 0.39441845 0.44927517 -0.35318536
v 0.40267432 0.48629141 -0.27583402
v 0.4318628 0.47879586 -0.02487341
v 0.41210532 0.48316097 -0.19119155
v 0.42728919 0.53464431 -0.03796859
v 0.38326314 0.53947747 -0.52583414
v 0.40027815 0.54404199 -0.51287872
v 0.38927329 0.56923586 -0.55765671
v 0.4344168 0.56946748 -0.58542562
v 0.40765682 0.53570038 -0.24571353
v 0.41657898 0.7070539 -0.21445803
v 0.4555673 -0.87242383 -0.1842676
v 0.40254107 -0.84685373 0.17546475
v 0.40364864 -0.83558166 -0.8604368
v 0.40589544 -0.84471774 -0.86265218
v 0.3956084 -0.83758569 0.2152496
v 0.41975954 -0.8418417 -0.40060562
v 0.41594994 -0.77438647 0.09257669
v 0.40428361 -0.76549023 0.00682318
v 0.4204601 -0.64189792 0.3783294
v 0.43229091 -0.50764889 0.43484616
v 0.43860054 -0.52029163 0.05810872
v 0.44131687 -0.47152534 0.29962146
v 0.39716196 -0.16419229 -0.66616791
v 0.41744965 -0.02368864 -0.07880272
v 0.43588689 -0.10972434 0.14674808
v 0.43541363 -0.05988052 -0.43327522
v 0.40890461 -0.01550705 -0.32103947
v 0.40938503 0.03188086 0.19577137
v 0.43371913 0.03387199 -0.33156008
v 0.4130246 0.03875446 -0.47108877
v 0.40696776 0.06791399 -0.17147832
v 0.40813282 0.17258722 -0.42755875
v 0.4164412 0.16589171 -0.61886251
v 0.3985759 0.22608475 -0.4799943
v 0.41652691 0.23385692 -0.37125361
v 0.43092534 0.25226998 -0.31361195
v 0.44967213 0.21629651 0.30835283
v 0.41326723 0.25972164 0.10471974
v 0.42327619 0.27644366 -0.41858298
v 0.41266558 0.28784648 -0.74409503
v 0.40308821 0.29611078 -0.34352607
v 0.39077568 0.30946493 -0.30860737
v 0.44429514 0.26235712 -0.31056541
v 0.40590811 0.33924159 -0.4011896
v 0.40736747 0.37554717 0.16066101
v 0.41772962 0.36407316 -0.24037559
v 0.41253692 0.43941277 -0.09587372
v 0.41071421 0.45077553 -0.32264
v 0.41100124 0.47640204 -0.31111819
v 0.40603209 0.50920594 -0.46036577
v 0.40179774 0.53143889 -0.51667422
v 0.41796327 0.52708513 -0.5026685
v 0.41688213 0.53327 -0.52049142
v 0.46351054 0.57287741 -0.24810323
v 0.41814652 0.68178165 -0.18412384
v 0.44920483 -0.85991293 -0.79505056
v 0.46160901 -0.86488795 -0.59492242
v 0.43556747 -0.85634738 -0.71662754
v 0.41630399 -0.86983663 0.14290845
v 0.403079 -0.85352516 0.54698724
v 0.42695528 -0.83513427 0.143553
v 0.43976486 -0.81719726 -0.09024694
v 0.44693962 -0.80234081 0.09176463
v 0.42020389 -0.80639952 0.12858434
v 0.43284962 -0.75550705 0.03211549
v 0.41574815 -0.18218872 -0.69471759
v 0.4144361 -0.17707203 -0.67235184
v 0.42218462 -0.15696183 -0.68805504
v 0.42580393 -0.1179311 -0.42408645
v 0.45458224 -0.13228713 0.07796685
v 0.42283526 -0.01876061 -0.05760372
v 0.43961328 -0.03411812 -0.49763215
v 0.42690471 0.01625909 -0.4179416
v 0.43160459 0.01294176 -0.21006407
v 0.42743522 0.02759527 -0.18259048
v 0.43538594 0.10051256 -0.11412741
v 0.39772165 0.10802087 -0.6089074
v 0.4092623 0.09058024 -0.58900636
v 0.4205229 0.11474212 -0.57803816
v 0.41290465 0.14913039 -0.61407113
v 0.41812027 0.21338105 -0.49411091
v 0.42550278 0.24018361 -0.57116801
v 0.42904618 0.26290146 -0.3464939
v 0.43772846 0.26603684 -0.47541186
v 0.42294756 0.2621612 -0.73636311
v 0.41540051 0.27053469 -0.52994072
v 0.38829029 0.2902385 -0.27936721
v 0.41330913 0.29759026 -0.35978875
v 0.43432942 0.27286929 0.08735991
v 0.40502903 0.26516476 -0.00159299
v 0.42266002 0.26920536 -0.06594699
v 0.40716866 0.29794344 -0.02094308
v 0.41931379 0.30350947 0.02468833
v 0.42616838 0.33261532 -0.47616106
v 0.412792 0.38341802 -0.21160209
v 0.41409117 0.42293534 -0.30506474
v 0.44102177 0.45171469 -0.21268387
v 0.41503316 0.46768171 -0.72600329
v 0.41875786 0.63650727 -0.36522871
v 0.41550669 0.698578 -0.22700033
v 0.44820574 -0.87676936 0.11943488
v 0.44720098 -0.86562926 0.55260092
v 0.46019086 -0.8514083 -0.54015684
v 0.43578094 -0.84486252 -0.44191709
v 0.4308764 -0.81440538 0.53018904
v 0.42273149 -0.78829205 -0.01799883
v 0.45888516 -0.6869837 0.31943351
v 0.43557462 -0.44577035 0.33824259
v 0.4285976 -0.19730158 -0.39422211
v 0.42191035 -0.12354214 -0.39622948
v 0.430971 -0.13315201 -0.45356998
v 0.42743939 -0.10292044 -0.45086256
v 0.42655334 -0.09791975 -0.36393693
v 0.45763591 -0.05475725 -0.40675458
v 0.46270978 -0.03689644 0.22289155
v 0.45999378 0.00630042 -0.48343393
v 0.41874006 0.06063301 -0.07815959
v 0.41144949 0.06400643 -0.33384168
v 0.46051946 0.0651318 -0.51194268
v 0.4303481 0.12460431 -0.60526353
v 0.42504138 0.13843079 -0.51715863
v 0.44864178 0.21851434 -0.33026364
v 0.42502415 0.21915081 -0.57789338
v 0.43204293 0.25172943 -0.45603091
v 0.44532406 0.24565439 -0.50957805
v 0.41880301 0.23423542 -0.50854695
v 0.41936299 0.26560515 0.27775916
v 0.41363189 0.31827784 -0.5407958
v 0.43337661 0.33129793 -0.38272876
v 0.43328705 0.29783228 -0.28926763
v 0.41221631 0.32001674 -0.196806
v 0.43646586 0.35593528 -0.34286454
v 0.42391694 0.35807583 -0.1425634
v 0.42718899 0.39458448 0.04954359
v 0.42516646 0.36822167 0.00364775
v 0.41968578 0.41914532 -0.36632791
v 0.41355181 0.48870963 -0.46464688
v 0.42830089 0.50306785 -0.09538335
v 0.41577941 0.51933235 -0.29182452
v 0.42153177 0.53935379 -0.32615528
v 0.4487139 0.52426827 -0.35870522
v 0.43883234 0.55645013 -0.28316548
v 0.43177336 0.5543766 -0.20128545
v 0.5086714 -0.87264401 0.32818401
v 0.46484941 -0.85270333 -0.78022498
v 0.49410111 -0.85531247 -0.64178544
v 0.48058748 -0.86116987 -0.30877224
v 0.45265338 -0.85545242 -0.24269558
v 0.43323824 -0.86222941 -0.23391634
v 0.45447451 -0.84403974 -0.14763151
v 0.43481004 -0.84567595 -0.81915462
v 0.44758606 -0.84814745 -0.33630806
v 0.44820264 -0.84212756 -0.30732146
v 0.43955535 -0.77465647 0.47266147
v 0.45407784 -0.67848665 0.35339108
v 0.45863566 -0.64342403 0.31218299
v 0.42666867 -0.53254962 0.09803075
v 0.43649665 -0.58524978 0.39538768
v 0.42178214 -0.08816604 -0.41917109
v 0.43717304 0.0033959 -0.29891777
v 0.48090845 0.06746701 -0.46024829
v 0.41683251 0.05882242 -0.42629328
v 0.44757333 0.03928152 -0.39513439
v 0.43014199 0.05296278 -0.2586365
v 0.44862488 0.0531217 -0.14814314
v 0.45294499 0.08921538 -0.63018286
v 0.46040803 0.11998551 -0.66469687
v 0.43136048 0.12085243 -0.57904369
v 0.45383531 0.11542637 -0.49732384
v 0.47178045 0.10689158 -0.4554843
v 0.43600687 0.12314007 -0.54599559
v 0.4431524 0.14212956 0.37139931
v 0.4330698 0.14690746 -0.44093555
v 0.46908841 0.23850469 -0.50460333
v 0.40626568 0.24612829 -0.26648146
v 0.40686467 0.22005279 -0.22670804
v 0.42190748 0.28570476 -0.35028371
v 0.44147682 0.30822778 -0.00629138
v 0.44903812 0.30826223 -0.10092335
v 0.41862309 0.34894761 -0.10067585
v 0.47345966 0.34541348 -0.06772554
v 0.41773644 0.35144591 -0.48535332
v 0.43224275 0.34170413 -0.46856445
v 0.42031062 0.33257931 -0.22992414
v 0.42606911 0.36416847 -0.39384899
v 0.47185269 0.46648696 0.19915813
v 0.4560042 0.45081425 -0.26061592
v 0.44960833 0.4734118 -0.140679
v 0.43378407 0.47695369 -0.10642835
v 0.46764532 0.45354676 -0.24360228
v 0.43732148 0.48242682 -0.29050723
v 0.44208282 0.49028298 -0.19643892
v 0.44591552 0.49768415 -0.18049376
v 0.45179781 0.50808817 -0.06596707
v 0.43789059 0.56354743 -0.53303128
v 0.44321141 0.56255305 -0.0409735
v 0.45470098 0.58596027 -0.23555106
v 0.49014413 -0.87242848 0.06457829
v 0.44384706 -0.85538834 0.58771902
v 0.4521327 -0.85025305 -0.1031305
v 0.45743611 -0.84694844 0.5837723
v 0.46195444 -0.8084864 -0.04319254
v 0.4490433 -0.81018639 0.00617991
v 0.44709897 -0.8083328 -0.02790712
v 0.4338032 -0.75525022 0.0742844
v 0.43530798 -0.74070644 0.06483578
v 0.43431538 -0.7309404 0.34996694
v 0.48820969 -0.7404846 0.08276118
v 0.44103816 -0.54393345 0.13704009
v 0.47421074 -0.49015227 0.11088067
v 0.4637883 -0.0667496 -0.47359762
v 0.46320981 -0.08376085 -0.04452704
v 0.44872153 -0.05120979 -0.37101486
v 0.42965916 0.08718934 -0.3204515
v 0.46308577 0.11513201 -0.54052049
v 0.45055827 0.12723637 -0.43002665
v 0.41774631 0.15015638 -0.4918485
v 0.44884416 0.15673758 -0.6586681
v 0.44482154 0.21454343 -0.55373162
v 0.44248849 0.21765913 -0.34856606
v 0.43150637 0.22040251 -0.59219617
v 0.47836909 0.22945015 -0.23979394
v 0.43787372 0.22731328 -0.21499446
v 0.44619995 0.27130678 -0.02948918
v 0.45630538 0.26266295 -0.39989197
v 0.44967392 0.3001644 -0.02947083
v 0.43780175 0.31646806 -0.03454792
v 0.43506691 0.32664353 -0.36894229
v 0.44260317 0.34382665 -0.58106518
v 0.44719607 0.31187186 -0.56666332
v 0.44200358 0.35434583 -0.13066271
v 0.45112839 0.34649312 -0.5079571
v 0.47595602 0.36221841 -0.19827701
v 0.43244043 0.36634549 -0.13027766
v 0.4491922 0.37843287 0.14151613
v 0.44928864 0.41008618 -0.26763123
v 0.45200804 0.42420113 0.08087779
v 0.44748744 0.44177964 -0.33033356
v 0.49059585 0.4371112 -0.11077726
v 0.47597045 0.43533522 -0.02803049
v 0.4545984 0.52871245 -0.1890071
v 0.44874841 0.53683829 -0.35174176
v 0.45728213 0.55933279 -0.55544549
v 0.46552268 0.53762102 -0.22484125
v 0.44417402 0.60349 -0.30508903
v 0.4727805 0.66063815 -0.35849479
v 0.44112989 -0.86862743 -0.04059297
v 0.44123158 -0.83333075 -0.04076973
v 0.45559376 -0.78521085 0.07659337
v 0.44865656 -0.77241862 0.03402342
v 0.438676 -0.76321834 0.09420833
v 0.45271248 -0.77764845 0.43335542
v 0.46100229 -0.55012494 0.09929181
v 0.44941881 -0.52942914 0.15643317
v 0.44299641 -0.45340821 0.34004495
v 0.44124028 -0.46254724 0.27136052
v 0.45204401 -0.13701375 -0.45946047
v 0.46111622 -0.08472068 -0.44767162
v 0.47421136 0.05514121 0.21728876
v 0.42783314 0.06423265 -0.21886772
v 0.46092522 0.0523525 -0.33172792
v 0.44477287 0.06389368 -0.279791
v 0.43612856 0.08837188 -0.27105469
v 0.41411069 0.09924643 -0.25126129
v 0.43969932 0.10571536 -0.34146303
v 0.4438507 0.18698278 -0.65959299
v 0.44593579 0.20412296 -0.53287196
v 0.45168948 0.17034981 -0.62051809
v 0.43411958 0.17105451 -0.34715047
v 0.43038198 0.17828093 -0.30312982
v 0.44155332 0.1670389 -0.34138045
v 0.46219593 0.17901665 -0.41215816
v 0.46274358 0.18123204 -0.42951265
v 0.46732706 0.25033608 -0.32616141
v 0.46602729 0.2157909 -0.39915836
v 0.45163256 0.25416929 -0.60545176
v 0.43921915 0.23805301 -0.61192667
v 0.45371449 0.27737552 -0.27303877
v 0.46623737 0.30201906 -0.44983232
v 0.45245105 0.31765869 0.00267544
v 0.43767694 0.34744054 -0.35889211
v 0.46030951 0.39177683 -0.52198267
v 0.45312965 0.3625727 -0.4943864
v 0.47118565 0.37945855 -0.09778774
v 0.4439244 0.38546774 -0.30349368
v 0.45680052 0.38156638 -0.22912602
v 0.46306208 0.41410115 -0.32934332
v 0.46580109 0.41515043 -0.13092454
v 0.47465608 0.45263052 0.18065237
v 0.45364365 0.4015744 -0.30020383
v 0.44955358 0.48693147 -0.1423611
v 0.45480901 0.53538293 -0.33587718
v 0.49438083 0.59294349 -0.23021433
v 0.45787239 0.59119934 -0.57536221
v 0.47389916 -0.86758083 0.47226298
v 0.5065558 -0.86242032 -0.75921512
v 0.50904649 -0.52176595 0.35184291
v 0.46379578 -0.48284566 0.18330953
v 0.47279707 -0.13914491 0.0249254
v 0.46948501 -0.09123965 -0.5000605
v 0.46208909 0.01214761 -0.28644234
v 0.45441994 0.04414324 -0.30983695
v 0.48565778 0.02569581 -0.2119675
v 0.46208546 0.08134582 -0.10271984
v 0.49129093 -0.02314598 -0.09557869
v 0.47592866 0.06801962 -0.42793521
v 0.47584096 0.08931445 -0.66825944
v 0.46807006 0.09701663 -0.24026042
v 0.45811453 0.14393063 -0.63736862
v 0.45826456 0.14677931 -0.53192616
v 0.47076389 0.16242146 -0.44454035
v 0.45278385 0.1527317 -0.37674493
v 0.44989535 0.16168626 -0.55130875
v 0.46632117 0.19767064 -0.29572073
v 0.44608188 0.23650458 -0.5680393
v 0.46893036 0.25447932 -0.35896176
v 0.46501771 0.26797244 -0.31006804
v 0.46091548 0.33799803 -0.53492743
v 0.44702536 0.34235477 -0.03199134
v 0.47061753 0.32711282 0.25582972
v 0.48225525 0.38515401 0.24463837
v 0.46991304 0.34815741 -0.32077613
v 0.45818228 0.37454107 -0.35786662
v 0.4688223 0.4352304 0.22989981
v 0.45200571 0.41207072 -0.30521086
v 0.463128 0.50603086 -0.32334328
v 0.46007079 0.59977514 -0.32039544
v 0.51012731 -0.87063998 -0.70878464
v 0.50764245 -0.85422724 -0.03941666
v 0.44644308 -0.84478849 0.62830663
v 0.4616054 -0.79054946 -0.0634782
v 0.47106171 -0.80211771 0.11575247
v 0.46083599 -0.77817178 0.05607603
v 0.4728463 -0.7071079 0.38679805
v 0.48764896 -0.6749081 0.06756392
v 0.47790653 -0.47464368 0.30721071
v 0.47968602 -0.12078965 -0.4984965
v 0.45004714 0.0518542 -0.15615305
v 0.5082916 0.07718681 0.26701602
v 0.50180864 0.08029898 -0.40606382
v 0.46724817 0.06907057 -0.25574401
v 0.47731605 0.07059664 -0.23351945
v 0.47222045 0.13146615 -0.11780541
v 0.48074344 0.08917888 -0.56025475
v 0.49034584 0.08264848 0.30006626
v 0.48385337 0.14697781 0.35677063
v 0.4678117 0.11559805 -0.37414646
v 0.4989188 0.11601529 -0.68164569
v 0.47484222 0.1089634 -0.24867913
v 0.46207187 0.12192884 -0.34525943
v 0.47762564 0.14890684 -0.59404403
v 0.46518984 0.15436019 -0.36314845
v 0.47075325 0.18436454 -0.70583332
v 0.47627163 0.20565215 -0.56609869
v 0.48474804 0.26104543 0.30754
v 0.45450142 0.25060305 -0.62927198
v 0.47888333 0.26443881 -0.47523305
v 0.43953368 0.28818065 -0.36402076
v 0.47407517 0.28543529 -0.24019018
v 0.47135442 0.3061606 -0.55076903
v 0.46841744 0.29087377 -0.32830867
v 0.47012439 0.32163006 -0.36819506
v 0.47271228 0.32544169 -0.37626085
v 0.47553244 0.36058584 -0.57429558
v 0.46758369 0.3625176 -0.41500467
v 0.48719341 0.33717895 -0.16147231
v 0.46544087 0.37296304 -0.30534407
v 0.47208613 0.38588402 -0.12343478
v 0.50200588 0.50701946 -0.12661348
v 0.49864149 0.48106018 -0.05855463
v 0.47130954 0.55573767 -0.21364361
v 0.45906863 0.55331308 -0.33158964
v 0.45481151 0.55324513 -0.35858217
v 0.47285402 0.57295221 -0.05807651
v 0.48703432 0.63938284 -0.35800135
v 0.49303195 -0.86598176 -0.65527624
v 0.50707221 -0.86277235 -0.06385637
v 0.49825487 -0.86160773 -0.44083923
v 0.51322836 -0.86299485 -0.18714492
v 0.50215489 -0.85979855 -0.3886517
v 0.46674302 -0.81379038 -0.11325224
v 0.48320466 -0.84542567 0.63487613
v 0.46847329 -0.81189424 0.5194217
v 0.47641408 -0.82384276 0.47033459
v 0.47298774 -0.73700571 0.03570996
v 0.45876819 -0.51405197 0.21697882
v 0.45816731 -0.51992941 0.26866731
v 0.46190548 -0.48776793 0.28033352
v 0.50683933 -0.10434215 -0.4899011
v 0.48158684 -0.00436364 -0.52062893
v 0.47251967 0.00296214 -0.19240402
v 0.46957996 0.1079677 -0.68452036
v 0.47118992 0.12791082 -0.42385781
v 0.4663659 0.15504807 -0.64986569
v 0.43979573 0.18826902 -0.16885491
v 0.47286513 0.17654648 -0.16436397
v 0.46749565 0.18690859 -0.21339732
v 0.48325247 0.24333593 -0.19651096
v 0.48572403 0.23808114 -0.61923838
v 0.48555964 0.24670494 -0.21795987
v 0.48130831 0.26173681 -0.61539769
v 0.46039081 0.2698544 -0.49662611
v 0.45673797 0.30822495 -0.27063257
v 0.4833298 0.3310658 -0.05240491
v 0.46063304 0.35213384 -0.6088475
v 0.46987623 0.42914015 -0.28697756
v 0.47497055 0.39991081 -0.02717682
v 0.49779639 0.46943605 0.00535004
v 0.50713921 0.54155201 -0.09730769
v 0.53714031 -0.86839426 0.19303846
v 0.4995186 -0.84915239 -0.44794649
v 0.47511229 -0.85292017 -0.10436672
v 0.50038475 -0.76100665 -0.01976903
v 0.48266718 -0.71413553 0.33992597
v 0.49040997 -0.59857899 0.0903914
v 0.49872759 -0.59855521 0.32740146
v 0.49007812 -0.52432734 0.16473919
v 0.48649958 -0.54048681 0.26561517
v 0.51356083 -0.14745285 0.16435701
v 0.47934422 0.01676032 -0.52062708
v 0.48399565 0.08251673 -0.15367524
v 0.48607486 0.10536001 -0.54694718
v 0.50516695 0.12010735 -0.30451283
v 0.47359911 0.16377443 -0.67375255
v 0.47879753 0.18898737 -0.68390721
v 0.5370999 0.19357762 -0.41265798
v 0.47005749 0.19586812 -0.14614524
v 0.48420915 0.22469266 -0.55102861
v 0.49744886 0.22472574 -0.43339577
v 0.49699184 0.31071138 -0.41474187
v 0.49191323 0.31769514 0.00722015
v 0.50873846 0.34248397 -0.24880345
v 0.4807708 0.34142008 -0.11853138
v 0.51553202 0.37908584 0.00352159
v 0.50500941 0.38422602 -0.59663147
v 0.4681271 0.35474175 0.14156817
v 0.4757553 0.37223589 0.13152449
v 0.48975646 0.40093106 -0.31755349
v 0.49390334 0.46018869 -0.12180284
v 0.47545636 0.49397823 -0.17954786
v 0.47076052 0.53162432 -0.34912977
v 0.50507569 0.56619436 -0.35103369
v 0.49589846 0.57107139 -0.37442261
v 0.52201682 -0.86610287 -0.2902402
v 0.51516128 -0.87185925 -0.35627091
v 0.50265175 -0.8736853 -0.03400672
v 0.49642816 -0.85542083 0.5975042
v 0.50061083 -0.81679451 -0.1025872
v 0.47929633 -0.84839118 0.46365306
v 0.47157732 -0.85203969 0.47742656
v 0.48848736 -0.84749907 0.56548107
v 0.48804602 -0.82616949 0.07397573
v 0.48767322 -0.77958822 -0.04651078
v 0.4822875 -0.70640397 0.27490437
v 0.49569073 -0.52732915 0.26482743
v 0.49647242 0.01124066 -0.27080095
v 0.47733244 0.04861515 -0.18564597
v 0.51431096 0.15231065 -0.35188121
v 0.50262636 0.18001777 -0.71764499
v 0.51531911 0.20035622 0.31414512
v 0.49135119 0.19814777 -0.33880886
v 0.49953151 0.23431642 -0.21762331
v 0.52789026 0.26333061 -0.35022974
v 0.4930492 0.26843309 -0.29306084
v 0.49581584 0.28606042 -0.45532051
v 0.47501835 0.28889602 -0.1221
v 0.48100719 0.32560721 -0.1437265
v 0.49057087 0.37012789 -0.05187481
v 0.49378845 0.32620442 0.17070051
v 0.48970073 0.37936339 0.16315891
v 0.50630164 0.37847158 -0.11243168
v 0.51054025 0.41551551 -0.01315637
v 0.50139093 0.43586445 -0.27030748
v 0.52242267 0.49439767 -0.36130202
v 0.50690633 0.45705688 -0.16332862
v 0.51139385 0.51479536 -0.07254536
v 0.50125855 0.60234874 -0.24736772
v 0.47988117 0.61088753 -0.27455905
v 0.47990951 0.63145685 -0.26276425
v 0.51504338 -0.86312693 -0.03765946
v 0.50679922 -0.86391979 0.45232728
v 0.52420574 -0.85832781 -0.62623006
v 0.48947871 -0.86167932 0.48097581
v 0.49465153 -0.8619436 0.52829975
v 0.50178951 -0.77314091 0.11067334
v 0.48867419 -0.74994391 0.08095596
v 0.50179905 -0.71364886 0.40196353
v 0.48855913 -0.60015911 0.29169089
v 0.50561845 -0.52121949 0.2274128
v 0.5248524 -0.16346413 0.02392797
v 0.51484424 -0.09107384 -0.52691954
v 0.49108902 0.01454119 -0.55495071
v 0.53010732 0.03312021 -0.30603606
v 0.53100926 0.05140649 0.20741844
v 0.48600578 0.06569322 -0.31922159
v 0.49116239 0.08001924 -0.21995234
v 0.49644929 0.06813195 -0.2215917
v 0.49732947 0.074073 -0.19731717
v 0.49440357 0.08706361 -0.53847021
v 0.48819205 0.10910401 -0.45462438
v 0.48567262 0.08364744 -0.23984419
v 0.48315045 0.1175017 -0.26020586
v 0.50498986 0.09488418 -0.34697276
v 0.48927477 0.1728248 -0.47900736
v 0.5132758 0.20970312 -0.50586665
v 0.50226521 0.21609278 -0.18658817
v 0.49494344 0.1960004 -0.28422764
v 0.50278497 0.24775413 -0.31120133
v 0.49697226 0.25316507 -0.60940433
v 0.50208175 0.28245077 -0.33111802
v 0.50501734 0.26477757 -0.18132693
v 0.47220731 0.25549835 -0.13575962
v 0.50554031 0.31690228 -0.00594286
v 0.47319278 0.31509155 -0.43300042
v 0.49929884 0.31903252 -0.41295043
v 0.5222559 0.32257923 -0.38997442
v 0.51577955 0.30228046 -0.16795686
v 0.49719033 0.32771826 -0.58596754
v 0.49188158 0.3184953 -0.0799261
v 0.5126847 0.32360417 0.13778618
v 0.51140791 0.36241204 -0.40199208
v 0.4950476 0.36621368 -0.37816331
v 0.49942592 0.37475017 -0.22156776
v 0.5035215 0.42836368 -0.03471022
v 0.4992438 0.39451489 -0.41281757
v 0.49355161 0.38500211 -0.08356801
v 0.5047093 0.47647747 -0.36705351
v 0.52603579 0.47446397 0.06187119
v 0.49748585 0.47123504 0.20028552
v 0.53986692 -0.86940753 -0.59081769
v 0.51896453 -0.85429615 -0.52308214
v 0.51975012 -0.85304195 -0.28836036
v 0.51932913 -0.84886777 -0.15497231
v 0.54010946 -0.85034215 0.53235602
v 0.49761546 -0.80975783 0.12119702
v 0.53946143 -0.77378595 0.46594909
v 0.50158483 -0.73354554 0.29615262
v 0.48126203 -0.7308194 0.24171098
v 0.51538819 -0.71645135 0.25986335
v 0.50464493 -0.65942281 0.2802864
v 0.51404524 -0.51419252 0.29144636
v 0.51632124 -0.11805276 -0.53746688
v 0.50521767 -0.01115553 -0.55575597
v 0.5156219 0.02640335 -0.56551784
v 0.51001108 0.04677992 -0.26304147
v 0.53251153 0.03719732 -0.25237954
v 0.54717237 0.04606454 -0.31973949
v 0.51700807 0.0935889 -0.17878318
v 0.51215482 0.10801435 -0.70629394
v 0.51801139 0.11389095 -0.29334036
v 0.50456709 0.09746909 -0.32455304
v 0.52292866 0.14481647 -0.14758058
v 0.49974024 0.13146892 -0.70079482
v 0.5029605 0.14000882 -0.45575151
v 0.49838635 0.16456287 -0.27336723
v 0.53483868 0.19890271 -0.55732387
v 0.49251208 0.18596862 -0.2324573
v 0.48109013 0.16643538 -0.26016861
v 0.49818474 0.23777919 -0.61547577
v 0.51678407 0.21814305 -0.56447011
v 0.51608181 0.25134218 -0.12303483
v 0.5345462 0.2840426 -0.39016402
v 0.50891685 0.30656657 -0.46878359
v 0.50289834 0.31079772 -0.4201518
v 0.50798506 0.3362551 -0.45920771
v 0.50257915 0.33269274 0.21562617
v 0.52226907 0.39158818 -0.42606637
v 0.50792748 0.35521176 -0.6319313
v 0.49417323 0.45662576 -0.14780976
v 0.53969342 0.50969398 -0.20442227
v 0.53172517 0.54616982 -0.19631137
v 0.50715673 0.6353879 -0.27323258
v 0.52037442 -0.85772383 -0.69027096
v 0.55993295 -0.858347 -0.53616112
v 0.50388277 -0.84094453 0.07830805
v 0.49674392 -0.85628587 0.14561081
v 0.51312232 -0.86014974 0.05834408
v 0.50793356 -0.85848224 -0.07481202
v 0.49414301 -0.81772524 0.16583174
v 0.51602012 -0.8477059 0.17634092
v 0.52203667 -0.80650711 -0.0575286
v 0.50815225 -0.7868337 0.25136158
v 0.50607669 -0.56674463 0.24948095
v 0.51902145 -0.56870264 0.15118566
v 0.5113039 -0.51099151 0.32266936
v 0.50811458 -0.09990199 -0.05058433
v 0.51705521 -0.00134531 -0.53950965
v 0.53196281 0.04646834 -0.22894964
v 0.51120502 0.05487591 -0.0985695
v 0.51215929 0.09081144 0.28313497
v 0.52164 0.11223686 -0.39898771
v 0.54075867 0.11310843 -0.24380246
v 0.53284901 0.14244977 -0.2488001
v 0.51696074 0.16746226 -0.23841329
v 0.51149696 0.27205601 -0.25085494
v 0.52180415 0.29681924 -0.23876972
v 0.53263909 0.32818592 -0.1375623
v 0.51227844 0.29833305 0.02598179
v 0.5284732 0.33418906 -0.61453718
v 0.50559938 0.42385709 0.20935822
v 0.54141307 0.39536703 -0.27790904
v 0.52494544 0.39075491 -0.09772988
v 0.49961096 0.41533756 -0.08772302
v 0.54328185 0.46632281 -0.08042494
v 0.53410256 0.59465939 -0.37769353
v 0.52893972 -0.86060119 -0.68266028
v 0.56999874 -0.85779756 -0.34533942
v 0.5223729 -0.84314471 -0.05436553
v 0.51897585 -0.79139715 0.07437317
v 0.52358466 -0.79228377 0.15342623
v 0.53111184 -0.77396947 0.21790119
v 0.527942 -0.73857677 0.02201182
v 0.51688361 -0.70138913 0.096495
v 0.54024774 -0.75557101 0.31135181
v 0.54361516 -0.76284844 0.36657077
v 0.51915538 -0.64984643 0.22936955
v 0.49582776 -0.25181231 0.07605704
v 0.51451302 -0.22873957 0.07161755
v 0.49985936 -0.24758895 0.05773046
v 0.5432018 -0.31628537 0.01604135
v 0.49372804 -0.19954725 -0.0008346
v 0.50823528 -0.21528821 -0.06424335
v 0.49820256 -0.16302843 -0.09285019
v 0.51631373 -0.14349793 -0.00519124
v 0.52420914 -0.15992217 0.10287216
v 0.55502403 -0.10153438 -0.07527295
v 0.54748398 -0.08017503 0.23373985
v 0.53489196 -0.00201061 -0.58110905
v 0.54999167 0.0941192 -0.12104429
v 0.5504235 0.11722828 -0.49346817
v 0.51385564 0.22862126 -0.63531792
v 0.52472651 0.25020239 -0.19848451
v 0.51293111 0.26056272 -0.20037621
v 0.51552635 0.29828763 -0.10488801
v 0.54606068 0.35256952 -0.0502838
v 0.52030581 0.33692285 -0.08009386
v 0.50815278 0.33862284 0.1884281
v 0.54776394 0.33639243 0.0364725
v 0.51771486 0.36063594 -0.61229151
v 0.53752285 0.35136873 -0.19438659
v 0.52731282 0.37565199 0.08622102
v 0.53616619 0.42582148 -0.16657804
v 0.52406532 0.44135851 0.07823905
v 0.53059286 0.48716238 -0.10930712
v 0.54134572 0.50723672 0.01830851
v 0.53860819 0.55968964 -0.38291183
v 0.54544479 -0.86953259 -0.18155043
v 0.57117009 -0.87102479 -0.1267665
v 0.538104 -0.86009061 -0.4947052
v 0.54719168 -0.86419636 0.1117648
v 0.53454578 -0.84522033 -0.73805982
v 0.52038717 -0.80876434 0.23520158
v 0.52929515 -0.79013723 0.20117614
v 0.55924153 -0.78001273 -0.01699128
v 0.53343505 -0.71350396 0.16352706
v 0.53391778 -0.74371171 0.2179347
v 0.52299607 -0.52775443 0.32333347
v 0.53948611 -0.50181079 0.36398032
v 0.50792086 -0.43050417 0.3348465
v 0.50996828 -0.4229233 0.27628118
v 0.52353728 -0.21954191 0.133232
v 0.52227998 -0.13662507 -0.05805314
v 0.55861336 -0.03175921 -0.10073466
v 0.5585382 0.06655447 -0.32230252
v 0.58444333 0.06011105 -0.2892831
v 0.57288915 0.09345511 -0.21907622
v 0.53492039 0.13405029 -0.72310168
v 0.52939081 0.15505852 0.28210223
v 0.54176819 0.20572013 -0.31151399
v 0.55961967 0.20443565 -0.23552105
v 0.52806914 0.22570512 -0.3101913
v 0.52766734 0.21631601 0.32246602
v 0.51653159 0.25502694 -0.63474697
v 0.56848288 0.24923673 0.31661987
v 0.5441891 0.32311255 -0.45956174
v 0.54133552 0.35872391 -0.64324933
v 0.54115856 0.39697155 -0.40842491
v 0.52396578 0.37186751 -0.24434654
v 0.53088504 0.45944723 -0.36718276
v 0.55765945 0.47526065 -0.13306172
v 0.53526926 0.58989626 -0.41682178
v 0.55840021 -0.87006038 -0.43376672
v 0.53242832 -0.86111301 -0.76822156
v 0.54206902 -0.86304146 0.52833068
v 0.53791946 -0.85515183 -0.45991316
v 0.51858115 -0.85504502 -0.44345891
v 0.52576303 -0.85873234 -0.43902531
v 0.55792236 -0.83600235 0.11487794
v 0.52647215 -0.83466369 0.18977202
v 0.52488792 -0.78060263 0.2607027
v 0.52783674 -0.44660458 0.24782027
v 0.54187483 -0.23501454 0.18210649
v 0.52484238 -0.16914326 -0.09006005
v 0.55005497 -0.11651347 -0.53512108
v 0.53204954 0.08230363 -0.09095082
v 0.52430838 0.11612181 -0.30893317
v 0.53854281 0.16491064 -0.40243399
v 0.54878271 0.21831974 -0.38072607
v 0.53908432 0.23713377 -0.35382211
v 0.53199285 0.23041072 -0.31795046
v 0.53468138 0.24465312 -0.21937519
v 0.54450387 0.29830533 -0.20362644
v 0.53237426 0.29268128 -0.26468337
v 0.55723888 0.31814495 -0.15130708
v 0.54920226 0.33094892 0.21017171
v 0.56156713 0.35892403 -0.14886588
v 0.53012574 0.32729247 0.11174926
v 0.54803258 0.36320204 0.15424122
v 0.55375367 0.41354465 -0.11453767
v 0.56170809 0.43429098 -0.02128021
v 0.53841805 -0.86034751 -0.68761808
v 0.55762875 -0.86391681 -0.48993134
v 0.53317809 -0.86683911 -0.43007243
v 0.54904294 -0.84684002 -0.25353724
v 0.57090282 -0.83556402 -0.80444074
v 0.53108364 -0.85162616 -0.69366443
v 0.53250372 -0.82260996 0.16237259
v 0.53285748 -0.81559169 0.21476202
v 0.55661768 -0.78949052 0.10041667
v 0.55101687 -0.76227838 0.41632253
v 0.53701168 -0.72177047 0.17907988
v 0.53850007 -0.52050161 0.28757
v 0.54233545 -0.3496367 0.11449014
v 0.54703873 -0.282655 -0.04825304
v 0.54146367 -0.12973684 -0.55762756
v 0.59461808 0.06763164 0.27638924
v 0.54693997 0.08889465 -0.33445796
v 0.56650645 0.08900779 -0.28261423
v 0.52303731 0.13193338 -0.19442506
v 0.54226637 0.13696274 -0.30510482
v 0.55155295 0.15280259 -0.47935352
v 0.53825843 0.18066175 -0.2815001
v 0.53953516 0.25801983 -0.6790545
v 0.5756073 0.27625608 -0.30566865
v 0.56110555 0.30078033 -0.14089334
v 0.53136593 0.31869844 -0.20155218
v 0.56315655 0.31661117 -0.40833673
v 0.55216229 0.31235364 0.01861273
v 0.54680371 0.35733041 -0.24123311
v 0.55148566 0.3204509 -0.27328774
v 0.54959291 0.37391758 -0.49001226
v 0.56688774 0.3683638 -0.17595841
v 0.55049461 0.38811517 -0.20448498
v 0.57069564 0.43540013 -0.30496919
v 0.57135057 0.45314878 -0.11892438
v 0.56413496 0.50225979 -0.22564337
v 0.54917061 0.44594571 -0.2909036
v 0.55718237 -0.86123389 -0.65127987
v 0.54251933 -0.85732627 -0.44758916
v 0.60220897 -0.86395001 0.41468763
v 0.54761916 -0.85478204 -0.70919573
v 0.53849214 -0.84662616 -0.69635797
v 0.56197345 -0.83637303 -0.2286322
v 0.55611295 -0.84769875 0.16371369
v 0.54690266 -0.85434669 -0.80044538
v 0.54979247 -0.85175586 -0.47961205
v 0.57050949 -0.8472172 -0.27936861
v 0.55822873 -0.85254532 -0.18352638
v 0.54016489 -0.83648419 0.1890599
v 0.56171829 -0.82566923 -0.02784466
v 0.56901431 -0.76949269 0.32853082
v 0.54907924 -0.73809218 0.12970422
v 0.56776762 -0.7365244 0.21632181
v 0.5642494 -0.51977819 0.33173615
v 0.58825344 -0.42589852 0.23119654
v 0.56071883 -0.40773752 0.23596676
v 0.55152375 -0.42275566 0.36199608
v 0.57468718 -0.36968741 0.31095809
v 0.54931253 -0.37914416 0.27762443
v 0.55100751 -0.22043557 -0.09187643
v 0.58537346 -0.15556875 0.18453886
v 0.55377042 0.01122656 -0.5825448
v 0.56056279 0.01516466 -0.62252957
v 0.55944717 0.03587417 -0.60570323
v 0.54586685 0.10669325 -0.46429288
v 0.55994868 0.11849319 -0.20585142
v 0.57487166 0.13204335 -0.24214052
v 0.52606243 0.14194392 -0.2191506
v 0.56538796 0.13676842 -0.44928023
v 0.57349777 0.16901192 -0.1801296
v 0.55505288 0.17122582 -0.21802756
v 0.54348701 0.19747947 -0.3522532
v 0.55977213 0.17468844 -0.22881606
v 0.58460993 0.20257303 -0.27503416
v 0.55787379 0.20552742 -0.40192109
v 0.55649579 0.24512616 -0.6379236
v 0.53699529 0.23731108 -0.31718627
v 0.55127782 0.23512059 -0.21548632
v 0.55728769 0.26558593 -0.65986168
v 0.54332453 0.25239462 -0.12627774
v 0.5504992 0.27862778 -0.26987162
v 0.54786015 0.35598829 0.07462242
v 0.54044306 0.38189596 -0.2394058
v 0.55258077 0.38446364 0.02364738
v 0.5576148 0.52351302 -0.14383519
v 0.55223221 0.58137894 -0.42025068
v 0.59900284 -0.87001282 -0.35450846
v 0.58072752 -0.85833544 -0.41915771
v 0.57816911 -0.85194772 -0.69277805
v 0.56278521 -0.85128397 -0.46422824
v 0.56138545 -0.85970616 -0.08533944
v 0.59729123 -0.84647495 0.5526945
v 0.55856174 -0.72770733 0.27475813
v 0.54855418 -0.32161999 0.18930511
v 0.56024027 -0.31030884 -0.01221362
v 0.5815869 -0.12026159 -0.08591918
v 0.57229161 -0.18126611 -0.07940833
v 0.57356834 0.0404519 0.19217563
v 0.60763335 0.05291809 0.24594919
v 0.55289441 0.0794063 -0.11499077
v 0.5748806 0.1002428 -0.32612062
v 0.59163678 0.1285708 -0.27374318
v 0.55895072 0.14901857 -0.15013732
v 0.57269025 0.14262843 -0.53523278
v 0.56054753 0.17539063 -0.37951383
v 0.58191931 0.17891651 -0.40452042
v 0.58697975 0.17124328 0.25672898
v 0.57355911 0.21164016 -0.35321102
v 0.5579856 0.23207188 -0.65118986
v 0.5551908 0.2370517 -0.34056753
v 0.58705318 0.26820502 -0.1756696
v 0.5662353 0.31917357 0.07765345
v 0.54830384 0.36000985 -0.22347134
v 0.53823686 0.3440606 -0.19758204
v 0.58627367 0.35336646 -0.00669049
v 0.56328118 0.39775932 -0.42302254
v 0.57007849 0.41931888 -0.23238723
v 0.56140155 0.43556067 -0.16955502
v 0.57533062 0.51253897 -0.06160305
v 0.57079494 0.48530868 -0.38867623
v 0.57133079 0.50186342 0.0348146
v 0.55865091 0.543805 -0.19764683
v 0.58882445 -0.87294662 0.18762414
v 0.55852103 -0.85165745 -0.47615069
v 0.58234477 -0.85475373 0.57651472
v 0.5691393 -0.83247167 -0.15657808
v 0.58332425 -0.76887983 0.09308914
v 0.58327538 -0.80395639 0.38169482
v 0.57229191 -0.39687338 0.14757317
v 0.58496958 -0.12607321 0.2161369
v 0.58193111 -0.09533947 0.23888028
v 0.61344296 -0.08622932 -0.08183983
v 0.58781153 0.06802445 -0.07524049
v 0.56638402 0.07796895 -0.0847862
v 0.568932 0.1462999 -0.3225525
v 0.58510154 0.15636043 -0.22133359
v 0.57902926 0.24891801 -0.37139428
v 0.56937301 0.2490264 -0.25039652
v 0.56645268 0.33741227 -0.11820791
v 0.60168123 0.38044021 -0.10936578
v 0.58358306 0.41060856 -0.26020336
v 0.56263417 0.41135037 0.0544899
v 0.57519215 0.50380051 -0.35928243
v 0.56424928 0.52200472 -0.39390931
v 0.55751145 0.60148537 -0.41158426
v 0.56146812 0.61101735 -0.43257329
v 0.59453481 0.63824284 -0.43796039
v 0.57483882 -0.86164314 -0.16306788
v 0.59968233 -0.84918183 -0.62032658
v 0.60997063 -0.85552901 -0.51313746
v 0.60439503 -0.83251637 -0.72373682
v 0.58256781 -0.81512386 0.40115336
v 0.60680479 -0.77775246 0.03931493
v 0.59428114 -0.7459144 0.29527566
v 0.5838694 -0.44933072 0.36388052
v 0.57485682 -0.37762231 0.04015471
v 0.59531891 -0.34019363 0.20996971
v 0.55542672 -0.34742281 0.279998
v 0.57426262 -0.31625929 0.22290638
v 0.59547001 0.00367376 -0.62326723
v 0.6127606 -0.02344779 0.21211174
v 0.57661486 0.12866226 -0.22559868
v 0.57600987 0.1988726 -0.42041716
v 0.59234107 0.24118316 -0.3867256
v 0.59137177 0.25301123 -0.10472499
v 0.60448784 0.27624637 0.26258689
v 0.56794959 0.34642515 0.04343711
v 0.58868951 0.35415602 -0.15037456
v 0.59537512 0.3521435 -0.25902194
v 0.58271426 0.39718556 -0.22863403
v 0.61089057 0.43213108 0.00864451
v 0.58806145 0.44493833 -0.13105619
v 0.61315393 0.48535281 -0.06350539
v 0.56787014 0.5252167 -0.21209145
v 0.5653109 0.52072048 -0.19050448
v 0.56929028 0.52746707 -0.38915175
v 0.55883563 0.53372043 -0.20341094
v 0.54778916 0.54815871 -0.41325411
v 0.56516552 0.54110956 -0.22780086
v 0.60848397 -0.8670845 -0.17283702
v 0.60366857 -0.86241156 -0.01081163
v 0.62514949 -0.83477134 -0.31854492
v 0.59813571 -0.72630906 0.14083809
v 0.61013401 -0.46152091 0.28710988
v 0.59553844 -0.40159413 0.34085703
v 0.58738846 -0.41396013 0.12447405
v 0.58500516 -0.34893993 -0.04202258
v 0.58127314 -0.28346151 0.22846222
v 0.60525483 0.12006134 -0.48861948
v 0.59969437 0.14174956 -0.33504713
v 0.59266299 0.24795353 -0.37094459
v 0.63588428 0.28306916 -0.26269621
v 0.58682591 0.32268193 -0.26768702
v 0.58864349 0.32959583 -0.24366492
v 0.58696222 0.30546942 0.04888667
v 0.6163066 0.34708533 0.01889271
v 0.59925473 0.3594223 -0.17352487
v 0.59205455 0.3668893 0.13260382
v 0.63869846 0.40215555 -0.0511867
v 0.59042096 0.47765684 -0.32940385
v 0.59665608 0.46977061 -0.34558219
v 0.58545101 0.48959827 -0.37048423
v 0.58181167 0.47386888 -0.19780517
v 0.6014514 0.53842503 -0.02655628
v 0.58398134 0.52122426 -0.41018564
v 0.60146892 -0.86538923 -0.52985287
v 0.66584444 -0.87395686 -0.02140541
v 0.58295619 -0.86591178 -0.63995963
v 0.66269046 -0.86914426 -0.44761014
v 0.62210989 -0.84896362 -0.3152265
v 0.60958612 -0.83991283 -0.7442289
v 0.59844196 -0.849415 -0.20522588
v 0.5935815 -0.8597033 -0.12999061
v 0.60594863 -0.828982 0.47091553
v 0.59221947 -0.74882954 0.19764361
v 0.58386409 -0.40062755 0.20765802
v 0.63150042 -0.30209568 0.29248911
v 0.60004455 -0.24649256 -0.08652204
v 0.58911425 -0.29858613 -0.05745812
v 0.61021543 -0.24237467 0.23602454
v 0.59129089 -0.19375362 -0.10474367
v 0.600779 0.04185648 -0.62864256
v 0.5946213 0.08709921 -0.28719538
v 0.60835028 0.08323335 -0.11734179
v 0.62652653 0.17064151 -0.26832655
v 0.59967202 0.192926 -0.11389842
v 0.59843165 0.18841018 -0.26657927
v 0.59669805 0.21478829 -0.4192102
v 0.57931679 0.2209558 -0.22518174
v 0.62875211 0.28206718 -0.30547738
v 0.59748948 0.29212976 -0.13268583
v 0.60612625 0.31101024 -0.1359009
v 0.60461372 0.37884963 -0.16406459
v 0.59946823 0.43893453 0.03427939
v 0.5894075 0.47510463 -0.16407683
v 0.60998815 0.49978784 0.02406206
v 0.59176016 0.54182172 -0.40036103
v 0.61154318 0.50655782 -0.1947469
v 0.59858912 0.54656816 -0.20803711
v 0.60788709 0.55998969 -0.4312762
v 0.61101502 0.63675964 -0.43041873
v 0.58844692 -0.86202174 -0.15855187
v 0.6016745 -0.85418928 -0.65873986
v 0.59403211 -0.85351342 -0.23757024
v 0.60047805 -0.83168393 -0.78141809
v 0.6118331 -0.82964462 -0.00327116
v 0.61837327 -0.76139396 0.34629768
v 0.6100843 -0.7851336 0.23943415
v 0.60145128 -0.42391598 0.09431095
v 0.60518491 -0.38669711 0.15398687
v 0.63812315 -0.30589351 0.23732971
v 0.60623598 -0.31756249 -0.02176129
v 0.60718894 -0.2147148 -0.12292143
v 0.61499 0.01743385 -0.64574999
v 0.61217761 0.02680507 -0.62109715
v 0.60171229 0.07445207 -0.07042041
v 0.61357802 0.14232823 -0.50299096
v 0.65200007 0.1695998 -0.40269414
v 0.65705317 0.18530579 -0.26135331
v 0.60043079 0.26989383 -0.22593634
v 0.59295565 0.27691147 0.01007394
v 0.63066876 0.35124138 0.19067667
v 0.63517576 0.51684904 -0.22660302
v 0.62055129 0.57300395 -0.26646605
v 0.59630984 0.65034795 -0.42266044
v 0.59932548 -0.85668337 -0.67023242
v 0.60018432 -0.85384208 -0.70039785
v 0.60640031 -0.85751647 -0.68036008
v 0.64886761 -0.86300707 -0.40573606
v 0.61687338 -0.41858628 0.3368389
v 0.60853022 -0.36721018 0.34086549
v 0.59899616 -0.26768112 -0.11132169
v 0.61045247 -0.12905949 0.18723451
v 0.61590272 -0.01364233 -0.08595464
v 0.62338388 0.0344257 -0.07264645
v 0.63394576 0.07116883 -0.08999924
v 0.62669909 0.10674613 -0.31621823
v 0.60557812 0.07162938 0.27381846
v 0.61712414 0.12942766 0.25202563
v 0.63042361 0.14882262 -0.30521661
v 0.61896867 0.15430877 -0.25057313
v 0.64045721 0.14043301 -0.09754446
v 0.62843871 0.25238404 -0.29361191
v 0.59652907 0.27194029 -0.38436815
v 0.63042492 0.33604667 -0.25644761
v 0.66412669 0.36751026 -0.11711852
v 0.61034578 0.4290781 -0.25753182
v 0.63469708 0.50392389 -0.35305279
v 0.63035268 0.53064054 -0.24297106
v 0.63618624 0.54665154 -0.27998275
v 0.70341498 -0.87343377 0.06254853
v 0.67052901 -0.8687495 0.37757358
v 0.60012007 -0.861386 -0.67135388
v 0.61452395 -0.84389567 -0.69315845
v 0.6601342 -0.85650033 -0.32782498
v 0.64754039 -0.8523587 -0.15132987
v 0.67559624 -0.85754317 0.57623738
v 0.6378054 -0.85012001 0.61220282
v 0.62434089 -0.85254663 -0.6878413
v 0.59965438 -0.85252625 0.41402194
v 0.60893351 -0.85496098 0.41174415
v 0.60862458 -0.77223724 0.09359992
v 0.62264019 -0.38457465 0.00291573
v 0.61473018 -0.28634158 0.26037169
v 0.60961425 0.03345173 0.17929436
v 0.62081867 0.0290457 0.20498614
v 0.60322702 0.2243233 -0.44651306
v 0.61917776 0.28522685 -0.41145369
v 0.64138329 0.27728418 -0.09902582
v 0.58076847 0.23335338 -0.08744572
v 0.60947061 0.34765014 -0.00922212
v 0.6353265 0.29615811 0.08170007
v 0.66408956 0.44152433 -0.09939199
v 0.67705673 0.47551489 -0.05660416
v 0.63619375 0.53981608 -0.01795441
v 0.63589841 0.5806573 -0.0763945
v 0.62906545 0.56858838 -0.24490322
v 0.64128816 -0.85576677 -0.6562624
v 0.6634798 -0.8458761 -0.60602939
v 0.66770661 -0.86553472 0.53230047
v 0.61818254 -0.85129696 -0.65368915
v 0.60850585 -0.85272151 -0.27431634
v 0.61593604 -0.84650636 -0.26923731
v 0.63849312 -0.86169446 0.023865
v 0.61658067 -0.85816908 0.48614031
v 0.62024683 -0.84325171 0.59910494
v 0.6229797 -0.76049405 0.15438868
v 0.61133271 -0.53884655 0.38120309
v 0.61862797 -0.53213674 0.35354725
v 0.60612416 -0.54785639 0.33489019
v 0.62532043 -0.41020554 0.11923482
v 0.63948929 -0.3236728 0.32426572
v 0.66901553 -0.34226361 -0.0717073
v 0.62968397 -0.22815429 -0.13340637
v 0.63363951 -0.19360359 -0.14309889
v 0.62138879 0.0403376 0.16819355
v 0.63329428 0.05516453 -0.66656566
v 0.6334511 0.19650632 -0.42717835
v 0.61690575 0.22316794 -0.12680896
v 0.62855369 0.24226828 -0.21056321
v 0.6592896 0.20930417 0.17610136
v 0.59929651 0.23840667 -0.05547391
v 0.66064698 0.24833509 0.04670829
v 0.62830412 0.28779912 -0.39334956
v 0.62325418 0.26369947 -0.20622972
v 0.62727857 0.27991614 -0.16001895
v 0.63080287 0.2949596 -0.14190005
v 0.63071793 0.35373092 -0.28432971
v 0.61851662 0.54103386 -0.09402742
v 0.68191862 -0.86194217 -0.03532403
v 0.66921747 -0.85545188 -0.19631998
v 0.652044 -0.85388982 0.54931962
v 0.63423246 -0.84385043 -0.69387573
v 0.63454288 -0.8439793 -0.55139416
v 0.63689929 -0.81502032 0.43526256
v 0.64962983 -0.48500472 0.26380587
v 0.6238212 -0.45848185 0.13583265
v 0.62687486 -0.48135114 0.16668455
v 0.65190399 -0.43501306 0.08993732
v 0.64232796 -0.35583872 -0.0077685
v 0.66750216 -0.27817681 -0.12294509
v 0.62529171 -0.11937497 0.21989633
v 0.64455521 -0.04333523 0.19785008
v 0.63024569 0.03701429 0.20555617
v 0.64185876 0.21959208 -0.45118466
v 0.60855836 0.20355533 -0.08801617
v 0.64657551 0.24579968 -0.46443471
v 0.64941627 0.30665249 -0.19150792
v 0.6538083 0.29822597 -0.28685927
v 0.69832456 0.35028324 0.17852743
v 0.65845805 0.47888339 0.00136532
v 0.63226217 0.66215563 -0.44252601
v 0.63597882 -0.80960459 0.0763149
v 0.62628305 -0.8195532 0.24475206
v 0.65168631 -0.78030151 0.34402448
v 0.62840676 -0.44746566 0.31764147
v 0.65693641 -0.4343102 0.03045904
v 0.6590063 -0.35400391 -0.02140244
v 0.65777147 -0.10557665 -0.10176273
v 0.646631 0.07477826 -0.03103568
v 0.66986823 0.1503693 -0.35355702
v 0.64493704 0.22690357 -0.43941358
v 0.65842628 0.30344692 -0.17473601
v 0.6548245 0.3073062 -0.03636102
v 0.64729702 0.53885424 -0.2367965
v 0.63709337 -0.86310881 -0.31628838
v 0.67104059 -0.87131864 -0.23442209
v 0.64179379 -0.84897375 0.46358815
v 0.65453637 -0.77077341 0.39584187
v 0.64898926 -0.53181815 0.13530812
v 0.63162065 -0.48034495 0.09712972
v 0.65773922 -0.44649738 0.07446545
v 0.66770971 -0.37739992 0.36406174
v 0.66617095 -0.26131734 0.28277826
v 0.66807824 -0.16774309 -0.13812661
v 0.64904428 0.03006698 -0.67595291
v 0.65138525 0.044164 -0.65196902
v 0.6619314 0.11183268 0.20002289
v 0.67033011 0.12456214 -0.35648668
v 0.64308012 0.2514092 -0.14967559
v 0.67687768 0.34160984 -0.16632193
v 0.66613132 0.35315791 -0.04230453
v 0.66268289 0.38128361 -0.03602443
v 0.66737145 0.42046267 -0.12606417
v 0.66850525 -0.86177772 -0.16770859
v 0.64417988 -0.85315019 0.14656748
v 0.62409729 -0.85158169 0.235076
v 0.64333844 -0.85909081 0.21030198
v 0.65876991 -0.84882373 0.2683816
v 0.67098081 -0.85976738 -0.26474911
v 0.65120411 -0.8392244 -0.60118902
v 0.65738207 -0.82453805 0.13870929
v 0.65201759 -0.60106093 0.25265637
v 0.66534621 -0.61666346 0.29733768
v 0.63227117 -0.57260573 0.28831831
v 0.63943994 -0.41742322 -0.01172716
v 0.65134066 -0.00303789 0.1646484
v 0.65101302 0.08749916 0.12286276
v 0.66267252 0.08259019 -0.0419221
v 0.6585325 0.12943293 -0.32230294
v 0.698008 0.14646831 0.19720219
v 0.65314746 0.2636323 -0.25390565
v 0.66394138 0.28699651 -0.19399534
v 0.69581324 0.3826617 -0.16894588
v 0.65968978 0.35740411 -0.29496461
v 0.66286558 0.37774244 -0.29596582
v 0.67539042 0.46132851 -0.0170762
v 0.66701263 0.58368856 -0.11188417
v 0.67341244 -0.87297559 0.21285146
v 0.67086321 -0.86570412 0.14163585
v 0.66261053 -0.82645339 0.03776851
v 0.67283899 -0.85873783 0.01798935
v 0.65389842 -0.83832061 0.31955656
v 0.68355834 -0.81139332 0.11156782
v 0.65945101 -0.57684594 0.23765185
v 0.68348455 -0.60051811 0.3918348
v 0.66001976 -0.56309199 0.41072476
v 0.64705473 -0.39422715 -0.03097193
v 0.66845012 -0.2295295 0.29688087
v 0.66433173 -0.22903365 -0.15397744
v 0.66520208 -0.04654884 -0.06030083
v 0.67615259 0.00349837 0.15174705
v 0.67713112 0.04724193 0.12586671
v 0.69489747 0.00808936 -0.01433712
v 0.66067868 0.27429116 -0.29268426
v 0.66463059 0.24343476 0.07446603
v 0.6960445 0.29020759 -0.3288084
v 0.66654533 0.28276479 -0.12023777
v 0.67352378 0.32954431 0.20865159
v 0.66382891 0.36356434 -0.27649447
v 0.69491088 -0.86029255 -0.08449432
v 0.68998396 -0.86652887 -0.34474051
v 0.64988106 -0.84208572 -0.69925463
v 0.70817882 -0.84153348 0.60732108
v 0.68079239 -0.82433504 0.45066151
v 0.64230335 -0.56726938 0.32388806
v 0.69136614 -0.51813376 0.42094067
v 0.68995047 -0.51997507 0.34106031
v 0.66404843 -0.49413425 0.07612497
v 0.67212766 -0.49974573 0.16912831
v 0.67113823 -0.4103407 0.34585506
v 0.68751872 -0.37017345 -0.03849874
v 0.6758424 -0.30323118 0.29888794
v 0.68086886 -0.11019674 0.21979301
v 0.66551608 -0.09664607 0.16012366
v 0.67138028 -0.06178335 0.15284596
v 0.67130619 0.0806656 0.0032243
v 0.6933822 0.19166271 -0.00284324
v 0.67721242 0.21302293 0.1451446
v 0.68608725 0.30604354 -0.34342444
v 0.67143452 -0.81141162 0.21691512
v 0.66359776 -0.84902686 0.31279784
v 0.68408328 -0.85879517 0.38125327
v 0.71970487 -0.84144849 -0.48634216
v 0.66738254 -0.8392179 -0.68171352
v 0.67915201 -0.80090255 0.37828368
v 0.68949401 -0.50208658 0.38799137
v 0.67389685 -0.52884823 0.10667886
v 0.7001127 -0.52451593 0.3070814
v 0.67504996 -0.46723709 0.0762442
v 0.69355905 -0.48746479 0.04937668
v 0.6972546 -0.20724642 0.29710621
v 0.68746531 -0.11243261 0.18135343
v 0.68124461 -0.05067325 -0.02794738
v 0.66875321 -0.03330247 0.14792123
v 0.68162978 0.08822805 -0.03074199
v 0.68727732 0.1246671 -0.05258581
v 0.72766334 0.15976924 -0.01633935
v 0.67338234 0.31260437 -0.09336001
v 0.69607133 0.31993365 -0.32891789
v 0.68690014 0.32124117 -0.20101471
v 0.6966517 0.45166939 -0.14807622
v 0.6851452 0.45021695 -0.0938368
v 0.69685429 0.6265319 -0.11037692
v 0.70117706 0.61295986 -0.08425227
v 0.74409038 -0.87282223 0.46924868
v 0.72797519 -0.84726697 -0.54658294
v 0.69528747 -0.85440379 0.47234485
v 0.73916376 -0.83409995 -0.53073275
v 0.69440401 -0.5889461 0.34523502
v 0.70470589 -0.53419906 0.30780718
v 0.69536698 -0.54200053 0.23296307
v 0.70354819 -0.50660568 0.33570054
v 0.68511939 -0.44038716 -0.00137626
v 0.68782604 -0.35119653 0.34716108
v 0.69231862 -0.33582249 0.32642478
v 0.70009124 -0.23190074 0.28226101
v 0.69013435 -0.23199587 -0.11573393
v 0.70310384 -0.09286716 -0.09517788
v 0.69722897 -0.08386705 0.1402794
v 0.66040158 0.10696477 0.07415224
v 0.69061565 0.09543016 0.02486407
v 0.69498909 0.13899143 0.08222148
v 0.72068238 0.16176102 0.0265833
v 0.68989283 0.29114506 0.13675565
v 0.67959201 0.35281679 -0.07073482
v 0.70087928 0.38654783 -0.33088616
v 0.70726562 0.41183349 -0.06661019
v 0.70719123 0.52011889 -0.02829808
v 0.70883864 -0.84430653 -0.12432861
v 0.69641078 -0.81907493 0.15973222
v 0.69184393 -0.82417881 0.2766614
v 0.70889354 -0.82732546 0.3562777
v 0.71057838 -0.84607363 0.07957247
v 0.69858724 -0.77449721 0.23929822
v 0.69745797 -0.82170522 0.43230855
v 0.70580184 -0.60292077 0.2475467
v 0.6922819 -0.54961646 0.2761102
v 0.68568683 -0.52332252 0.1423699
v 0.68727106 -0.48782068 0.08714266
v 0.69556946 -0.39400753 0.34212565
v 0.69952625 -0.24737507 0.30186284
v 0.69656503 0.06142136 0.06003182
v 0.7129457 0.14200096 0.16305013
v 0.7039417 0.17784911 0.16068003
v 0.72211391 0.34258863 -0.14967272
v 0.69850028 0.37188816 -0.30476388
v 0.69994372 0.37105644 -0.13213374
v 0.69507289 0.3901794 -0.29507813
v 0.69827133 0.54790515 -0.09245196
v 0.72459012 -0.86346245 -0.42528012
v 0.70715159 -0.85653245 -0.39020172
v 0.69407958 -0.85455292 -0.30707219
v 0.71290183 -0.85901546 0.51102066
v 0.71018606 -0.85376394 0.57301551
v 0.72412771 -0.84411383 -0.56949174
v 0.70839554 -0.86136425 0.0610164
v 0.70264339 -0.8450312 0.57255512
v 0.74049038 -0.59711063 0.33033094
v 0.7127412 -0.5496273 0.24854158
v 0.70280963 -0.47698566 0.07349972
v 0.70588887 -0.3051089 0.33293319
v 0.72456163 -0.17985567 -0.12058035
v 0.69160318 -0.07577401 0.19637132
v 0.69423157 -0.08280416 0.21838549
v 0.70028579 0.38922679 -0.1030196
v 0.73186225 0.49980077 -0.05328102
v 0.72936654 0.64064157 -0.14569962
v 0.70146656 -0.86593491 -0.28691489
v 0.72942579 -0.86716646 0.00834062
v 0.76883835 -0.86651665 0.16346253
v 0.78853416 -0.87098312 0.24479909
v 0.7285862 -0.85205585 -0.49233556
v 0.72910351 -0.8511259 -0.01041631
v 0.72259313 -0.8603574 0.46405658
v 0.71789706 -0.82075173 0.10421095
v 0.70894241 -0.81232935 0.18139945
v 0.71128649 -0.59509426 0.38585964
v 0.70586592 -0.54155916 0.19039468
v 0.71008408 -0.33565101 0.34783238
v 0.70712459 -0.25723946 -0.11354595
v 0.71523315 -0.2179665 -0.11477807
v 0.72493976 -0.07440317 0.10924537
v 0.72051132 -0.010278 0.09956262
v 0.73629874 0.38941655 -0.19192863
v 0.73918051 0.43221515 -0.09910324
v 0.73933452 0.48881495 -0.1229519
v 0.76454937 -0.84737116 0.56936181
v 0.72089398 -0.54778612 0.41355017
v 0.71713954 -0.47196528 0.3480511
v 0.73786271 -0.42615274 -0.0123368
v 0.74178725 -0.43099266 0.35459474
v 0.70555866 -0.3630169 0.31877512
v 0.70971948 -0.1427013 -0.11864657
v 0.71708137 -0.05383695 0.16066289
v 0.71929699 -0.03833994 0.02571994
v 0.73597741 -0.05843801 -0.02512255
v 0.71808141 0.00374342 0.04334135
v 0.74228191 0.36525905 -0.17769021
v 0.72735351 0.45541048 -0.09122562
v 0.74598294 -0.84823078 -0.02770056
v 0.73840696 -0.86558139 0.29678169
v 0.77063596 -0.86384016 0.34215358
v 0.74405003 -0.85223424 -0.30410552
v 0.70584947 -0.84614539 -0.27843276
v 0.736745 -0.84978318 0.53091192
v 0.71652406 -0.84399933 -0.2291176
v 0.7199648 -0.83639467 -0.25177181
v 0.72174585 -0.83194625 -0.09416693
v 0.72008133 -0.81020391 0.25717187
v 0.71387303 -0.78103948 0.22381614
v 0.76621199 -0.60394561 0.27620199
v 0.73073202 -0.55495149 0.12118636
v 0.73905778 -0.45856458 0.40148714
v 0.73212343 -0.3608712 0.31247285
v 0.74548805 -0.31717151 -0.07349088
v 0.72620529 -0.15211353 0.24061611
v 0.70830721 0.02870671 -0.06292244
v 0.71904808 0.04888588 -0.111347
v 0.70919639 -0.00402247 -0.07563113
v 0.73717332 0.42587727 -0.31263739
v 0.71488076 0.56443089 -0.07743273
v 0.74220532 -0.86034501 -0.28966099
v 0.74260974 -0.87052029 0.09532681
v 0.75266498 -0.85846007 0.03140504
v 0.72705817 -0.85267591 0.166582
v 0.71257347 -0.85105419 0.21627697
v 0.71678752 -0.86291617 0.21475975
v 0.72581685 -0.85975516 0.24832068
v 0.74213946 -0.85879338 0.52326131
v 0.73302734 -0.82635653 0.19151755
v 0.76410717 -0.85474318 0.38421291
v 0.7655198 -0.84038943 -0.5989995
v 0.75815618 -0.83385825 0.59289157
v 0.73763877 -0.84106439 -0.51121879
v 0.73559672 -0.84011823 -0.11701369
v 0.7375952 -0.84632045 0.30442217
v 0.7499457 -0.84683257 0.36063346
v 0.72835779 -0.82067621 0.17576452
v 0.73139232 -0.66443431 0.34537432
v 0.70572865 -0.66526455 0.28121501
v 0.70503885 -0.68033165 0.28744298
v 0.77352399 -0.56803447 0.25236663
v 0.7190097 -0.57236457 0.19157682
v 0.7327376 -0.55313504 0.22636721
v 0.73934078 -0.24396065 -0.12791623
v 0.73468685 -0.11914516 0.23779389
v 0.7372722 -0.0537396 0.17631349
v 0.73248339 0.04981937 -0.06580266
v 0.7464062 0.48334095 -0.14895046
v 0.76062733 -0.85996544 -0.37326548
v 0.75856489 -0.86116785 -0.40392309
v 0.7363475 -0.8578971 -0.25936437
v 0.75510013 -0.85573095 0.15381576
v 0.74222648 -0.83964419 -0.08419307
v 0.73907495 -0.84275639 0.14254825
v 0.74123979 -0.8489601 -0.60266364
v 0.74742752 -0.83516753 -0.67423761
v 0.74280703 -0.84587622 -0.68983626
v 0.76976705 -0.83731174 0.55331987
v 0.73077744 -0.82507223 -0.18537843
v 0.72353989 -0.83447284 -0.18710598
v 0.7328608 -0.83593869 -0.15405333
v 0.74580342 -0.6638785 0.2563782
v 0.75041109 -0.56912726 0.38686118
v 0.73720521 -0.51959759 0.07449395
v 0.71877462 -0.13512051 -0.14570725
v 0.73088479 -0.11962157 -0.13986576
v 0.74218297 -0.13027641 -0.09956738
v 0.73623759 -0.06196919 0.07445767
v 0.73769933 -0.01219999 -0.02715596
v 0.7319079 -0.00640151 -0.1001583
v 0.74368113 0.05437461 -0.0944133
v 0.7507087 0.38860506 -0.1610786
v 0.74506801 0.41194886 -0.3183735
v 0.75858706 0.45957825 -0.129986
v 0.74712145 0.61036414 -0.11190353
v 0.76405275 0.66412717 -0.12972255
v 0.7517302 -0.8644799 -0.38055611
v 0.74701053 -0.85698813 0.05999099
v 0.7612114 -0.86478263 0.42840084
v 0.76253319 -0.8577615 -0.30981302
v 0.74980497 -0.8512913 0.17752852
v 0.74805206 -0.85400259 0.26420015
v 0.7522918 -0.82824433 0.23695199
v 0.75426912 -0.83410853 0.15212753
v 0.74284077 -0.65822864 0.21283089
v 0.74482393 -0.67186362 0.15287022
v 0.75342268 -0.68271071 0.20635255
v 0.79186553 -0.58227265 0.26043412
v 0.75819468 -0.55836844 0.33480388
v 0.76186907 -0.53647041 0.25683236
v 0.77251691 -0.47279516 0.40516946
v 0.76532817 -0.48845419 0.04036592
v 0.78843701 -0.26633066 0.30731013
v 0.76347667 -0.21982601 -0.11988249
v 0.76764178 -0.20315047 -0.1022618
v 0.75431079 -0.19094183 -0.1056077
v 0.76585698 -0.18794376 0.26000318
v 0.74582118 -0.14016001 -0.15156947
v 0.74716252 -0.10567763 -0.0794634
v 0.75433201 -0.03110984 0.13019988
v 0.73535079 -0.02802505 -0.0487592
v 0.76720542 -0.0107225 -0.09068856
v 0.76718462 -0.85760635 0.52095306
v 0.76913208 -0.85816956 -0.48324773
v 0.744102 -0.85802597 0.32403246
v 0.75696069 -0.8485083 -0.48637518
v 0.74311006 -0.84642774 -0.198823
v 0.74815309 -0.83312565 -0.12155531
v 0.75979108 -0.84006089 -0.02740149
v 0.74983513 -0.82985091 0.18781894
v 0.75063229 -0.8201527 0.16200396
v 0.75924224 -0.68277818 0.28683481
v 0.77699077 -0.57995391 0.18136975
v 0.76395577 -0.47782785 0.06105231
v 0.79034674 -0.3799507 -0.04331569
v 0.76917845 -0.29449654 -0.08788075
v 0.77459067 -0.20878756 0.24970062
v 0.76082146 -0.03228152 -0.08050651
v 0.77327794 0.6576649 -0.15539496
v 0.77536887 0.64338309 -0.12763132
v 0.75419021 -0.86949998 -0.41184664
v 0.78059596 -0.86212862 0.10590526
v 0.82534409 -0.8535707 -0.66049093
v 0.75352252 -0.85297704 -0.52099878
v 0.7505337 -0.84507847 -0.5083549
v 0.76506281 -0.84828168 0.03073126
v 0.76363784 -0.85518879 0.50158024
v 0.76739824 -0.8465541 -0.21129011
v 0.76932496 -0.84445494 -0.19540894
v 0.74978977 -0.84669489 -0.19216761
v 0.7505908 -0.83798796 -0.20030864
v 0.77311754 -0.84310162 -0.17910153
v 0.7800768 -0.62149578 0.18436374
v 0.77016068 -0.6360094 0.27080217
v 0.77148324 -0.62657744 0.3105669
v 0.74491149 -0.59939867 0.20190191
v 0.76574534 -0.57743758 0.12648092
v 0.78442919 -0.52608222 0.08493724
v 0.74969369 -0.52851152 0.28591889
v 0.73633546 -0.51920909 0.30602133
v 0.76883793 -0.54429263 0.32244202
v 0.80810195 -0.45976591 0.0234919
v 0.76170641 -0.13304739 -0.11961512
v 0.75380868 -0.05748862 -0.11578672
v 0.78459799 -0.07818308 0.09439916
v 0.76161891 -0.00790792 0.02776699
v 0.76970822 0.00567458 -0.02235156
v 0.77713859 -0.86437511 -0.40246791
v 0.76796716 -0.86706012 -0.36807209
v 0.76664013 -0.86079186 -0.27757475
v 0.76521015 -0.85319591 -0.19292411
v 0.77322972 -0.8518613 0.16383627
v 0.82235634 -0.85852021 0.23391455
v 0.75848252 -0.85167736 -0.53054476
v 0.77780563 -0.85519391 -0.27312472
v 0.78700531 -0.84767997 0.36664724
v 0.76607221 -0.84466326 -0.5239988
v 0.76519674 -0.84490621 -0.20843606
v 0.77439696 -0.6593309 0.25101754
v 0.80506307 -0.45521805 0.37806311
v 0.79614627 -0.41033021 0.31899604
v 0.77548432 -0.33709556 -0.04507717
v 0.77998203 -0.85747278 0.37435025
v 0.76500475 -0.85267508 -0.53042638
v 0.78187746 -0.848791 -0.02590454
v 0.76958179 -0.85187209 0.03980623
v 0.76806444 -0.85087824 -0.5219788
v 0.76485801 -0.84494162 -0.52268481
v 0.76635021 -0.844935 -0.20607015
v 0.80056232 -0.84781224 -0.55304432
v 0.7975415 -0.68126535 0.18149243
v 0.77226824 -0.63803279 0.23856746
v 0.79544383 -0.60148507 0.22950515
v 0.77098072 -0.54793006 0.31056765
v 0.79297709 -0.52221072 0.31059745
v 0.78923947 -0.53638893 0.35878825
v 0.80170727 -0.38596067 0.29230005
v 0.78502589 -0.36650404 0.32670793
v 0.80995762 -0.35725084 0.34162247
v 0.7939927 -0.21897809 0.28415662
v 0.81114 -0.26845056 -0.08612307
v 0.80072695 -0.17116958 0.25580478
v 0.7897824 -0.00721067 -0.06496527
v 0.78301638 -0.84920919 -0.54316324
v 0.78913033 -0.85686082 -0.4888179
v 0.78523815 -0.85700721 -0.17063142
v 0.78938872 -0.84903896 -0.16868219
v 0.82929444 -0.86464417 -0.07065699
v 0.78572291 -0.8434056 0.03065675
v 0.7894302 -0.83643717 0.00300158
v 0.78100646 -0.64463204 0.25522667
v 0.81252265 -0.62516522 0.15453416
v 0.76960963 -0.65053278 0.35406011
v 0.79745114 -0.49567804 0.04813745
v 0.79523879 -0.20676583 0.23821056
v 0.80258989 -0.14491554 -0.09608438
v 0.82184064 -0.09363639 0.17905028
v 0.79369605 -0.02261082 0.04169327
v 0.84586674 -0.8646329 -0.40643969
v 0.81123048 -0.86462092 -0.48292503
v 0.81756121 -0.87130457 -0.21074721
v 0.84416866 -0.84294176 -0.65648246
v 0.81807071 -0.85247207 -0.07413221
v 0.82185811 -0.66417873 0.29819736
v 0.80283642 -0.66671348 0.24142335
v 0.79715407 -0.60972148 0.16324919
v 0.78893608 -0.58843476 0.29876745
v 0.79854029 -0.36659989 -0.04388727
v 0.79918849 -0.02780928 -0.1021746
v 0.81802309 -0.83852565 -0.58670568
v 0.80433702 -0.66086417 0.34500125
v 0.8154155 -0.60244733 0.24550408
v 0.81652671 -0.61115605 0.35496125
v 0.81377399 -0.4880861 0.32113409
v 0.80423421 -0.48146203 0.09253976
v 0.82355714 -0.22992225 -0.07627501
v 0.81683689 -0.20120503 -0.06688604
v 0.79800844 -0.22249416 0.23540497
v 0.81351769 -0.14671685 0.23964512
v 0.8040908 -0.02063674 0.02331131
v 0.80312002 0.67015308 -0.15494105
v 0.79106486 0.6810106 -0.15861627
v 0.85527986 -0.85657972 -0.32817817
v 0.85507524 -0.84544843 -0.33259046
v 0.85195768 -0.83332741 0.36113983
v 0.81500506 -0.82288229 0.06804436
v 0.80547184 -0.63857025 0.25444397
v 0.81855446 -0.6400525 0.26156327
v 0.80225229 -0.60071075 0.11643964
v 0.80374247 -0.3134985 -0.06425153
v 0.81652826 -0.07215564 -0.00312739
v 0.81590551 0.68966585 -0.17556177
v 0.8362627 -0.85724902 -0.50423646
v 0.86647582 -0.84970737 -0.40610892
v 0.82146347 -0.85929966 -0.22160269
v 0.84000427 -0.85819954 -0.01549023
v 0.86796021 -0.86585283 0.05583897
v 0.86228371 -0.84378779 0.33047447
v 0.85045522 -0.85085964 0.04704686
v 0.81330723 -0.83203179 0.07821577
v 0.8708896 -0.62997448 0.19701675
v 0.82237679 -0.56855232 0.32857633
v 0.84097219 -0.58075273 0.11056378
v 0.82265383 -0.47546655 0.10612027
v 0.82220232 -0.39047942 -0.00580597
v 0.8358705 -0.38842618 0.314502
v 0.80636138 -0.35793731 -0.0107331
v 0.81643879 -0.21307816 0.1930999
v 0.82461035 -0.19115347 0.17678151
v 0.82228309 -0.11809378 0.10739087
v 0.82625657 -0.0682316 -0.0692091
v 0.82659429 -0.00657556 0.06928646
v 0.80420691 0.02166245 0.03201839
v 0.80729574 0.68957543 -0.15404227
v 0.83653164 -0.86291212 -0.13813099
v 0.85636908 -0.8431614 0.36763471
v 0.84467721 -0.3344945 -0.0418277
v 0.81376296 -0.32699975 -0.01683242
v 0.82291383 -0.26272568 0.27552259
v 0.82274544 -0.2332724 0.24820562
v 0.84560007 -0.85056734 -0.14492133
v 0.8421222 -0.85339612 0.24494907
v 0.85039085 -0.84573442 -0.61843991
v 0.87973499 -0.61073875 0.23797013
v 0.84446734 -0.60793447 0.34724465
v 0.84115875 -0.59390813 0.11628848
v 0.84478718 -0.47942737 0.08989088
v 0.83354646 -0.41388863 0.25927663
v 0.84775758 -0.29130477 -0.0281063
v 0.83153826 -0.15418744 0.21048343
v 0.8352145 -0.1196335 -0.04646154
v 0.83126825 -0.11324893 -0.01507323
v 0.8455227 0.02747212 0.05371623
v 0.84175456 0.00488505 -0.02003137
v 0.84111255 -0.86367047 -0.23781922
v 0.87932825 -0.8384161 -0.26605389
v 0.87031364 -0.85591006 0.00172833
v 0.8653968 -0.60030627 0.25865832
v 0.84879845 -0.51744133 0.33111525
v 0.84619927 -0.46216351 0.29501754
v 0.84591591 -0.4167017 0.02519722
v 0.84078014 -0.31930858 -0.00026659
v 0.84731179 -0.21166861 0.23917501
v 0.84960598 -0.11682034 0.16239215
v 0.86598694 -0.85362738 -0.25633454
v 0.89262283 -0.86021894 -0.22658001
v 0.8662318 -0.86187714 -0.06584379
v 0.87207121 -0.8561489 0.3231965
v 0.85552174 -0.85661423 -0.22500694
v 0.87449509 -0.83899295 -0.49001658
v 0.85809255 -0.85193908 -0.05477029
v 0.87084419 -0.85398871 0.09879274
v 0.84853303 -0.83139771 0.12816697
v 0.87716985 -0.59850335 0.30952564
v 0.83934969 -0.42383853 0.24151795
v 0.85109329 -0.30545551 0.23691167
v 0.8661297 -0.21370025 -0.07718916
v 0.84976381 -0.15790169 -0.03346272
v 0.83858305 -0.17000099 0.1625866
v 0.8453483 -0.14921847 0.13393232
v 0.87906861 -0.13907629 0.07920115
v 0.84668183 0.03773951 0.00473605
v 0.86223853 -0.85791236 0.26445401
v 0.88640118 -0.84902525 -0.48480886
v 0.90035087 -0.45634446 0.12121031
v 0.85871047 -0.41072559 0.28594545
v 0.86561358 -0.34911194 0.23721695
v 0.8814494 -0.17481527 0.19150241
v 0.8736884 -0.08071087 0.08431622
v 0.87870193 -0.04705997 -0.03908217
v 0.87671822 -0.84649938 0.10753164
v 0.87374395 -0.51759577 0.15878578
v 0.85146075 -0.47036967 0.14551543
v 0.89703113 -0.48369607 0.14080968
v 0.85303569 -0.41650271 0.21019287
v 0.85057318 -0.46501112 0.19178492
v 0.84765106 -0.43509525 0.21598603
v 0.86650097 -0.42193761 0.24974386
v 0.86032635 -0.36697349 -0.00844504
v 0.91065842 0.04723321 -0.02958822
v 0.87959528 -0.87044281 0.01426001
v 0.89522314 -0.86642247 0.25849554
v 0.87279224 -0.84672189 0.16723968
v 0.88507771 -0.83662879 0.21739399
v 0.87805039 -0.83697903 0.17011255
v 0.88490182 -0.51796478 0.30042213
v 0.87260008 -0.4851819 0.25124812
v 0.91352242 -0.33870468 0.00513728
v 0.86407715 -0.30015376 0.0158009
v 0.89704794 -0.2363293 0.23567976
v 0.88125455 -0.13083507 0.13473488
v 0.89530259 -0.84688795 -0.11776687
v 0.89400262 -0.8373338 -0.12697148
v 0.87665951 -0.56301719 0.17227627
v 0.8813895 -0.41308147 0.21092977
v 0.89763588 -0.37048376 0.04301647
v 0.90102834 -0.31238031 -0.01009778
v 0.88680834 -0.34656647 0.19191925
v 0.89317656 -0.17127851 0.22418448
v 0.88669074 -0.10929508 -0.01094511
v 0.92397749 0.05763086 -0.01588091
v 0.89170647 -0.86109823 0.03798468
v 0.90095562 -0.84098798 -0.47903574
v 0.88442904 -0.85147995 -0.16487853
v 0.8888883 -0.85422325 0.1015394
v 0.88136697 -0.3058272 0.22188112
v 0.91058445 -0.18398198 -0.07176227
v 0.90113991 -0.10813966 0.05577152
v 0.91330564 -0.0179462 0.05267649
v 0.89191383 -0.85938233 0.1376899
v 0.87811637 -0.85283834 0.13842176
v 0.88756007 -0.85385299 0.25450817
v 0.91545933 -0.83752918 -0.29208049
v 0.90681076 -0.83402407 -0.16764371
v 0.89088809 -0.84833974 0.13565217
v 0.88846958 -0.54505831 0.20969933
v 0.88306016 -0.28303635 0.0394176
v 0.90865922 -0.31271884 0.05004041
v 0.92084485 -0.21030127 -0.0152311
v 0.9023357 -0.08177122 0.07229991
v 0.89524508 -0.86888337 0.10375298
v 0.91629618 -0.86728513 0.15773854
v 0.90015411 -0.85027182 0.22370376
v 0.90408903 -0.84394324 -0.23911501
v 0.91201317 -0.8301326 -0.30482939
v 0.91927737 -0.83221114 0.34574994
v 0.90929222 -0.85656428 0.12983599
v 0.94848275 -0.84710586 -0.36410797
v 0.91970676 -0.83717048 -0.15253215
v 0.95781165 -0.84102488 0.30371922
v 0.93865359 -0.84173155 0.34118488
v 0.93984729 -0.84105313 0.2497616
v 0.89352244 -0.35020342 0.13761379
v 0.89375287 -0.33348423 0.10035146
v 0.92698216 -0.29191235 0.00601541
v 0.9149667 -0.22012323 0.02782177
v 0.90139264 -0.21733657 0.05556636
v 0.94157112 -0.24816284 0.08076013
v 0.93326783 -0.19066088 -0.05522948
v 0.92800641 -0.21416172 0.15500697
v 0.90580159 -0.15860742 0.10297532
v 0.91832912 -0.14812203 -0.03793354
v 0.90834332 -0.01411407 -0.02702997
v 0.90062821 -0.09487589 0.00178093
v 0.94629842 -0.86553103 0.0893091
v 0.93285638 -0.84760296 -0.23680183
v 0.93852323 -0.83797979 -0.32797968
v 0.94570559 -0.85673141 0.18134806
v 0.94134241 -0.27161247 0.11189318
v 0.92036301 -0.23443262 0.20133373
v 0.90183449 -0.15683743 0.07162255
v 0.91637957 -0.05907709 0.04456385
v 0.94934386 -0.85642374 -0.36629933
v 0.95978308 -0.84648472 -0.3979626
v 0.93948907 -0.30445564 0.00448234
v 0.96408403 -0.09327888 0.00959229
v 0.9595688 -0.08073385 0.00803143
v 0.92605758 0.01015125 -0.00088558
v 0.94492579 -0.87654734 0.12251037
v 0.93756741 -0.86529291 0.1509586
v 0.93438578 -0.85275865 0.26899427
v 0.9479813 -0.85273439 0.30202791
v 0.95608056 -0.83485538 -0.41732439
v 0.95091605 -0.83109123 -0.2148549
v 0.95291126 -0.11270627 -0.01536908
v 0.94109213 -0.10312998 -0.01915572
v 0.95963985 -0.86819661 0.11361758
f 1 2 3
f 4 5 6
f 7 8 9
f 6 5 10
f 1 11 2
f 3 2 12
f 8 7 13
f 8 13 14
f 15 16 17
f 16 18 19
f 14 9 8
f 20 21 22
f 11 23 2
f 24 13 7
f 2 23 12
f 24 7 9
f 16 15 18
f 19 25 16
f 26 27 28
f 29 30 22
f 5 31 10
f 29 22 32
f 22 21 32
f 10 33 6
f 34 35 36
f 33 4 6
f 34 37 35
f 35 37 38
f 39 21 20
f 3 40 1
f 16 25 17
f 9 41 24
f 32 42 43
f 32 30 29
f 21 42 32
f 44 22 30
f 35 38 36
f 22 44 20
f 39 20 45
f 46 47 45
f 15 17 48
f 14 13 49
f 50 51 52
f 3 12 40
f 14 53 9
f 54 31 5
f 27 26 55
f 28 56 26
f 5 4 54
f 10 57 33
f 38 37 34
f 58 59 60
f 20 44 45
f 61 21 39
f 58 62 59
f 59 63 64
f 62 63 59
f 65 47 46
f 66 67 68
f 24 69 70
f 24 70 13
f 9 53 41
f 71 28 72
f 73 71 72
f 74 71 73
f 10 31 57
f 55 26 56
f 42 21 75
f 34 76 38
f 21 61 75
f 62 58 75
f 61 62 75
f 77 39 45
f 45 78 46
f 64 79 80
f 62 61 81
f 64 82 79
f 45 47 77
f 83 62 81
f 84 85 46
f 64 63 82
f 63 86 82
f 66 68 87
f 88 89 68
f 90 88 68
f 91 92 93
f 52 94 50
f 40 95 1
f 50 94 51
f 12 23 96
f 12 96 40
f 19 18 25
f 97 98 99
f 100 74 73
f 43 30 32
f 101 30 43
f 27 55 28
f 102 30 101
f 71 74 103
f 44 30 102
f 71 104 28
f 57 36 38
f 36 57 76
f 76 34 36
f 4 33 54
f 105 57 38
f 76 105 38
f 106 58 60
f 106 107 58
f 107 75 58
f 60 59 108
f 44 78 45
f 59 64 80
f 83 77 47
f 85 65 46
f 65 83 47
f 83 109 62
f 82 86 110
f 63 62 109
f 111 112 113
f 67 90 68
f 91 114 92
f 114 91 115
f 93 116 91
f 117 95 40
f 1 118 11
f 40 96 117
f 49 13 119
f 53 14 49
f 53 49 120
f 121 100 73
f 101 122 123
f 123 97 101
f 99 101 97
f 124 102 99
f 99 102 101
f 124 31 102
f 100 125 74
f 31 54 102
f 28 104 56
f 71 103 104
f 126 103 74
f 54 127 102
f 56 128 55
f 128 129 55
f 104 128 56
f 75 107 42
f 54 33 127
f 33 57 105
f 44 127 78
f 59 80 108
f 46 78 84
f 130 84 131
f 81 77 83
f 84 132 85
f 130 132 84
f 63 109 133
f 86 63 133
f 111 134 112
f 90 135 88
f 136 115 137
f 91 116 137
f 115 91 137
f 52 138 94
f 117 139 95
f 11 118 140
f 13 70 119
f 141 139 117
f 24 41 69
f 25 18 142
f 143 98 97
f 143 97 123
f 73 144 121
f 99 98 145
f 122 100 121
f 73 72 144
f 122 43 100
f 101 43 122
f 124 99 145
f 55 146 28
f 43 42 125
f 43 125 100
f 102 147 44
f 125 126 74
f 148 105 76
f 61 39 149
f 33 150 127
f 105 150 33
f 150 105 131
f 149 39 77
f 131 84 150
f 83 151 109
f 83 65 152
f 67 153 90
f 90 153 135
f 154 136 137
f 137 116 155
f 92 156 93
f 138 157 94
f 52 158 138
f 52 51 158
f 15 48 18
f 141 117 159
f 17 25 48
f 48 25 160
f 142 160 25
f 161 162 141
f 53 120 163
f 144 72 164
f 72 28 165
f 145 166 124
f 165 28 146
f 57 31 124
f 57 124 148
f 102 127 167
f 76 57 148
f 125 106 126
f 106 125 42
f 42 107 106
f 147 168 44
f 169 170 171
f 103 126 60
f 126 106 60
f 148 172 105
f 128 173 129
f 150 78 127
f 172 131 105
f 150 84 78
f 174 131 172
f 81 175 77
f 176 132 130
f 132 177 85
f 177 178 85
f 85 178 65
f 152 179 83
f 82 110 180
f 181 182 111
f 182 134 111
f 183 184 182
f 112 185 113
f 186 112 134
f 68 89 87
f 187 188 184
f 188 187 189
f 137 190 154
f 155 190 137
f 93 156 116
f 114 156 92
f 69 191 70
f 192 157 138
f 139 141 162
f 123 193 143
f 145 98 194
f 72 165 164
f 195 196 197
f 55 129 197
f 146 55 197
f 147 102 167
f 124 166 148
f 198 170 169
f 199 60 108
f 149 77 175
f 200 176 130
f 201 65 178
f 202 109 151
f 151 83 179
f 152 65 201
f 152 66 179
f 82 180 203
f 152 67 66
f 86 204 110
f 183 109 187
f 179 87 187
f 66 87 179
f 187 184 183
f 87 205 187
f 182 184 134
f 189 187 205
f 206 207 208
f 209 134 184
f 188 209 184
f 154 190 210
f 190 155 211
f 155 116 212
f 116 156 213
f 114 213 156
f 1 95 118
f 140 23 11
f 192 138 214
f 142 18 215
f 216 162 217
f 161 217 162
f 41 53 163
f 163 120 218
f 219 121 144
f 121 219 193
f 121 193 122
f 193 123 122
f 143 220 98
f 221 166 145
f 222 195 197
f 129 222 197
f 222 129 223
f 103 199 104
f 103 60 199
f 128 104 224
f 44 168 127
f 168 225 127
f 108 80 199
f 224 173 128
f 226 80 227
f 81 61 149
f 149 175 81
f 131 174 228
f 228 174 229
f 177 132 230
f 131 228 130
f 130 228 200
f 231 151 179
f 79 82 232
f 200 233 176
f 82 203 232
f 86 133 204
f 110 234 180
f 111 113 181
f 235 153 67
f 185 112 186
f 134 209 186
f 206 236 207
f 237 89 88
f 136 154 238
f 239 136 238
f 212 116 213
f 240 213 114
f 70 191 119
f 241 162 216
f 23 242 96
f 215 18 48
f 117 96 159
f 218 120 49
f 243 193 244
f 143 193 243
f 164 245 144
f 98 220 194
f 164 165 246
f 247 166 221
f 196 248 197
f 146 197 246
f 249 196 195
f 195 170 250
f 170 195 171
f 167 127 225
f 251 148 166
f 171 252 169
f 104 199 226
f 226 224 104
f 80 226 199
f 129 173 253
f 80 79 227
f 254 177 230
f 79 255 227
f 132 176 230
f 254 151 231
f 256 177 254
f 256 178 177
f 255 79 232
f 109 257 133
f 109 202 187
f 201 67 152
f 204 234 110
f 180 258 203
f 109 183 257
f 180 234 258
f 185 181 113
f 87 89 205
f 236 259 207
f 188 260 209
f 188 261 260
f 210 190 262
f 136 239 115
f 241 139 162
f 118 263 140
f 140 263 69
f 263 191 69
f 23 140 264
f 265 142 215
f 140 69 266
f 141 159 161
f 219 144 245
f 197 248 246
f 196 249 248
f 165 146 246
f 267 250 170
f 170 198 267
f 223 171 195
f 268 148 251
f 148 268 172
f 169 252 198
f 129 253 223
f 268 174 172
f 226 227 224
f 254 230 269
f 151 254 270
f 254 231 256
f 203 236 232
f 236 206 232
f 258 236 203
f 271 206 208
f 186 209 272
f 205 89 237
f 259 273 207
f 189 261 188
f 260 154 210
f 238 154 260
f 212 211 155
f 95 274 118
f 118 274 263
f 157 275 276
f 23 264 242
f 214 277 192
f 192 277 157
f 214 138 278
f 69 41 279
f 214 280 277
f 51 281 158
f 282 160 142
f 51 283 281
f 284 285 164
f 193 219 244
f 286 284 164
f 164 246 286
f 250 249 195
f 167 168 147
f 195 222 223
f 167 225 168
f 171 223 252
f 173 287 253
f 230 288 289
f 230 289 269
f 270 254 269
f 230 176 288
f 228 229 290
f 179 202 231
f 291 201 178
f 200 228 292
f 200 292 233
f 293 133 257
f 179 187 202
f 293 204 133
f 235 67 201
f 181 294 182
f 258 259 236
f 186 295 185
f 209 296 272
f 135 153 297
f 209 260 298
f 238 260 261
f 262 190 211
f 157 276 94
f 299 142 265
f 300 119 301
f 300 49 119
f 214 278 280
f 302 163 218
f 243 303 143
f 145 194 221
f 164 285 245
f 143 303 220
f 286 246 248
f 267 304 305
f 250 267 305
f 287 306 253
f 173 224 307
f 173 307 287
f 224 227 308
f 268 229 174
f 309 310 311
f 176 233 288
f 256 312 269
f 270 202 151
f 178 256 291
f 311 310 313
f 309 314 310
f 293 315 204
f 316 206 271
f 232 206 316
f 315 234 204
f 182 294 183
f 294 257 183
f 209 298 296
f 261 317 238
f 88 318 237
f 318 88 135
f 238 317 319
f 262 320 210
f 238 321 239
f 115 239 240
f 115 240 114
f 216 322 241
f 139 241 323
f 94 276 324
f 216 299 265
f 157 277 275
f 282 48 160
f 217 161 159
f 264 140 266
f 69 279 266
f 41 163 325
f 243 244 326
f 219 245 327
f 194 328 221
f 329 249 250
f 267 198 252
f 253 306 330
f 330 331 332
f 330 306 331
f 331 333 332
f 255 308 227
f 314 334 335
f 333 335 334
f 269 289 256
f 312 256 231
f 290 292 228
f 333 336 335
f 337 314 335
f 232 338 255
f 291 339 201
f 310 340 313
f 310 314 340
f 316 338 232
f 257 294 341
f 342 294 181
f 258 343 259
f 295 186 272
f 273 208 207
f 205 237 317
f 343 273 259
f 260 210 320
f 344 345 211
f 211 345 262
f 345 346 262
f 346 347 262
f 211 212 346
f 216 265 322
f 139 348 95
f 216 349 299
f 278 138 281
f 138 158 281
f 94 324 51
f 142 299 282
f 277 280 275
f 264 266 350
f 351 352 353
f 263 354 266
f 279 41 325
f 266 354 350
f 243 326 303
f 327 245 285
f 328 194 303
f 355 286 356
f 194 220 303
f 329 250 305
f 357 166 247
f 248 249 329
f 357 358 166
f 251 359 268
f 223 253 252
f 252 253 330
f 332 360 330
f 332 333 334
f 224 361 307
f 224 308 361
f 362 314 309
f 288 363 289
f 331 336 333
f 269 364 270
f 269 312 364
f 339 288 233
f 202 312 231
f 255 338 365
f 293 257 341
f 233 366 339
f 335 336 337
f 233 292 366
f 271 367 316
f 315 293 368
f 342 368 294
f 234 369 258
f 234 315 369
f 185 295 342
f 342 181 185
f 258 369 343
f 235 297 153
f 370 371 372
f 205 317 189
f 373 208 273
f 189 317 261
f 374 373 273
f 343 374 273
f 375 376 377
f 237 319 317
f 298 260 320
f 320 262 347
f 345 344 378
f 346 212 347
f 375 379 376
f 380 379 375
f 321 381 239
f 265 215 322
f 139 323 382
f 48 282 215
f 119 191 383
f 51 324 384
f 217 349 216
f 159 96 242
f 51 384 385
f 386 387 388
f 282 388 387
f 350 389 264
f 300 218 49
f 385 283 51
f 390 325 163
f 354 391 350
f 389 350 392
f 350 391 392
f 303 326 393
f 394 219 327
f 328 303 393
f 355 285 284
f 221 328 395
f 284 286 355
f 286 248 396
f 358 251 166
f 360 304 267
f 268 359 397
f 267 252 360
f 287 398 306
f 307 398 287
f 399 363 400
f 229 268 290
f 363 399 289
f 289 399 256
f 255 365 308
f 311 313 401
f 402 336 331
f 403 308 365
f 291 288 339
f 364 202 270
f 312 202 364
f 314 337 340
f 339 404 201
f 341 294 368
f 342 315 368
f 201 404 235
f 405 367 271
f 342 295 315
f 369 315 295
f 271 208 406
f 372 371 373
f 372 373 407
f 408 370 372
f 374 343 409
f 410 318 297
f 373 374 411
f 135 297 318
f 319 237 318
f 296 375 377
f 377 376 412
f 296 298 320
f 296 345 375
f 345 378 375
f 347 413 320
f 412 376 379
f 345 413 346
f 346 344 211
f 378 380 375
f 383 301 119
f 279 191 263
f 282 299 388
f 217 414 349
f 263 266 279
f 280 415 275
f 263 416 354
f 263 417 416
f 416 279 325
f 219 394 244
f 244 418 326
f 419 285 355
f 221 395 247
f 356 286 396
f 357 247 420
f 305 304 421
f 358 357 422
f 304 423 424
f 425 423 360
f 330 360 252
f 360 332 425
f 332 334 425
f 426 363 288
f 334 314 362
f 288 291 426
f 402 331 306
f 256 399 291
f 292 427 428
f 292 290 427
f 401 313 340
f 336 429 337
f 316 367 430
f 292 428 366
f 431 373 371
f 373 406 208
f 272 432 295
f 272 296 432
f 372 407 408
f 373 411 407
f 296 377 369
f 320 345 296
f 320 413 345
f 412 379 433
f 434 344 346
f 435 212 213
f 239 381 240
f 435 240 381
f 240 435 213
f 159 414 217
f 191 279 417
f 324 276 436
f 387 437 282
f 438 351 353
f 281 384 324
f 353 352 439
f 384 281 283
f 386 385 387
f 415 280 440
f 416 441 354
f 416 325 441
f 354 441 391
f 442 325 390
f 163 302 390
f 389 392 443
f 395 328 444
f 393 444 328
f 395 445 247
f 356 396 446
f 447 305 421
f 396 248 329
f 359 251 358
f 304 424 421
f 304 360 423
f 425 334 448
f 362 309 311
f 398 307 361
f 426 400 363
f 334 362 448
f 308 403 449
f 291 399 426
f 365 449 403
f 338 316 450
f 336 451 429
f 293 341 368
f 404 339 366
f 406 405 271
f 452 371 370
f 432 369 295
f 453 235 404
f 453 410 235
f 409 343 369
f 235 410 297
f 369 432 296
f 377 412 454
f 412 433 454
f 374 455 411
f 456 319 318
f 434 346 413
f 344 434 378
f 321 238 319
f 212 435 347
f 381 321 457
f 379 380 458
f 241 322 323
f 382 348 139
f 383 191 417
f 439 438 353
f 438 459 351
f 460 324 436
f 460 281 324
f 279 416 417
f 280 278 440
f 461 278 281
f 460 461 281
f 384 283 462
f 385 462 283
f 218 463 302
f 442 441 325
f 392 391 464
f 465 393 326
f 419 466 285
f 327 467 394
f 394 418 244
f 468 419 355
f 355 356 469
f 470 471 446
f 446 472 470
f 473 305 447
f 329 305 473
f 422 357 420
f 474 397 359
f 475 476 477
f 475 478 476
f 479 480 268
f 268 480 290
f 361 481 398
f 427 290 480
f 316 430 450
f 365 338 450
f 340 337 429
f 336 482 451
f 402 482 336
f 366 428 404
f 431 371 452
f 406 373 431
f 369 377 409
f 483 370 408
f 377 454 409
f 411 484 407
f 455 484 411
f 318 410 456
f 455 374 485
f 486 319 456
f 455 487 488
f 379 458 433
f 434 489 378
f 321 319 486
f 380 490 458
f 282 437 491
f 263 274 417
f 383 417 492
f 352 493 439
f 494 264 389
f 300 463 218
f 392 495 443
f 392 464 495
f 465 444 393
f 496 355 469
f 355 496 468
f 356 471 469
f 356 446 471
f 497 472 446
f 497 446 396
f 447 498 499
f 498 447 421
f 247 445 420
f 358 420 359
f 358 422 420
f 477 500 475
f 476 478 501
f 478 502 501
f 362 311 401
f 306 398 503
f 308 504 361
f 449 504 308
f 402 306 505
f 429 506 340
f 507 430 367
f 367 405 507
f 428 508 404
f 452 370 483
f 509 410 453
f 407 510 408
f 483 408 510
f 484 455 488
f 374 409 454
f 454 485 374
f 487 455 485
f 435 511 347
f 512 380 378
f 486 513 321
f 322 215 491
f 349 514 299
f 414 515 349
f 385 384 437
f 387 385 437
f 515 516 349
f 351 493 352
f 388 517 386
f 242 264 494
f 391 441 464
f 469 471 518
f 473 447 519
f 447 499 519
f 329 473 497
f 519 499 520
f 396 329 497
f 499 500 520
f 499 498 500
f 521 522 500
f 500 477 521
f 424 498 421
f 498 424 423
f 475 523 478
f 523 423 425
f 481 503 398
f 362 401 524
f 525 362 524
f 426 399 400
f 450 361 504
f 524 401 340
f 504 365 450
f 449 365 504
f 451 526 429
f 340 506 524
f 428 427 508
f 430 507 527
f 482 402 505
f 405 406 431
f 407 484 510
f 528 456 410
f 485 529 487
f 347 511 413
f 457 511 435
f 435 381 457
f 378 489 512
f 530 490 380
f 512 530 380
f 322 514 323
f 348 382 531
f 215 282 491
f 242 532 159
f 383 492 301
f 351 533 493
f 517 388 534
f 349 516 514
f 278 461 535
f 462 461 460
f 385 386 517
f 385 517 462
f 389 443 494
f 394 467 418
f 496 469 518
f 466 467 327
f 466 327 285
f 519 536 473
f 473 472 497
f 519 520 537
f 475 500 498
f 475 498 423
f 423 523 475
f 478 523 538
f 479 268 397
f 448 539 425
f 525 448 362
f 539 448 526
f 480 540 427
f 448 525 526
f 526 525 429
f 361 450 481
f 506 429 525
f 527 450 430
f 427 541 508
f 508 541 542
f 431 543 405
f 431 452 543
f 508 542 404
f 452 483 544
f 543 452 544
f 509 528 410
f 454 545 485
f 454 433 545
f 413 511 546
f 488 487 547
f 548 549 512
f 548 550 549
f 95 348 274
f 299 551 388
f 532 414 159
f 351 459 533
f 300 301 492
f 552 300 492
f 278 436 553
f 436 554 460
f 494 532 242
f 555 415 553
f 553 415 440
f 278 553 440
f 462 556 461
f 462 517 556
f 516 557 558
f 559 443 495
f 496 518 560
f 496 561 468
f 465 326 418
f 473 536 472
f 395 562 445
f 477 476 563
f 564 563 476
f 478 538 502
f 425 539 523
f 539 526 565
f 306 503 505
f 525 524 506
f 526 451 566
f 540 541 427
f 453 567 509
f 568 569 570
f 510 544 483
f 484 488 571
f 571 488 547
f 486 456 528
f 413 546 434
f 512 550 548
f 512 549 530
f 299 514 491
f 514 322 491
f 437 572 491
f 439 573 438
f 415 555 275
f 276 275 574
f 436 276 574
f 384 462 437
f 462 554 437
f 492 417 575
f 436 574 553
f 278 535 436
f 462 460 554
f 514 516 576
f 494 577 532
f 494 443 578
f 463 390 302
f 443 559 578
f 441 579 464
f 580 468 561
f 580 419 468
f 581 560 518
f 582 465 418
f 583 472 536
f 583 470 472
f 519 584 536
f 537 520 500
f 420 445 585
f 359 420 586
f 474 359 586
f 476 501 564
f 539 587 523
f 479 588 480
f 565 526 566
f 503 589 505
f 481 589 503
f 589 481 450
f 450 527 589
f 590 482 505
f 507 405 591
f 510 592 544
f 510 484 592
f 528 509 593
f 433 458 545
f 546 594 434
f 594 489 434
f 512 489 550
f 550 595 549
f 596 597 598
f 299 491 551
f 323 514 599
f 532 531 414
f 417 274 600
f 493 533 601
f 493 601 555
f 437 602 603
f 551 514 576
f 604 515 414
f 417 600 605
f 535 606 436
f 461 556 535
f 516 558 576
f 552 463 300
f 516 515 607
f 577 494 578
f 516 607 557
f 463 608 390
f 609 464 579
f 609 495 464
f 610 611 612
f 496 560 561
f 418 467 613
f 614 615 536
f 581 518 471
f 583 536 616
f 581 471 617
f 470 583 617
f 617 471 470
f 444 465 618
f 395 444 619
f 537 584 519
f 500 522 537
f 586 420 585
f 521 477 563
f 523 587 538
f 502 620 501
f 587 539 565
f 480 621 540
f 622 541 540
f 482 566 451
f 541 623 542
f 405 543 591
f 543 544 624
f 542 625 404
f 404 625 453
f 626 511 627
f 529 485 628
f 627 511 629
f 629 511 457
f 529 547 487
f 486 528 513
f 321 629 457
f 550 489 595
f 629 321 513
f 597 596 630
f 631 597 630
f 598 597 631
f 514 551 599
f 534 388 551
f 275 555 601
f 436 606 554
f 437 603 572
f 605 575 417
f 606 553 574
f 517 632 556
f 551 576 633
f 515 604 607
f 608 442 390
f 495 609 559
f 611 610 634
f 635 612 611
f 580 466 419
f 636 467 466
f 637 418 613
f 582 418 637
f 536 615 616
f 536 638 614
f 562 395 619
f 639 640 641
f 620 564 501
f 621 480 588
f 565 566 642
f 541 622 623
f 569 643 570
f 542 644 625
f 625 567 453
f 625 645 567
f 592 624 544
f 509 567 646
f 647 648 649
f 509 646 593
f 647 649 650
f 511 626 546
f 545 650 649
f 545 651 485
f 485 651 628
f 545 458 650
f 489 594 652
f 595 530 549
f 653 630 596
f 551 491 599
f 382 654 531
f 438 573 655
f 459 438 655
f 437 554 656
f 551 633 534
f 493 657 439
f 493 658 657
f 604 414 531
f 659 660 573
f 439 659 573
f 606 574 661
f 517 662 632
f 517 534 662
f 576 663 633
f 532 577 531
f 606 664 553
f 535 664 606
f 576 558 557
f 441 442 579
f 579 442 608
f 611 665 635
f 636 466 666
f 614 638 615
f 667 560 581
f 582 618 465
f 583 581 617
f 444 618 619
f 584 537 668
f 562 585 445
f 668 522 521
f 669 474 586
f 521 563 670
f 474 669 397
f 563 564 671
f 479 672 588
f 620 502 538
f 673 674 588
f 675 676 677
f 621 588 674
f 678 590 589
f 566 590 642
f 590 505 589
f 590 566 482
f 623 622 679
f 542 680 644
f 543 624 591
f 681 591 624
f 625 644 682
f 570 683 568
f 645 684 567
f 649 651 545
f 628 685 529
f 685 547 529
f 650 458 686
f 513 528 593
f 458 490 686
f 652 490 530
f 652 595 489
f 491 687 599
f 323 599 688
f 382 323 654
f 689 531 654
f 459 655 690
f 533 459 690
f 602 691 572
f 572 691 491
f 574 275 601
f 574 601 661
f 602 632 603
f 662 603 632
f 602 572 662
f 603 662 572
f 692 693 694
f 660 659 695
f 659 439 657
f 555 696 493
f 661 554 606
f 697 604 531
f 604 697 607
f 463 552 608
f 698 635 699
f 634 665 611
f 580 666 466
f 613 467 636
f 561 560 667
f 616 615 638
f 700 583 616
f 582 637 701
f 536 584 702
f 522 668 537
f 586 585 703
f 671 670 563
f 669 479 397
f 669 672 479
f 704 671 705
f 564 705 671
f 705 706 704
f 564 620 707
f 705 708 706
f 708 705 709
f 710 677 676
f 679 711 712
f 678 589 527
f 540 713 622
f 527 507 678
f 680 542 623
f 681 624 714
f 643 683 570
f 643 569 715
f 714 624 592
f 648 647 716
f 569 568 715
f 646 567 717
f 648 718 649
f 647 650 716
f 683 719 626
f 683 626 568
f 568 720 715
f 719 716 546
f 720 568 626
f 626 719 546
f 626 627 720
f 484 571 592
f 592 571 685
f 571 547 685
f 593 627 629
f 686 490 652
f 594 686 652
f 652 530 595
f 598 631 596
f 596 631 721
f 653 722 630
f 691 687 491
f 554 723 656
f 531 724 348
f 725 726 727
f 660 695 728
f 553 696 555
f 664 535 556
f 576 729 663
f 531 577 724
f 576 557 729
f 577 730 724
f 492 575 731
f 552 492 731
f 607 729 557
f 577 578 730
f 578 559 730
f 559 732 730
f 733 734 579
f 579 734 609
f 699 635 735
f 665 736 635
f 635 698 737
f 665 634 738
f 739 612 635
f 634 610 738
f 612 738 610
f 700 581 583
f 616 638 702
f 638 536 702
f 562 740 585
f 586 703 669
f 669 703 741
f 670 671 641
f 671 742 641
f 704 706 743
f 744 710 676
f 676 675 744
f 538 745 620
f 706 708 746
f 587 565 747
f 708 748 746
f 713 540 749
f 678 507 591
f 750 645 625
f 643 715 683
f 715 719 683
f 717 567 684
f 649 718 651
f 650 686 716
f 628 714 592
f 717 720 627
f 546 716 686
f 646 717 627
f 592 685 628
f 546 686 594
f 627 593 646
f 513 593 629
f 630 722 631
f 323 688 654
f 348 600 274
f 658 690 657
f 633 663 751
f 752 725 727
f 660 753 573
f 661 601 754
f 755 556 632
f 662 756 602
f 531 689 697
f 757 727 726
f 728 695 758
f 553 664 696
f 605 731 575
f 697 729 607
f 730 697 689
f 733 731 605
f 730 699 697
f 735 697 699
f 552 731 608
f 733 579 731
f 608 731 579
f 732 699 730
f 698 699 732
f 735 635 736
f 736 665 738
f 737 739 635
f 612 759 738
f 612 739 759
f 580 760 666
f 667 761 561
f 616 702 762
f 584 763 702
f 584 668 763
f 619 764 562
f 668 521 765
f 766 640 639
f 766 670 640
f 639 641 766
f 670 641 640
f 742 671 704
f 710 744 767
f 588 672 673
f 705 564 709
f 745 538 587
f 710 767 677
f 564 707 709
f 675 677 767
f 620 745 707
f 675 712 711
f 587 747 745
f 675 711 768
f 621 749 540
f 679 769 711
f 679 622 769
f 770 678 591
f 623 679 771
f 716 772 648
f 716 773 772
f 716 719 773
f 720 717 774
f 721 653 596
f 722 721 631
f 348 724 600
f 655 573 753
f 554 661 723
f 725 775 726
f 776 659 657
f 696 658 493
f 755 664 556
f 602 756 632
f 534 756 662
f 727 777 752
f 778 757 726
f 779 778 726
f 728 758 780
f 659 776 695
f 781 729 697
f 724 730 689
f 734 782 732
f 734 732 609
f 609 732 559
f 561 761 580
f 700 667 581
f 700 616 762
f 763 783 702
f 784 701 637
f 765 785 668
f 585 786 703
f 766 641 742
f 672 669 787
f 743 742 704
f 788 706 746
f 712 675 789
f 790 748 708
f 679 712 789
f 674 673 768
f 674 768 711
f 769 674 711
f 642 747 565
f 791 792 793
f 623 771 680
f 772 718 648
f 651 714 628
f 718 714 651
f 720 774 715
f 774 717 794
f 795 773 719
f 599 687 796
f 601 533 797
f 437 656 602
f 654 724 689
f 754 601 797
f 756 534 798
f 663 729 781
f 799 800 694
f 692 694 800
f 753 660 801
f 660 728 801
f 727 757 777
f 600 733 605
f 735 802 697
f 698 732 737
f 580 761 760
f 666 760 803
f 666 803 636
f 636 803 613
f 613 804 637
f 785 805 763
f 562 764 740
f 668 785 763
f 806 585 740
f 807 673 672
f 709 790 708
f 767 789 675
f 642 590 808
f 590 678 808
f 769 622 809
f 622 713 809
f 591 810 770
f 591 681 810
f 750 625 682
f 714 811 681
f 645 750 812
f 715 813 719
f 684 645 814
f 684 794 717
f 653 815 816
f 722 653 816
f 602 656 817
f 781 818 663
f 779 726 775
f 757 778 819
f 799 694 693
f 782 734 820
f 734 733 600
f 778 779 821
f 781 697 802
f 802 735 822
f 732 823 737
f 735 736 822
f 824 736 738
f 825 738 759
f 739 825 759
f 761 826 760
f 667 700 761
f 763 805 827
f 784 637 804
f 828 805 785
f 619 618 829
f 829 764 619
f 765 521 670
f 786 741 703
f 742 743 788
f 788 743 706
f 675 830 744
f 675 768 830
f 673 807 831
f 709 707 832
f 833 745 747
f 674 769 621
f 769 749 621
f 679 789 771
f 713 749 809
f 793 834 791
f 680 771 835
f 644 680 835
f 718 811 714
f 813 715 836
f 719 813 837
f 715 774 836
f 772 838 718
f 719 837 795
f 722 816 839
f 722 839 721
f 533 840 797
f 655 841 690
f 840 690 842
f 533 690 840
f 633 751 798
f 724 843 600
f 690 841 657
f 754 723 661
f 633 798 534
f 844 845 752
f 725 752 846
f 664 847 696
f 664 755 847
f 802 848 781
f 757 819 777
f 799 849 821
f 799 693 849
f 695 776 758
f 734 600 820
f 850 778 821
f 782 851 732
f 851 823 732
f 823 852 737
f 822 736 824
f 739 737 852
f 739 852 825
f 824 738 825
f 826 853 760
f 854 700 762
f 582 855 856
f 582 856 618
f 857 702 783
f 618 856 858
f 827 783 763
f 829 618 858
f 585 806 786
f 765 670 766
f 669 741 787
f 744 859 767
f 673 831 768
f 746 748 860
f 707 745 832
f 860 748 790
f 808 678 861
f 861 678 862
f 749 769 809
f 770 862 678
f 863 771 789
f 791 834 792
f 810 864 770
f 834 793 865
f 835 771 682
f 644 835 682
f 681 811 866
f 750 682 867
f 814 645 812
f 684 814 868
f 836 774 794
f 795 869 773
f 815 653 721
f 721 839 815
f 599 796 688
f 753 841 655
f 602 817 691
f 751 870 798
f 724 654 843
f 871 600 843
f 842 657 841
f 658 842 690
f 696 842 658
f 752 845 846
f 775 725 846
f 821 779 775
f 821 775 872
f 821 872 799
f 799 850 800
f 728 780 801
f 755 632 873
f 632 756 873
f 821 849 850
f 874 875 844
f 778 850 819
f 875 876 871
f 876 875 874
f 877 876 874
f 803 760 853
f 702 857 762
f 804 613 878
f 582 701 855
f 879 827 805
f 784 880 701
f 828 879 805
f 740 764 881
f 765 766 882
f 742 882 766
f 744 830 859
f 672 787 807
f 830 883 884
f 767 885 886
f 767 886 789
f 709 887 790
f 888 833 747
f 889 747 642
f 792 834 863
f 793 890 865
f 771 863 682
f 890 891 865
f 682 863 867
f 866 810 681
f 865 891 892
f 838 811 718
f 893 894 895
f 797 840 896
f 688 897 654
f 897 843 654
f 754 797 723
f 871 844 875
f 846 777 775
f 850 799 872
f 849 800 850
f 898 693 692
f 820 600 871
f 899 693 898
f 820 851 782
f 802 822 848
f 824 900 822
f 824 825 852
f 761 700 901
f 902 853 826
f 613 803 878
f 827 857 783
f 827 879 903
f 880 784 804
f 904 787 741
f 882 742 788
f 905 767 859
f 767 905 885
f 830 768 883
f 768 831 883
f 745 833 832
f 906 642 808
f 789 907 863
f 770 864 862
f 810 866 864
f 908 890 793
f 866 811 909
f 910 909 811
f 811 838 910
f 815 911 816
f 839 816 912
f 913 914 915
f 916 895 894
f 893 895 917
f 840 842 841
f 818 781 848
f 775 777 918
f 776 657 919
f 798 920 756
f 846 845 921
f 921 777 846
f 777 921 752
f 758 922 923
f 693 899 849
f 818 924 663
f 851 820 871
f 844 925 874
f 822 926 848
f 925 877 874
f 927 823 851
f 823 927 852
f 852 900 824
f 901 700 854
f 803 853 928
f 878 803 928
f 740 929 806
f 858 881 829
f 881 764 829
f 785 765 930
f 931 786 806
f 931 932 786
f 741 786 932
f 884 787 904
f 830 933 859
f 904 830 884
f 788 746 860
f 709 832 887
f 832 833 887
f 907 792 863
f 908 793 792
f 834 934 935
f 834 865 934
f 834 867 863
f 892 891 936
f 892 937 865
f 892 936 938
f 867 939 750
f 750 939 812
f 812 940 814
f 773 838 772
f 837 869 795
f 794 684 868
f 915 914 941
f 895 942 917
f 942 895 916
f 841 753 943
f 844 871 843
f 845 844 843
f 753 801 943
f 842 919 657
f 842 696 944
f 756 920 873
f 752 921 844
f 692 800 898
f 844 945 925
f 923 780 758
f 946 871 876
f 851 871 947
f 663 948 751
f 876 949 946
f 927 900 852
f 761 901 826
f 950 701 880
f 929 740 881
f 882 951 765
f 952 859 953
f 954 882 788
f 952 905 859
f 933 953 859
f 830 904 933
f 788 860 955
f 887 860 790
f 862 956 861
f 886 907 789
f 862 864 957
f 747 889 888
f 866 958 864
f 890 908 891
f 909 958 866
f 959 960 961
f 962 909 910
f 937 892 963
f 865 937 934
f 938 813 836
f 814 940 868
f 869 837 964
f 816 911 912
f 915 965 913
f 941 914 966
f 967 968 969
f 970 971 972
f 916 973 942
f 973 916 893
f 893 916 894
f 691 974 687
f 921 845 975
f 850 872 819
f 819 872 976
f 849 977 976
f 848 924 818
f 844 921 945
f 780 978 801
f 751 948 870
f 849 899 977
f 899 898 979
f 947 871 946
f 927 851 980
f 980 851 981
f 947 981 851
f 949 876 877
f 900 982 822
f 857 854 762
f 901 983 826
f 983 902 826
f 701 950 855
f 853 902 984
f 984 928 853
f 804 878 985
f 880 804 985
f 986 879 828
f 881 858 987
f 930 828 785
f 881 987 929
f 806 929 931
f 988 953 989
f 952 953 988
f 741 932 904
f 905 952 990
f 787 884 991
f 992 807 787
f 883 993 884
f 883 992 991
f 955 860 887
f 807 992 831
f 883 831 992
f 957 956 862
f 906 889 642
f 792 907 908
f 908 994 891
f 936 891 994
f 834 935 867
f 995 936 996
f 936 995 938
f 961 997 959
f 998 961 999
f 940 812 939
f 995 813 938
f 910 838 1000
f 813 995 837
f 1001 1002 1003
f 836 794 868
f 773 1004 838
f 773 869 1004
f 968 967 1005
f 1006 1007 969
f 1008 1007 1006
f 1009 1005 967
f 1010 1011 1012
f 1013 972 971
f 973 893 917
f 840 841 896
f 656 723 1014
f 656 1014 817
f 691 817 974
f 688 796 897
f 798 1015 920
f 872 775 918
f 872 918 976
f 945 921 975
f 977 819 976
f 800 849 976
f 758 776 922
f 870 948 1016
f 899 1017 977
f 780 923 978
f 899 1018 1017
f 982 926 822
f 1019 900 927
f 1020 901 854
f 1021 854 857
f 827 903 1022
f 857 827 1022
f 985 950 880
f 1023 856 855
f 879 986 903
f 929 1024 931
f 765 951 930
f 988 1025 952
f 904 932 1026
f 952 1025 1027
f 990 1028 905
f 993 991 884
f 992 787 991
f 905 1028 885
f 956 1029 861
f 956 1030 1029
f 888 1031 833
f 907 1032 908
f 957 864 1033
f 958 1033 864
f 958 909 1034
f 909 962 1034
f 939 867 935
f 959 997 960
f 997 961 998
f 963 892 938
f 939 1035 940
f 962 910 1000
f 938 1036 963
f 1001 1037 1038
f 837 995 964
f 1002 1039 1003
f 1040 836 868
f 940 1040 868
f 1003 1037 1001
f 1000 838 1004
f 1039 1041 1003
f 1042 1043 1039
f 1044 911 815
f 839 912 1045
f 915 941 965
f 965 1046 913
f 967 969 1047
f 1007 1047 969
f 1011 1048 1012
f 1009 1049 1005
f 1009 967 1047
f 1011 1010 1050
f 1051 1052 1053
f 1054 1055 1056
f 971 970 1057
f 841 943 896
f 798 870 1015
f 845 843 1058
f 975 845 1058
f 819 1059 777
f 1060 947 946
f 949 1061 946
f 925 949 877
f 924 948 663
f 947 1060 981
f 980 1019 927
f 1019 982 900
f 1020 983 901
f 1023 855 950
f 1023 1062 856
f 987 858 1062
f 987 1063 929
f 929 1063 1024
f 1064 931 1024
f 1064 1026 931
f 932 931 1026
f 1065 951 882
f 1066 1025 988
f 988 1067 1068
f 988 989 1067
f 989 953 1067
f 1025 1069 1027
f 933 1067 953
f 952 1027 990
f 991 993 883
f 1070 1029 1030
f 1071 1030 956
f 907 886 1072
f 1073 956 957
f 1072 1074 907
f 888 1075 1031
f 1032 907 1074
f 889 1075 888
f 1076 1077 996
f 996 1077 995
f 996 936 1078
f 935 934 1035
f 939 935 1035
f 999 1079 998
f 1035 1040 940
f 1035 934 937
f 1001 1080 1002
f 938 836 1036
f 1040 937 1036
f 1035 937 1040
f 1040 1036 836
f 1081 1082 1083
f 1084 1042 1039
f 815 839 1044
f 968 1085 1086
f 1005 1085 968
f 1007 1008 1087
f 1088 1009 1047
f 970 972 1013
f 942 1089 917
f 942 973 1090
f 1090 973 917
f 800 976 1091
f 919 842 1092
f 797 1093 723
f 873 1094 755
f 946 1095 1060
f 925 945 1096
f 1097 1016 948
f 1095 946 1061
f 926 924 848
f 854 1021 1020
f 950 985 1098
f 902 983 1099
f 858 856 1062
f 986 828 930
f 1063 1064 1024
f 988 1068 1066
f 882 954 1065
f 1100 1025 1066
f 1026 1068 1067
f 933 1026 1067
f 904 1026 933
f 1100 1069 1025
f 1101 1027 1069
f 1027 1102 990
f 954 788 955
f 1028 1103 885
f 808 1104 906
f 808 861 1104
f 1030 1105 1070
f 1105 1030 1071
f 956 1073 1071
f 833 1031 1106
f 1075 1107 1031
f 889 1108 1075
f 1032 1109 908
f 1033 958 1110
f 996 1078 1076
f 1111 961 960
f 1111 999 961
f 1109 994 908
f 1111 960 997
f 1076 962 1077
f 1077 962 1112
f 994 1078 936
f 962 1000 1112
f 963 1036 937
f 1083 1082 1113
f 995 1077 964
f 1083 1114 1081
f 869 964 1004
f 1003 1115 1037
f 1116 1115 1003
f 1003 1041 1116
f 1039 1043 1041
f 1117 1118 1119
f 1120 1043 1042
f 1117 1119 1121
f 911 1044 1122
f 965 941 1123
f 1086 1085 1124
f 968 1086 1125
f 966 913 1046
f 966 914 913
f 1126 1127 1128
f 968 1129 969
f 1006 969 1129
f 1012 1048 1130
f 1047 1007 1131
f 1131 1007 1087
f 1048 1011 1050
f 1051 1053 1132
f 1013 971 1057
f 942 1133 1089
f 942 1090 1133
f 1090 917 1089
f 943 801 1134
f 797 1135 1093
f 1014 723 1093
f 977 1136 819
f 776 1137 922
f 696 847 944
f 977 1017 1138
f 945 975 1096
f 1018 899 979
f 1061 949 1096
f 1096 949 925
f 926 1139 924
f 982 1140 926
f 982 1019 1140
f 857 1022 1021
f 985 878 1141
f 1141 878 928
f 1142 984 902
f 928 984 1143
f 1144 1026 1064
f 990 1102 1028
f 1145 1069 1100
f 1145 1146 1069
f 1146 1147 1069
f 886 885 1072
f 861 1148 1104
f 861 1029 1148
f 887 833 1106
f 889 906 1108
f 1110 957 1033
f 1107 1075 1149
f 1110 958 1034
f 1076 1150 962
f 962 1150 1034
f 1151 1152 1153
f 1154 994 1109
f 994 1154 1078
f 1152 1155 1153
f 997 998 1156
f 1079 1156 998
f 1002 1080 1155
f 1038 1157 1001
f 1077 1112 964
f 1083 1158 1114
f 1082 1081 1114
f 1084 1159 1042
f 1121 1160 1117
f 1043 1161 1041
f 1124 1161 1086
f 1125 1086 1161
f 1124 1085 1162
f 1085 1005 1162
f 1125 1129 968
f 1006 1129 1125
f 1163 1164 1128
f 1126 1128 1164
f 1088 1047 1131
f 1132 1053 1165
f 1054 1056 1166
f 1167 970 1054
f 1168 1057 1167
f 1057 970 1167
f 1051 1169 1052
f 1055 1054 970
f 1168 970 1013
f 1013 1057 1170
f 797 896 1135
f 873 920 1094
f 777 1059 918
f 976 918 1136
f 842 944 1092
f 801 978 1171
f 979 1172 800
f 1138 800 1172
f 800 1138 898
f 1017 898 1138
f 898 1017 979
f 1172 979 1017
f 924 1173 948
f 1174 1099 983
f 983 1020 1174
f 985 1141 1098
f 1098 1023 950
f 928 1143 1141
f 984 1142 1143
f 1023 1175 1062
f 1068 1026 1144
f 1176 1102 1027
f 1176 1027 1101
f 1028 1102 1103
f 1101 1069 1147
f 1147 1146 1177
f 1178 1177 1146
f 885 1103 1179
f 955 887 1106
f 1105 1180 1070
f 1180 1105 1181
f 1029 1070 1182
f 1072 1183 1074
f 1031 1107 1106
f 1073 957 1110
f 1032 1074 1184
f 1152 1151 1185
f 1186 1155 1080
f 997 1156 1111
f 1001 1186 1080
f 1002 1155 1152
f 1152 1084 1002
f 1084 1152 1187
f 1188 1083 1113
f 1083 1188 1158
f 1084 1039 1002
f 1113 1082 1114
f 1114 1188 1113
f 1000 1004 1112
f 1189 1190 1191
f 964 1112 1004
f 1192 1193 1194
f 1041 1122 1116
f 1161 1043 1120
f 1045 1044 839
f 1160 1121 1119
f 1122 1195 911
f 911 1195 912
f 1120 1125 1161
f 965 1123 1196
f 1046 965 1196
f 1197 1198 1199
f 1006 1125 1200
f 1008 1006 1200
f 1201 1005 1049
f 1164 1202 1126
f 1130 1203 1012
f 1012 1203 1010
f 1166 1204 1054
f 1049 1009 1088
f 1053 1169 1202
f 1164 1053 1202
f 1165 1053 1164
f 1054 1204 1167
f 1203 1050 1010
f 1053 1052 1169
f 1132 1169 1051
f 1057 1168 1170
f 1170 1168 1013
f 1205 1090 1089
f 687 974 796
f 1206 870 1016
f 1136 1059 819
f 1137 1207 922
f 944 847 1208
f 1209 978 923
f 1096 1210 1061
f 1211 1060 1095
f 1097 948 1173
f 924 1139 1173
f 1212 981 1060
f 926 1140 1139
f 986 1213 903
f 902 1099 1142
f 1023 1214 1175
f 986 930 1215
f 1214 1216 1175
f 1217 1218 951
f 1218 930 951
f 1145 1178 1146
f 1179 1072 885
f 1180 1181 1178
f 955 1106 1219
f 1070 1180 1220
f 1182 1070 1221
f 1222 1221 1070
f 1220 1222 1070
f 1222 1181 1105
f 1071 1221 1105
f 1222 1105 1221
f 1106 1107 1223
f 1110 1034 1224
f 1225 1076 1226
f 1076 1225 1150
f 1107 1149 1227
f 1076 1078 1226
f 1149 1075 1228
f 1226 1154 1109
f 1079 999 1229
f 1155 1228 1153
f 1001 1157 1186
f 1185 1187 1152
f 1188 1114 1230
f 1189 1191 1231
f 1117 1160 1232
f 1193 1233 1194
f 1116 1122 1044
f 1041 1161 1122
f 1120 1042 1159
f 1234 1235 1236
f 1200 1125 1120
f 1005 1201 1162
f 1128 1127 1237
f 1163 1128 1237
f 1163 1237 1238
f 1201 1049 1239
f 1240 1204 1241
f 1239 1049 1242
f 1242 1049 1243
f 1048 1050 1244
f 1055 970 1168
f 843 897 1245
f 843 1245 1246
f 843 1246 1247
f 1247 1058 843
f 918 1059 1136
f 976 1136 1091
f 776 919 1137
f 1095 1210 1248
f 1171 978 1249
f 1250 1171 1249
f 922 1171 923
f 1251 1210 1096
f 1249 1252 1253
f 1249 978 1252
f 978 1209 1252
f 1209 1253 1254
f 1250 1254 1253
f 1254 1250 923
f 1249 923 1250
f 923 1249 1209
f 1253 1209 1249
f 755 1094 847
f 1061 1210 1095
f 1017 1018 1172
f 1209 1254 1252
f 1248 1211 1095
f 1211 1212 1060
f 980 981 1255
f 1256 1174 1020
f 1256 1020 1021
f 1213 986 1257
f 1023 1098 1214
f 1062 1175 1258
f 987 1259 1063
f 1175 1216 1260
f 1064 1063 1144
f 1066 1258 1261
f 951 1065 1217
f 1066 1261 1100
f 1029 1182 1148
f 906 1104 1262
f 1221 1071 1182
f 906 1262 1108
f 1224 1073 1110
f 1223 1107 1227
f 1184 1109 1032
f 1109 1263 1226
f 1264 1229 999
f 1149 1228 1186
f 1265 1034 1150
f 1264 999 1111
f 1111 1156 1266
f 1228 1155 1186
f 1188 1230 1267
f 1037 1190 1038
f 1158 1230 1114
f 1268 1190 1037
f 1084 1187 1159
f 1269 1159 1187
f 1192 1270 1193
f 1192 1194 1233
f 1271 1272 1273
f 1119 1118 1274
f 1159 1269 1120
f 1160 1119 1274
f 1044 1045 1116
f 1275 1196 1276
f 1196 1275 1045
f 1161 1124 1122
f 1122 1124 1195
f 1236 1277 1234
f 941 1278 1123
f 1234 1199 1198
f 941 966 1278
f 1124 1162 1195
f 1279 1241 1280
f 1281 1087 1008
f 1088 1282 1283
f 1282 1088 1131
f 1130 1048 1244
f 1240 1167 1204
f 1243 1284 1242
f 1285 1244 1050
f 1167 1286 1168
f 1056 1055 1168
f 1287 943 1134
f 1058 1288 975
f 1058 1289 1288
f 801 1207 1134
f 1171 1134 1207
f 1171 922 801
f 1207 801 922
f 1251 1096 975
f 1136 977 1290
f 1291 979 800
f 1171 1250 1134
f 923 1171 1254
f 1211 1248 1292
f 977 1138 1290
f 1293 1253 1252
f 1293 1250 1253
f 1294 981 1212
f 1139 1295 1173
f 1019 1296 1140
f 1139 1297 1295
f 1139 1140 1297
f 1062 1298 987
f 930 1218 1215
f 1063 1259 1144
f 1066 1299 1258
f 1068 1299 1066
f 1144 1299 1068
f 1300 1217 1065
f 1103 1102 1301
f 1301 1102 1176
f 1180 1178 1145
f 1178 1302 1177
f 1148 1303 1104
f 1302 1178 1181
f 1222 1182 1071
f 1222 1071 1304
f 1071 1073 1304
f 1074 1183 1305
f 1304 1073 1224
f 1075 1108 1306
f 1225 1226 1307
f 1263 1109 1184
f 1265 1224 1034
f 1226 1078 1154
f 1111 1266 1264
f 1186 1157 1149
f 1188 1267 1158
f 1308 1309 1310
f 1268 1191 1190
f 1191 1268 1231
f 1268 1037 1115
f 1311 1272 1271
f 1116 1045 1275
f 1123 1276 1196
f 1277 1312 1234
f 1046 1196 1313
f 1314 1046 1313
f 1197 1199 1315
f 966 1046 1314
f 1200 1281 1008
f 1280 1241 1204
f 1203 1285 1050
f 897 796 1316
f 896 943 1317
f 1015 1318 920
f 1319 1015 1206
f 1206 1015 870
f 1210 1292 1248
f 975 1288 1251
f 800 1091 1291
f 1250 1320 1134
f 1254 1171 1321
f 1322 1211 1292
f 1320 1250 1293
f 847 1094 1208
f 1323 1324 1325
f 1097 1326 1016
f 1327 1211 1322
f 1211 1327 1212
f 1328 1326 1097
f 1173 1328 1097
f 1294 1255 981
f 1140 1296 1297
f 1255 1296 1019
f 1255 1019 980
f 986 1215 1257
f 1099 1329 1142
f 1330 1098 1141
f 1062 1258 1298
f 987 1298 1259
f 1214 1331 1216
f 1142 1332 1333
f 1298 1258 1299
f 1258 1175 1261
f 1260 1261 1175
f 1259 1299 1144
f 1261 1260 1100
f 1100 1260 1145
f 954 1300 1065
f 1103 1301 1179
f 1301 1176 1334
f 1176 1101 1183
f 1145 1335 1180
f 1180 1335 1220
f 1179 1334 1072
f 1334 1183 1072
f 1148 1182 1336
f 1181 1222 1302
f 1337 1104 1303
f 1306 1108 1262
f 1184 1074 1305
f 1306 1338 1075
f 1263 1307 1226
f 1227 1149 1339
f 1153 1228 1151
f 1339 1149 1157
f 1156 1079 1340
f 1157 1038 1339
f 1038 1190 1341
f 1189 1231 1342
f 1190 1189 1342
f 1343 1270 1192
f 1269 1187 1344
f 1115 1275 1276
f 1273 1345 1271
f 1116 1275 1115
f 1160 1274 1232
f 1272 1311 1273
f 1235 1346 1236
f 1045 1313 1196
f 1346 1235 1234
f 1347 1200 1120
f 1348 1045 912
f 1234 1315 1199
f 1234 1312 1315
f 1281 1200 1347
f 1197 1349 1198
f 1238 1237 1350
f 1087 1281 1131
f 1127 1126 1202
f 1351 1203 1130
f 1283 1201 1352
f 1088 1283 1352
f 1353 1202 1354
f 1165 1164 1353
f 1240 1241 1279
f 1049 1088 1243
f 1351 1285 1203
f 1354 1169 1132
f 1166 1056 1355
f 1168 1355 1056
f 974 817 1356
f 796 974 1357
f 1358 1134 1359
f 920 1318 1094
f 1288 1289 1324
f 1360 1137 919
f 1292 1210 1251
f 1134 1320 1359
f 1321 1171 1207
f 1360 1361 1137
f 1362 1363 1364
f 1251 1322 1292
f 1138 1172 1365
f 1291 1018 979
f 1366 1322 1251
f 1254 1321 1252
f 1252 1321 1293
f 1295 1328 1173
f 903 1367 1022
f 1022 1367 1368
f 903 1213 1367
f 1022 1368 1021
f 1256 1021 1369
f 1143 1370 1141
f 1098 1330 1214
f 1142 1370 1143
f 1142 1329 1332
f 1259 1298 1299
f 1371 1335 1145
f 1179 1301 1334
f 1101 1147 1372
f 1334 1176 1183
f 1101 1372 1183
f 1148 1336 1373
f 1106 1223 1219
f 1337 1262 1104
f 1183 1372 1305
f 1263 1305 1302
f 1184 1305 1263
f 1307 1263 1302
f 1265 1304 1224
f 1374 1304 1265
f 1225 1265 1150
f 1228 1075 1338
f 1079 1229 1375
f 1375 1340 1079
f 1339 1038 1341
f 1341 1190 1375
f 1342 1375 1190
f 1376 1230 1158
f 1377 1310 1309
f 1192 1233 1343
f 1378 1311 1271
f 1379 1269 1344
f 1380 1236 1346
f 1381 1276 1123
f 1278 966 1382
f 1198 1349 1234
f 1197 1315 1349
f 1201 1283 1383
f 1237 1127 1384
f 1384 1127 1202
f 1130 1244 1385
f 1386 1384 1202
f 1353 1164 1163
f 1353 1354 1165
f 1202 1169 1354
f 1165 1354 1132
f 1284 1243 1088
f 1168 1286 1355
f 1089 1133 1387
f 1133 1090 1205
f 1388 1389 1390
f 796 1357 1316
f 1058 1247 1289
f 1317 943 1287
f 896 1391 1135
f 1287 1207 1137
f 1136 1290 1091
f 1137 1361 1287
f 944 1208 1392
f 1288 1366 1251
f 1393 1394 1288
f 1393 1288 1324
f 1323 1393 1324
f 1138 1365 1290
f 1363 1362 1395
f 1366 1288 1394
f 1172 1018 1365
f 1396 1018 1291
f 1212 1327 1294
f 1328 1397 1326
f 1255 1398 1296
f 1295 1297 1296
f 1369 1021 1368
f 1399 1174 1256
f 1174 1399 1099
f 1099 1399 1329
f 1330 1331 1214
f 1216 1331 1400
f 1216 1400 1260
f 1260 1371 1145
f 954 1401 1300
f 1401 954 955
f 1148 1373 1303
f 1222 1336 1182
f 1372 1402 1305
f 1302 1222 1304
f 1374 1302 1304
f 1402 1302 1305
f 1307 1374 1225
f 1225 1374 1265
f 1185 1151 1338
f 1340 1375 1342
f 1158 1267 1403
f 1158 1403 1376
f 1377 1404 1310
f 1270 1405 1406
f 1270 1343 1405
f 1193 1270 1407
f 1115 1276 1268
f 1345 1408 1271
f 1271 1408 1378
f 1117 1232 1409
f 1117 1409 1118
f 1269 1379 1410
f 1123 1278 1381
f 1410 1347 1269
f 1411 1312 1277
f 1269 1347 1120
f 1313 1045 1348
f 1195 1412 1348
f 1195 1348 912
f 966 1314 1382
f 1314 1313 1280
f 1313 1279 1280
f 1313 1413 1279
f 1350 1237 1384
f 1279 1413 1414
f 1415 1131 1281
f 1244 1416 1385
f 1202 1353 1386
f 1201 1239 1352
f 1417 1088 1352
f 1204 1166 1418
f 1419 1284 1417
f 1240 1420 1167
f 1166 1355 1418
f 1167 1420 1286
f 1355 1286 1421
f 1089 1387 1205
f 1390 1389 1422
f 1287 1134 1358
f 1317 1391 896
f 1207 1358 1361
f 1358 1207 1287
f 1392 1423 944
f 1093 1135 1424
f 1425 1426 1362
f 1364 1425 1362
f 1016 1319 1206
f 1395 1362 1426
f 1427 1428 1325
f 1293 1321 1320
f 1395 1429 1363
f 1398 1363 1429
f 1322 1430 1327
f 1398 1429 1296
f 1429 1295 1296
f 1255 1431 1398
f 1432 1433 1434
f 1368 1435 1369
f 1436 1399 1256
f 1256 1369 1436
f 1370 1330 1141
f 1437 1331 1330
f 1437 1260 1400
f 1371 1438 1439
f 1439 1335 1371
f 1220 1336 1222
f 1335 1336 1220
f 1402 1147 1177
f 1372 1147 1402
f 1402 1177 1302
f 1219 1223 1440
f 1440 1223 1227
f 1374 1307 1302
f 1151 1228 1338
f 1185 1344 1187
f 1309 1308 1404
f 1377 1309 1441
f 1404 1308 1310
f 1407 1270 1406
f 1442 1407 1406
f 1343 1193 1443
f 1193 1343 1233
f 1444 1445 1446
f 1345 1273 1311
f 1380 1277 1236
f 1447 1346 1234
f 1350 1448 1238
f 1280 1382 1314
f 1347 1415 1281
f 1383 1283 1449
f 1450 1451 1163
f 1239 1242 1452
f 1449 1352 1239
f 1449 1283 1282
f 1353 1163 1451
f 1282 1131 1415
f 1351 1130 1385
f 1088 1417 1284
f 1285 1351 1453
f 1418 1355 1421
f 1454 1133 1205
f 1388 1390 1455
f 1316 1456 897
f 1324 1289 1427
f 1135 1457 1424
f 1014 1093 1424
f 1458 1359 1320
f 1208 1135 1392
f 1135 1208 1459
f 1460 1461 1290
f 1461 1091 1290
f 1094 1424 1208
f 1364 1363 1398
f 1290 1365 1460
f 1325 1428 1323
f 1428 1462 1323
f 1463 1396 1464
f 1016 1465 1319
f 1366 1466 1322
f 1431 1255 1294
f 1295 1467 1328
f 1434 1468 1432
f 1434 1433 1469
f 1433 1470 1469
f 1471 1472 1473
f 1471 1474 1472
f 1435 1436 1369
f 1370 1142 1333
f 1332 1329 1475
f 1331 1437 1400
f 1476 1332 1475
f 1332 1476 1333
f 1437 1438 1260
f 1475 1477 1478
f 1260 1438 1371
f 1401 955 1219
f 1335 1479 1336
f 1480 1481 1482
f 1483 1484 1485
f 1486 1227 1339
f 1487 1488 1489
f 1487 1490 1491
f 1487 1489 1490
f 1376 1403 1492
f 1406 1405 1493
f 1406 1494 1442
f 1342 1231 1495
f 1496 1378 1408
f 1409 1232 1497
f 1498 1408 1345
f 1268 1276 1499
f 1500 1345 1311
f 1501 1277 1380
f 1411 1277 1501
f 1447 1234 1349
f 1278 1382 1381
f 1349 1315 1502
f 1348 1413 1313
f 1162 1383 1503
f 1448 1450 1238
f 1504 1382 1280
f 1162 1201 1383
f 1238 1450 1163
f 1280 1204 1504
f 1503 1449 1239
f 1505 1384 1385
f 1384 1386 1385
f 1385 1386 1351
f 1240 1279 1414
f 1386 1506 1351
f 1507 1242 1284
f 1453 1351 1506
f 1240 1414 1508
f 1454 1387 1133
f 1509 1510 1511
f 1389 1388 1512
f 897 1456 1245
f 1135 1391 1392
f 1356 817 1014
f 1459 1457 1135
f 1319 1318 1015
f 1207 1513 1321
f 1208 1424 1459
f 1514 1424 1094
f 1515 1318 1319
f 1320 1321 1513
f 1364 1398 1425
f 1516 1394 1393
f 1428 1461 1460
f 1428 1460 1462
f 1517 1365 1018
f 1396 1291 1518
f 1464 1396 1518
f 1398 1519 1425
f 1396 1517 1018
f 1319 1465 1515
f 1465 1016 1326
f 1398 1431 1519
f 1430 1322 1466
f 1295 1429 1520
f 1294 1521 1431
f 1522 1469 1523
f 1434 1469 1522
f 1213 1257 1367
f 1257 1435 1367
f 1436 1435 1524
f 1399 1436 1525
f 1330 1370 1526
f 1437 1330 1526
f 1437 1526 1438
f 1477 1527 1478
f 1217 1300 1528
f 1527 1529 1478
f 1529 1373 1478
f 1335 1439 1479
f 1529 1530 1303
f 1479 1373 1336
f 1303 1530 1337
f 1531 1483 1485
f 1485 1484 1532
f 1533 1306 1262
f 1306 1534 1338
f 1535 1229 1264
f 1266 1156 1536
f 1156 1340 1536
f 1344 1185 1537
f 1403 1267 1538
f 1404 1441 1309
f 1377 1539 1404
f 1377 1441 1539
f 1230 1376 1538
f 1267 1230 1538
f 1540 1405 1343
f 1443 1193 1407
f 1268 1495 1231
f 1497 1232 1541
f 1268 1499 1495
f 1542 1379 1344
f 1345 1500 1498
f 1409 1543 1118
f 1311 1378 1500
f 1118 1543 1274
f 1276 1381 1499
f 1274 1544 1545
f 1546 1347 1410
f 1547 1195 1162
f 1412 1548 1348
f 1312 1502 1315
f 1504 1381 1382
f 1383 1449 1503
f 1504 1204 1549
f 1386 1353 1451
f 1352 1550 1417
f 1244 1285 1453
f 1508 1420 1240
f 1551 1507 1284
f 1417 1551 1419
f 1551 1284 1419
f 1286 1420 1552
f 1553 1454 1205
f 1388 1455 1512
f 1511 1510 1554
f 1555 1556 1557
f 1390 1422 1558
f 1317 1287 1559
f 1317 1559 1391
f 1424 1560 1561
f 1424 1561 1014
f 1094 1318 1514
f 1359 1562 1563
f 1359 1458 1562
f 1459 1424 1564
f 1514 1560 1424
f 1291 1091 1565
f 1425 1519 1395
f 1519 1429 1395
f 1566 1396 1463
f 1464 1567 1463
f 1295 1520 1467
f 1328 1568 1397
f 1434 1522 1468
f 1523 1469 1569
f 1570 1469 1470
f 1472 1571 1473
f 1432 1572 1433
f 1474 1573 1472
f 1435 1368 1367
f 1436 1574 1525
f 1215 1218 1575
f 1329 1576 1475
f 1475 1576 1477
f 1217 1528 1218
f 1333 1476 1439
f 1370 1333 1526
f 1526 1333 1439
f 1528 1300 1401
f 1475 1478 1577
f 1373 1577 1478
f 1529 1303 1373
f 1578 1401 1219
f 1219 1579 1578
f 1219 1440 1579
f 1482 1580 1480
f 1481 1580 1482
f 1483 1531 1484
f 1480 1581 1481
f 1440 1227 1486
f 1533 1534 1306
f 1582 1583 1584
f 1584 1585 1582
f 1586 1490 1587
f 1588 1486 1341
f 1488 1587 1489
f 1583 1582 1589
f 1585 1589 1582
f 1535 1375 1229
f 1588 1341 1375
f 1339 1341 1486
f 1489 1587 1490
f 1590 1492 1403
f 1536 1340 1591
f 1340 1342 1591
f 1493 1405 1540
f 1342 1495 1591
f 1497 1541 1591
f 1446 1445 1592
f 1501 1593 1541
f 1594 1444 1446
f 1409 1497 1543
f 1541 1232 1501
f 1595 1596 1597
f 1545 1232 1274
f 1274 1448 1544
f 1448 1274 1598
f 1195 1547 1412
f 1548 1413 1348
f 1447 1349 1502
f 1547 1162 1503
f 1505 1350 1384
f 1599 1600 1601
f 1239 1452 1547
f 1503 1239 1547
f 1386 1602 1603
f 1386 1451 1602
f 1604 1504 1549
f 1242 1507 1452
f 1449 1605 1352
f 1605 1550 1352
f 1507 1551 1606
f 1550 1551 1417
f 1421 1552 1418
f 1421 1286 1552
f 1387 1454 1607
f 1509 1511 1554
f 1509 1608 1510
f 1609 1555 1610
f 1555 1557 1611
f 1512 1422 1389
f 1422 1612 1558
f 974 1356 1357
f 1359 1563 1358
f 1456 1316 1426
f 1358 1613 1361
f 944 1423 1092
f 1392 1459 1423
f 1425 1456 1426
f 1207 1361 1513
f 1614 1360 919
f 1426 1316 1395
f 1425 1395 1456
f 1320 1513 1458
f 1395 1316 1615
f 1463 1616 1566
f 1464 1617 1567
f 1519 1431 1521
f 1567 1616 1463
f 1618 1520 1429
f 1619 1618 1519
f 1618 1429 1519
f 1620 1294 1327
f 1430 1620 1327
f 1520 1618 1621
f 1621 1523 1467
f 1523 1622 1467
f 1522 1523 1619
f 1569 1622 1523
f 1522 1619 1468
f 1571 1572 1432
f 1471 1473 1623
f 1472 1572 1571
f 1624 1572 1472
f 1624 1472 1573
f 1625 1435 1257
f 1257 1215 1625
f 1574 1436 1524
f 1576 1399 1525
f 1525 1574 1626
f 1399 1576 1329
f 1525 1626 1627
f 1576 1525 1627
f 1628 1477 1576
f 1628 1527 1477
f 1628 1629 1527
f 1526 1439 1438
f 1479 1439 1577
f 1529 1527 1629
f 1479 1577 1373
f 1629 1530 1529
f 1531 1485 1532
f 1337 1533 1262
f 1481 1581 1580
f 1480 1580 1630
f 1631 1480 1630
f 1631 1632 1480
f 1632 1633 1480
f 1632 1634 1633
f 1490 1586 1635
f 1588 1375 1535
f 1491 1488 1487
f 1441 1636 1539
f 1404 1636 1441
f 1493 1494 1406
f 1637 1442 1494
f 1592 1442 1637
f 1540 1343 1443
f 1407 1638 1443
f 1407 1442 1638
f 1592 1594 1446
f 1591 1541 1639
f 1445 1444 1640
f 1501 1380 1593
f 1545 1501 1232
f 1499 1381 1641
f 1501 1545 1411
f 1380 1346 1642
f 1642 1346 1643
f 1545 1544 1411
f 1411 1544 1312
f 1447 1643 1346
f 1644 1447 1312
f 1312 1447 1502
f 1448 1598 1645
f 1646 1647 1648
f 1600 1648 1647
f 1450 1448 1645
f 1381 1504 1649
f 1347 1650 1415
f 1650 1651 1415
f 1416 1505 1385
f 1386 1603 1506
f 1507 1652 1452
f 1204 1418 1549
f 1508 1653 1420
f 1551 1550 1654
f 1654 1606 1551
f 1555 1611 1610
f 1655 1387 1607
f 1655 1205 1387
f 1390 1656 1455
f 1390 1558 1656
f 1555 1609 1657
f 1657 1556 1555
f 1658 1659 1660
f 1661 1658 1660
f 1561 1356 1014
f 1361 1662 1287
f 1392 1391 1663
f 1663 1459 1392
f 1316 1664 1615
f 1459 1663 1457
f 1663 1564 1457
f 1564 1424 1457
f 1325 1324 1427
f 1564 1665 1459
f 1427 1666 1428
f 1091 1461 1667
f 1565 1091 1667
f 1565 1518 1291
f 1323 1462 1668
f 1460 1669 1462
f 1517 1396 1566
f 1326 1397 1465
f 1366 1394 1466
f 1521 1619 1519
f 1520 1670 1467
f 1618 1523 1621
f 1328 1467 1568
f 1619 1523 1618
f 1468 1571 1432
f 1571 1671 1473
f 1572 1470 1433
f 1672 1474 1471
f 1574 1673 1626
f 1575 1218 1674
f 1576 1627 1628
f 1218 1528 1674
f 1476 1577 1439
f 1531 1532 1675
f 1580 1581 1630
f 1630 1581 1676
f 1630 1676 1677
f 1532 1484 1678
f 1531 1678 1484
f 1480 1633 1679
f 1581 1480 1679
f 1631 1680 1677
f 1679 1677 1680
f 1677 1679 1630
f 1633 1630 1679
f 1630 1633 1631
f 1680 1631 1633
f 1681 1632 1631
f 1632 1681 1682
f 1634 1632 1683
f 1585 1584 1684
f 1583 1589 1685
f 1266 1535 1264
f 1491 1587 1488
f 1185 1338 1686
f 1636 1687 1539
f 1539 1688 1404
f 1376 1689 1538
f 1492 1689 1376
f 1592 1637 1594
f 1408 1690 1496
f 1638 1442 1691
f 1592 1691 1442
f 1344 1537 1542
f 1692 1542 1537
f 1498 1693 1408
f 1591 1495 1694
f 1640 1592 1445
f 1378 1496 1500
f 1640 1444 1695
f 1495 1499 1694
f 1444 1594 1695
f 1499 1641 1694
f 1642 1593 1380
f 1595 1597 1696
f 1543 1598 1274
f 1447 1644 1643
f 1379 1697 1410
f 1598 1698 1645
f 1544 1448 1699
f 1381 1649 1698
f 1600 1700 1648
f 1448 1701 1699
f 1448 1350 1702
f 1701 1448 1702
f 1703 1602 1701
f 1649 1504 1604
f 1701 1602 1451
f 1450 1701 1451
f 1282 1704 1449
f 1599 1601 1705
f 1550 1605 1706
f 1550 1706 1654
f 1707 1454 1553
f 1454 1707 1607
f 1708 1608 1509
f 1655 1553 1205
f 1611 1557 1709
f 1512 1710 1612
f 1422 1512 1612
f 1711 1660 1659
f 1557 1556 1657
f 1391 1712 1663
f 1357 1356 1713
f 1316 1357 1664
f 1559 1287 1662
f 1092 1614 919
f 1092 1423 1714
f 1318 1715 1514
f 1664 1456 1395
f 1393 1716 1516
f 1318 1515 1715
f 1664 1395 1615
f 1461 1462 1666
f 1717 1666 1462
f 1666 1717 1428
f 1668 1428 1717
f 1428 1668 1461
f 1462 1461 1668
f 1666 1667 1461
f 1562 1718 1719
f 1562 1458 1718
f 1717 1462 1669
f 1566 1464 1518
f 1566 1518 1720
f 1464 1566 1617
f 1517 1720 1616
f 1617 1616 1720
f 1616 1617 1566
f 1720 1517 1566
f 1670 1520 1721
f 1621 1721 1520
f 1466 1722 1430
f 1568 1723 1397
f 1294 1724 1521
f 1294 1620 1724
f 1568 1467 1622
f 1568 1622 1725
f 1469 1570 1569
f 1570 1470 1726
f 1727 1573 1474
f 1728 1435 1625
f 1215 1575 1729
f 1730 1627 1626
f 1476 1475 1577
f 1628 1731 1629
f 1676 1581 1679
f 1676 1732 1677
f 1676 1679 1732
f 1677 1681 1631
f 1632 1682 1683
f 1586 1587 1733
f 1586 1733 1635
f 1685 1684 1583
f 1583 1684 1584
f 1535 1734 1588
f 1490 1735 1491
f 1491 1735 1587
f 1686 1338 1534
f 1736 1590 1737
f 1492 1590 1736
f 1185 1686 1537
f 1590 1403 1738
f 1739 1494 1493
f 1494 1740 1637
f 1688 1636 1404
f 1638 1741 1443
f 1742 1500 1496
f 1498 1743 1744
f 1500 1743 1498
f 1543 1497 1745
f 1543 1745 1598
f 1641 1381 1698
f 1379 1542 1697
f 1746 1747 1748
f 1646 1648 1749
f 1544 1699 1750
f 1546 1650 1347
f 1700 1600 1751
f 1599 1751 1600
f 1702 1703 1701
f 1600 1647 1752
f 1413 1753 1414
f 1415 1704 1282
f 1752 1601 1600
f 1603 1602 1703
f 1508 1753 1549
f 1449 1704 1605
f 1753 1508 1414
f 1754 1755 1756
f 1757 1756 1755
f 1420 1653 1552
f 1758 1759 1609
f 1610 1758 1609
f 1608 1760 1510
f 1512 1455 1761
f 1554 1510 1760
f 1512 1761 1710
f 1759 1657 1609
f 1558 1612 1656
f 1564 1561 1560
f 1514 1762 1560
f 1393 1668 1716
f 1393 1323 1668
f 1763 1666 1427
f 1361 1360 1513
f 1458 1513 1718
f 1518 1565 1764
f 1720 1518 1765
f 1617 1720 1765
f 1670 1621 1467
f 1670 1766 1621
f 1724 1619 1521
f 1724 1767 1619
f 1725 1622 1569
f 1571 1468 1768
f 1571 1768 1671
f 1473 1671 1623
f 1623 1672 1471
f 1769 1624 1573
f 1435 1728 1524
f 1625 1215 1729
f 1524 1673 1574
f 1627 1731 1628
f 1528 1770 1674
f 1629 1731 1530
f 1401 1578 1528
f 1337 1530 1771
f 1675 1678 1531
f 1772 1678 1675
f 1773 1774 1772
f 1633 1634 1683
f 1684 1775 1585
f 1775 1776 1535
f 1734 1535 1776
f 1585 1775 1589
f 1266 1775 1535
f 1590 1777 1737
f 1735 1490 1635
f 1590 1738 1777
f 1403 1538 1738
f 1493 1540 1739
f 1594 1637 1778
f 1639 1778 1779
f 1408 1693 1690
f 1443 1780 1540
f 1593 1778 1639
f 1639 1541 1593
f 1742 1496 1690
f 1744 1693 1498
f 1638 1781 1741
f 1443 1596 1780
f 1443 1741 1596
f 1594 1593 1695
f 1741 1782 1596
f 1695 1593 1642
f 1782 1597 1596
f 1782 1696 1597
f 1598 1745 1698
f 1749 1642 1643
f 1643 1646 1749
f 1644 1312 1783
f 1312 1544 1784
f 1702 1750 1699
f 1505 1702 1350
f 1699 1785 1702
f 1702 1785 1703
f 1652 1413 1548
f 1701 1450 1785
f 1753 1413 1652
f 1652 1547 1452
f 1450 1786 1785
f 1415 1651 1704
f 1753 1604 1549
f 1416 1244 1453
f 1787 1788 1789
f 1756 1757 1790
f 1788 1610 1789
f 1418 1552 1653
f 1789 1610 1791
f 1758 1610 1788
f 1610 1611 1791
f 1792 1708 1509
f 1793 1607 1707
f 1509 1554 1792
f 1709 1557 1794
f 1557 1657 1794
f 1711 1795 1660
f 1659 1658 1661
f 1391 1559 1796
f 1561 1797 1798
f 1247 1246 1799
f 1564 1663 1797
f 1797 1561 1564
f 1361 1613 1662
f 1613 1358 1563
f 1667 1666 1800
f 1666 1763 1800
f 1514 1715 1801
f 1517 1802 1365
f 1715 1803 1801
f 1804 1803 1715
f 1515 1804 1715
f 1465 1804 1515
f 1567 1617 1765
f 1465 1805 1804
f 1397 1805 1465
f 1516 1466 1394
f 1725 1806 1568
f 1767 1468 1619
f 1767 1768 1468
f 1572 1726 1470
f 1807 1572 1624
f 1769 1807 1624
f 1474 1672 1808
f 1731 1627 1730
f 1809 1530 1731
f 1532 1678 1810
f 1675 1532 1810
f 1774 1678 1772
f 1680 1633 1683
f 1811 1440 1486
f 1776 1775 1684
f 1773 1684 1685
f 1812 1777 1813
f 1733 1587 1735
f 1777 1738 1813
f 1738 1814 1813
f 1815 1816 1737
f 1736 1737 1816
f 1266 1536 1775
f 1736 1689 1492
f 1539 1687 1817
f 1539 1817 1688
f 1637 1740 1818
f 1779 1778 1819
f 1819 1639 1779
f 1690 1693 1820
f 1594 1778 1593
f 1742 1743 1500
f 1696 1596 1595
f 1781 1782 1741
f 1747 1746 1821
f 1648 1700 1749
f 1750 1784 1544
f 1410 1697 1546
f 1412 1547 1548
f 1700 1751 1822
f 1823 1647 1646
f 1699 1701 1785
f 1547 1652 1548
f 1599 1705 1751
f 1824 1505 1416
f 1786 1450 1645
f 1651 1825 1704
f 1705 1601 1752
f 1651 1787 1825
f 1826 1652 1507
f 1506 1603 1827
f 1788 1787 1828
f 1418 1653 1549
f 1653 1508 1549
f 1754 1756 1790
f 1790 1757 1829
f 1791 1611 1706
f 1758 1830 1759
f 1655 1607 1793
f 1455 1656 1761
f 1711 1659 1831
f 1831 1659 1661
f 1661 1660 1795
f 1391 1796 1712
f 1561 1798 1356
f 1289 1247 1832
f 1092 1714 1614
f 1247 1833 1716
f 1801 1762 1514
f 1516 1716 1833
f 1763 1834 1667
f 1565 1667 1834
f 1718 1835 1719
f 1365 1802 1460
f 1765 1836 1517
f 1836 1765 1616
f 1518 1616 1765
f 1616 1518 1517
f 1805 1397 1837
f 1616 1567 1836
f 1397 1723 1837
f 1804 1838 1803
f 1723 1670 1721
f 1568 1806 1723
f 1430 1722 1620
f 1623 1839 1672
f 1726 1572 1807
f 1840 1726 1807
f 1726 1841 1570
f 1807 1842 1840
f 1769 1842 1807
f 1769 1843 1842
f 1573 1844 1769
f 1727 1844 1573
f 1474 1808 1727
f 1728 1673 1524
f 1845 1729 1575
f 1575 1674 1845
f 1809 1771 1530
f 1771 1846 1337
f 1579 1440 1811
f 1678 1847 1810
f 1675 1810 1772
f 1678 1774 1847
f 1772 1810 1847
f 1847 1776 1772
f 1682 1680 1683
f 1848 1682 1681
f 1773 1772 1684
f 1772 1776 1684
f 1733 1849 1635
f 1848 1812 1682
f 1777 1812 1850
f 1851 1733 1735
f 1737 1777 1852
f 1853 1816 1815
f 1739 1854 1494
f 1494 1854 1740
f 1738 1538 1855
f 1736 1856 1689
f 1736 1816 1856
f 1538 1689 1855
f 1857 1739 1540
f 1639 1536 1591
f 1858 1637 1818
f 1637 1858 1778
f 1592 1640 1691
f 1859 1591 1694
f 1596 1696 1780
f 1497 1591 1859
f 1698 1745 1641
f 1783 1643 1644
f 1643 1823 1646
f 1645 1698 1860
f 1698 1649 1861
f 1650 1546 1651
f 1824 1702 1505
f 1649 1604 1861
f 1546 1787 1651
f 1752 1751 1705
f 1753 1652 1826
f 1703 1862 1603
f 1603 1862 1827
f 1546 1828 1787
f 1825 1787 1789
f 1830 1788 1828
f 1789 1791 1825
f 1755 1754 1863
f 1706 1605 1791
f 1830 1758 1788
f 1606 1654 1864
f 1865 1792 1554
f 1554 1760 1865
f 1655 1866 1553
f 1611 1709 1867
f 1761 1709 1710
f 1711 1866 1868
f 1656 1612 1869
f 1710 1869 1612
f 1664 1357 1713
f 1289 1832 1870
f 1833 1247 1799
f 1247 1716 1832
f 1427 1289 1870
f 1459 1665 1423
f 1562 1719 1563
f 1717 1871 1668
f 1667 1669 1763
f 1871 1763 1669
f 1763 1871 1800
f 1717 1800 1871
f 1800 1717 1667
f 1669 1667 1717
f 1718 1513 1835
f 1669 1460 1802
f 1802 1872 1764
f 1518 1872 1517
f 1764 1872 1518
f 1836 1872 1802
f 1836 1802 1517
f 1517 1872 1765
f 1872 1836 1567
f 1765 1872 1567
f 1721 1621 1766
f 1670 1723 1766
f 1620 1722 1873
f 1874 1671 1875
f 1876 1875 1671
f 1874 1623 1671
f 1725 1569 1877
f 1570 1877 1569
f 1840 1842 1878
f 1843 1769 1879
f 1880 1844 1727
f 1881 1728 1625
f 1730 1882 1731
f 1528 1578 1883
f 1578 1579 1884
f 1732 1679 1680
f 1885 1732 1680
f 1677 1732 1681
f 1774 1886 1847
f 1812 1848 1850
f 1851 1849 1733
f 1486 1588 1734
f 1737 1852 1887
f 1815 1737 1888
f 1855 1889 1738
f 1854 1890 1740
f 1686 1891 1537
f 1739 1816 1853
f 1739 1853 1854
f 1739 1857 1816
f 1636 1688 1687
f 1639 1892 1536
f 1540 1780 1893
f 1858 1894 1778
f 1895 1691 1640
f 1895 1640 1695
f 1743 1742 1896
f 1695 1642 1897
f 1696 1782 1898
f 1642 1749 1897
f 1542 1899 1697
f 1900 1901 1902
f 1643 1783 1823
f 1903 1546 1697
f 1647 1904 1752
f 1647 1823 1904
f 1751 1752 1822
f 1822 1752 1904
f 1785 1862 1703
f 1604 1753 1905
f 1416 1453 1824
f 1826 1507 1906
f 1825 1605 1704
f 1906 1507 1606
f 1605 1825 1791
f 1907 1754 1790
f 1790 1829 1907
f 1706 1611 1867
f 1707 1553 1908
f 1761 1867 1709
f 1866 1655 1868
f 1868 1655 1793
f 1866 1711 1831
f 1709 1869 1710
f 1711 1868 1795
f 1661 1795 1831
f 1909 1910 1911
f 1356 1798 1713
f 1246 1245 1912
f 1246 1912 1799
f 1832 1833 1799
f 1832 1913 1833
f 1716 1913 1832
f 1560 1665 1564
f 1716 1668 1913
f 1360 1914 1513
f 1915 1516 1833
f 1916 1837 1917
f 1723 1917 1837
f 1721 1917 1723
f 1918 1803 1838
f 1918 1838 1804
f 1766 1723 1806
f 1620 1873 1724
f 1767 1724 1919
f 1768 1767 1876
f 1768 1876 1671
f 1841 1877 1570
f 1769 1844 1879
f 1727 1808 1880
f 1881 1625 1729
f 1673 1920 1626
f 1626 1920 1730
f 1921 1922 1923
f 1924 1337 1846
f 1337 1924 1533
f 1732 1925 1681
f 1848 1681 1925
f 1847 1926 1776
f 1849 1927 1635
f 1848 1928 1850
f 1929 1930 1931
f 1850 1852 1777
f 1737 1887 1888
f 1589 1775 1685
f 1814 1738 1889
f 1853 1815 1888
f 1892 1775 1536
f 1816 1857 1856
f 1856 1932 1689
f 1687 1688 1933
f 1858 1818 1740
f 1892 1819 1934
f 1892 1639 1819
f 1857 1540 1893
f 1934 1819 1778
f 1820 1935 1690
f 1936 1742 1690
f 1898 1780 1696
f 1692 1899 1542
f 1859 1694 1641
f 1745 1497 1859
f 1641 1745 1859
f 1746 1937 1821
f 1938 1746 1748
f 1747 1821 1938
f 1938 1748 1747
f 1749 1700 1822
f 1698 1861 1860
f 1860 1786 1645
f 1903 1828 1546
f 1906 1606 1864
f 1755 1863 1939
f 1708 1940 1608
f 1866 1908 1553
f 1709 1794 1941
f 1795 1868 1942
f 1910 1943 1911
f 1944 1797 1663
f 1665 1945 1423
f 1427 1870 1763
f 1614 1914 1360
f 1763 1946 1834
f 1719 1835 1947
f 1764 1565 1834
f 1802 1834 1669
f 1764 1834 1802
f 1918 1948 1803
f 1804 1805 1918
f 1721 1766 1949
f 1950 1919 1724
f 1724 1873 1950
f 1919 1876 1767
f 1672 1839 1808
f 1726 1840 1841
f 1840 1878 1951
f 1842 1952 1878
f 1953 1952 1842
f 1953 1842 1843
f 1728 1881 1673
f 1729 1845 1954
f 1673 1955 1920
f 1882 1809 1731
f 1528 1883 1770
f 1883 1578 1884
f 1846 1956 1924
f 1957 1923 1922
f 1848 1925 1928
f 1926 1847 1886
f 1926 1958 1776
f 1776 1958 1734
f 1959 1811 1486
f 1533 1960 1534
f 1961 1930 1929
f 1635 1927 1735
f 1735 1927 1851
f 1854 1853 1888
f 1962 1687 1933
f 1858 1740 1890
f 1687 1962 1817
f 1688 1963 1933
f 1778 1894 1934
f 1964 1963 1688
f 1965 1963 1966
f 1690 1935 1967
f 1690 1967 1936
f 1638 1968 1781
f 1899 1692 1969
f 1897 1895 1695
f 1744 1743 1896
f 1782 1970 1898
f 1970 1782 1781
f 1821 1937 1971
f 1749 1972 1897
f 1783 1312 1784
f 1750 1702 1973
f 1702 1824 1973
f 1863 1974 1975
f 1863 1975 1976
f 1977 1976 1978
f 1974 1863 1754
f 1974 1754 1907
f 1977 1979 1980
f 1976 1939 1863
f 1977 1980 1976
f 1757 1755 1939
f 1981 1982 1983
f 1706 1864 1654
f 1983 1984 1985
f 1708 1792 1981
f 1792 1982 1981
f 1707 1986 1793
f 1759 1987 1657
f 1869 1761 1656
f 1795 1942 1831
f 1909 1911 1988
f 1245 1989 1912
f 1870 1832 1990
f 1945 1714 1423
f 1991 1797 1944
f 1917 1992 1916
f 1668 1871 1993
f 1762 1801 1994
f 1995 1871 1669
f 1834 1995 1669
f 1948 1801 1803
f 1516 1915 1996
f 1516 1996 1466
f 1997 1949 1766
f 1766 1998 1997
f 1766 1806 1998
f 1999 1623 1874
f 1841 1840 1951
f 1879 2000 1843
f 1673 1881 1955
f 1770 2001 1674
f 1770 1883 2001
f 2002 1956 2003
f 1956 1846 2004
f 1957 1921 1923
f 1957 1922 2005
f 1851 2006 1849
f 1774 1773 1886
f 2006 1927 1849
f 2007 1961 2008
f 2009 1850 1928
f 2009 1928 1887
f 1931 2010 1929
f 1961 1929 2008
f 2011 1961 2007
f 2007 2012 2011
f 1852 2009 1887
f 1961 2013 1930
f 2014 1889 1852
f 1686 1534 1960
f 1686 1960 1891
f 1814 1889 2015
f 1858 1890 2016
f 1855 2017 1889
f 1962 2018 1817
f 1689 1932 1855
f 1963 1965 2019
f 1933 1963 2019
f 1964 1688 1817
f 1857 1893 2020
f 1537 2021 1692
f 1638 1691 1968
f 1691 1895 1968
f 1895 1897 1968
f 1781 1968 2022
f 2023 1744 1896
f 2022 1970 1781
f 2024 1896 1742
f 1938 1937 1746
f 1897 1972 2022
f 1821 1971 1938
f 1902 1901 2025
f 1750 1973 1784
f 1749 1822 1972
f 1861 2026 1860
f 1904 1823 2027
f 1905 1861 1604
f 1903 2028 1828
f 1905 1753 1826
f 2029 2030 2031
f 1786 1975 1785
f 1978 1975 1786
f 1824 1453 2032
f 2033 2034 2035
f 1976 1975 1978
f 1979 1977 1978
f 1453 1506 2032
f 2036 1708 1981
f 1708 2036 1940
f 2037 2038 1707
f 1908 2037 1707
f 1792 1865 1982
f 1940 1760 1608
f 1707 2039 1986
f 1793 1986 2040
f 1868 1793 2040
f 1941 1869 1709
f 1911 1943 1988
f 2041 2042 2043
f 1664 2044 1456
f 1560 2045 1665
f 1992 2046 1916
f 1946 1763 1870
f 1719 1947 1563
f 1913 1915 1833
f 1995 1834 1946
f 1913 2047 1915
f 1995 2048 1871
f 1801 1948 1994
f 1918 1805 2049
f 1996 1722 1466
f 2050 1806 1725
f 1725 2051 2050
f 1876 1874 1875
f 1877 2051 1725
f 1623 1999 2052
f 1839 1623 2052
f 1841 2053 1877
f 1843 2000 1953
f 1845 2054 1954
f 1920 1955 2054
f 1730 1920 1882
f 2003 1956 2004
f 1809 2004 1771
f 1771 2004 1846
f 1884 1579 2055
f 1924 1956 2056
f 2057 1921 1957
f 1921 2058 1922
f 2058 2005 1922
f 2059 1887 1928
f 2010 2008 1929
f 1850 2009 2060
f 2012 2007 2061
f 1812 1813 2012
f 2060 1812 2012
f 1852 1850 2060
f 2062 1888 1887
f 2016 1851 1927
f 2013 1931 1930
f 1889 2014 2015
f 1854 1888 2063
f 2063 1890 1854
f 1851 2016 1890
f 1889 2017 1852
f 2064 1775 1892
f 2021 1537 1891
f 2018 1964 1817
f 1935 1855 1967
f 1855 1932 1967
f 1963 2065 2066
f 1692 2021 1969
f 1820 1693 2067
f 1893 1780 2068
f 1898 2068 1780
f 1693 1744 2023
f 1936 2024 1742
f 2069 2024 1936
f 1897 2022 1968
f 1937 2070 1971
f 1902 2024 1900
f 1900 2024 2069
f 1823 1783 2027
f 1783 1784 2071
f 1905 2026 1861
f 1786 1860 2072
f 1904 2073 1822
f 2074 2075 2076
f 2075 2074 2077
f 1785 1975 1862
f 1827 1862 2078
f 1862 1975 1974
f 1906 2079 1826
f 2033 2035 2073
f 2078 2080 1827
f 2081 1827 2080
f 1827 2081 2082
f 2083 2082 2081
f 1862 2081 2080
f 1862 1974 2081
f 2081 1974 2083
f 1974 2080 2083
f 2084 2032 1827
f 1907 2080 1974
f 1827 2032 1506
f 1906 1864 2085
f 1981 1983 2034
f 2086 1829 1757
f 1939 2086 1757
f 2086 1907 1829
f 1983 1982 1984
f 2087 1706 1867
f 2088 1986 2039
f 2089 1986 2088
f 1866 1831 2090
f 2089 2091 1986
f 1987 1794 1657
f 2089 2092 2091
f 2092 2089 2093
f 2041 2094 2042
f 1988 2092 1909
f 1664 1713 2044
f 1456 2044 1245
f 1663 1712 1944
f 1563 2095 1613
f 1662 1613 2095
f 1614 1714 2096
f 1762 2045 1560
f 2097 1916 2046
f 1916 2098 1837
f 1871 2048 1993
f 2099 1835 1513
f 2098 1805 1837
f 2100 1805 2098
f 1948 1918 2049
f 1873 2101 1950
f 1949 1997 2102
f 1880 2103 1844
f 1878 2104 1951
f 1729 1954 1881
f 1954 2054 1881
f 1955 1881 2054
f 1674 2105 1845
f 1920 2054 2106
f 1674 2001 2105
f 2056 1956 2002
f 1924 2107 1533
f 1680 1682 2108
f 1682 2060 2108
f 1886 1773 2016
f 1926 1886 2016
f 2007 2008 2109
f 1682 1812 2060
f 1811 1959 2110
f 2006 2016 1927
f 1773 2111 2016
f 2111 1773 1685
f 2014 1852 2060
f 1852 2112 2009
f 1813 1814 2012
f 2063 1888 2062
f 2012 1814 2015
f 2113 2016 2111
f 2064 1685 1775
f 2017 2114 1852
f 2115 2116 1962
f 2113 1934 1858
f 2016 2113 1858
f 1962 1933 2115
f 2115 1933 2019
f 1820 1855 1935
f 1858 1934 1894
f 1963 1964 2065
f 2066 1965 1966
f 2066 1966 1963
f 2117 1893 2068
f 1967 2118 1936
f 2023 2067 1693
f 1899 1969 2119
f 2023 1896 2120
f 2120 1896 2024
f 1936 2121 2069
f 1970 2068 1898
f 2122 1899 2119
f 1902 2025 2024
f 1903 1697 1899
f 1901 1900 2025
f 2027 1783 2123
f 1783 2071 2123
f 1784 1973 2071
f 1860 2026 2124
f 2125 1972 1822
f 2126 1973 1824
f 2073 2125 1822
f 2127 2031 2030
f 1786 2072 1978
f 2073 2128 2033
f 1979 1978 2072
f 2077 2129 2075
f 1862 2130 2078
f 2075 2129 2131
f 2033 2128 2132
f 2034 2033 2132
f 2082 2084 1827
f 2080 2082 2083
f 2082 2080 2078
f 2130 1862 2080
f 2131 2076 2075
f 1907 2086 2080
f 1939 1976 2133
f 2133 1976 1980
f 1864 2134 2085
f 1983 1985 2135
f 2135 2034 1983
f 2134 1864 1706
f 1984 1982 1985
f 2038 2039 1707
f 2089 2088 2136
f 1867 2137 2087
f 1866 2090 1908
f 2091 2040 1986
f 1867 1761 2137
f 2040 1942 1868
f 2092 1988 2091
f 2092 2138 1909
f 1943 1909 2138
f 1943 1910 1909
f 1662 2139 1559
f 1832 1799 1990
f 1797 1991 1798
f 1563 2140 2095
f 1614 2096 1914
f 2141 1668 1993
f 1870 2142 1946
f 1916 2097 2098
f 2143 2144 2145
f 2144 2146 2145
f 1913 2147 2047
f 2148 2143 2145
f 2046 1992 2149
f 1992 1917 2149
f 1917 1721 2150
f 1721 1949 2150
f 2100 1948 2049
f 2100 2049 1805
f 2151 1949 2102
f 1950 2152 1919
f 1919 2153 1876
f 1844 2103 1879
f 2154 1952 1953
f 2054 1845 2155
f 2155 2106 2054
f 1920 2003 1882
f 1920 2106 2003
f 2156 1883 1884
f 1882 2004 1809
f 1884 2157 2158
f 2058 2159 2005
f 1928 1925 2160
f 2108 1885 1680
f 2160 2059 1928
f 1887 2059 2161
f 2162 2109 2008
f 2007 2109 2061
f 2162 2008 2010
f 2160 2009 2163
f 1959 1486 1734
f 2164 2062 1887
f 1961 2011 2013
f 1685 2064 2111
f 2116 2013 2011
f 1852 2114 2165
f 1852 2165 2112
f 1891 2166 2021
f 1962 2167 2018
f 2114 2017 2168
f 1932 1856 2169
f 1934 2170 1892
f 2066 2019 1965
f 2017 1855 1820
f 1932 2020 1967
f 1936 2118 2121
f 1903 1899 2122
f 2171 2172 1972
f 2031 2127 2125
f 2125 2171 1972
f 1860 2124 2072
f 2173 2031 2125
f 1904 2027 2174
f 2125 2073 2173
f 2174 2073 1904
f 2031 2173 2029
f 1826 2175 1905
f 1824 2176 2126
f 1824 2032 2084
f 2082 2078 2084
f 2073 2035 2177
f 2080 2086 2130
f 2178 1980 1979
f 1939 2133 2086
f 2135 2035 2034
f 2034 2132 1981
f 1981 2132 2036
f 2134 1706 2087
f 2179 2180 2181
f 2039 2182 2088
f 2093 2089 2136
f 2094 2183 2042
f 1831 1942 2090
f 1988 2093 2091
f 2093 1988 2138
f 2184 2041 2043
f 2138 2092 2093
f 2042 2184 2043
f 1988 1943 2138
f 2185 2097 2046
f 2186 2187 2188
f 1668 2147 1913
f 1665 2189 2190
f 1513 2191 2099
f 1994 2192 1762
f 2146 2144 2193
f 2186 2151 2148
f 1948 2100 1994
f 1917 2194 2149
f 1917 2150 2194
f 2195 1996 1915
f 1873 1722 2101
f 2101 1722 1996
f 1998 1806 2196
f 1806 2050 2196
f 1999 1874 1876
f 2197 1808 1839
f 1808 2197 1880
f 2103 2198 1879
f 1878 1952 2199
f 1952 2154 2199
f 1845 2105 2200
f 1845 2200 2155
f 2105 2001 2156
f 2001 1883 2156
f 1882 2003 2004
f 2158 2156 1884
f 2003 2106 2002
f 2201 2202 2203
f 1921 2057 2058
f 1811 2055 1579
f 1732 1885 1925
f 2204 2006 2205
f 1887 2161 2164
f 1734 1958 1959
f 2163 2009 2112
f 2205 2006 1851
f 2206 2207 2208
f 1890 2209 1851
f 2013 2010 1931
f 2011 2210 2116
f 2211 2210 2011
f 2012 2211 2011
f 2209 1890 2063
f 2013 2116 2115
f 2212 2210 2013
f 2212 2116 2210
f 2116 2212 1962
f 2167 1962 2212
f 2168 2015 2114
f 2170 1934 2113
f 2213 1932 2165
f 2165 1932 2169
f 2169 1856 1857
f 1857 2214 2169
f 2214 1857 2020
f 1893 2117 2020
f 2215 1820 2067
f 2020 2216 1967
f 2067 2023 2120
f 1970 2117 2068
f 2070 1937 2217
f 2218 2123 2219
f 2172 2022 1972
f 2220 2123 2071
f 2220 2071 1973
f 2123 2218 2126
f 2171 2125 2221
f 2027 2123 2126
f 2124 2222 2072
f 2030 2223 2127
f 2224 2173 2073
f 2029 2223 2030
f 2072 2222 1979
f 2225 2077 2226
f 2079 2175 1826
f 2077 2225 2129
f 2227 2228 2176
f 1824 2084 2176
f 2085 2134 2229
f 2133 2130 2086
f 2177 2035 2135
f 2135 1985 2230
f 2036 2231 1940
f 2230 1985 1982
f 2232 2134 2087
f 2233 2037 1908
f 2180 2179 2234
f 1760 1940 2235
f 2236 2237 2238
f 2180 2234 2181
f 2239 2240 1941
f 2241 2183 2094
f 2242 2093 2136
f 1941 2240 1869
f 2091 2093 2242
f 2094 2041 2184
f 2183 2184 2042
f 1761 1869 2137
f 2137 1869 2240
f 2243 2244 2245
f 2246 2243 2245
f 2247 2244 2243
f 1559 2139 1796
f 1799 1912 1990
f 2095 2248 1662
f 1870 1990 2142
f 1714 1945 2249
f 1665 2190 1945
f 2142 2250 1946
f 1946 2048 2251
f 1762 2192 2045
f 1995 2252 2251
f 2253 2251 2252
f 2251 2253 1946
f 1993 1946 2253
f 1946 1993 1995
f 2252 1995 1993
f 2251 2048 1995
f 2185 2046 2149
f 2186 2148 2187
f 1993 2048 2252
f 1835 2099 2254
f 2186 2188 2151
f 2143 2148 2255
f 2255 2148 2151
f 2047 2195 1915
f 2150 1949 2151
f 2196 2194 1998
f 1996 2256 2101
f 1998 2194 2150
f 2152 2153 1919
f 1999 1876 2257
f 1876 2153 2257
f 1841 2258 2053
f 1841 1951 2258
f 1951 2104 2258
f 2104 1878 2259
f 2259 1878 2199
f 1953 2260 2154
f 2200 2261 2155
f 2155 2261 2106
f 2105 2156 2200
f 2262 2158 2157
f 2263 2262 2157
f 2157 1884 2055
f 2201 2203 2264
f 2005 2057 1957
f 2059 2265 2266
f 2161 2059 2266
f 2205 2267 2204
f 1811 2110 2268
f 2108 2009 2269
f 2160 2269 2009
f 2163 2265 2160
f 2108 2060 2009
f 2060 2012 2270
f 2060 2270 2163
f 2006 2271 2016
f 1533 2107 1960
f 2206 2272 2207
f 2060 2163 2014
f 2205 1851 2209
f 2013 2162 2010
f 2013 2210 2162
f 2012 2015 2211
f 2014 2163 2273
f 1960 2166 1891
f 2115 2212 2013
f 2273 2114 2015
f 2273 2165 2114
f 2112 2063 2062
f 2167 2212 2274
f 2015 2167 2211
f 2015 2168 2167
f 2167 2275 2018
f 2064 1892 2113
f 1892 2170 2113
f 2276 2115 2019
f 1964 2018 2277
f 2065 2276 2019
f 2065 2019 2066
f 1932 2213 2214
f 1964 2277 2065
f 2017 1820 2215
f 2020 1932 2214
f 2278 2117 2279
f 1970 2279 2117
f 2280 2281 2282
f 2120 2024 2283
f 2283 2121 2118
f 2284 2279 1970
f 2280 2172 2281
f 2022 2284 1970
f 2022 2172 2284
f 2281 2218 2282
f 2285 2217 1938
f 2217 1937 1938
f 1938 1971 2285
f 2286 2287 2069
f 2069 2288 2286
f 2218 2281 2172
f 2220 2219 2123
f 1900 2069 2287
f 2127 2221 2125
f 1905 2289 2124
f 1905 2124 2026
f 2222 2124 2289
f 2073 2174 2128
f 2174 2228 2128
f 2224 2073 2177
f 2074 2076 2131
f 2078 2290 2084
f 1828 2291 1830
f 1906 2085 2079
f 2227 2036 2132
f 2130 2133 2292
f 2036 2227 2231
f 1980 2293 2133
f 2294 2179 2181
f 2230 1982 1865
f 2232 2087 2239
f 2088 2182 2295
f 2238 2237 2296
f 1760 2235 1865
f 2137 2239 2087
f 2297 1941 1794
f 1662 2248 2139
f 1798 1991 2298
f 2096 2299 1914
f 2045 2189 1665
f 1668 2141 2147
f 1914 2300 1513
f 2048 2250 2252
f 2048 1946 2250
f 1563 1947 2254
f 1563 2254 2140
f 2146 2148 2145
f 2301 2146 2193
f 1947 1835 2254
f 2149 2194 2185
f 2100 2302 1994
f 2101 2303 1950
f 2255 2151 2102
f 2152 1950 2303
f 2195 2256 1996
f 2052 1999 2257
f 2051 1877 2304
f 2305 2104 2306
f 2104 2259 2306
f 2156 2158 2200
f 2200 2158 2261
f 2106 2262 2002
f 2262 2263 2002
f 2203 2202 2307
f 2201 2264 2202
f 2308 2058 2057
f 2005 2309 2057
f 2308 2159 2058
f 2269 1925 1885
f 2269 2160 1925
f 2108 2269 1885
f 2160 2265 2059
f 2161 2267 2205
f 2270 2012 2061
f 1959 1958 2110
f 2207 2272 2208
f 2163 2112 2273
f 2210 2310 2162
f 2014 2273 2015
f 2212 2115 2311
f 2211 2167 2274
f 2111 2064 2113
f 2168 2275 2167
f 2063 2112 2312
f 2275 2168 2017
f 2017 2313 2275
f 2312 2165 2169
f 2213 2313 2017
f 2169 2214 2312
f 2276 2065 2277
f 2017 2215 2213
f 2020 2117 2216
f 1967 2216 2118
f 2279 2280 2278
f 2278 2280 2282
f 2217 2314 2070
f 2215 2283 2118
f 2283 2287 2121
f 2172 2280 2284
f 2315 1971 2070
f 2024 2025 2283
f 2121 2288 2069
f 2218 2219 2282
f 1971 2316 2285
f 2317 2288 2318
f 2218 2319 2320
f 2286 2121 2287
f 2317 2286 2288
f 1903 2122 2028
f 2127 2223 2221
f 2218 2320 2126
f 2220 1973 2320
f 2126 2174 2027
f 1973 2126 2320
f 2176 2228 2126
f 1905 2175 2289
f 2321 2077 2074
f 2074 2131 2321
f 2322 2128 2228
f 2322 2228 2227
f 2178 1979 2222
f 2227 2176 2323
f 2227 2323 2231
f 2177 2135 2324
f 2133 2293 2292
f 1980 2325 2293
f 1830 2326 1759
f 2230 2132 2135
f 2327 2038 2037
f 2327 2039 2038
f 2328 2329 2330
f 2039 2327 2182
f 2230 1865 2331
f 2179 2332 2234
f 2239 2297 2232
f 2238 2296 2333
f 2238 2334 2236
f 2088 2295 2136
f 2239 1941 2297
f 1908 2090 2233
f 2241 2094 2335
f 2233 2040 2336
f 1942 2040 2090
f 2094 2184 2337
f 2240 2239 2137
f 2336 2040 2338
f 2246 2245 2339
f 2340 2246 2339
f 2246 2247 2243
f 2247 2246 2340
f 2341 2342 2343
f 1989 1245 2044
f 2097 2185 2344
f 2096 2139 2299
f 2096 2345 2139
f 2096 1714 2345
f 2097 2344 2098
f 2191 1513 2300
f 2302 2100 2098
f 2188 2187 2151
f 2144 2143 2346
f 2193 2346 2347
f 2193 2144 2346
f 2151 2187 2348
f 2151 2348 2150
f 2255 2349 2143
f 2150 2348 1998
f 1998 2348 1997
f 2102 1997 2348
f 1877 2053 2304
f 2104 2305 2258
f 1879 2198 2000
f 2261 2158 2262
f 2106 2261 2262
f 2263 2157 2055
f 2264 2203 2350
f 2350 2351 2264
f 2057 2309 2352
f 2353 2354 2355
f 2356 2353 2355
f 2107 1924 2357
f 1958 1926 2358
f 2061 2109 2359
f 2206 2360 2272
f 2361 2162 2310
f 2208 2362 2206
f 2312 2209 2063
f 2212 2311 2274
f 2312 2112 2165
f 2021 2166 2363
f 2312 2214 2364
f 2021 2363 1969
f 2365 2215 2366
f 2215 2118 2366
f 2216 2367 2118
f 2315 2368 2120
f 2120 2368 2067
f 2368 2369 2067
f 2215 2067 2369
f 2278 2282 2370
f 2282 2319 2370
f 2315 2070 2314
f 2120 2371 2315
f 2120 2369 2371
f 2120 2283 2369
f 2215 2369 2283
f 2370 2280 2279
f 2318 2288 2372
f 2279 2284 2373
f 2121 2374 2288
f 2374 2372 2288
f 2315 2316 1971
f 2371 2316 2315
f 2283 2025 2287
f 2375 2284 2280
f 2282 2320 2319
f 2282 2219 2320
f 2218 2375 2319
f 2121 2286 2376
f 2218 2172 2375
f 2286 2317 2376
f 2219 2220 2320
f 2226 2377 2378
f 2126 2228 2174
f 2377 2077 2321
f 2226 2077 2377
f 2224 2379 2173
f 2028 2291 1828
f 2226 2380 2225
f 2173 2379 2029
f 2381 2078 2130
f 2130 2292 2382
f 2229 2079 2085
f 2229 2134 2232
f 2078 2381 2290
f 2132 2128 2383
f 2324 2135 2132
f 2178 2325 1980
f 2384 2292 2293
f 2132 2230 2385
f 1940 2231 2235
f 2386 2294 2181
f 2329 2387 2330
f 2236 2334 2388
f 1865 2235 2331
f 2389 2241 2335
f 2236 2390 2237
f 2337 2335 2094
f 2090 2040 2233
f 2241 2391 2183
f 2040 2091 2338
f 2337 2184 2183
f 2342 2341 2392
f 1713 1798 2393
f 2139 2345 1796
f 2142 1990 2394
f 2299 2395 1914
f 1945 2190 2249
f 2190 2189 2249
f 2147 2396 2047
f 2045 2192 2397
f 2398 2185 2399
f 2148 2146 2400
f 2047 2396 2401
f 2397 2192 2302
f 2187 2148 2400
f 2192 1994 2302
f 2185 2194 2399
f 2047 2401 2195
f 2143 2349 2346
f 2152 2303 2402
f 2153 2152 2402
f 2153 2403 2257
f 2404 2052 2257
f 1880 2197 2405
f 2406 2352 2407
f 2002 2263 2056
f 2203 2307 2350
f 2408 2202 2264
f 2308 2057 2352
f 2354 2409 2355
f 2355 2410 2356
f 2159 2411 2005
f 2411 2159 2412
f 2308 2412 2159
f 1811 2413 2055
f 1811 2268 2413
f 2414 2356 2410
f 2415 2353 2356
f 2267 2416 2204
f 2271 2006 2204
f 2359 2417 2418
f 2418 2419 2359
f 2359 2109 2417
f 2359 2419 2420
f 2359 2420 2061
f 2271 1926 2016
f 2162 2417 2109
f 2162 2361 2417
f 2061 2421 2270
f 2166 1960 2107
f 2422 2362 2208
f 2211 2310 2210
f 2164 2423 2062
f 2310 2211 2274
f 2423 2112 2062
f 2115 2276 2424
f 2425 2165 2273
f 2426 2018 2275
f 2426 2277 2018
f 2313 2213 2165
f 2427 2214 2213
f 2213 2215 2365
f 2117 2428 2216
f 2119 1969 2429
f 2368 2315 2314
f 2369 2368 2430
f 2431 2217 2285
f 2314 2217 2431
f 2280 2370 2319
f 2280 2319 2375
f 2284 2375 2373
f 2121 2376 2374
f 2025 1900 2287
f 2171 2375 2172
f 2224 2177 2379
f 2130 2432 2381
f 2222 2433 2434
f 2129 2321 2131
f 2176 2435 2323
f 2079 2229 2436
f 2225 2380 2129
f 2084 2290 2176
f 2222 2434 2178
f 2290 2437 2176
f 2322 2227 2132
f 1830 2291 2326
f 2438 2439 2440
f 2438 2440 2441
f 2442 2443 2327
f 2444 2327 2443
f 1759 2326 1987
f 2438 2328 2439
f 2182 2327 2444
f 2294 2332 2179
f 2328 2438 2329
f 2334 2238 2333
f 2388 2334 2330
f 2388 2330 2387
f 2329 2438 2387
f 2388 2390 2236
f 2390 2388 2445
f 2183 2391 2337
f 2091 2242 2338
f 2339 2245 2446
f 2339 2446 2340
f 2447 2392 2341
f 2247 2340 2448
f 2446 2247 2448
f 2449 2450 2451
f 2452 2453 2343
f 2342 2454 2343
f 1713 2393 2455
f 2248 2095 2456
f 2139 2248 2299
f 2185 2457 2344
f 1914 2395 2300
f 1712 2458 1944
f 2185 2398 2457
f 2141 2459 2147
f 2252 2460 2253
f 2254 2099 2140
f 2191 2140 2099
f 2187 2400 2461
f 2098 2397 2302
f 2193 2462 2301
f 2193 2347 2462
f 2194 2196 2399
f 2101 2256 2303
f 2463 2053 2258
f 1880 2405 2103
f 2406 2407 2464
f 2406 2308 2352
f 2465 2466 2355
f 2056 2357 1924
f 2465 2355 2409
f 2466 2410 2355
f 2415 2356 2414
f 2107 2357 2467
f 2468 2266 2267
f 2267 2161 2468
f 2161 2469 2468
f 2469 2161 2470
f 2470 2161 2266
f 2471 2414 2417
f 2166 2107 2467
f 2420 2472 2418
f 2471 2418 2472
f 2418 2471 2419
f 2417 2419 2471
f 2419 2417 2420
f 2472 2420 2417
f 2061 2420 2418
f 2421 2061 2418
f 2270 2473 2163
f 2265 2163 2473
f 2474 1926 2271
f 2417 2361 2472
f 2110 2475 2268
f 2164 2161 2209
f 2161 2205 2209
f 2166 2476 2363
f 2115 2424 2311
f 2423 2273 2112
f 2209 2312 2423
f 2276 2477 2424
f 2274 2311 2275
f 2275 2313 2274
f 2365 2427 2213
f 2214 2427 2364
f 2363 2429 1969
f 2118 2367 2366
f 2372 2367 2216
f 2278 2370 2478
f 2479 2369 2430
f 2367 2372 2374
f 2373 2478 2370
f 2370 2279 2373
f 2285 2316 2480
f 2373 2375 2171
f 2317 2481 2376
f 2223 2482 2221
f 2226 2378 2380
f 2289 2483 2222
f 2436 2229 2484
f 2433 2222 2483
f 2485 2223 2029
f 2029 2379 2485
f 2484 2229 2232
f 2079 2486 2487
f 2436 2486 2079
f 2488 2129 2380
f 2177 2324 2379
f 2292 2489 2382
f 2324 2132 2383
f 2132 2385 2322
f 2442 2437 2290
f 2290 2490 2442
f 2444 2384 2182
f 2037 2491 2327
f 2384 2295 2182
f 2294 2492 2332
f 2493 2391 2389
f 1987 2326 2494
f 2330 2334 2445
f 2334 2333 2445
f 2037 2233 2491
f 2181 2234 2386
f 2391 2241 2389
f 1794 1987 2494
f 2387 2495 2388
f 2388 2495 2445
f 2494 2297 1794
f 2237 2390 2296
f 2496 2497 2498
f 2247 2245 2244
f 2446 2245 2247
f 2450 2449 2499
f 2499 2500 2450
f 2450 2500 2451
f 2447 2343 2453
f 2447 2341 2343
f 2448 2501 2446
f 2448 2502 2501
f 2503 2343 2454
f 2504 2505 2506
f 2503 2452 2343
f 2452 2503 2507
f 2044 2508 1989
f 2142 2394 2509
f 2250 2142 2509
f 2510 2095 2140
f 2345 1714 2511
f 2344 2397 2098
f 2147 2459 2396
f 2141 1993 2253
f 2250 2460 2252
f 2146 2301 2400
f 2187 2461 2512
f 2303 2462 2402
f 2462 2347 2402
f 2399 2196 2513
f 2346 2349 2347
f 2102 2349 2255
f 2348 2349 2102
f 2257 2403 2404
f 2052 2197 1839
f 2260 1953 2000
f 2154 2514 2199
f 2154 2260 2515
f 2407 2352 2516
f 2464 2517 2406
f 2202 2408 2307
f 2351 2518 2264
f 2352 2309 2519
f 2309 2520 2519
f 2309 2005 2520
f 2520 2005 2411
f 2466 2521 2410
f 2412 2308 2522
f 2267 2412 2522
f 2522 2416 2267
f 2470 2204 2416
f 2267 2266 2265
f 2523 2204 2470
f 2417 2414 2418
f 2524 2470 2468
f 2470 2266 2468
f 2271 2204 2523
f 2472 2414 2471
f 2474 2358 1926
f 1958 2358 2110
f 2360 2206 2362
f 2361 2310 2525
f 2423 2164 2209
f 2525 2311 2424
f 2311 2525 2310
f 2526 2311 2310
f 2274 2526 2310
f 2273 2423 2527
f 2476 2528 2363
f 2274 2529 2526
f 2274 2313 2529
f 2165 2425 2313
f 2363 2528 2429
f 2278 2428 2117
f 2278 2478 2428
f 2372 2216 2428
f 2372 2530 2318
f 2371 2480 2316
f 2371 2531 2480
f 2318 2481 2317
f 2481 2318 2532
f 2380 2378 2533
f 2483 2289 2534
f 2482 2223 2535
f 2289 2175 2534
f 2175 2079 2536
f 2537 2488 2380
f 2383 2538 2379
f 2322 2383 2128
f 2435 2176 2437
f 2379 2324 2383
f 2381 2490 2290
f 2539 2489 2292
f 2178 2434 2540
f 2079 2487 2541
f 2440 2439 2488
f 2488 2542 2440
f 2543 2443 2442
f 2544 2437 2442
f 2178 2540 2325
f 2487 2492 2541
f 2440 2542 2441
f 2442 2327 2544
f 2293 2325 2545
f 2546 2541 2492
f 2293 2545 2384
f 2294 2386 2492
f 2385 2230 2331
f 2331 2547 2385
f 2493 2389 2487
f 2548 2232 2297
f 2335 2549 2389
f 2296 2390 2333
f 2445 2333 2390
f 2493 2550 2391
f 2498 2497 2551
f 2500 2552 2553
f 2554 2555 2340
f 2556 2340 2446
f 2340 2555 2448
f 2557 2447 2453
f 2446 2501 2556
f 2448 2555 2502
f 2558 2506 2505
f 2559 2452 2507
f 1713 2455 2044
f 2248 2456 2299
f 2509 2560 2250
f 2401 2396 2561
f 2460 2250 2562
f 2348 2187 2512
f 2513 2563 2399
f 2564 2256 2195
f 2565 2347 2349
f 2256 2566 2303
f 2050 2513 2196
f 2050 2567 2513
f 2463 2304 2053
f 2463 2258 2305
f 2103 2405 2568
f 2198 2103 2568
f 2199 2514 2259
f 2514 2154 2515
f 2260 2569 2515
f 2570 2464 2407
f 2571 2056 2263
f 2351 2350 2572
f 2573 2357 2056
f 2354 2465 2409
f 2466 2574 2521
f 2574 2354 2353
f 2353 2415 2574
f 2415 2575 2574
f 2576 2418 2410
f 2522 2577 2416
f 2418 2414 2410
f 2267 2265 2412
f 2469 2470 2416
f 2421 2418 2578
f 2270 2421 2473
f 2476 2166 2467
f 2360 2362 2579
f 2272 2580 2208
f 2362 2581 2579
f 2582 2475 2110
f 2208 2583 2422
f 2424 2477 2584
f 2273 2527 2425
f 2476 2585 2528
f 2277 2477 2276
f 2426 2275 2311
f 2586 2429 2528
f 2528 2585 2586
f 2479 2430 2365
f 2366 2479 2365
f 2586 2585 2587
f 2314 2588 2368
f 2429 2586 2589
f 2479 2366 2590
f 2588 2314 2431
f 2590 2591 2479
f 2530 2428 2373
f 2428 2592 2373
f 2592 2478 2373
f 2369 2531 2371
f 2372 2428 2530
f 2122 2429 2589
f 2119 2429 2122
f 2285 2480 2431
f 2530 2532 2318
f 2373 2171 2530
f 2593 2378 2377
f 2378 2593 2533
f 2594 2595 2436
f 2534 2596 2483
f 2536 2534 2175
f 2537 2380 2533
f 2597 2486 2436
f 2432 2130 2382
f 2598 2484 2232
f 2485 2535 2223
f 2490 2599 2435
f 2433 2600 2434
f 2129 2488 2601
f 2488 2602 2601
f 2435 2437 2490
f 2443 2543 2382
f 2489 2443 2382
f 2489 2539 2600
f 2434 2603 2540
f 2602 2488 2439
f 2439 2604 2602
f 2539 2292 2384
f 2328 2604 2439
f 2604 2328 2330
f 2492 2386 2546
f 2605 2606 2607
f 2491 2233 2336
f 2608 2336 2338
f 2391 2550 2609
f 2391 2609 2337
f 2610 2496 2498
f 2497 2496 2551
f 2556 2554 2340
f 2553 2611 2500
f 2499 2552 2500
f 2500 2611 2451
f 2454 2342 2612
f 2453 2452 2559
f 2558 2505 2504
f 2456 2095 2510
f 1944 2458 1991
f 2395 2299 2456
f 2462 2613 2301
f 2398 2399 2563
f 2303 2613 2462
f 2566 2613 2303
f 2614 2348 2512
f 2348 2614 2615
f 2349 2348 2615
f 2616 2402 2347
f 2567 2050 2051
f 2153 2617 2403
f 2051 2304 2567
f 2403 2618 2404
f 2404 2619 2052
f 2197 2052 2619
f 2405 2197 2619
f 2570 2407 2516
f 2352 2519 2516
f 2620 2571 2263
f 2263 2055 2620
f 2264 2518 2408
f 2308 2406 2522
f 2466 2465 2574
f 2621 2357 2573
f 2467 2357 2621
f 2575 2521 2574
f 2521 2622 2410
f 2410 2622 2576
f 2412 2623 2411
f 2577 2523 2416
f 2416 2624 2469
f 2416 2523 2624
f 2523 2474 2271
f 2624 2523 2470
f 2624 2470 2524
f 2272 2625 2580
f 2525 2424 2584
f 2582 2626 2475
f 2422 2627 2362
f 2628 2629 2630
f 2364 2631 2312
f 2632 2427 2365
f 2633 2634 2368
f 2368 2634 2430
f 2635 2428 2478
f 2636 2367 2374
f 2369 2479 2531
f 2480 2588 2431
f 2637 2589 2586
f 2589 2638 2122
f 2530 2639 2532
f 2530 2171 2639
f 2171 2221 2639
f 2028 2122 2638
f 2534 2640 2596
f 2484 2641 2594
f 2593 2377 2642
f 2594 2436 2484
f 2534 2536 2595
f 2595 2536 2436
f 2028 2638 2291
f 2638 2643 2291
f 2597 2436 2536
f 2432 2599 2381
f 2432 2382 2644
f 2488 2537 2542
f 2485 2542 2537
f 2535 2485 2537
f 2599 2490 2381
f 2323 2435 2599
f 2603 2645 2540
f 2539 2434 2600
f 2603 2434 2539
f 2543 2442 2490
f 2443 2489 2444
f 2486 2646 2487
f 2493 2487 2646
f 2492 2389 2549
f 2487 2389 2492
f 2492 2549 2647
f 2231 2648 2235
f 2649 2438 2441
f 2650 2651 2652
f 2653 2652 2651
f 2330 2445 2604
f 2492 2647 2332
f 2445 2495 2604
f 2331 2235 2648
f 2386 2234 2654
f 2605 2655 2606
f 2608 2656 2336
f 2337 2657 2335
f 2338 2242 2136
f 2498 2551 2658
f 2555 2554 2659
f 2660 2392 2447
f 2392 2612 2342
f 2451 2611 2449
f 2661 2504 2506
f 2503 2559 2507
f 1796 2662 1712
f 1991 2663 2298
f 1798 2664 2393
f 2044 2455 2508
f 1990 1912 2394
f 2456 2510 2665
f 2400 2666 2461
f 2140 2191 2510
f 2249 2667 1714
f 2249 2668 2667
f 2189 2668 2249
f 2045 2397 2189
f 2253 2669 2141
f 2562 2250 2560
f 2191 2300 2670
f 2456 2671 2395
f 2301 2672 2400
f 2673 2563 2513
f 2564 2566 2256
f 2567 2674 2513
f 2616 2347 2565
f 2153 2402 2617
f 2617 2618 2403
f 2675 2568 2619
f 2000 2198 2676
f 2259 2677 2678
f 2259 2514 2677
f 2620 2055 2413
f 2056 2679 2573
f 2351 2680 2518
f 2574 2465 2354
f 2413 2268 2681
f 2576 2578 2418
f 2475 2682 2681
f 2268 2475 2681
f 2414 2472 2415
f 2579 2272 2360
f 2361 2683 2472
f 2110 2358 2684
f 2208 2580 2583
f 2311 2526 2426
f 2631 2423 2312
f 2477 2277 2426
f 2313 2685 2529
f 2313 2425 2685
f 2686 2529 2427
f 2427 2631 2364
f 2427 2685 2631
f 2427 2529 2685
f 2630 2687 2628
f 2632 2430 2634
f 2365 2430 2632
f 2588 2688 2687
f 2592 2428 2635
f 2367 2590 2366
f 2590 2367 2636
f 2478 2592 2689
f 2635 2478 2689
f 2479 2690 2531
f 2479 2591 2690
f 2587 2691 2586
f 2692 2691 2693
f 2694 2695 2696
f 2694 2696 2697
f 2481 2532 2639
f 2639 2221 2482
f 2594 2641 2692
f 2642 2698 2593
f 2593 2698 2533
f 2129 2601 2321
f 2383 2322 2699
f 2379 2538 2700
f 2700 2485 2379
f 2599 2701 2323
f 2326 2291 2643
f 2701 2702 2323
f 2541 2703 2704
f 2542 2485 2700
f 2541 2546 2703
f 2323 2702 2231
f 2544 2490 2437
f 2540 2705 2325
f 2325 2705 2545
f 2544 2706 2702
f 2706 2544 2327
f 2703 2546 2549
f 2327 2491 2706
f 2706 2648 2231
f 2386 2707 2546
f 2549 2546 2647
f 2708 2650 2652
f 2384 2709 2295
f 2649 2387 2438
f 2234 2332 2654
f 2608 2338 2710
f 2338 2136 2710
f 2711 2710 2553
f 2711 2553 2552
f 2660 2447 2557
f 2659 2712 2555
f 2713 2611 2553
f 2557 2453 2714
f 2660 2612 2392
f 2715 2556 2501
f 2555 2712 2502
f 2449 2611 2499
f 2502 2715 2501
f 2716 2503 2454
f 2717 2718 2461
f 2461 2666 2717
f 2719 2510 2191
f 1714 2667 2511
f 2396 2459 2720
f 2721 2719 2670
f 2191 2670 2719
f 2460 2722 2723
f 2400 2672 2666
f 2672 2301 2613
f 2195 2401 2564
f 2614 2563 2673
f 2724 2616 2565
f 2463 2725 2304
f 2619 2404 2675
f 2463 2305 2725
f 2619 2568 2405
f 2306 2259 2726
f 2727 2728 2729
f 2516 2730 2570
f 2350 2307 2731
f 2572 2350 2731
f 2406 2517 2732
f 2056 2571 2679
f 2680 2351 2572
f 2406 2732 2522
f 2620 2413 2733
f 2734 2733 2681
f 2413 2681 2733
f 2735 2576 2622
f 2577 2474 2523
f 2575 2415 2472
f 2412 2265 2623
f 2467 2736 2476
f 2737 2468 2469
f 2737 2469 2624
f 2625 2272 2579
f 2738 2682 2475
f 2584 2739 2525
f 2684 2582 2110
f 2627 2422 2583
f 2740 2423 2741
f 2425 2741 2631
f 2529 2686 2742
f 2529 2742 2526
f 2686 2685 2742
f 2685 2425 2742
f 2631 2743 2742
f 2631 2742 2425
f 2629 2628 2744
f 2427 2745 2686
f 2743 2686 2745
f 2685 2686 2743
f 2685 2743 2631
f 2629 2746 2630
f 2628 2687 2747
f 2630 2748 2687
f 2687 2688 2747
f 2748 2630 2633
f 2630 2746 2633
f 2634 2633 2746
f 2592 2635 2749
f 2750 2587 2585
f 2747 2688 2751
f 2633 2368 2752
f 2588 2752 2368
f 2587 2693 2691
f 2374 2376 2636
f 2691 2692 2641
f 2695 2694 2697
f 2636 2376 2481
f 2589 2637 2638
f 2595 2594 2692
f 2481 2639 2698
f 2482 2698 2639
f 2753 2596 2754
f 2640 2754 2596
f 2755 2533 2698
f 2433 2483 2596
f 2533 2755 2537
f 2536 2079 2756
f 2755 2535 2537
f 2645 2600 2433
f 2541 2704 2079
f 2704 2756 2079
f 2486 2597 2646
f 2602 2757 2601
f 2644 2382 2543
f 2758 2600 2603
f 2645 2603 2600
f 2322 2385 2759
f 2758 2489 2600
f 2603 2539 2758
f 2760 2542 2700
f 2543 2490 2761
f 2489 2762 2444
f 2763 2653 2764
f 2441 2542 2760
f 2231 2702 2706
f 2444 2762 2384
f 2707 2647 2546
f 2384 2545 2709
f 2763 2765 2653
f 2653 2765 2652
f 2707 2386 2654
f 2493 2766 2550
f 2604 2495 2767
f 2387 2767 2495
f 2767 2387 2649
f 2648 2547 2331
f 2768 2655 2605
f 2549 2335 2657
f 2769 2498 2658
f 2610 2498 2769
f 2770 2606 2655
f 2337 2609 2657
f 2659 2554 2771
f 2772 2496 2610
f 2710 2713 2553
f 2773 2659 2770
f 2773 2712 2659
f 2453 2559 2774
f 2503 2774 2559
f 2661 2558 2504
f 1989 2508 2775
f 1912 1989 2776
f 2509 2394 2777
f 1796 2345 2662
f 1991 2458 2663
f 2395 2778 2300
f 2456 2665 2779
f 2253 2723 2669
f 2780 2721 2670
f 2781 2670 2300
f 2395 2671 2778
f 2779 2671 2456
f 2345 2511 2779
f 2398 2782 2457
f 2460 2723 2253
f 2562 2783 2460
f 2780 2670 2784
f 2718 2512 2461
f 2782 2398 2785
f 2398 2563 2785
f 2785 2563 2614
f 2512 2785 2614
f 2786 2566 2564
f 2565 2349 2615
f 2674 2673 2513
f 2402 2616 2617
f 2305 2306 2787
f 2260 2000 2676
f 2514 2788 2677
f 2789 2569 2260
f 2570 2730 2464
f 2464 2730 2790
f 2464 2790 2517
f 2408 2791 2307
f 2408 2792 2791
f 2518 2792 2408
f 2620 2733 2793
f 2522 2732 2577
f 2411 2623 2794
f 2411 2794 2520
f 2578 2795 2421
f 2795 2473 2421
f 2796 2624 2524
f 2468 2797 2524
f 2683 2361 2525
f 2796 2524 2797
f 2798 2527 2423
f 2798 2423 2740
f 2475 2626 2738
f 2423 2631 2741
f 2626 2582 2738
f 2584 2477 2426
f 2526 2799 2426
f 2800 2526 2742
f 2800 2742 2743
f 2800 2743 2745
f 2426 2634 2746
f 2427 2632 2745
f 2752 2588 2687
f 2748 2633 2752
f 2749 2635 2689
f 2588 2801 2688
f 2590 2802 2591
f 2802 2590 2636
f 2697 2696 2803
f 2802 2690 2591
f 2531 2690 2480
f 2586 2691 2637
f 2804 2636 2481
f 2481 2698 2804
f 2698 2642 2804
f 2805 2642 2377
f 2753 2433 2596
f 2806 2377 2321
f 2807 2808 2482
f 2698 2808 2755
f 2807 2482 2535
f 2756 2597 2536
f 2601 2806 2321
f 2535 2538 2807
f 2700 2538 2535
f 2538 2383 2807
f 2597 2809 2646
f 2322 2759 2699
f 2644 2543 2761
f 2490 2544 2761
f 2539 2384 2758
f 2493 2646 2810
f 2232 2548 2598
f 2326 2643 2494
f 2385 2547 2811
f 2812 2647 2707
f 2549 2813 2703
f 2493 2810 2766
f 2653 2651 2764
f 2811 2648 2706
f 2651 2650 2814
f 2607 2815 2605
f 2811 2547 2648
f 2816 2550 2766
f 2656 2491 2336
f 2654 2332 2817
f 2295 2709 2136
f 2136 2709 2818
f 2710 2136 2818
f 2771 2606 2770
f 2608 2710 2711
f 2770 2659 2771
f 2819 2820 2821
f 2551 2496 2772
f 2557 2822 2823
f 2499 2711 2552
f 2823 2660 2557
f 2822 2557 2714
f 2824 2554 2556
f 2823 2612 2660
f 2824 2556 2715
f 2825 2611 2713
f 2506 2558 2826
f 2499 2611 2827
f 2453 2774 2714
f 2454 2612 2716
f 2506 2828 2661
f 2774 2503 2716
f 2298 2663 2829
f 2777 2394 2830
f 2396 2831 2561
f 2831 2396 2720
f 2459 2832 2394
f 2394 2832 2830
f 2780 2833 2721
f 2300 2778 2834
f 2832 2459 2835
f 2141 2835 2459
f 2562 2560 2783
f 2670 2781 2784
f 2779 2511 2671
f 2722 2460 2783
f 2512 2718 2785
f 2786 2613 2566
f 2782 2836 2457
f 2837 2614 2673
f 2615 2838 2565
f 2838 2724 2565
f 2839 2675 2404
f 2725 2305 2787
f 2840 2568 2675
f 2678 2726 2259
f 2514 2841 2788
f 2514 2515 2841
f 2842 2727 2729
f 2727 2842 2843
f 2730 2516 2790
f 2516 2519 2790
f 2793 2733 2734
f 2575 2622 2521
f 2474 2577 2844
f 2682 2845 2681
f 2795 2578 2576
f 2795 2265 2473
f 2623 2265 2795
f 2474 2846 2358
f 2468 2737 2797
f 2580 2625 2847
f 2736 2585 2476
f 2848 2684 2358
f 2682 2684 2848
f 2582 2684 2738
f 2527 2741 2425
f 2584 2426 2739
f 2739 2426 2849
f 2744 2850 2629
f 2799 2634 2426
f 2628 2747 2744
f 2744 2747 2851
f 2750 2693 2587
f 2803 2696 2852
f 2695 2697 2853
f 2854 2855 2856
f 2803 2853 2697
f 2857 2854 2856
f 2805 2858 2642
f 2642 2858 2804
f 2806 2805 2377
f 2595 2640 2534
f 2808 2698 2482
f 2859 2643 2638
f 2860 2808 2807
f 2644 2861 2432
f 2806 2601 2757
f 2599 2432 2861
f 2807 2383 2862
f 2862 2383 2699
f 2701 2599 2861
f 2863 2864 2865
f 2758 2762 2489
f 2701 2866 2702
f 2867 2702 2866
f 2544 2702 2867
f 2762 2758 2384
f 2759 2385 2811
f 2643 2868 2494
f 2763 2764 2869
f 2870 2647 2812
f 2868 2297 2494
f 2604 2767 2871
f 2814 2764 2651
f 2491 2872 2706
f 2768 2605 2815
f 2814 2650 2708
f 2708 2652 2765
f 2549 2657 2813
f 2821 2550 2819
f 2770 2655 2873
f 2772 2874 2658
f 2658 2551 2772
f 2710 2818 2713
f 2823 2875 2612
f 2876 2506 2826
f 2877 2824 2715
f 2712 2877 2715
f 2825 2827 2611
f 2502 2712 2715
f 2558 2878 2826
f 2510 2879 2880
f 2880 2665 2510
f 1712 2662 2458
f 2189 2881 2668
f 2189 2397 2881
f 2344 2457 2882
f 2667 2883 2511
f 2882 2397 2344
f 2830 2141 2777
f 2783 2560 2884
f 2882 2457 2885
f 2718 2717 2886
f 2887 2666 2672
f 2835 2141 2830
f 2887 2672 2613
f 2561 2564 2401
f 2836 2885 2457
f 2888 2613 2786
f 2615 2614 2889
f 2890 2618 2617
f 2404 2618 2839
f 2677 2729 2678
f 2788 2729 2677
f 2788 2841 2842
f 2891 2729 2728
f 2842 2729 2788
f 2515 2569 2841
f 2620 2793 2571
f 2792 2518 2680
f 2621 2892 2467
f 2845 2734 2681
f 2519 2520 2893
f 2894 2844 2577
f 2893 2520 2794
f 2467 2892 2736
f 2575 2895 2622
f 2895 2575 2472
f 2737 2624 2796
f 2846 2848 2358
f 2847 2579 2580
f 2579 2581 2580
f 2583 2580 2581
f 2740 2527 2798
f 2741 2527 2740
f 2581 2362 2627
f 2629 2896 2746
f 2799 2745 2634
f 2851 2747 2897
f 2687 2748 2898
f 2632 2634 2745
f 2747 2751 2897
f 2687 2898 2752
f 2689 2592 2749
f 2751 2801 2897
f 2751 2688 2801
f 2588 2480 2801
f 2695 2853 2696
f 2856 2899 2857
f 2900 2853 2803
f 2804 2858 2805
f 2637 2691 2641
f 2595 2704 2640
f 2860 2901 2808
f 2704 2754 2640
f 2484 2598 2859
f 2902 2860 2807
f 2597 2756 2809
f 2862 2902 2807
f 2865 2903 2863
f 2535 2904 2700
f 2810 2646 2809
f 2700 2904 2760
f 2761 2544 2867
f 2701 2905 2866
f 2602 2604 2871
f 2905 2706 2866
f 2705 2812 2707
f 2815 2866 2706
f 2707 2906 2705
f 2297 2868 2548
f 2706 2905 2811
f 2706 2768 2815
f 2765 2763 2869
f 2872 2768 2706
f 2708 2765 2907
f 2491 2908 2872
f 2707 2654 2906
f 2908 2491 2656
f 2647 2909 2332
f 2649 2871 2767
f 2769 2910 2911
f 2655 2768 2912
f 2817 2332 2909
f 2607 2606 2913
f 2914 2656 2608
f 2658 2910 2769
f 2550 2816 2819
f 2912 2873 2655
f 2608 2711 2914
f 2658 2874 2910
f 2610 2874 2772
f 2915 2771 2554
f 2824 2915 2554
f 2823 2822 2916
f 2499 2827 2711
f 2828 2506 2876
f 2877 2917 2824
f 2558 2661 2878
f 2662 2345 2779
f 1989 2775 2776
f 2888 2887 2613
f 2723 2722 2918
f 2783 2918 2722
f 2780 2919 2833
f 2919 2780 2784
f 2836 2782 2674
f 2674 2920 2836
f 2673 2921 2837
f 2618 2890 2839
f 2304 2725 2922
f 2923 2924 2728
f 2924 2891 2728
f 2842 2841 2925
f 2789 2925 2569
f 2569 2925 2841
f 2925 2843 2842
f 2926 2927 2928
f 2731 2307 2791
f 2929 2571 2793
f 2571 2929 2930
f 2517 2790 2931
f 2790 2519 2932
f 2679 2571 2930
f 2894 2577 2732
f 2572 2933 2680
f 2680 2576 2735
f 2680 2933 2576
f 2933 2795 2576
f 2794 2623 2934
f 2472 2935 2895
f 2737 2936 2797
f 2472 2683 2935
f 2847 2625 2937
f 2579 2938 2625
f 2938 2579 2847
f 2796 2797 2936
f 2525 2739 2939
f 2682 2738 2940
f 2940 2684 2682
f 2684 2940 2738
f 2850 2941 2629
f 2526 2800 2799
f 2851 2850 2744
f 2941 2896 2629
f 2426 2942 2849
f 2942 2426 2746
f 2799 2800 2745
f 2748 2943 2898
f 2752 2943 2748
f 2752 2898 2801
f 2944 2752 2801
f 2944 2801 2480
f 2690 2944 2480
f 2696 2853 2852
f 2690 2802 2945
f 2946 2692 2693
f 2636 2945 2802
f 2946 2595 2692
f 2900 2803 2947
f 2804 2805 2948
f 2637 2641 2484
f 2859 2637 2484
f 2704 2595 2756
f 2859 2638 2637
f 2949 2901 2860
f 2950 2951 2903
f 2860 2902 2949
f 2952 2949 2902
f 2645 2953 2540
f 2951 2863 2903
f 2644 2761 2861
f 2953 2705 2540
f 2859 2598 2954
f 2862 2699 2759
f 2862 2955 2904
f 2862 2759 2955
f 2703 2812 2705
f 2955 2760 2904
f 2870 2812 2703
f 2956 2868 2643
f 2703 2813 2870
f 2764 2957 2869
f 2958 2441 2760
f 2598 2548 2954
f 2764 2907 2957
f 2911 2760 2955
f 2870 2959 2647
f 2814 2907 2764
f 2907 2765 2960
f 2960 2765 2869
f 2708 2907 2814
f 2958 2871 2649
f 2441 2958 2649
f 2906 2654 2817
f 2760 2911 2961
f 2908 2656 2872
f 2910 2961 2911
f 2607 2913 2815
f 2872 2912 2768
f 2962 2963 2548
f 2656 2914 2912
f 2910 2874 2964
f 2913 2606 2771
f 2816 2965 2819
f 2966 2822 2967
f 2819 2965 2820
f 2711 2968 2914
f 2818 2969 2713
f 2970 2971 2824
f 2916 2875 2823
f 2876 2972 2828
f 2876 2826 2973
f 2974 2975 2976
f 2970 2824 2917
f 2774 2977 2714
f 2977 2774 2716
f 2917 2978 2979
f 2510 2719 2879
f 2663 2980 2829
f 2298 2829 2981
f 1798 2298 2981
f 2664 1798 2981
f 2394 1912 2982
f 2719 2721 2983
f 2662 2883 2458
f 2560 2509 2984
f 2834 2778 2879
f 2666 2887 2717
f 2141 2669 2777
f 2884 2918 2783
f 2778 2671 2985
f 2883 2986 2511
f 2987 2988 2668
f 2886 2989 2718
f 2718 2989 2785
f 2989 2886 2990
f 2785 2674 2782
f 2889 2614 2837
f 2921 2673 2674
f 2675 2839 2991
f 2675 2991 2840
f 2992 2568 2840
f 2306 2993 2787
f 2198 2568 2992
f 2260 2676 2789
f 2678 2729 2891
f 2994 2924 2923
f 2925 2995 2843
f 2728 2996 2923
f 2997 2998 2793
f 2734 2997 2793
f 2929 2793 2999
f 2930 2929 3000
f 2621 3001 2892
f 2931 2732 2517
f 2732 2931 3002
f 3002 2894 2732
f 2679 2930 2621
f 2621 2573 2679
f 3003 2844 2894
f 2572 3004 2933
f 2682 2846 2845
f 3005 2474 2844
f 3005 2846 2474
f 2795 3006 2623
f 2623 3006 2934
f 2935 3007 2895
f 2737 2796 2936
f 2937 3008 2847
f 2938 2937 2625
f 2847 3009 2938
f 2939 2683 2525
f 2739 3010 2939
f 2739 2849 3010
f 2581 2627 3011
f 2583 2850 2627
f 2941 2850 2583
f 2746 2896 2942
f 2898 2897 2801
f 3012 2856 2855
f 3012 2899 2856
f 3013 2945 2636
f 3014 3015 3016
f 3017 3015 3014
f 3013 2636 2804
f 2948 3013 2804
f 2854 2857 3018
f 3017 2753 3015
f 2753 3019 3015
f 2595 3020 2756
f 3021 3022 3023
f 3024 3025 2950
f 2953 2753 2754
f 2806 3026 2805
f 2704 2953 2754
f 3021 3027 3022
f 3025 2951 2950
f 3028 2806 2757
f 3029 3028 2757
f 2902 2862 2952
f 3030 3031 3032
f 2859 2954 3030
f 3029 2757 2602
f 2703 2953 2704
f 2904 2535 2755
f 2703 2705 2953
f 2859 2956 2643
f 2904 3033 2862
f 2809 3034 2810
f 2863 3035 2864
f 3035 2951 3036
f 2811 2905 2759
f 2867 2866 2815
f 2766 2810 3034
f 2871 3037 2602
f 2870 2813 3038
f 2960 3036 2957
f 2869 2957 3036
f 2705 2906 2545
f 3038 2959 2870
f 2954 2548 3039
f 2955 3040 2911
f 2545 3041 2709
f 2548 2868 2962
f 2959 2909 2647
f 2766 3042 2816
f 3043 2815 2913
f 2656 2912 2872
f 2911 3044 2769
f 2962 3045 2963
f 2709 3041 2818
f 2966 2967 3046
f 2874 2610 2964
f 2610 2769 2964
f 2609 2550 2657
f 2820 2550 2821
f 3047 2967 2822
f 2916 2822 2966
f 2968 2711 2827
f 3048 2975 2974
f 2971 2915 2824
f 2822 2714 3047
f 2716 2612 2875
f 2970 2917 2979
f 2877 2978 2917
f 2661 2828 3049
f 2661 3049 2878
f 2979 3050 3051
f 2979 2978 3050
f 3052 3053 3054
f 3055 3053 3052
f 3053 3055 3054
f 2776 2561 2831
f 2394 2720 2459
f 2784 2781 3056
f 2834 2781 2300
f 2561 2776 2786
f 2511 2986 2671
f 3057 2987 2668
f 2564 2561 2786
f 3058 2919 2784
f 2988 2667 2668
f 3059 2882 2885
f 2885 2836 2920
f 2674 2785 2921
f 3060 2921 2785
f 2785 2837 3060
f 2989 2837 2785
f 2615 2889 2838
f 2989 2889 2837
f 2616 2724 3061
f 3061 2890 2616
f 2616 2890 2617
f 2567 2304 3062
f 3062 2304 2922
f 2787 2922 2725
f 2726 2678 3063
f 2992 2676 2198
f 3063 2678 2891
f 3064 2925 2789
f 2727 3065 3066
f 2843 3065 2727
f 2793 2998 2999
f 2928 2927 3067
f 2932 2931 2790
f 2572 3068 3004
f 2932 2519 2893
f 2792 2680 3069
f 3069 2680 2735
f 2622 2895 3070
f 2895 3007 3070
f 2795 2933 3006
f 2937 2938 3071
f 2682 2848 2846
f 2581 3072 2583
f 2583 3072 2941
f 2627 2850 3011
f 2851 3011 2850
f 2585 3073 2750
f 3074 2898 2943
f 2897 2898 3074
f 2750 3075 2693
f 2946 2693 3076
f 3077 2803 2852
f 3016 3017 3014
f 2854 3018 3078
f 3015 3019 3016
f 2948 2805 3079
f 2901 3080 2808
f 2946 3020 2595
f 3022 3081 3023
f 3082 2950 3083
f 3024 2950 3082
f 3017 2433 2753
f 2953 3019 2753
f 2756 3020 3084
f 3084 3020 3032
f 3021 3023 3027
f 2755 2808 3085
f 3032 3031 3086
f 2809 2756 3084
f 2952 2862 3087
f 2956 2859 3030
f 3029 2602 3037
f 2954 3031 3030
f 2701 2861 3088
f 3089 3036 2951
f 2701 3088 2905
f 2761 2867 3090
f 3035 2863 2951
f 3031 2954 3039
f 2759 3091 2955
f 2759 2905 3091
f 3092 3093 3094
f 3094 3093 2865
f 3036 3089 2869
f 3094 3095 3092
f 3094 3096 3095
f 3096 3094 3097
f 2865 3097 3094
f 3036 2960 3035
f 3096 3098 3095
f 2867 2815 3043
f 3099 3095 3098
f 2907 2960 2957
f 3041 2545 2906
f 3037 2871 2958
f 2548 2963 3039
f 3046 2906 2817
f 3100 2813 2657
f 2964 2961 2910
f 2817 2966 3046
f 3045 2962 3101
f 2913 2771 3102
f 3043 2913 3102
f 2966 2817 2909
f 3044 2964 2769
f 2550 2820 3103
f 2909 3104 2966
f 3105 2771 2915
f 2966 3104 2916
f 2873 3106 2770
f 2770 3106 2773
f 3107 2972 2876
f 2974 3108 3048
f 3109 2877 2712
f 3110 2976 2975
f 2826 2878 3111
f 3051 2970 2979
f 2878 3049 3111
f 3050 2978 2877
f 3112 2980 2663
f 2829 2980 3113
f 2829 3113 2981
f 2393 3114 2455
f 2775 2508 3115
f 2982 1912 3116
f 2663 2458 3112
f 3117 2509 2777
f 2509 3117 2984
f 2883 2662 2986
f 2667 3118 2883
f 3119 2717 2887
f 2888 3119 2887
f 2786 3120 2888
f 2777 2669 3117
f 2669 2723 3117
f 2560 3121 2884
f 3122 2882 3059
f 2889 2989 2990
f 2837 2921 3123
f 2674 2567 3124
f 2838 3061 2724
f 3125 3062 2922
f 2991 3126 2840
f 2306 2726 2993
f 2924 2994 3127
f 3063 2924 3127
f 3063 2891 2924
f 2996 2728 3066
f 2728 2727 3066
f 2997 2734 3128
f 3129 3002 2931
f 3067 3004 2928
f 2572 2731 3068
f 2845 3128 2734
f 2792 3130 2791
f 3067 3131 3004
f 2894 3002 3003
f 2792 3069 3130
f 2735 3070 3069
f 3132 2893 2794
f 2622 3070 2735
f 2847 3008 3009
f 2683 2939 2935
f 2849 2942 3133
f 2896 2941 3134
f 3134 3135 2896
f 3136 2851 2897
f 2752 2944 2943
f 2944 2690 3137
f 2945 3137 2690
f 3138 3077 2852
f 3139 2946 3076
f 2855 2854 3140
f 2899 3141 2857
f 3077 2947 2803
f 2946 3139 3020
f 2947 2853 2900
f 3032 3020 3142
f 3017 3143 2433
f 3030 3032 3144
f 3143 2645 2433
f 3022 3027 3145
f 2865 3146 2903
f 3025 3147 2951
f 3032 3086 3084
f 2755 3028 3029
f 3086 2809 3084
f 2951 3147 3089
f 2862 3033 3087
f 2761 3090 2861
f 2809 3086 3034
f 2865 3093 3148
f 3039 3034 3031
f 3034 3086 3031
f 3149 2955 3091
f 3150 3034 3039
f 3151 3092 3095
f 3096 3151 3152
f 3093 3152 3151
f 3152 3093 3097
f 3092 3097 3093
f 3097 3092 3096
f 3151 3096 3092
f 3153 3152 3097
f 3153 3097 2865
f 2865 2864 3153
f 2760 2961 3154
f 3152 3098 3096
f 3154 2958 2760
f 2955 3149 3040
f 2962 2868 2956
f 2766 3034 3042
f 3039 2963 3155
f 2911 3040 3044
f 3155 2963 3045
f 3103 2816 3042
f 3102 2771 3105
f 3103 2657 2550
f 3044 3156 2964
f 3045 3107 2876
f 3048 2820 2965
f 3157 3048 2965
f 3158 3157 2965
f 2876 3159 3045
f 2967 3047 3160
f 3159 2876 2973
f 3157 2975 3048
f 3157 3161 2975
f 2968 2827 2825
f 3109 2971 3162
f 2714 3163 3047
f 2975 3161 3110
f 3109 3162 2877
f 2773 3109 2712
f 3163 2714 2977
f 3108 2974 2976
f 2716 3164 2977
f 3052 3165 3055
f 3054 3055 3166
f 2879 2719 3167
f 2665 2880 3168
f 2981 3169 2664
f 2393 2664 3114
f 2394 2982 2720
f 2458 2883 3170
f 2668 2881 3057
f 2721 2833 3171
f 3172 3056 2781
f 2662 2779 3173
f 2397 2882 2881
f 2830 2832 3174
f 2723 3175 3117
f 2723 3176 3175
f 3121 2560 2984
f 3119 3177 2717
f 2832 2835 3178
f 2717 3177 2886
f 3179 3122 3059
f 3177 2990 2886
f 2837 3123 3060
f 3180 3123 2921
f 2838 2889 3181
f 3061 2838 3181
f 2674 3124 2920
f 3061 3182 2890
f 2890 3182 2839
f 2839 3182 2991
f 2676 2992 3183
f 3064 2995 2925
f 2923 2996 3184
f 2926 3185 2927
f 2999 2998 3186
f 2998 2997 3186
f 2926 2928 3187
f 3188 3129 2931
f 2928 3004 3187
f 2931 2932 3188
f 3129 3189 3002
f 2930 3001 2621
f 2791 3130 2731
f 3004 3131 3190
f 3191 3190 3131
f 3004 3190 2933
f 3003 3005 2844
f 3192 2845 2846
f 2935 2939 3193
f 2938 3009 3071
f 3072 3010 2941
f 3134 2941 3010
f 2736 3073 2585
f 2581 3011 3194
f 3133 3010 2849
f 2896 3195 2942
f 3135 3195 2896
f 3074 3136 2897
f 2943 2944 3135
f 3012 3196 3197
f 3075 3076 2693
f 2855 3198 3012
f 3199 3077 3138
f 3013 3200 2945
f 2852 2853 3138
f 3077 3201 3202
f 3140 2854 3078
f 3018 2857 3141
f 2947 3077 3202
f 3080 2901 3203
f 3142 3144 3032
f 3083 2950 3146
f 3025 3024 3204
f 2950 2903 3146
f 3085 2808 3080
f 3026 2806 3028
f 2956 3030 3144
f 3023 3205 3027
f 3147 3025 3206
f 3085 3028 2755
f 2953 2645 3143
f 3146 2865 3148
f 2904 2755 3029
f 3148 3093 3207
f 2867 3208 3090
f 3207 2864 3035
f 3209 3210 2956
f 3091 2905 3088
f 3151 3153 3093
f 2864 3093 3153
f 3207 3093 2864
f 3152 3153 3098
f 3089 3211 3212
f 2869 3089 3212
f 2867 3043 3213
f 3099 3151 3095
f 3153 3151 3098
f 3098 3151 3099
f 2960 2869 3212
f 2956 3210 2962
f 3214 3215 3091
f 3155 3150 3039
f 2906 3046 3041
f 3041 3046 3216
f 3103 3100 2657
f 3103 3217 3100
f 2912 2914 3218
f 3218 2914 3219
f 2961 2964 3220
f 2959 3221 2909
f 2967 3160 3046
f 3220 2964 3156
f 3040 3156 3044
f 2816 3103 2820
f 2816 2820 3158
f 2816 3158 2965
f 3101 3107 3045
f 3048 3158 2820
f 2912 3106 2873
f 3222 3157 3158
f 3156 3223 3224
f 3225 3159 2973
f 3226 3227 3228
f 2773 3106 3229
f 3109 2773 3229
f 3230 2968 2825
f 3230 2713 2969
f 3230 2825 2713
f 3048 3108 3231
f 2970 3162 2971
f 2973 2826 3232
f 2972 3233 2828
f 2877 3162 3050
f 2875 3164 2716
f 3110 3108 2976
f 2826 3111 3232
f 3166 3052 3054
f 2719 2983 3234
f 2719 3234 3167
f 2879 3168 2880
f 2508 2455 3235
f 2508 3235 3115
f 3236 2879 3237
f 3173 2779 2665
f 2980 3112 3238
f 3113 2980 3239
f 2983 2721 3240
f 3236 2834 2879
f 2671 3241 2985
f 2883 3118 3242
f 2881 3239 3057
f 3120 2786 2776
f 3120 2776 2775
f 2833 2919 3171
f 2784 3243 3058
f 2671 2986 3241
f 3244 2882 3122
f 3174 2835 2830
f 3176 2723 2918
f 2667 2988 3245
f 3059 2885 3179
f 2885 2920 3246
f 2921 3060 3180
f 3124 2567 3247
f 2567 3062 3247
f 2991 3182 3126
f 2992 2840 3248
f 2789 2676 3183
f 3064 2789 3249
f 2999 3250 2929
f 3251 3000 2929
f 3128 3252 2997
f 2997 3252 3186
f 3187 3185 2926
f 2927 3185 3067
f 3004 3068 3187
f 3128 2845 3253
f 3002 3189 3003
f 2893 3132 2932
f 3254 3007 3193
f 3007 2935 3193
f 3009 3008 3072
f 3010 3255 2939
f 3072 2581 3194
f 3010 3133 3134
f 2851 3136 3011
f 3134 2942 3135
f 3135 2944 3195
f 3012 3256 3196
f 3257 3258 3259
f 3012 3197 2899
f 3260 2899 3197
f 3261 3137 2945
f 2855 3140 3198
f 3013 2948 3200
f 2948 3079 3200
f 3142 3020 3139
f 3262 2853 2947
f 3203 2901 3263
f 3082 3201 3024
f 2901 2949 3263
f 3017 3016 3019
f 3141 3081 3022
f 3026 3206 2805
f 3019 3143 3017
f 3019 2953 3143
f 3141 3022 3018
f 3025 3204 3206
f 3022 3145 3018
f 2949 2952 3264
f 3027 3205 3145
f 3144 3209 2956
f 2861 3090 3088
f 3265 2904 3029
f 3265 3154 2904
f 3154 3033 2904
f 2867 3213 3208
f 2958 3154 3265
f 3215 3149 3091
f 3266 3267 3268
f 3043 3214 3213
f 3038 2813 3100
f 3040 3149 3269
f 2962 3210 3101
f 3034 3270 3042
f 3043 3271 3214
f 3219 3272 3218
f 3216 3046 3160
f 3271 3043 3102
f 3041 3219 2818
f 3045 3222 3155
f 2818 3219 2969
f 3222 3045 3159
f 3221 3104 2909
f 3106 2912 3273
f 3222 3159 3157
f 3159 3225 3157
f 2968 3219 2914
f 3160 3047 3274
f 3157 3225 3161
f 3227 3226 3275
f 3162 2970 3051
f 3276 3108 3110
f 3162 3051 3050
f 3233 3049 2828
f 3049 3277 3111
f 3166 3055 3278
f 1912 2776 3116
f 3172 3234 2983
f 3172 2781 3234
f 2781 2834 3234
f 2879 3167 3237
f 2778 3168 2879
f 3168 2778 3236
f 2883 3242 3170
f 2980 3238 3239
f 3239 2881 3279
f 2776 3280 3116
f 2831 3280 2776
f 3056 3172 3281
f 2834 3282 3237
f 2834 3236 3282
f 3282 3236 2985
f 2985 3236 2778
f 3280 2831 2720
f 2832 3283 3174
f 2984 3284 3121
f 3056 3243 2784
f 3178 3285 2832
f 3176 2918 3286
f 2835 3174 3178
f 3124 3247 3180
f 3182 3061 3181
f 3063 3127 3287
f 3249 2789 3183
f 3066 3288 2996
f 3065 3289 3066
f 3186 3250 2999
f 3000 3290 2930
f 2930 3290 3001
f 3001 3291 2892
f 3292 2736 2892
f 3006 2933 3190
f 3007 3293 3070
f 2794 2934 3294
f 2846 3005 3192
f 2937 3295 3008
f 3008 3296 3072
f 2939 3297 3193
f 3009 3298 3071
f 3255 3010 3072
f 3134 3133 2942
f 3260 3197 3196
f 2943 3299 3074
f 2943 3135 3299
f 3137 3195 2944
f 3198 3256 3012
f 3261 2945 3300
f 3259 3301 3257
f 3302 3257 3301
f 3300 2945 3200
f 3303 3304 3198
f 3257 3302 3258
f 3305 3077 3199
f 3076 3306 3139
f 3198 3140 3303
f 3201 3077 3305
f 2853 3262 3138
f 3202 3201 3307
f 3140 3078 3308
f 3309 3080 3203
f 3140 3308 3303
f 3307 3201 3082
f 3024 3201 3204
f 3303 3308 3144
f 3082 3083 3307
f 3080 3310 3085
f 3310 2952 3087
f 3146 3311 3312
f 3148 3311 3146
f 3308 3209 3144
f 3313 3087 3033
f 3029 3037 3265
f 3210 3209 3314
f 3207 3315 3148
f 3212 3315 3035
f 3316 3033 3154
f 3090 3208 3317
f 3315 3207 3035
f 3212 3035 2960
f 3265 3037 2958
f 3154 2961 3318
f 3091 3088 3319
f 3320 3268 3267
f 3319 3214 3091
f 3213 3214 3319
f 3321 3038 3100
f 3149 3215 3269
f 3321 3100 3217
f 3214 3271 3322
f 2912 3218 3273
f 3041 3272 3219
f 3158 3323 3222
f 3040 3223 3156
f 3040 3324 3223
f 3048 3323 3158
f 3325 3156 3224
f 3048 3231 3323
f 2969 3219 3230
f 3228 3326 3226
f 3219 2968 3230
f 3327 3228 3227
f 3226 3326 3275
f 3105 3109 3229
f 3328 3229 3106
f 3329 2916 3104
f 3223 3330 3224
f 3105 2971 3109
f 2915 2971 3105
f 3275 3327 3227
f 3330 3331 3224
f 3332 2875 2916
f 3276 3231 3108
f 3276 3110 3161
f 3107 3333 2972
f 2875 3332 3164
f 2972 3333 3233
f 3334 3052 3166
f 3111 3335 3232
f 3335 3111 3277
f 3278 3055 3165
f 3336 3337 3338
f 3337 3336 3339
f 3234 3340 3167
f 3114 3341 2455
f 2983 3342 3172
f 3340 3234 2834
f 3237 3167 3343
f 2458 3170 3112
f 3117 3344 3345
f 3117 3345 2984
f 2721 3171 3240
f 3056 3240 3346
f 3342 3346 3240
f 3346 3342 3281
f 2983 3281 3342
f 3281 2983 3056
f 3240 3056 2983
f 3281 3172 3346
f 3347 2834 3237
f 3237 3343 3347
f 3348 3347 3343
f 3347 3348 3282
f 3237 3282 3348
f 2662 3173 2986
f 3057 3239 3238
f 2882 3244 2881
f 2888 3120 3119
f 3285 3283 2832
f 3117 3175 3344
f 2884 3121 3349
f 3171 2919 3350
f 3346 3243 3056
f 2986 3173 3118
f 3242 3118 3173
f 2987 3057 3351
f 2884 3352 2918
f 3058 3350 2919
f 3353 3350 3058
f 3118 3354 2986
f 2918 3352 3286
f 3355 3244 3122
f 3245 3118 2667
f 3179 2885 3246
f 3180 3060 3356
f 3181 2889 3357
f 3123 3180 3247
f 2994 3358 3127
f 3359 3064 3249
f 3359 2995 3064
f 3066 3289 3360
f 3361 3289 3065
f 3251 2929 3250
f 3185 3362 3067
f 3188 3363 3129
f 3067 3362 3131
f 3189 3129 3363
f 2932 3132 3188
f 3364 3292 2892
f 3005 3003 3189
f 3253 2845 3192
f 3294 3190 3191
f 2794 3294 3132
f 3006 3190 3294
f 3294 2934 3006
f 3292 3365 2736
f 3071 3295 2937
f 3298 3366 3071
f 3295 3296 3008
f 3297 2939 3255
f 3009 3072 3298
f 3255 3072 3296
f 3075 2750 3073
f 3136 3074 3011
f 2942 3367 3135
f 3367 2942 3195
f 3306 3076 3368
f 3075 3368 3076
f 3200 3369 3300
f 3200 3079 3370
f 3200 3370 3369
f 3139 3306 3142
f 3203 3263 3309
f 3371 3303 3144
f 2947 3202 3262
f 3023 3081 3372
f 3018 3145 3078
f 3373 3079 3206
f 3206 3079 2805
f 3080 3309 3310
f 3263 2949 3264
f 3374 3083 3146
f 3373 3206 3204
f 3145 3308 3078
f 3375 3206 3026
f 3147 3206 3375
f 3145 3314 3308
f 3314 3209 3308
f 3205 3314 3145
f 3320 3267 3205
f 3205 3267 3314
f 3267 3266 3314
f 3154 3318 3316
f 3319 3208 3213
f 3314 3266 3376
f 3270 3034 3150
f 3266 3268 3376
f 3377 2959 3038
f 3378 2959 3377
f 3214 3379 3215
f 3322 3379 3214
f 3216 3272 3041
f 3042 3217 3103
f 3270 3217 3042
f 3156 3325 3220
f 3326 3380 3381
f 3382 3102 3105
f 3228 3327 3380
f 3326 3228 3380
f 3323 3231 3383
f 3382 3105 3229
f 3384 3385 3386
f 3221 3329 3104
f 3225 2973 3387
f 3388 3224 3331
f 3389 3276 3161
f 3232 3387 2973
f 3388 3390 3391
f 3392 3393 3394
f 3164 3338 2977
f 3395 3165 3052
f 2981 3113 3396
f 3172 3342 3340
f 3172 3340 2834
f 3167 3340 3348
f 3343 3167 3348
f 3397 3116 3280
f 3345 3344 3398
f 2984 3345 3399
f 3342 3240 3400
f 2834 3347 3401
f 3236 3237 3348
f 3236 3348 3401
f 2881 3244 3279
f 3116 3120 2775
f 3280 2720 3402
f 3403 3283 3285
f 3121 3284 3349
f 3404 3405 3350
f 3171 3350 3405
f 3406 3240 3243
f 3171 3243 3240
f 3243 3171 3058
f 3406 3058 3171
f 3282 3401 3347
f 3353 3404 3350
f 3406 3353 3058
f 2986 3354 3241
f 2990 3407 2889
f 3356 3060 3123
f 2889 3408 3357
f 2920 3124 3409
f 3409 3124 3356
f 3180 3356 3124
f 3410 3126 3411
f 3248 2840 3126
f 3287 2726 3063
f 2995 3359 3412
f 2995 3413 2843
f 3413 3065 2843
f 3360 3288 3066
f 3250 3414 3251
f 3250 3186 3289
f 3186 3252 3289
f 3000 3415 3290
f 3185 3187 3362
f 3290 3416 3001
f 3001 3416 3291
f 2892 3291 3364
f 3417 3068 2731
f 3417 3187 3068
f 3131 3362 3191
f 3070 3293 3069
f 3293 3418 3069
f 3007 3254 3293
f 3296 3419 3255
f 3420 3260 3196
f 3135 3367 3299
f 3198 3304 3421
f 3421 3256 3198
f 3195 3137 3367
f 3137 3261 3367
f 3260 3081 2899
f 3258 3422 3259
f 3302 3422 3258
f 3199 3138 3423
f 3424 3142 3306
f 3303 3371 3304
f 3370 3079 3425
f 3142 3371 3144
f 3264 3310 3309
f 3263 3264 3309
f 3264 2952 3310
f 3372 3426 3023
f 3312 3374 3146
f 3375 3026 3427
f 3205 3428 3320
f 3147 3375 3429
f 3148 3315 3311
f 3211 3089 3147
f 3210 3314 3430
f 3038 3321 3377
f 3272 3216 3431
f 3220 3318 2961
f 3432 3269 3215
f 3210 3433 3101
f 3271 3102 3434
f 3378 3221 2959
f 3102 3435 3434
f 3436 3216 3160
f 3217 3270 3323
f 3222 3437 3155
f 3040 3269 3324
f 3323 3437 3222
f 3107 3101 3438
f 3326 3381 3439
f 3385 3384 3273
f 3229 3328 3382
f 3440 3330 3223
f 3441 3384 3386
f 3389 3161 3225
f 3442 3392 3394
f 3390 3388 3443
f 3163 2977 3444
f 3444 2977 3338
f 3445 3393 3392
f 3446 3338 3164
f 3395 3052 3334
f 3166 3447 3334
f 3395 3278 3165
f 3448 3049 3233
f 3447 3166 3278
f 3336 3338 3446
f 3448 3277 3049
f 3449 3277 3448
f 3235 2455 3341
f 3239 3396 3113
f 2720 2982 3402
f 2834 3346 3172
f 3348 3346 2834
f 2834 3401 3348
f 3112 3170 3450
f 3450 3351 3112
f 3120 3451 3119
f 3397 3120 3116
f 3280 3402 3397
f 3398 3174 3283
f 3398 3344 3174
f 3344 3452 3174
f 2984 3399 3284
f 3406 3171 3405
f 3405 3240 3406
f 3243 3453 3406
f 3346 3453 3243
f 3057 3238 3351
f 3176 3454 3175
f 3176 3286 3455
f 3351 2988 2987
f 3450 2988 3351
f 3118 3245 3354
f 2988 3450 3245
f 3355 3122 3456
f 3122 3179 3456
f 3177 3407 2990
f 3409 3246 2920
f 3408 2889 3407
f 3457 3181 3357
f 3181 3411 3182
f 3125 2922 3458
f 3459 2992 3248
f 3183 2992 3460
f 3460 3249 3183
f 3249 3460 3359
f 3184 2994 2923
f 2996 3461 3184
f 3462 3065 3413
f 3065 3462 3361
f 3289 3252 3360
f 3361 3250 3289
f 3463 3464 3465
f 3466 3252 3128
f 3000 3251 3415
f 3467 3465 3468
f 3465 3464 3468
f 3469 3470 3471
f 3005 3189 3472
f 3132 3294 3191
f 3473 3192 3005
f 3071 3366 3295
f 3295 3298 3296
f 3419 3296 3298
f 3419 3298 3072
f 3074 3474 3011
f 3300 3475 3261
f 3305 3199 3476
f 3477 3302 3301
f 3305 3478 3479
f 3478 3370 3479
f 2899 3081 3141
f 3479 3201 3305
f 3083 3374 3307
f 3425 3079 3373
f 3028 3427 3026
f 3023 3426 3205
f 3085 3427 3028
f 3312 3311 3315
f 3429 3375 3480
f 3481 3313 3429
f 3313 3033 3482
f 3088 3090 3483
f 3088 3483 3319
f 3317 3208 3484
f 3319 3483 3208
f 3322 3271 3434
f 3270 3150 3437
f 3150 3155 3437
f 3432 3215 3485
f 3379 3485 3215
f 3486 3431 3216
f 3323 3270 3437
f 3487 3381 3488
f 3217 3323 3489
f 3218 3385 3273
f 3272 3385 3218
f 3323 3383 3489
f 3273 3328 3106
f 3329 3221 3490
f 3047 3491 3274
f 3275 3492 3327
f 3376 3394 3493
f 3492 3275 3326
f 3386 3494 3441
f 3047 3163 3491
f 2916 3329 3332
f 3391 3224 3388
f 3331 3330 3495
f 3333 3107 3387
f 3394 3393 3493
f 3331 3443 3388
f 3164 3444 3446
f 3335 3496 3232
f 3335 3277 3449
f 3337 3339 3497
f 3498 3339 3336
f 2775 3115 3116
f 3348 3340 3346
f 3351 3238 3112
f 2982 3499 3402
f 3240 3405 3500
f 3282 2985 3501
f 3239 3279 3396
f 3502 3503 3504
f 3119 3451 3505
f 3285 3506 3403
f 3503 3502 3246
f 3178 3507 3285
f 3175 3454 3508
f 3177 3119 3505
f 3404 3353 3509
f 3456 3179 3246
f 3409 3503 3246
f 3123 3457 3356
f 3457 3411 3181
f 3182 3411 3126
f 3411 3510 3410
f 3287 3127 3358
f 3511 3460 2992
f 3358 2994 3512
f 3513 2995 3412
f 3461 3514 3184
f 3360 3515 3288
f 3461 3288 3515
f 3360 3466 3515
f 3288 3461 2996
f 3466 3360 3252
f 3516 3414 3250
f 3466 3128 3517
f 3468 3464 3417
f 3128 3253 3517
f 3187 3518 3362
f 2731 3130 3417
f 3188 3132 3519
f 3520 3470 3469
f 3472 3473 3005
f 3521 3522 3523
f 3469 3522 3521
f 3418 3130 3069
f 3524 3253 3192
f 3418 3293 3525
f 3192 3473 3524
f 3254 3526 3293
f 3193 3527 3526
f 3526 3254 3193
f 3295 3366 3528
f 3193 3297 3527
f 3295 3528 3529
f 3255 3419 3297
f 3297 3419 3530
f 3295 3529 3298
f 3366 3298 3529
f 3419 3072 3194
f 3075 3073 3368
f 3196 3531 3420
f 3420 3532 3260
f 3421 3531 3256
f 3196 3256 3531
f 3074 3299 3533
f 3534 3299 3367
f 3306 3535 3424
f 3301 3259 3422
f 3370 3478 3536
f 3371 3142 3424
f 3262 3423 3138
f 3479 3537 3201
f 3202 3307 3262
f 3201 3537 3204
f 3427 3480 3375
f 3538 3312 3315
f 3539 3312 3538
f 3313 3481 3087
f 3481 3429 3480
f 3147 3540 3211
f 3540 3147 3429
f 3090 3317 3483
f 3538 3315 3212
f 3211 3538 3212
f 3541 3540 3429
f 3208 3483 3542
f 3484 3208 3542
f 3321 3217 3489
f 3431 3543 3272
f 3544 3486 3216
f 3268 3394 3376
f 3268 3545 3394
f 3216 3436 3544
f 3220 3546 3318
f 3547 3434 3435
f 3488 3381 3380
f 3378 3490 3221
f 3545 3442 3394
f 3548 3220 3325
f 3102 3382 3435
f 3549 3223 3324
f 3223 3549 3440
f 3224 3550 3325
f 3495 3325 3550
f 3330 3440 3495
f 3551 3382 3328
f 3225 3552 3389
f 3225 3387 3552
f 3387 3107 3438
f 3550 3224 3391
f 3331 3495 3550
f 3553 3384 3334
f 3441 3334 3384
f 3491 3163 3444
f 3551 3554 3555
f 3556 3555 3554
f 3334 3441 3395
f 3387 3232 3496
f 3393 3557 3493
f 3443 3391 3390
f 3558 3557 3393
f 3393 3445 3558
f 3553 3334 3447
f 3559 3448 3233
f 3447 3278 3395
f 3337 3497 3338
f 2981 3396 3169
f 3340 3342 3400
f 3168 3236 3560
f 3402 3499 3506
f 3345 3398 3561
f 3345 3561 3562
f 3400 3240 3500
f 3401 3563 3236
f 3504 3503 3564
f 3174 3452 3178
f 3175 3562 3344
f 3399 3344 3562
f 3344 3399 3508
f 3345 3508 3399
f 3508 3345 3175
f 3562 3175 3345
f 3404 3565 3405
f 3353 3406 3453
f 3176 3455 3454
f 3244 3355 3279
f 3505 3407 3177
f 3566 3279 3355
f 3567 3503 3409
f 3355 3456 3566
f 3356 3568 3409
f 3247 3457 3123
f 3510 3569 3410
f 3126 3410 3569
f 2995 3513 3413
f 3570 3462 3413
f 3462 3516 3361
f 3516 3250 3361
f 3571 3251 3414
f 3251 3571 3415
f 3463 3465 3467
f 3417 3467 3468
f 3519 3363 3188
f 3472 3189 3363
f 3417 3130 3572
f 3471 3470 3520
f 3573 3130 3418
f 3523 3522 3574
f 3523 3574 3575
f 3523 3575 3521
f 3297 3530 3527
f 3534 3367 3261
f 3535 3306 3368
f 3576 3477 3301
f 3532 3081 3260
f 3476 3478 3305
f 3422 3576 3301
f 3424 3577 3371
f 3369 3370 3536
f 3370 3425 3479
f 3578 3262 3307
f 3373 3204 3537
f 3579 3374 3312
f 3085 3580 3427
f 3205 3426 3428
f 3579 3312 3539
f 3581 3480 3427
f 3540 3581 3211
f 3480 3581 3540
f 3481 3480 3582
f 3317 3583 3483
f 3480 3540 3582
f 3033 3316 3482
f 3584 3540 3541
f 3542 3585 3434
f 3434 3585 3322
f 3489 3586 3321
f 3314 3376 3587
f 3430 3314 3587
f 3584 3588 3487
f 3322 3585 3379
f 3488 3584 3487
f 3546 3220 3269
f 3269 3220 3589
f 3269 3432 3546
f 3590 3488 3380
f 3381 3487 3591
f 3376 3493 3587
f 3436 3160 3592
f 3492 3380 3327
f 3325 3495 3440
f 3386 3385 3593
f 3160 3274 3592
f 3329 3490 3594
f 3326 3439 3492
f 3382 3551 3555
f 3328 3595 3551
f 3441 3494 3395
f 3332 3444 3164
f 3559 3233 3333
f 3443 3331 3550
f 3445 3392 3596
f 3338 3597 3598
f 3444 3338 3598
f 3598 3446 3444
f 3496 3335 3449
f 3445 3596 3599
f 3600 3556 3554
f 3599 3558 3445
f 3338 3497 3597
f 3497 3339 3498
f 2982 3601 3499
f 3400 3346 3340
f 3236 3563 3560
f 3505 3451 3602
f 3403 3506 3499
f 3398 3283 3561
f 3567 3564 3503
f 3506 3603 3402
f 3455 3349 3284
f 2884 3349 3604
f 3401 3605 3563
f 3282 3605 3401
f 3606 3396 3279
f 3604 3352 2884
f 3566 3606 3279
f 3502 3456 3246
f 3354 3245 3607
f 3409 3568 3567
f 3357 3408 3608
f 3608 3457 3357
f 3457 3609 3411
f 3247 3062 3125
f 3125 3609 3247
f 3125 3510 3609
f 3411 3609 3510
f 2726 3610 2993
f 2992 3459 3511
f 3611 3359 3460
f 3467 3464 3463
f 3464 3612 3417
f 3572 3467 3417
f 3187 3417 3518
f 3613 3522 3471
f 3614 3191 3362
f 3522 3469 3471
f 3573 3522 3613
f 3522 3573 3574
f 3573 3572 3130
f 3519 3132 3614
f 3614 3132 3191
f 3615 3573 3418
f 3418 3525 3615
f 3293 3616 3525
f 3073 2736 3365
f 3530 3419 3529
f 3529 3617 3366
f 3529 3419 3617
f 3368 3073 3365
f 3618 3420 3531
f 3474 3074 3533
f 3533 3299 3534
f 3475 3619 3261
f 3576 3620 3477
f 3300 3536 3475
f 3199 3423 3476
f 3300 3369 3536
f 3302 3576 3422
f 3621 3576 3302
f 3477 3621 3302
f 3478 3622 3536
f 3304 3371 3623
f 3479 3373 3537
f 3479 3425 3373
f 3374 3579 3307
f 3578 3307 3579
f 3085 3624 3580
f 3581 3427 3580
f 3481 3625 3087
f 3581 3539 3538
f 3581 3538 3211
f 3317 3484 3626
f 3627 3628 3629
f 3313 3541 3429
f 3483 3585 3542
f 3628 3630 3629
f 3541 3588 3584
f 3318 3482 3316
f 3318 3546 3482
f 3485 3379 3585
f 3321 3586 3377
f 3631 3432 3485
f 3378 3377 3586
f 3210 3430 3433
f 3632 3378 3586
f 3589 3549 3546
f 3589 3546 3432
f 3324 3269 3589
f 3324 3589 3432
f 3272 3593 3385
f 3490 3378 3632
f 3548 3440 3549
f 3380 3492 3590
f 3325 3440 3548
f 3633 3328 3273
f 3634 3490 3632
f 3384 3633 3273
f 3594 3490 3634
f 3383 3231 3635
f 3274 3491 3636
f 3382 3555 3435
f 3594 3637 3329
f 3276 3638 3231
f 3329 3637 3332
f 3554 3551 3595
f 3493 3557 3639
f 3553 3640 3384
f 3332 3491 3444
f 3550 3391 3443
f 3494 3641 3395
f 3555 3556 3642
f 3395 3641 3447
f 3600 3554 3643
f 3446 3498 3336
f 2982 3116 3601
f 3499 3601 3644
f 3403 3499 3644
f 3242 3173 3645
f 3242 3645 3170
f 3450 3170 3646
f 3450 3646 3647
f 3285 3507 3506
f 3399 3455 3284
f 3354 3648 3241
f 3647 3607 3450
f 3344 3508 3452
f 3455 3399 3454
f 3453 3649 3353
f 3245 3450 3607
f 3456 3502 3650
f 3564 3651 3652
f 3604 3286 3352
f 3457 3608 3356
f 3457 3247 3609
f 2787 3653 2922
f 3248 3654 3459
f 3610 2726 3287
f 3611 3412 3359
f 3655 3570 3413
f 3414 3516 3571
f 3467 3656 3464
f 3656 3612 3464
f 3416 3415 3657
f 3415 3416 3290
f 3519 3472 3363
f 3518 3614 3362
f 3520 3658 3471
f 3658 3520 3469
f 3659 3469 3521
f 3521 3575 3659
f 3615 3574 3573
f 3575 3615 3525
f 3525 3616 3575
f 3529 3528 3530
f 3618 3531 3660
f 3617 3419 3194
f 3011 3474 3194
f 3661 3621 3477
f 3478 3476 3622
f 3623 3371 3577
f 3262 3578 3662
f 3085 3310 3624
f 3624 3310 3625
f 3087 3625 3310
f 3317 3626 3583
f 3663 3539 3581
f 3583 3664 3483
f 3665 3628 3539
f 3540 3584 3582
f 3628 3665 3630
f 3585 3483 3666
f 3484 3542 3666
f 3667 3482 3546
f 3668 3629 3669
f 3670 3584 3488
f 3431 3671 3543
f 3629 3672 3669
f 3630 3672 3629
f 3436 3673 3544
f 3674 3545 3268
f 3632 3586 3675
f 3586 3489 3675
f 3548 3549 3589
f 3589 3220 3548
f 3489 3383 3675
f 3433 3676 3101
f 3487 3677 3591
f 3633 3547 3328
f 3435 3328 3547
f 3678 3439 3591
f 3591 3439 3381
f 3436 3592 3679
f 3435 3555 3680
f 3592 3274 3636
f 3635 3231 3638
f 3681 3386 3593
f 3552 3387 3682
f 3389 3638 3276
f 3438 3683 3387
f 3681 3494 3386
f 3332 3637 3491
f 3684 3685 3686
f 3643 3554 3595
f 3687 3333 3387
f 3642 3688 3555
f 3641 3494 3685
f 3387 3496 3687
f 3689 3448 3559
f 3690 3691 3692
f 3553 3447 3693
f 3691 3690 3694
f 3496 3448 3689
f 3695 3557 3558
f 3600 3696 3556
f 3684 3597 3697
f 3448 3496 3449
f 3558 3599 3695
f 3597 3698 3697
f 3446 3598 3498
f 3597 3497 3698
f 3498 3699 3497
f 3497 3699 3698
f 3168 3560 3700
f 3396 3701 3169
f 3116 3115 3702
f 3116 3702 3601
f 3644 3283 3403
f 2665 3700 3173
f 3703 2664 3169
f 3402 3603 3397
f 3400 3500 3346
f 3241 3501 2985
f 3170 3607 3646
f 3648 3646 3607
f 3646 3648 3645
f 3354 3645 3648
f 3645 3354 3170
f 3607 3170 3354
f 3704 3647 3646
f 3502 3504 3705
f 3652 3504 3564
f 3506 3507 3706
f 3455 3604 3349
f 3405 3565 3707
f 3606 3701 3396
f 3562 3508 3454
f 3399 3562 3454
f 3604 3455 3286
f 3652 3651 3708
f 3567 3568 3709
f 3650 3566 3456
f 3510 3125 3458
f 3653 3458 2922
f 3248 3126 3654
f 2787 2993 3653
f 2994 3184 3710
f 3513 3412 3711
f 3415 3571 3712
f 3657 3415 3712
f 3572 3656 3467
f 3612 3518 3417
f 3713 3364 3291
f 3613 3572 3573
f 3253 3524 3714
f 3469 3659 3658
f 3715 3473 3472
f 3615 3575 3574
f 3616 3527 3716
f 3293 3527 3616
f 3527 3293 3526
f 3716 3527 3530
f 3366 3717 3528
f 3716 3530 3528
f 3618 3532 3420
f 3718 3474 3533
f 3623 3421 3304
f 3477 3620 3661
f 3532 3719 3081
f 3372 3081 3719
f 3262 3662 3423
f 3720 3372 3719
f 3578 3579 3721
f 3580 3624 3722
f 3428 3426 3723
f 3579 3539 3724
f 3539 3628 3724
f 3481 3582 3725
f 3625 3481 3725
f 3628 3627 3724
f 3663 3665 3539
f 3664 3666 3483
f 3674 3320 3428
f 3665 3726 3630
f 3320 3674 3268
f 3629 3668 3627
f 3667 3313 3482
f 3727 3728 3486
f 3666 3542 3729
f 3486 3728 3431
f 3434 3729 3542
f 3544 3673 3671
f 3671 3431 3544
f 3434 3547 3729
f 3730 3272 3543
f 3731 3432 3631
f 3487 3588 3677
f 3731 3324 3432
f 3383 3635 3675
f 3435 3732 3328
f 3633 3384 3733
f 3492 3734 3590
f 3686 3735 3592
f 3587 3493 3639
f 3734 3492 3439
f 3552 3638 3389
f 3442 3545 3736
f 3592 3636 3737
f 3387 3683 3682
f 3592 3737 3686
f 3491 3637 3636
f 3637 3738 3636
f 3555 3688 3680
f 3681 3686 3685
f 3686 3737 3684
f 3736 3392 3442
f 3594 3634 3691
f 3641 3685 3684
f 3596 3392 3736
f 3556 3696 3642
f 3597 3684 3739
f 3740 3599 3596
f 3696 3600 3741
f 3695 3599 3740
f 3690 3742 3694
f 3699 3743 3698
f 3744 3743 3699
f 2665 3168 3700
f 3114 2664 3652
f 2664 3703 3652
f 3704 3646 3645
f 3397 3745 3120
f 3501 3746 3282
f 3607 3647 3648
f 3564 3567 3747
f 3747 3567 3709
f 3405 3707 3748
f 3748 3500 3405
f 3500 3453 3346
f 3605 3282 3746
f 3705 3650 3502
f 3508 3749 3452
f 3404 3509 3565
f 3747 3651 3564
f 3568 3608 3709
f 3356 3608 3568
f 3653 2993 3750
f 3511 3611 3460
f 3412 3611 3751
f 3462 3570 3655
f 3655 3413 3513
f 3515 3514 3461
f 3516 3462 3752
f 3571 3753 3712
f 3657 3754 3416
f 3519 3755 3472
f 3614 3518 3756
f 3757 3519 3614
f 3758 3471 3658
f 3713 3292 3364
f 3658 3659 3759
f 3575 3759 3659
f 3575 3760 3759
f 3575 3616 3760
f 3524 3473 3761
f 3716 3760 3616
f 3618 3660 3532
f 3474 3718 3194
f 3577 3424 3535
f 3661 3620 3762
f 3620 3576 3621
f 3534 3261 3763
f 3763 3261 3619
f 3578 3764 3662
f 3764 3578 3765
f 3766 3767 3722
f 3768 3769 3770
f 3624 3625 3771
f 3581 3580 3772
f 3773 3582 3584
f 3773 3584 3670
f 3313 3667 3541
f 3666 3729 3585
f 3728 3774 3431
f 3775 3672 3630
f 3431 3774 3544
f 3543 3671 3730
f 3544 3774 3776
f 3590 3670 3488
f 3430 3777 3433
f 3674 3778 3545
f 3552 3779 3635
f 3731 3549 3324
f 3780 3593 3781
f 3782 3590 3734
f 3778 3736 3545
f 3384 3640 3733
f 3735 3679 3592
f 3678 3734 3439
f 3732 3595 3328
f 3593 3780 3681
f 3735 3737 3636
f 3735 3636 3679
f 3780 3686 3681
f 3735 3686 3780
f 3738 3637 3594
f 3681 3783 3494
f 3784 3738 3594
f 3783 3685 3494
f 3333 3687 3785
f 3640 3553 3786
f 3784 3594 3691
f 3691 3634 3692
f 3333 3785 3559
f 3737 3739 3684
f 3553 3693 3786
f 3787 3641 3684
f 3788 3557 3740
f 3788 3639 3557
f 3687 3496 3789
f 3790 3740 3596
f 3689 3789 3496
f 3557 3695 3740
f 3693 3447 3641
f 3691 3694 3784
f 3696 3741 3791
f 3697 3792 3684
f 3742 3690 3793
f 3643 3794 3600
f 3600 3794 3741
f 3744 3699 3795
f 3173 3700 3645
f 3115 3235 3796
f 3797 3115 3796
f 3563 3798 3560
f 3799 3505 3800
f 3603 3745 3397
f 3506 3706 3603
f 3241 3801 3501
f 3701 3606 3802
f 3803 3606 3650
f 3504 3652 3705
f 3353 3649 3804
f 3453 3500 3805
f 3566 3650 3606
f 3749 3508 3562
f 3505 3806 3407
f 3651 3747 3708
f 3407 3806 3408
f 3510 3458 3807
f 3808 3126 3569
f 3126 3808 3654
f 3750 2993 3610
f 3287 3358 3809
f 3610 3287 3809
f 3514 3710 3184
f 3655 3752 3462
f 3612 3656 3810
f 3811 3291 3812
f 3291 3416 3754
f 3755 3519 3757
f 3713 3291 3811
f 3471 3758 3613
f 3759 3758 3658
f 3813 3714 3524
f 3716 3528 3717
f 3717 3366 3617
f 3718 3617 3194
f 3814 3531 3421
f 3533 3534 3815
f 3762 3816 3661
f 3762 3817 3816
f 3475 3536 3619
f 3476 3818 3622
f 3619 3536 3622
f 3423 3819 3476
f 3819 3423 3662
f 3372 3720 3820
f 3765 3578 3721
f 3372 3820 3426
f 3722 3821 3766
f 3822 3823 3824
f 3770 3824 3768
f 3823 3768 3824
f 3624 3821 3722
f 3723 3825 3826
f 3723 3426 3825
f 3580 3722 3827
f 3771 3625 3725
f 3828 3770 3829
f 3664 3583 3626
f 3830 3829 3770
f 3663 3581 3772
f 3663 3831 3665
f 3773 3725 3582
f 3428 3723 3832
f 3626 3484 3666
f 3832 3674 3428
f 3627 3668 3833
f 3775 3630 3726
f 3585 3631 3485
f 3834 3774 3728
f 3669 3672 3668
f 3486 3544 3776
f 3588 3541 3835
f 3631 3836 3731
f 3633 3729 3547
f 3673 3436 3774
f 3675 3635 3837
f 3587 3777 3430
f 3272 3730 3593
f 3593 3730 3781
f 3777 3676 3433
f 3590 3782 3838
f 3552 3682 3779
f 3677 3678 3591
f 3839 3435 3680
f 3678 3782 3734
f 3840 3839 3680
f 3438 3101 3676
f 3680 3841 3840
f 3738 3679 3636
f 3783 3842 3685
f 3843 3785 3687
f 3842 3681 3685
f 3789 3843 3687
f 3595 3841 3643
f 3559 3785 3689
f 3788 3740 3790
f 3739 3844 3597
f 3844 3598 3597
f 3684 3792 3787
f 3697 3698 3792
f 3598 3845 3498
f 3498 3845 3699
f 3698 3743 3846
f 3845 3795 3699
f 3115 3797 3702
f 3704 3645 3847
f 3848 3114 3652
f 3800 3796 3235
f 3283 3644 3849
f 3747 3709 3850
f 3505 3602 3800
f 3707 3565 3804
f 3707 3804 3805
f 3563 3605 3851
f 3353 3804 3509
f 3848 3652 3747
f 3747 3652 3708
f 3806 3608 3408
f 3458 3653 3852
f 3853 3511 3459
f 3611 3511 3853
f 3358 3512 3854
f 3710 3512 2994
f 3412 3751 3711
f 3855 3655 3513
f 3515 3856 3514
f 3752 3857 3571
f 3571 3516 3752
f 3571 3857 3753
f 3612 3810 3518
f 3812 3291 3754
f 3613 3758 3572
f 3755 3715 3472
f 3253 3714 3858
f 3715 3761 3473
f 3524 3761 3813
f 3717 3617 3718
f 3660 3531 3814
f 3660 3859 3532
f 3718 3533 3860
f 3762 3861 3817
f 3861 3860 3817
f 3860 3533 3815
f 3860 3815 3817
f 3815 3534 3763
f 3621 3862 3863
f 3661 3862 3621
f 3476 3819 3818
f 3766 3864 3767
f 3764 3865 3662
f 3865 3822 3662
f 3866 3766 3821
f 3426 3820 3825
f 3821 3624 3771
f 3769 3830 3770
f 3827 3772 3580
f 3867 3663 3772
f 3627 3833 3724
f 3772 3831 3867
f 3626 3666 3664
f 3868 3832 3723
f 3772 3869 3831
f 3870 3726 3665
f 3668 3775 3833
f 3727 3486 3871
f 3869 3773 3670
f 3775 3668 3672
f 3872 3667 3546
f 3729 3873 3585
f 3585 3873 3631
f 3832 3874 3674
f 3671 3875 3876
f 3671 3876 3730
f 3875 3671 3834
f 3671 3673 3834
f 3778 3674 3874
f 3834 3673 3774
f 3549 3872 3546
f 3590 3838 3670
f 3633 3733 3729
f 3774 3436 3679
f 3837 3635 3779
f 3675 3877 3632
f 3552 3635 3638
f 3435 3878 3732
f 3733 3732 3878
f 3732 3840 3595
f 3839 3840 3732
f 3683 3438 3785
f 3438 3676 3785
f 3879 3880 3642
f 3843 3683 3785
f 3840 3841 3595
f 3881 3680 3688
f 3841 3680 3881
f 3882 3681 3842
f 3736 3790 3596
f 3641 3787 3842
f 3883 3641 3842
f 3884 3642 3696
f 3841 3881 3643
f 3883 3693 3641
f 3881 3794 3643
f 3692 3793 3690
f 3789 3885 3886
f 3794 3791 3741
f 3887 3886 3885
f 3846 3792 3698
f 3888 3846 3743
f 3743 3744 3888
f 3744 3795 3889
f 3847 3645 3700
f 3283 3849 3561
f 3799 3806 3505
f 3120 3745 3451
f 3563 3851 3890
f 3501 3801 3891
f 3241 3648 3801
f 3650 3705 3803
f 3747 3850 3848
f 3892 3178 3452
f 3707 3805 3748
f 3748 3805 3500
f 3605 3746 3851
f 3565 3509 3893
f 3453 3805 3649
f 3608 3806 3709
f 3807 3458 3852
f 3654 3894 3459
f 3809 3358 3854
f 3895 3513 3711
f 3514 3856 3896
f 3897 3856 3515
f 3466 3897 3515
f 3517 3897 3466
f 3898 3518 3810
f 3712 3754 3657
f 3898 3899 3518
f 3811 3812 3900
f 3253 3901 3517
f 3811 3902 3713
f 3572 3903 3656
f 3757 3614 3756
f 3904 3858 3755
f 3755 3858 3715
f 3535 3368 3905
f 3906 3907 3718
f 3620 3621 3863
f 3818 3763 3622
f 3622 3763 3619
f 3720 3719 3908
f 3909 3662 3822
f 3864 3766 3866
f 3822 3865 3823
f 3770 3910 3824
f 3911 3722 3767
f 3821 3771 3912
f 3579 3724 3721
f 3827 3722 3911
f 3725 3773 3913
f 3663 3914 3831
f 3831 3914 3867
f 3913 3869 3772
f 3915 3728 3727
f 3831 3870 3665
f 3726 3870 3914
f 3727 3871 3915
f 3831 3869 3870
f 3915 3834 3728
f 3835 3541 3667
f 3872 3835 3667
f 3486 3776 3871
f 3836 3631 3916
f 3876 3917 3730
f 3875 3781 3917
f 3875 3834 3781
f 3877 3675 3837
f 3549 3731 3918
f 3781 3730 3917
f 3587 3919 3777
f 3778 3874 3920
f 3834 3921 3781
f 3836 3922 3923
f 3729 3733 3878
f 3922 3880 3923
f 3587 3639 3919
f 3924 3836 3878
f 3780 3781 3921
f 3682 3925 3779
f 3926 3838 3782
f 3678 3926 3782
f 3878 3435 3924
f 3927 3880 3922
f 3924 3435 3839
f 3924 3839 3732
f 3928 3783 3929
f 3929 3783 3681
f 3733 3640 3928
f 3783 3928 3640
f 3930 3634 3632
f 3682 3683 3843
f 3931 3932 3933
f 3688 3642 3880
f 3934 3788 3790
f 3935 3842 3783
f 3738 3784 3936
f 3692 3634 3930
f 3933 3937 3938
f 3843 3789 3939
f 3791 3884 3696
f 3789 3886 3939
f 3689 3940 3789
f 3784 3694 3941
f 3789 3940 3885
f 3844 3845 3598
f 3742 3941 3694
f 3886 3887 3939
f 3845 3844 3846
f 3845 3846 3795
f 3795 3846 3888
f 3888 3889 3795
f 3744 3889 3888
f 3800 3942 3796
f 3648 3847 3801
f 3648 3647 3847
f 3943 3606 3803
f 3705 3944 3803
f 3703 3705 3652
f 3178 3892 3507
f 3565 3893 3945
f 3804 3565 3945
f 3804 3893 3509
f 3805 3804 3649
f 3802 3606 3943
f 3946 3749 3562
f 3510 3807 3569
f 3569 3947 3808
f 3654 3808 3894
f 3854 3512 3948
f 3855 3752 3655
f 3513 3895 3855
f 3710 3514 3896
f 3810 3656 3898
f 3757 3756 3949
f 3253 3858 3901
f 3899 3756 3518
f 3715 3858 3714
f 3714 3813 3715
f 3950 3760 3716
f 3365 3292 3951
f 3952 3716 3717
f 3953 3365 3954
f 3955 3717 3956
f 3365 3953 3368
f 3660 3814 3859
f 3717 3718 3956
f 3718 3907 3956
f 3814 3421 3623
f 3861 3762 3957
f 3718 3860 3906
f 3623 3577 3958
f 3620 3959 3762
f 3532 3960 3719
f 3961 3816 3817
f 3960 3908 3719
f 3819 3962 3818
f 3819 3662 3909
f 3765 3963 3764
f 3909 3822 3824
f 3765 3721 3963
f 3911 3912 3771
f 3770 3828 3910
f 3823 3964 3768
f 3911 3771 3725
f 3964 3769 3768
f 3911 3725 3913
f 3964 3965 3769
f 3769 3965 3830
f 3827 3913 3772
f 3723 3826 3868
f 3869 3913 3773
f 3726 3914 3775
f 3870 3869 3966
f 3967 3918 3968
f 3969 3917 3876
f 3836 3923 3731
f 3923 3918 3731
f 3776 3774 3679
f 3588 3835 3677
f 3729 3878 3836
f 3736 3778 3970
f 3926 3678 3677
f 3922 3836 3924
f 3676 3777 3971
f 3919 3639 3788
f 3922 3924 3927
f 3921 3972 3780
f 3877 3930 3632
f 3880 3879 3973
f 3974 3924 3732
f 3972 3929 3681
f 3975 3733 3928
f 3976 3932 3931
f 3880 3927 3688
f 3935 3783 3640
f 3681 3882 3972
f 3938 3931 3933
f 3676 3977 3785
f 3935 3883 3842
f 3936 3784 3978
f 3933 3979 3937
f 3883 3786 3693
f 3842 3787 3980
f 3978 3784 3941
f 3881 3981 3794
f 3941 3742 3793
f 3792 3982 3787
f 3700 3560 3983
f 3799 3800 3235
f 3942 3799 3235
f 3563 3890 3984
f 3798 3563 3984
f 3704 3847 3985
f 3943 3803 3986
f 3803 3944 3986
f 3850 3987 3848
f 3709 3806 3850
f 3988 3989 3890
f 3890 3851 3988
f 3647 3990 3847
f 3943 3647 3802
f 3802 3647 3704
f 3944 3705 3703
f 3562 3561 3946
f 3569 3991 3947
f 3808 3947 3894
f 3459 3894 3853
f 3712 3992 3754
f 3993 3757 3949
f 3757 3993 3755
f 3993 3904 3755
f 3899 3949 3756
f 3758 3994 3995
f 3903 3758 3995
f 3572 3758 3903
f 3759 3950 3758
f 3759 3760 3950
f 3715 3813 3761
f 3952 3996 3716
f 3717 3955 3952
f 3953 3905 3368
f 3997 3861 3998
f 3861 3997 3956
f 3959 3620 3863
f 3961 3817 3815
f 3961 3815 3818
f 3763 3818 3815
f 3661 3999 3862
f 3863 3862 3999
f 3908 4000 3720
f 4000 3820 3720
f 4001 3865 3764
f 3963 3721 4002
f 3866 3821 3912
f 3724 4003 4004
f 3913 3827 3911
f 3724 3833 4003
f 3663 3867 4004
f 3829 3830 3828
f 3914 4003 3833
f 3663 4003 3914
f 3914 3833 3775
f 4005 3867 3914
f 4006 3967 3968
f 3918 3967 3872
f 3868 4007 3832
f 3873 4008 4009
f 3729 4008 3873
f 3876 3875 4010
f 3871 3776 4011
f 3670 3838 4012
f 3872 3549 3918
f 3875 3917 4013
f 4008 3836 3916
f 3929 3917 3969
f 3679 4011 3776
f 3970 3778 3920
f 3832 4007 3874
f 3926 3677 3835
f 4008 3729 3836
f 3779 3925 4014
f 3973 3923 3880
f 4011 3679 3738
f 3788 3934 3919
f 4015 3920 3874
f 4007 4015 3874
f 3929 3972 4013
f 4013 3972 3921
f 4016 4017 3735
f 3735 3780 4016
f 3736 3970 3790
f 3932 4018 4019
f 3733 3975 3732
f 3640 3786 3935
f 3735 4020 3737
f 3843 4021 3682
f 3879 3642 4022
f 4022 3642 4023
f 3932 4019 3933
f 3688 3884 3881
f 3737 4020 3739
f 4019 3979 3933
f 3843 3939 4021
f 3785 3977 3689
f 3881 3884 3981
f 3981 3884 3791
f 4024 3793 3692
f 3981 3791 3794
f 3787 3982 3980
f 3844 3982 3846
f 3982 3792 3846
f 3341 3114 4025
f 3341 3942 3235
f 3644 4026 3849
f 3983 3560 3798
f 4025 3114 3848
f 3800 4027 3942
f 3942 4027 3799
f 3602 4027 3800
f 3603 3706 4028
f 4029 3746 3501
f 3501 3891 4029
f 3847 3700 4030
f 3987 3944 3703
f 3988 4031 3989
f 3851 3984 3988
f 3746 3984 3851
f 3847 4030 3801
f 3647 4032 3990
f 3943 4033 3647
f 3804 3945 3893
f 3750 4034 3653
f 3894 3947 4035
f 3610 3809 4036
f 3751 3611 3853
f 3751 4037 3711
f 3895 4038 3855
f 3855 3857 3752
f 4039 3710 3896
f 3992 3812 3754
f 3901 3858 3904
f 3758 4040 3994
f 3713 3951 3292
f 3950 3716 3996
f 3954 3365 3951
f 4041 3952 4042
f 4042 3952 3955
f 3997 4043 3956
f 4043 3955 3956
f 4043 3997 3998
f 4044 3861 3956
f 3905 3577 3535
f 3958 3814 3623
f 3859 3960 3532
f 3861 3957 3998
f 3861 4045 3860
f 3959 3957 3762
f 3818 3962 3961
f 3661 3816 3999
f 3909 4046 3819
f 3963 4001 3764
f 3864 3866 3767
f 3767 3866 3912
f 3824 3910 3909
f 3912 3911 3767
f 3724 4004 3721
f 3825 4047 3826
f 3823 3865 3964
f 3828 4048 3910
f 3964 4049 3965
f 3663 4004 4003
f 3965 3828 3830
f 4050 4051 3867
f 4006 4052 3967
f 3914 3870 4005
f 4053 4054 3918
f 4054 3968 3918
f 4055 3916 3631
f 4055 3631 3873
f 3869 3670 4012
f 3835 3872 4052
f 3871 4011 3915
f 4013 4010 3875
f 4056 4008 3916
f 3838 3926 4012
f 3917 3929 4013
f 3779 4014 3837
f 3934 3790 3970
f 4007 4057 4015
f 3973 3879 4058
f 3928 4059 3975
f 4059 3928 3929
f 4060 4011 3738
f 3931 4061 3976
f 3976 4018 3932
f 3879 4022 4058
f 3972 4016 3780
f 4060 3738 3936
f 3925 3682 4021
f 4019 4018 4062
f 3974 3732 3975
f 4016 3972 3882
f 3938 4063 3931
f 4020 3844 3739
f 3642 3884 4023
f 4024 3692 3930
f 3980 3882 3842
f 3689 3977 3940
f 4064 3941 3793
f 4065 3885 3940
f 3887 3885 4065
f 3601 3702 4066
f 3700 3983 4067
f 4068 4025 3848
f 3799 3796 4069
f 3799 4027 3796
f 3507 4070 3706
f 3989 4071 3890
f 3984 3746 3798
f 4067 3891 4030
f 3700 4067 4030
f 3704 4032 3802
f 4068 3987 3703
f 3848 3987 4068
f 4030 3891 3801
f 3991 3569 4072
f 4034 3852 3653
f 3947 4073 4035
f 4036 3750 3610
f 3894 4035 3853
f 3853 4037 3751
f 3895 4074 4038
f 3711 4074 3895
f 3517 3901 4075
f 3656 3903 3899
f 3656 3899 3898
f 3951 3713 3902
f 3758 3950 4040
f 4042 4076 4041
f 4042 3955 4077
f 4044 3907 3906
f 4044 3906 4078
f 3906 3860 4078
f 4000 3908 4079
f 3721 4004 4002
f 4048 3828 3965
f 3867 4051 4004
f 4080 4081 4082
f 4055 4009 4083
f 4055 4006 3968
f 3873 4009 4055
f 3967 4052 3872
f 3968 4054 3916
f 3968 3916 4055
f 3918 3923 4053
f 3915 4011 4084
f 3915 3921 3834
f 4085 4011 4060
f 3835 4012 3926
f 4012 3835 4086
f 4056 4087 4008
f 3920 4057 3970
f 3929 3969 4059
f 4014 4088 3837
f 4088 3877 3837
f 4013 3921 4089
f 4017 4089 3921
f 4015 4057 3920
f 3976 4061 4090
f 4086 3976 4090
f 3877 4091 3930
f 4018 3976 4086
f 4017 4016 4089
f 4063 4061 3931
f 3735 4092 4020
f 3927 4093 3688
f 4016 3882 4094
f 3688 4093 4023
f 4023 3884 3688
f 3786 3883 3935
f 3936 3978 4095
f 3941 4064 3978
f 4064 3793 4024
f 4096 3982 3844
f 3796 4097 3797
f 3644 3601 4098
f 3644 4098 4026
f 4099 4068 3703
f 3341 4025 4100
f 3796 4027 4097
f 4069 4097 4027
f 4097 4069 3942
f 3796 3942 4069
f 3798 4029 3983
f 4029 4067 3983
f 3799 4069 3806
f 3451 3745 4101
f 3603 4028 3745
f 4102 3561 3849
f 4029 3798 3746
f 3891 4067 4029
f 3704 3985 3990
f 3990 4032 3704
f 4033 4032 3647
f 3569 3807 4072
f 3991 4073 3947
f 3855 4038 3857
f 3753 4103 3712
f 3517 4075 3897
f 4104 3904 3993
f 4105 3993 3949
f 4106 3811 3900
f 3904 4104 3901
f 4104 4107 3901
f 3949 3899 4108
f 4109 3995 3994
f 4110 4111 3903
f 4111 4110 4112
f 4111 4112 4113
f 3952 4041 3996
f 3814 4114 3859
f 3998 4115 4043
f 3960 3859 4116
f 3905 3958 3577
f 3907 4044 3956
f 3861 4044 4117
f 3861 4117 4045
f 3960 4118 3908
f 3961 3962 4119
f 3819 4046 3962
f 4120 4121 3963
f 3963 4002 4120
f 3820 4000 4122
f 3820 4122 3825
f 3825 4122 4123
f 4080 4124 4081
f 4004 4125 4002
f 4048 3965 4126
f 4127 4051 4050
f 4081 4083 4082
f 4081 4128 4083
f 3867 4129 4050
f 4083 4128 4055
f 4128 4006 4055
f 3870 3966 4005
f 3869 4130 3966
f 3869 4012 4130
f 4010 4131 3876
f 3876 4131 3969
f 4012 4132 4133
f 3923 3973 4053
f 4131 4010 4013
f 3915 4084 3921
f 3969 4131 4059
f 3919 3934 3970
f 4134 4008 4135
f 4136 4088 4014
f 4084 4017 3921
f 4088 4091 3877
f 3924 4135 3927
f 4058 4022 4137
f 4060 3936 4138
f 4091 4088 4139
f 4093 3927 4135
f 4016 4094 4089
f 4017 4092 3735
f 4140 4019 4062
f 3676 4141 3977
f 3930 4142 4024
f 4143 4144 3977
f 3882 3980 4094
f 3940 3977 4144
f 3939 3887 4065
f 3701 3802 4145
f 3169 3701 4099
f 3703 3169 4099
f 4097 3942 3341
f 4027 4146 4069
f 3602 4146 4027
f 3451 4101 3602
f 3745 4028 4147
f 3806 4148 3850
f 4031 4071 3989
f 4071 3984 3890
f 4149 3985 3847
f 4150 3985 4149
f 3944 3987 4151
f 3987 3850 4152
f 3946 3561 4102
f 3988 4071 4031
f 3984 4071 3988
f 4153 4149 4154
f 4155 4154 4149
f 3847 4155 4149
f 3990 4155 3847
f 3990 4156 4155
f 4033 4156 4032
f 3943 4157 4033
f 3892 3452 4102
f 3809 3948 4158
f 3854 3948 3809
f 3853 4035 4037
f 3948 3512 4159
f 4159 3512 3710
f 3856 3897 4160
f 4160 3896 3856
f 4160 4039 3896
f 3712 4103 3992
f 4105 4104 3993
f 3949 4161 4105
f 3901 4162 4075
f 3899 4163 4108
f 3995 4109 4164
f 3903 3995 4164
f 4110 3903 4164
f 3899 3903 4111
f 4040 4109 3994
f 4040 4165 4109
f 4116 3859 4114
f 4166 4114 3814
f 4043 4077 3955
f 4076 4042 4077
f 3958 4166 3814
f 3960 4116 4167
f 3860 4045 4078
f 3957 3959 4168
f 3999 3816 4119
f 3961 4119 3816
f 3908 4118 4079
f 3863 3999 3959
f 4169 4079 4170
f 4171 4079 4169
f 4172 3963 4121
f 4171 4169 4173
f 4046 3909 4174
f 3963 4172 4001
f 4175 3909 3910
f 4001 4176 3865
f 4047 4177 3826
f 4125 4004 4178
f 4004 4179 4178
f 4180 3868 3826
f 3867 4005 4129
f 4082 4083 4009
f 4052 4006 4054
f 4054 4181 3916
f 4182 4183 4184
f 4012 4133 4130
f 4056 3916 4181
f 4009 4008 4185
f 4186 4085 4138
f 4184 4187 4188
f 4187 4184 4183
f 4189 3835 4052
f 4134 4185 4008
f 4085 4060 4138
f 4012 4086 4132
f 3835 4189 4086
f 4084 4011 4085
f 3970 4190 3919
f 3973 4058 4053
f 4014 3925 4136
f 4086 4058 4018
f 4135 3924 3974
f 4095 4138 3936
f 4191 4062 4018
f 3930 4091 4192
f 3975 4193 3974
f 4137 4022 4023
f 4139 4142 4091
f 4139 4194 4142
f 3938 3937 3979
f 4195 3979 4019
f 4020 4096 3844
f 4196 4095 3978
f 4094 3980 4096
f 4197 4196 3978
f 4096 3980 3982
f 4197 3978 4064
f 4198 4064 4024
f 4065 4199 3939
f 3849 4200 4102
f 3985 4201 3990
f 4202 4156 4033
f 4156 4202 4155
f 3990 4201 4156
f 4203 4202 4033
f 4033 4204 4203
f 3452 3749 4102
f 4073 3991 4205
f 4206 4035 4073
f 4207 4074 4037
f 4037 4074 3711
f 4208 4209 4210
f 3897 4075 4211
f 4107 4104 4212
f 3811 4106 3902
f 3949 4108 4161
f 3901 4107 4162
f 4162 4107 4213
f 4111 4214 4215
f 4111 4113 4214
f 4112 4110 4165
f 4110 4109 4165
f 4113 4112 4165
f 4216 4165 4040
f 3950 4216 4040
f 3950 3996 4216
f 3996 4041 4217
f 4217 4041 4076
f 4218 3998 3957
f 3957 4117 4218
f 3959 3999 4168
f 4121 4120 4219
f 4079 4220 4000
f 4169 4221 4173
f 4000 4222 4122
f 4002 4125 4223
f 4224 3865 4176
f 4124 4225 4081
f 3825 4123 4047
f 3910 4048 4175
f 4051 4127 4226
f 3964 3865 4224
f 4081 4227 4128
f 4081 4225 4227
f 4228 4179 4004
f 4051 4228 4004
f 3965 4049 4126
f 4229 4006 4128
f 4230 4231 4183
f 4229 4054 4006
f 4181 4054 4229
f 3868 4232 4007
f 4054 4053 4052
f 4184 4188 4182
f 4233 4132 4086
f 4007 4234 4057
f 4188 4187 4235
f 4131 4013 4059
f 3970 4057 4190
f 4234 4190 4057
f 4236 4059 4013
f 4058 4086 4189
f 4092 4017 4084
f 3919 4237 3777
f 4135 4008 4087
f 4089 4236 4013
f 4061 4238 4239
f 4240 4058 4137
f 3777 4237 3971
f 4062 4061 4140
f 4241 4061 4062
f 4240 4018 4058
f 4135 3974 4242
f 4059 4242 3975
f 3925 4021 4243
f 4140 4061 4063
f 4242 4193 3975
f 4088 4244 4139
f 4018 4240 4191
f 4242 3974 4245
f 4191 4241 4062
f 3676 3971 4141
f 4195 4063 3938
f 3974 4193 4246
f 4139 4244 4247
f 4243 4021 3939
f 3979 4195 3938
f 4143 3977 4141
f 4140 4195 4019
f 4139 4247 4194
f 4142 4198 4024
f 4248 4197 4064
f 4198 4248 4064
f 4196 4197 4249
f 4250 4199 4065
f 4097 3341 4251
f 3702 3797 4101
f 4066 3702 4101
f 4098 3601 4066
f 3745 4147 4252
f 4025 4068 4253
f 4069 4148 3806
f 4149 4153 4150
f 3987 4152 4151
f 4148 4152 3850
f 4155 4150 4203
f 4201 4203 4150
f 4203 4201 4202
f 3985 4202 4201
f 4202 3985 4155
f 4150 4155 3985
f 4201 4254 4156
f 3946 4255 4256
f 3892 4256 4255
f 4256 3892 4102
f 4255 3946 4102
f 4033 4157 4204
f 4102 3749 4255
f 3852 4257 3807
f 3809 4158 4036
f 4035 4207 4037
f 4074 4258 4038
f 4074 4207 4258
f 3857 4038 4258
f 3857 4258 3753
f 4103 3753 4259
f 4159 3710 4039
f 3992 3900 3812
f 4212 4104 4105
f 4260 4164 4261
f 4109 4261 4164
f 3899 4215 4163
f 4213 4107 4262
f 4215 3899 4111
f 4164 4263 4214
f 4164 4260 4263
f 4263 4215 4214
f 4213 4264 4162
f 4110 4265 4109
f 4110 4214 4265
f 4164 4214 4110
f 4114 4266 4116
f 4043 4217 4077
f 4077 4217 4076
f 3960 4167 4267
f 3998 4268 4115
f 3998 4218 4268
f 3960 4267 4118
f 4044 4078 4269
f 4117 4044 4269
f 4117 3957 4168
f 4045 4270 4078
f 4119 4117 4168
f 4045 4117 4119
f 4079 4118 4170
f 4168 3999 4119
f 4170 4221 4169
f 4079 4271 4220
f 3962 4046 4272
f 4120 4172 4219
f 4273 4171 4173
f 4221 4274 4173
f 4120 4002 4172
f 4002 4223 4172
f 4124 4080 4275
f 4124 4276 4225
f 4123 4122 4222
f 4080 4082 4275
f 4047 4277 4177
f 4048 4224 4175
f 4224 4048 3964
f 4125 4178 4278
f 4226 4228 4051
f 4226 4127 4050
f 3964 4048 4279
f 4279 4049 3964
f 4225 4276 4082
f 4126 4049 4279
f 4179 4280 4178
f 4227 4229 4128
f 4281 4009 4185
f 4082 4009 4281
f 4185 4181 4229
f 4130 4005 3966
f 4230 4183 4182
f 4185 4134 4181
f 4130 4133 4282
f 4232 4234 4007
f 4134 4056 4181
f 4053 4189 4052
f 4189 4053 4058
f 4283 4187 4183
f 4284 4133 4132
f 4086 4090 4233
f 4285 4286 4138
f 4059 4236 4287
f 4061 4239 4090
f 4242 4134 4135
f 4138 4095 4285
f 4288 4285 4095
f 4091 4285 4192
f 4193 4242 4245
f 4245 3974 4289
f 4094 4290 4089
f 4246 4193 4245
f 4291 4243 4292
f 4140 4063 4195
f 4092 4293 4020
f 4192 4294 3930
f 3974 4295 4289
f 4246 4295 3974
f 4296 3930 4294
f 4297 4298 4246
f 4296 4142 3930
f 4297 4299 4298
f 4094 4096 4300
f 4301 4302 4247
f 4303 4247 4302
f 4299 4304 4298
f 4250 3940 4144
f 4250 4065 3940
f 4197 4248 4249
f 4305 4304 4306
f 4146 4097 4251
f 3797 4097 4146
f 3797 4307 4101
f 4026 4308 3849
f 4025 4253 4100
f 4251 4069 4146
f 4028 3706 4026
f 4032 4309 3802
f 4200 4256 4102
f 4254 4201 4150
f 4156 4254 4032
f 4310 4153 4154
f 3749 4311 4255
f 4155 4312 4154
f 3991 4072 4313
f 3750 4036 4034
f 4206 4073 4314
f 4315 4158 3948
f 4316 4039 4160
f 4208 4317 4209
f 4318 4319 4105
f 4320 4209 4317
f 4161 4318 4105
f 4262 4107 4212
f 4108 4321 4161
f 4262 4321 4108
f 4108 4163 4322
f 4262 4264 4213
f 4322 4262 4108
f 3902 4323 3951
f 4324 4214 4165
f 4214 4113 4165
f 4216 4325 4165
f 4116 4266 4326
f 4043 3996 4217
f 4326 4167 4116
f 4327 4328 4268
f 4268 4329 4327
f 4268 4218 4329
f 4218 4117 4269
f 4170 4118 4330
f 4119 4270 4045
f 3962 4331 4119
f 4331 3962 4272
f 4121 4219 4172
f 4273 4079 4171
f 4220 4332 4000
f 4175 4174 3909
f 4278 4223 4125
f 4124 4275 4276
f 4277 4047 4123
f 4275 4082 4276
f 4126 4279 4048
f 4180 3826 4177
f 4333 4334 4050
f 4333 4050 4129
f 4227 4225 4281
f 4225 4082 4281
f 4180 4232 3868
f 4129 4130 4333
f 4281 4185 4229
f 4130 4129 4005
f 4183 4231 4335
f 4336 4084 4186
f 4186 4084 4085
f 4337 4133 4284
f 4186 4138 4286
f 4056 4338 4087
f 4242 4338 4134
f 4338 4242 4059
f 4090 4238 4233
f 4238 4090 4239
f 4339 4286 4285
f 4088 4136 4244
f 4136 3925 4340
f 4061 4241 4238
f 4341 4135 4087
f 4339 4091 4342
f 3925 4243 4340
f 4341 4093 4135
f 4236 4089 4290
f 4091 4339 4285
f 4240 4137 4343
f 4344 4287 4236
f 4287 4344 4297
f 4288 4095 4345
f 4288 4192 4285
f 4091 4296 4342
f 4346 4141 3971
f 4347 4241 4191
f 4137 4023 4343
f 4091 4142 4296
f 4093 4343 4023
f 4297 4246 4348
f 4244 4301 4247
f 4349 4297 4344
f 4094 4300 4290
f 4095 4350 4345
f 4351 4294 4192
f 4352 4295 4246
f 4096 4020 4293
f 4095 4196 4350
f 4353 4300 4096
f 4353 4096 4293
f 4194 4294 4142
f 4289 4295 4354
f 4355 4246 4298
f 4356 4357 4358
f 4295 4359 4354
f 4196 4360 4350
f 4294 4198 4142
f 4356 4358 4144
f 4304 4299 4361
f 4358 4362 4144
f 4298 4304 4305
f 4363 4303 4364
f 4364 4303 4302
f 4196 4365 4360
f 4249 4365 4196
f 4304 4366 4306
f 4304 4361 4366
f 4306 4366 4367
f 4146 4368 3797
f 3701 4145 4099
f 4251 4368 4069
f 3602 4307 4146
f 4101 4307 3602
f 4026 3706 4308
f 4070 4369 3706
f 3802 4309 4145
f 3944 4151 3986
f 3892 4070 3507
f 4150 4153 4370
f 4154 4312 4310
f 4155 4203 4312
f 3946 4311 3749
f 3852 4034 4257
f 4034 4036 4257
f 4313 4205 3991
f 4371 4073 4205
f 3948 4372 4373
f 4372 3948 4159
f 4258 4259 3753
f 4374 4210 4209
f 4320 4374 4209
f 4319 4212 4105
f 4321 4375 4161
f 4260 4261 4376
f 4212 4321 4262
f 4162 4264 4377
f 4261 4109 4265
f 4265 4214 4324
f 3954 3951 4323
f 3954 4378 3953
f 3996 4379 4325
f 4216 3996 4325
f 3996 4043 4379
f 3905 3953 4380
f 3905 4380 3958
f 4166 3958 4381
f 4118 4267 4330
f 4078 4270 4269
f 4382 4119 4383
f 4270 4119 4382
f 4383 4119 4384
f 4273 4271 4079
f 4221 4385 4274
f 4220 4386 4332
f 4046 4174 4387
f 4172 4388 4001
f 4389 4173 4274
f 4388 4390 4001
f 4000 4391 4222
f 4277 4123 4222
f 4050 4392 4226
f 4393 4392 4050
f 4050 4334 4393
f 4178 4280 4278
f 4280 4179 4394
f 4229 4227 4281
f 4282 4395 4130
f 4337 4396 4133
f 4133 4396 4282
f 4286 4397 4186
f 4235 4398 4188
f 4338 4056 4134
f 4187 4398 4235
f 4283 4398 4187
f 4238 4241 4399
f 4240 4400 4401
f 4400 4240 4343
f 4399 4241 4401
f 4342 4288 4339
f 4290 4344 4236
f 4240 4401 4191
f 4287 4297 4348
f 4340 4243 4402
f 4243 4291 4402
f 4245 4348 4246
f 4402 4291 4292
f 4191 4401 4347
f 4243 3939 4403
f 4403 4292 4243
f 4351 4192 4288
f 4349 4299 4297
f 4352 4246 4355
f 4194 4404 4294
f 4247 4404 4194
f 4303 4404 4247
f 3939 4199 4403
f 4305 4355 4298
f 4305 4306 4405
f 4248 4365 4249
f 4406 4407 4306
f 4367 4406 4306
f 4068 4099 4253
f 3341 4100 4408
f 4252 4066 4101
f 4026 4098 4028
f 4146 4409 4368
f 4101 3745 4252
f 4152 4148 4410
f 4028 4369 4147
f 4150 4370 4411
f 4254 4150 4411
f 4151 4152 4412
f 4153 4310 4370
f 4204 4157 4413
f 4257 4072 3807
f 4374 4208 4210
f 4414 4106 3900
f 4415 4320 4317
f 4416 4417 4418
f 4416 4320 4417
f 4415 4419 4320
f 4419 4417 4320
f 4215 4417 4419
f 4215 4419 4163
f 4106 4323 3902
f 4163 4420 4322
f 4376 4263 4260
f 4322 4264 4262
f 4421 4323 4422
f 4324 4165 4325
f 4421 3954 4323
f 4423 4266 4114
f 4423 4114 4166
f 4043 4115 4424
f 4381 4425 4166
f 4426 4115 4268
f 4268 4328 4426
f 4327 4329 4427
f 4329 4428 4427
f 4382 4429 4270
f 4385 4170 4330
f 4384 4119 4430
f 4220 4431 4432
f 4220 4432 4433
f 4119 4331 4430
f 4385 4221 4170
f 4220 4433 4386
f 4046 4387 4272
f 4388 4172 4223
f 4390 4388 4387
f 4173 4389 4273
f 4176 4001 4390
f 4175 4224 4434
f 4434 4224 4176
f 4280 4435 4278
f 4179 4228 4394
f 4334 4436 4437
f 4230 4182 4231
f 4438 4333 4130
f 4130 4395 4438
f 4395 4282 4233
f 4283 4183 4335
f 4395 4233 4439
f 4336 4186 4397
f 4182 4188 4440
f 4398 4440 4188
f 4282 4284 4233
f 4233 4284 4132
f 4338 4059 4441
f 4286 4442 4397
f 4233 4238 4399
f 4443 4400 4444
f 4445 4087 4338
f 4084 4446 4092
f 4441 4059 4287
f 4442 4286 4339
f 4341 4444 4400
f 4343 4341 4400
f 4343 4093 4447
f 4343 4447 4448
f 4343 4448 4341
f 4448 4449 4093
f 4341 4448 4093
f 4441 4287 4348
f 4339 4288 4345
f 4241 4347 4401
f 4093 4449 4447
f 4342 4296 4288
f 4244 4340 4301
f 4402 4292 4340
f 4450 4451 4452
f 4141 4346 4453
f 4346 3971 4454
f 4290 4300 4353
f 4353 4455 4290
f 4301 4340 4403
f 4340 4292 4403
f 4453 4143 4141
f 4455 4353 4293
f 4346 4357 4356
f 4144 4143 4356
f 4352 4359 4295
f 4299 4456 4361
f 4457 4198 4294
f 4457 4458 4198
f 4305 4459 4355
f 4458 4248 4198
f 4405 4459 4305
f 4460 4307 3797
f 4307 4409 4146
f 4369 4308 3706
f 4200 4461 4256
f 4032 4413 4309
f 4073 4371 4314
f 4462 4035 4206
f 4205 4313 4371
f 4035 4463 4207
f 3948 4373 4315
f 4207 4464 4258
f 4372 4159 4465
f 4159 4039 4465
f 4039 4316 4465
f 4160 3897 4211
f 4103 4466 3992
f 3900 3992 4414
f 4320 4416 4374
f 4319 4467 4212
f 4467 4468 4212
f 4415 4416 4418
f 4415 4317 4416
f 4075 4162 4377
f 4415 4418 4419
f 4469 4419 4418
f 4469 4418 4417
f 4419 4469 4470
f 4419 4470 4163
f 4470 4471 4163
f 4215 4469 4417
f 4163 4471 4420
f 4261 4265 4376
f 4376 4265 4263
f 4472 4420 4473
f 4420 4472 4322
f 4472 4377 4264
f 4264 4322 4472
f 4324 4325 4474
f 4421 4378 3954
f 4378 4380 3953
f 4326 4266 4423
f 4167 4326 4475
f 4476 4424 4115
f 4167 4477 4267
f 4115 4426 4476
f 4327 4427 4328
f 4478 4218 4269
f 4270 4429 4269
f 4427 4428 4479
f 4218 4478 4329
f 4431 4386 4432
f 4480 4220 4271
f 4480 4431 4220
f 4432 4271 4433
f 4271 4432 4480
f 4386 4480 4432
f 4480 4386 4433
f 4273 4433 4271
f 4430 4331 4272
f 4387 4388 4272
f 4387 4481 4390
f 4482 4483 4484
f 4485 4484 4483
f 4387 4174 4486
f 4000 4332 4391
f 4434 4176 4390
f 4392 4487 4226
f 4488 4435 4280
f 4489 4334 4490
f 4490 4334 4333
f 4489 4436 4334
f 4437 4436 4491
f 4231 4182 4492
f 4438 4395 4396
f 4439 4493 4395
f 4494 4493 4439
f 4395 4495 4396
f 4495 4282 4396
f 4495 4284 4282
f 4439 4233 4399
f 4400 4443 4496
f 4084 4336 4446
f 4441 4445 4338
f 4244 4136 4340
f 4496 4401 4400
f 4348 4445 4441
f 4497 4341 4087
f 3919 4498 4237
f 4499 4452 4451
f 4444 4448 4447
f 4448 4444 4449
f 4341 4449 4444
f 4339 4345 4442
f 4237 4454 3971
f 4452 4500 4450
f 4296 4351 4288
f 4501 4450 4500
f 4346 4454 4357
f 4296 4294 4502
f 4503 4352 4355
f 4504 4143 4453
f 4404 4502 4294
f 4356 4143 4505
f 4506 4507 4301
f 4301 4507 4302
f 4350 4360 4457
f 4508 4302 4507
f 4354 4359 4509
f 4510 4144 4362
f 4364 4302 4508
f 4458 4365 4248
f 4364 4511 4363
f 4512 4367 4366
f 4306 4407 4405
f 4513 4406 4367
f 4406 4513 4514
f 4514 4515 4406
f 4514 4513 4515
f 3341 4408 4516
f 3797 4368 4460
f 4516 4251 3341
f 4517 4099 4145
f 4069 4368 4518
f 4070 4519 4369
f 4520 4517 4145
f 4517 4520 4309
f 3943 4309 4520
f 4309 3943 4145
f 3943 3986 4145
f 4520 4157 3943
f 4309 4413 4517
f 4311 4521 4255
f 4255 4521 3892
f 4032 4254 4413
f 4204 4254 4203
f 4254 4312 4203
f 4036 4158 4315
f 4522 4371 4313
f 4464 4523 4258
f 4258 4523 4259
f 4259 4524 4103
f 4524 4525 4103
f 4525 4466 4103
f 4319 4318 4467
f 3992 4466 4414
f 4208 4374 4317
f 4317 4374 4416
f 4318 4161 4375
f 4526 4212 4468
f 4526 4321 4212
f 4526 4375 4321
f 4527 4528 4469
f 4469 4215 4527
f 4526 4472 4473
f 4263 4265 4324
f 4215 4263 4324
f 4526 4377 4472
f 4423 4529 4326
f 4326 4529 4475
f 4379 4043 4530
f 4475 4477 4167
f 4477 4475 4531
f 4532 4533 4476
f 4533 4424 4476
f 4477 4534 4267
f 4330 4267 4535
f 4536 4328 4427
f 4429 4478 4269
f 4478 4536 4329
f 4537 4429 4382
f 4538 4382 4383
f 4431 4433 4273
f 4480 4433 4431
f 4431 4273 4386
f 4539 4538 4383
f 4384 4539 4383
f 4272 4388 4481
f 4540 4481 4388
f 4223 4541 4388
f 4482 4542 4483
f 4483 4542 4543
f 4483 4543 4485
f 4481 4540 4390
f 4486 4174 4175
f 4434 4486 4175
f 4278 4544 4223
f 4177 4545 4180
f 4226 4394 4228
f 4437 4546 4334
f 4394 4547 4280
f 4437 4491 4548
f 4489 4549 4436
f 4550 4491 4436
f 4333 4438 4490
f 4551 4552 4443
f 4493 4553 4554
f 4555 4551 4443
f 4493 4494 4552
f 4493 4554 4395
f 4495 4395 4554
f 4396 4556 4438
f 4439 4552 4494
f 4337 4556 4396
f 4439 4399 4552
f 4555 4443 4557
f 4499 4556 4337
f 4284 4495 4558
f 4558 4337 4284
f 4559 4560 4561
f 4499 4562 4556
f 4443 4563 4557
f 4442 4446 4336
f 4397 4442 4336
f 4337 4558 4499
f 4563 4443 4444
f 4496 4399 4401
f 4445 4497 4087
f 4564 4293 4446
f 4293 4092 4446
f 4455 4293 4564
f 4344 4564 4349
f 4290 4455 4344
f 4351 4296 4565
f 4565 4296 4502
f 4566 4567 4447
f 4350 4351 4345
f 4351 4568 4345
f 4403 4506 4301
f 4569 4567 4570
f 4570 4567 4566
f 4351 4571 4294
f 4354 4509 4289
f 4503 4355 4572
f 4350 4457 4571
f 4571 4457 4294
f 4199 4250 4403
f 4144 4510 4250
f 4459 4572 4355
f 4456 4573 4361
f 4574 4303 4363
f 4360 4458 4457
f 4575 4366 4573
f 4361 4573 4366
f 4576 4364 4508
f 4458 4360 4365
f 4513 4367 4512
f 4069 4577 4148
f 4368 4251 4460
f 4252 4578 4579
f 4252 4579 4066
f 4368 4409 4518
f 4028 4580 4369
f 4308 4369 4580
f 4145 3986 4520
f 4256 4461 4521
f 4581 4517 4413
f 4521 4311 4256
f 3946 4256 4311
f 4204 4413 4254
f 4582 4206 4314
f 4257 4583 4072
f 4036 4584 4257
f 4072 4585 4313
f 4462 4463 4035
f 4463 4464 4207
f 4373 4372 4465
f 4316 4160 4211
f 4471 4470 4586
f 4075 4377 4587
f 4588 4323 4106
f 4589 4469 4528
f 4375 4526 4473
f 4469 4589 4590
f 4590 4470 4469
f 4377 4526 4587
f 4420 4591 4473
f 4527 4215 4324
f 4592 4593 4594
f 4594 4593 4595
f 4593 4596 4595
f 4378 4597 4380
f 4529 4423 4598
f 4425 4423 4166
f 4530 4043 4424
f 4532 4476 4599
f 4600 4426 4328
f 4534 4535 4267
f 4328 4536 4600
f 4427 4479 4536
f 4537 4601 4429
f 4601 4478 4429
f 4329 4536 4428
f 4602 4385 4330
f 4382 4603 4537
f 4430 4604 4384
f 4538 4603 4382
f 4539 4542 4538
f 4605 4430 4272
f 4385 4602 4274
f 4539 4543 4542
f 4543 4539 4606
f 4272 4481 4605
f 4607 4608 4273
f 4273 4389 4607
f 4482 4485 4542
f 4543 4609 4485
f 4387 4486 4481
f 4486 4605 4481
f 4390 4540 4610
f 4485 4482 4484
f 4392 4393 4487
f 4611 4226 4487
f 4546 4437 4548
f 4393 4334 4546
f 4180 4545 4612
f 4547 4488 4280
f 4612 4613 4180
f 4180 4613 4232
f 4614 4553 4551
f 4551 4553 4552
f 4491 4550 4335
f 4436 4549 4550
f 4552 4553 4493
f 4615 4182 4440
f 4550 4616 4335
f 4443 4552 4496
f 4617 4283 4335
f 4555 4557 4618
f 4562 4499 4451
f 3919 4190 4619
f 4620 4499 4558
f 4562 4451 4450
f 4444 4447 4621
f 4620 4452 4499
f 4455 4564 4344
f 4442 4345 4568
f 4567 4569 4447
f 4449 4566 4447
f 4289 4503 4245
f 4501 4622 4450
f 4350 4623 4568
f 4351 4350 4624
f 4568 4624 4350
f 4624 4568 4565
f 4565 4568 4351
f 4453 4346 4356
f 4571 4623 4350
f 4624 4571 4351
f 4623 4571 4624
f 4501 4500 4625
f 4626 4352 4503
f 4505 4504 4453
f 4501 4627 4622
f 4289 4509 4626
f 4501 4625 4627
f 4359 4352 4509
f 4404 4303 4574
f 4628 4403 4250
f 4504 4510 4143
f 4143 4510 4505
f 4629 4570 4630
f 4630 4570 4566
f 4510 4628 4250
f 4362 4358 4357
f 4510 4362 4631
f 4574 4363 4511
f 4575 4632 4366
f 4366 4632 4512
f 4406 4633 4407
f 4513 4633 4515
f 4406 4515 4633
f 4307 4460 4409
f 3986 4151 4634
f 4408 4100 4635
f 4028 4098 4580
f 4148 4577 4636
f 4152 4410 4412
f 4411 4370 4310
f 4520 4413 4157
f 4411 4310 4637
f 4638 4584 4036
f 4522 4313 4585
f 4259 4523 4639
f 4525 4524 4466
f 4640 4466 4524
f 4414 4466 4640
f 4640 4641 4414
f 4075 4642 4211
f 4467 4318 4375
f 4643 4106 4414
f 4075 4587 4642
f 4527 4644 4528
f 4421 4422 4645
f 4474 4527 4324
f 4421 4597 4378
f 4379 4646 4325
f 4646 4474 4325
f 4598 4423 4425
f 4646 4379 4530
f 4426 4647 4476
f 4477 4648 4534
f 4478 4601 4600
f 4600 4536 4478
f 4479 4428 4536
f 4535 4602 4330
f 4649 4604 4430
f 4386 4650 4332
f 4273 4608 4386
f 4538 4542 4606
f 4606 4539 4651
f 4651 4539 4384
f 4652 4332 4653
f 4607 4389 4274
f 4391 4332 4652
f 4609 4542 4485
f 4605 4486 4654
f 4277 4222 4391
f 4654 4434 4390
f 4654 4390 4610
f 4434 4654 4486
f 4487 4393 4546
f 4491 4655 4548
f 4553 4614 4656
f 4657 4549 4489
f 4614 4551 4658
f 4658 4551 4555
f 4615 4492 4182
f 4231 4492 4335
f 4549 4616 4550
f 4555 4659 4658
f 4555 4660 4659
f 4660 4555 4618
f 4559 4661 4618
f 4495 4554 4662
f 4552 4399 4496
f 4618 4560 4559
f 4190 4234 4663
f 4495 4662 4664
f 4561 4665 4559
f 4283 4440 4398
f 4558 4495 4664
f 4557 4560 4618
f 4560 4557 4563
f 4348 4666 4445
f 4619 4498 3919
f 4341 4497 4449
f 4449 4497 4667
f 4237 4498 4454
f 4348 4245 4668
f 4450 4669 4562
f 4447 4569 4621
f 4449 4670 4566
f 4450 4622 4669
f 4626 4503 4289
f 4623 4671 4568
f 4672 4299 4349
f 4624 4565 4623
f 4453 4356 4505
f 4670 4630 4566
f 4403 4628 4506
f 4352 4626 4509
f 4299 4672 4456
f 4504 4628 4510
f 4357 4454 4362
f 4673 4507 4506
f 4673 4506 4628
f 4508 4507 4674
f 4631 4505 4510
f 4459 4675 4572
f 4459 4575 4675
f 4575 4459 4405
f 4098 4066 4579
f 4518 4577 4069
f 4308 4580 4676
f 4676 3849 4308
f 3849 4676 4200
f 4677 4517 4581
f 4254 4411 4637
f 4310 4312 4637
f 4254 4637 4312
f 4582 4678 4206
f 4036 4315 4638
f 4679 4523 4680
f 4639 4523 4679
f 4639 4524 4259
f 4641 4643 4414
f 4467 4375 4468
f 4106 4643 4588
f 4591 4420 4471
f 4592 4596 4593
f 4681 4475 4529
f 3958 4380 4381
f 4533 4682 4424
f 4381 4683 4425
f 4477 4531 4648
f 4533 4532 4682
f 4600 4601 4426
f 4648 4535 4534
f 4684 4601 4537
f 4384 4603 4651
f 4538 4651 4603
f 4332 4650 4653
f 4651 4538 4606
f 4649 4430 4605
f 4685 4274 4602
f 4542 4609 4606
f 4543 4606 4609
f 4540 4388 4541
f 4277 4391 4652
f 4541 4223 4544
f 4177 4277 4652
f 4278 4686 4544
f 4435 4686 4278
f 4435 4687 4686
f 4226 4611 4394
f 4488 4687 4435
f 4656 4614 4688
f 4689 4656 4688
f 4657 4489 4490
f 4687 4488 4690
f 4547 4690 4488
f 4490 4438 4657
f 4438 4556 4657
f 4232 4613 4234
f 4691 4554 4553
f 4692 4616 4549
f 4554 4693 4662
f 4615 4440 4617
f 4616 4617 4335
f 4440 4283 4617
f 4446 4694 4695
f 4659 4696 4697
f 4444 4659 4660
f 4698 4561 4560
f 4699 4556 4562
f 4446 4700 4564
f 4667 4497 4698
f 4698 4497 4701
f 4445 4701 4497
f 4666 4701 4445
f 4702 4703 4452
f 4703 4500 4452
f 4442 4568 4671
f 4669 4500 4703
f 4245 4503 4704
f 4669 4625 4500
f 4669 4622 4625
f 4569 4570 4705
f 4706 4502 4404
f 4627 4625 4707
f 4706 4404 4574
f 4505 4628 4504
f 4622 4627 4708
f 4623 4709 4710
f 4631 4711 4505
f 4712 4629 4630
f 4574 4511 4713
f 4364 4713 4511
f 4709 4714 4715
f 4362 4716 4631
f 4632 4575 4405
f 4251 4516 4717
f 4460 4251 4717
f 4148 4718 4410
f 4517 4677 4719
f 4314 4371 4582
f 4257 4720 4583
f 4463 4721 4464
f 4722 4465 4316
f 4524 4723 4640
f 4641 4640 4723
f 4590 4586 4470
f 4375 4724 4468
f 4375 4591 4724
f 4644 4589 4528
f 4375 4473 4591
f 4725 4644 4527
f 4592 4726 4596
f 4527 4474 4727
f 4529 4598 4728
f 4594 4595 4729
f 4729 4595 4596
f 4730 4380 4597
f 4474 4646 4731
f 4647 4424 4682
f 4530 4424 4647
f 4381 4380 4683
f 4599 4647 4682
f 4599 4476 4647
f 4599 4682 4532
f 4647 4426 4732
f 4426 4601 4732
f 4537 4733 4684
f 4733 4537 4603
f 4603 4384 4604
f 4650 4386 4608
f 4610 4540 4734
f 4541 4734 4540
f 4735 4541 4736
f 4736 4541 4544
f 4611 4487 4546
f 4546 4548 4737
f 4614 4738 4739
f 4739 4688 4614
f 4658 4738 4614
f 4655 4491 4335
f 4492 4655 4335
f 4556 4740 4657
f 4693 4554 4691
f 4659 4697 4658
f 4613 4663 4234
f 4662 4741 4664
f 4741 4662 4742
f 4700 4446 4695
f 4665 4561 4698
f 4743 4556 4699
f 4664 4741 4744
f 4444 4660 4563
f 4667 4560 4563
f 4663 4619 4190
f 4741 4745 4744
f 4659 4444 4696
f 4698 4560 4667
f 4746 4620 4558
f 4742 4745 4741
f 4696 4444 4621
f 4747 4564 4700
f 4748 4749 4750
f 4702 4452 4620
f 4348 4668 4666
f 4446 4442 4751
f 4562 4669 4702
f 4752 4749 4753
f 4703 4702 4669
f 4704 4668 4245
f 4752 4753 4754
f 4755 4756 4565
f 4755 4565 4502
f 4503 4572 4704
f 4755 4502 4757
f 4565 4756 4623
f 4625 4622 4707
f 4757 4502 4706
f 4622 4708 4707
f 4705 4570 4629
f 4623 4710 4671
f 4672 4758 4456
f 4576 4674 4759
f 4574 4713 4706
f 4674 4576 4508
f 4628 4711 4760
f 4673 4761 4507
f 4673 4628 4760
f 4711 4631 4762
f 4763 4575 4573
f 4576 4713 4364
f 4631 4764 4762
f 4765 4764 4631
f 4407 4632 4405
f 4407 4766 4632
f 4714 4767 4715
f 4407 4633 4768
f 4769 4409 4460
f 4098 4579 4770
f 4580 4098 4771
f 4151 4412 4634
f 4100 4253 4772
f 4100 4772 4635
f 4769 4460 4717
f 4148 4636 4718
f 4578 4252 4773
f 4369 4774 4147
f 4147 4774 4775
f 3892 4776 4070
f 4581 4413 4777
f 4461 4778 4521
f 4678 4462 4206
f 4371 4522 4779
f 4523 4780 4680
f 4680 4781 4679
f 4781 4639 4679
f 4639 4781 4723
f 4639 4723 4524
f 4211 4642 4316
f 4723 4782 4641
f 4641 4782 4643
f 4471 4586 4783
f 4783 4586 4590
f 4783 4591 4471
f 4526 4468 4587
f 4589 4644 4590
f 4588 4422 4323
f 4784 4421 4645
f 4594 4729 4592
f 4726 4785 4596
f 4529 4728 4681
f 4475 4681 4531
f 4646 4530 4786
f 4646 4786 4731
f 4601 4684 4732
f 4604 4733 4603
f 4787 4653 4650
f 4604 4649 4788
f 4734 4649 4605
f 4610 4734 4605
f 4274 4685 4607
f 4605 4654 4610
f 4177 4652 4545
f 4789 4394 4611
f 4738 4790 4656
f 4553 4656 4790
f 4738 4658 4790
f 4791 4792 4657
f 4792 4549 4657
f 4792 4692 4549
f 4793 4615 4617
f 4617 4616 4793
f 4793 4616 4692
f 4559 4665 4661
f 4743 4740 4556
f 4661 4794 4618
f 4662 4795 4742
f 4740 4746 4558
f 4618 4796 4660
f 4664 4744 4797
f 4667 4563 4660
f 4750 4749 4798
f 4698 4701 4799
f 4699 4702 4620
f 4800 4666 4668
f 4699 4562 4702
f 4564 4747 4349
f 4749 4801 4753
f 4442 4671 4751
f 4674 4802 4759
f 4753 4628 4754
f 4757 4706 4759
f 4628 4505 4754
f 4759 4706 4576
f 4674 4507 4761
f 4803 4628 4753
f 4754 4505 4803
f 4803 4711 4628
f 4711 4803 4505
f 4627 4707 4708
f 4623 4804 4709
f 4675 4805 4572
f 4805 4675 4763
f 4573 4456 4806
f 4454 4716 4362
f 4710 4709 4715
f 4763 4675 4575
f 4714 4709 4804
f 4573 4807 4763
f 4766 4512 4632
f 4808 4809 4765
f 4633 4810 4768
f 4099 4811 4253
f 4812 4772 4253
f 4771 4676 4580
f 4578 4773 4579
f 4719 4099 4517
f 3986 4634 4520
f 4412 4410 4813
f 4409 4769 4518
f 4520 4777 4413
f 4776 3892 4521
f 4678 4582 4814
f 4257 4584 4720
f 4582 4371 4779
f 4072 4583 4585
f 4638 4315 4815
f 4585 4816 4522
f 4315 4373 4815
f 4464 4817 4523
f 4523 4817 4780
f 4815 4373 4465
f 4815 4465 4722
f 4782 4818 4643
f 4468 4724 4819
f 4592 4729 4726
f 4421 4784 4597
f 4785 4726 4820
f 4727 4474 4731
f 4681 4821 4531
f 4596 4785 4822
f 4531 4821 4823
f 4647 4786 4530
f 4531 4823 4648
f 4824 4788 4649
f 4734 4541 4735
f 4607 4685 4825
f 4611 4826 4736
f 4544 4611 4736
f 4611 4544 4789
f 4611 4546 4826
f 4394 4789 4547
f 4548 4655 4792
f 4655 4492 4793
f 4790 4691 4553
f 4827 4790 4658
f 4615 4793 4492
f 4828 4692 4792
f 4658 4697 4827
f 4829 4662 4693
f 4829 4797 4662
f 4665 4830 4661
f 4831 4664 4797
f 4797 4795 4662
f 4558 4664 4740
f 4618 4794 4796
f 4696 4621 4832
f 4799 4833 4698
f 4746 4699 4620
f 4745 4742 4834
f 4799 4701 4800
f 4749 4752 4835
f 4701 4666 4800
f 4667 4836 4449
f 4836 4670 4449
f 4748 4801 4749
f 4837 4349 4747
f 4704 4838 4668
f 4498 4839 4454
f 4802 4840 4759
f 4755 4757 4841
f 4842 4704 4572
f 4802 4674 4843
f 4844 4705 4629
f 4805 4842 4572
f 4805 4672 4842
f 4674 4761 4843
f 4672 4805 4758
f 4576 4706 4713
f 4760 4711 4845
f 4715 4846 4710
f 4765 4631 4716
f 4847 4809 4848
f 4765 4809 4764
f 4764 4809 4847
f 4765 4716 4808
f 4512 4766 4513
f 4098 4770 4849
f 4098 4849 4771
f 4516 4408 4850
f 4718 4851 4410
f 4851 4718 4635
f 4851 4635 4852
f 4851 4852 4853
f 4635 4718 4408
f 4853 4408 4718
f 4408 4853 4852
f 4252 4147 4773
f 4369 4519 4774
f 4776 4521 4778
f 4814 4582 4779
f 4721 4817 4464
f 4819 4724 4854
f 4587 4468 4819
f 4818 4588 4643
f 4591 4783 4855
f 4590 4644 4856
f 4729 4857 4726
f 4820 4726 4857
f 4820 4858 4785
f 4527 4727 4859
f 4784 4730 4597
f 4729 4596 4822
f 4731 4785 4727
f 4785 4858 4727
f 4731 4822 4785
f 4380 4730 4683
f 4860 4861 4862
f 4732 4786 4647
f 4863 4787 4650
f 4650 4608 4863
f 4604 4864 4865
f 4788 4864 4604
f 4824 4649 4734
f 4866 4735 4736
f 4866 4736 4826
f 4867 4868 4869
f 4652 4870 4545
f 4867 4871 4868
f 4868 4871 4872
f 4686 4789 4544
f 4789 4686 4873
f 4688 4874 4689
f 4874 4688 4739
f 4875 4656 4689
f 4656 4875 4738
f 4548 4792 4737
f 4547 4873 4690
f 4791 4737 4792
f 4876 4691 4790
f 4655 4793 4692
f 4828 4655 4692
f 4657 4740 4831
f 4661 4830 4794
f 4797 4829 4831
f 4831 4740 4664
f 4665 4877 4830
f 4740 4743 4746
f 4832 4697 4696
f 4698 4833 4665
f 4878 4879 4694
f 4746 4743 4699
f 4694 4446 4878
f 4880 4798 4749
f 4832 4621 4881
f 4836 4667 4660
f 4744 4745 4834
f 4749 4835 4880
f 4446 4751 4878
f 4882 4801 4748
f 4800 4668 4838
f 4801 4840 4802
f 4569 4881 4621
f 4881 4569 4705
f 4836 4883 4670
f 4752 4754 4835
f 4837 4842 4672
f 4349 4837 4672
f 4842 4838 4704
f 4802 4843 4801
f 4753 4801 4803
f 4630 4670 4883
f 4754 4803 4884
f 4629 4712 4844
f 4630 4844 4712
f 4758 4806 4456
f 4710 4846 4671
f 4623 4756 4804
f 4761 4885 4843
f 4806 4807 4573
f 4886 4761 4673
f 4847 4673 4760
f 4715 4767 4887
f 4714 4887 4767
f 4513 4766 4810
f 4633 4513 4810
f 4717 4516 4888
f 4775 4849 4147
f 4771 4849 4775
f 4852 4889 4772
f 4813 4772 4889
f 4772 4813 4635
f 4410 4635 4813
f 4635 4410 4852
f 4889 4852 4410
f 4410 4851 4889
f 4889 4851 4890
f 4853 4890 4851
f 4518 4769 4717
f 4200 4676 4891
f 4718 4636 4853
f 4519 4070 4892
f 4070 4776 4892
f 4461 4893 4778
f 4720 4584 4638
f 4815 4894 4638
f 4895 4781 4680
f 4896 4815 4722
f 4722 4316 4897
f 4316 4642 4897
f 4724 4591 4854
f 4588 4818 4898
f 4898 4818 4899
f 4422 4898 4645
f 4898 4899 4645
f 4900 4898 4422
f 4588 4900 4422
f 4855 4783 4590
f 4899 4784 4645
f 4527 4859 4725
f 4784 4901 4730
f 4729 4822 4857
f 4902 4728 4598
f 4786 4822 4731
f 4903 4904 4861
f 4861 4860 4903
f 4860 4905 4903
f 4648 4906 4535
f 4907 4908 4909
f 4910 4733 4604
f 4653 4787 4911
f 4864 4788 4912
f 4735 4824 4734
f 4913 4824 4735
f 4653 4914 4652
f 4867 4915 4871
f 4866 4826 4916
f 4872 4871 4917
f 4918 4868 4872
f 4612 4545 4870
f 4689 4919 4875
f 4874 4739 4920
f 4873 4686 4687
f 4546 4737 4921
f 4789 4873 4547
f 4873 4687 4690
f 4739 4738 4922
f 4657 4923 4791
f 4827 4738 4924
f 4925 4922 4827
f 4827 4922 4738
f 4923 4657 4831
f 4827 4924 4790
f 4790 4924 4876
f 4827 4697 4925
f 4693 4926 4829
f 4877 4927 4830
f 4691 4926 4693
f 4697 4832 4928
f 4797 4926 4795
f 4797 4744 4929
f 4926 4797 4929
f 4930 4931 4665
f 4665 4931 4877
f 4834 4929 4744
f 4932 4931 4933
f 4748 4750 4882
f 4934 4832 4881
f 4747 4700 4935
f 4931 4936 4933
f 4933 4837 4932
f 4931 4930 4936
f 4837 4933 4936
f 4882 4840 4801
f 4838 4930 4800
f 4935 4937 4747
f 4747 4937 4837
f 4936 4930 4838
f 4837 4936 4842
f 4936 4838 4842
f 4835 4754 4884
f 4759 4938 4757
f 4801 4843 4939
f 4705 4844 4940
f 4756 4755 4941
f 4883 4844 4630
f 4711 4762 4845
f 4758 4805 4942
f 4805 4763 4942
f 4885 4761 4886
f 4763 4807 4942
f 4714 4943 4887
f 4886 4673 4847
f 4944 4847 4760
f 4847 4848 4886
f 4944 4762 4764
f 4944 4764 4847
f 4848 4945 4886
f 4716 4946 4808
f 4407 4768 4766
f 4947 4848 4809
f 4768 4810 4766
f 4848 4947 4945
f 4849 4770 4948
f 4849 4948 4949
f 4408 4852 4850
f 4579 4950 4770
f 4890 4412 4813
f 4518 4717 4888
f 4147 4951 4773
f 4676 4952 4891
f 4953 4776 4778
f 4677 4954 4955
f 4677 4581 4954
f 4581 4777 4954
f 4779 4522 4956
f 4816 4956 4522
f 4721 4957 4817
f 4894 4815 4896
f 4818 4900 4899
f 4588 4899 4900
f 4854 4591 4855
f 4588 4958 4899
f 4588 4898 4958
f 4900 4958 4898
f 4590 4856 4855
f 4644 4725 4856
f 4725 4859 4856
f 4959 4681 4728
f 4681 4959 4821
f 4727 4858 4859
f 4598 4425 4902
f 4960 4823 4821
f 4904 4903 4961
f 4962 4862 4861
f 4786 4862 4962
f 4823 4906 4648
f 4963 4786 4732
f 4905 4964 4903
f 4963 4732 4684
f 4535 4906 4965
f 4909 4966 4967
f 4967 4907 4909
f 4909 4908 4966
f 4733 4968 4969
f 4969 4684 4733
f 4910 4968 4733
f 4910 4604 4865
f 4970 4602 4535
f 4825 4608 4607
f 4653 4911 4914
f 4735 4866 4913
f 4867 4869 4971
f 4867 4971 4915
f 4652 4914 4870
f 4972 4916 4826
f 4917 4871 4915
f 4868 4918 4973
f 4974 4919 4874
f 4919 4689 4874
f 4921 4826 4546
f 4974 4874 4920
f 4737 4975 4921
f 4976 4737 4923
f 4923 4737 4791
f 4739 4977 4920
f 4875 4978 4738
f 4979 4792 4655
f 4738 4978 4924
f 4977 4739 4980
f 4979 4655 4828
f 4792 4981 4828
f 4978 4922 4924
f 4925 4924 4922
f 4922 4980 4739
f 4924 4925 4876
f 4876 4925 4982
f 4927 4983 4830
f 4984 4695 4985
f 4985 4695 4694
f 4879 4985 4694
f 4795 4926 4986
f 4926 4691 4986
f 4700 4695 4984
f 4987 4660 4796
f 4665 4833 4988
f 4877 4931 4989
f 4929 4742 4795
f 4882 4750 4798
f 4990 4798 4880
f 4989 4665 4988
f 4665 4989 4930
f 4742 4929 4834
f 4660 4987 4836
f 4930 4989 4991
f 4799 4800 4992
f 4800 4930 4991
f 4937 4932 4837
f 4800 4991 4992
f 4993 4755 4841
f 4755 4993 4941
f 4803 4801 4939
f 4757 4938 4841
f 4671 4846 4751
f 4454 4839 4716
f 4756 4994 4804
f 4846 4715 4943
f 4760 4845 4995
f 4804 4943 4714
f 4760 4995 4886
f 4760 4886 4944
f 4887 4943 4715
f 4947 4809 4808
f 4770 4951 4147
f 4770 4950 4951
f 4948 4770 4996
f 4147 4996 4770
f 4147 4849 4996
f 4676 4771 4952
f 4099 4719 4811
f 4890 4813 4889
f 4997 4577 4518
f 4773 4998 4579
f 4461 4200 4999
f 4892 4776 5000
f 5001 4461 4999
f 4461 5002 4893
f 4777 5003 4954
f 5004 4585 4583
f 4720 4638 5005
f 4816 4585 4956
f 4638 4894 5005
f 4680 4780 4895
f 4781 4895 5006
f 4781 5006 4723
f 4722 4897 4896
f 5007 4819 4854
f 4784 5008 4901
f 4784 4899 5008
f 4728 5009 4959
f 4820 4857 4858
f 5010 4962 4861
f 4786 4962 4822
f 4861 4904 5010
f 5011 4860 5012
f 4862 5012 4860
f 4823 4960 4906
f 4862 4786 5013
f 4963 5013 4786
f 4684 4969 4963
f 4910 4865 5014
f 4912 4788 5015
f 4824 5015 4788
f 5016 5015 4824
f 4913 5016 4824
f 4912 5017 5018
f 4866 4916 4913
f 4914 5019 4870
f 5020 4869 4868
f 4974 5021 4919
f 4917 4918 4872
f 4974 4920 5022
f 4919 5023 4875
f 4976 4975 4737
f 5024 4920 4977
f 5025 5024 4977
f 5026 4981 4792
f 4979 4828 5027
f 4925 4980 4978
f 4922 4978 4980
f 4925 4697 4980
f 4830 4983 4794
f 4876 4982 4691
f 4927 4877 5028
f 4877 4989 5029
f 4926 4929 5030
f 5031 4988 4833
f 4931 4932 5032
f 4700 5033 4935
f 4992 5031 4833
f 4989 4931 5034
f 4989 5034 4991
f 5035 5032 4932
f 4833 4799 4992
f 5035 4932 4937
f 5036 4759 4840
f 5037 4836 5038
f 4878 4751 5039
f 4883 4836 5037
f 5040 5041 4841
f 4884 5042 4835
f 5040 4841 5043
f 4941 5043 4841
f 4939 4843 5044
f 5045 5039 4846
f 4883 5046 4844
f 4844 5046 5047
f 5048 5049 5050
f 5051 4941 4841
f 4803 4845 4884
f 4758 5052 4806
f 5052 5053 4806
f 4942 5053 4758
f 5053 4807 4806
f 4943 5045 4846
f 4807 5053 4942
f 4843 4885 4995
f 4994 4943 4804
f 4995 4885 4886
f 4947 4808 5054
f 4772 4812 4852
f 4516 4850 4888
f 4579 4998 5055
f 4951 4948 4996
f 4948 4951 4950
f 4949 4996 4849
f 4890 5056 4412
f 4853 4636 4890
f 5057 4773 4951
f 4518 4888 4997
f 5058 5059 5060
f 4774 4519 5061
f 5062 5063 4893
f 4954 5064 4955
f 4778 4893 5065
f 4462 4678 5066
f 5067 4463 4462
f 4814 4779 5068
f 5069 5004 4583
f 4720 5069 4583
f 4779 4956 5068
f 5067 4721 4463
f 4723 5070 4782
f 5071 4854 4855
f 4855 4856 5072
f 4859 4858 5073
f 4821 4959 4960
f 4860 5011 5074
f 4961 4903 4964
f 4860 5074 4905
f 4905 5074 4964
f 4963 5075 5013
f 4907 5076 5077
f 4907 4967 5076
f 5078 4966 4908
f 4907 5078 4908
f 4865 5079 5014
f 4864 5079 4865
f 4864 5018 5080
f 4912 5018 4864
f 5018 5079 5080
f 5016 4913 5081
f 5018 5082 5079
f 5018 5017 4971
f 4608 4825 5083
f 5082 5018 4971
f 4913 4916 5081
f 4971 4869 5082
f 5020 4868 4973
f 4972 4826 5084
f 5085 4919 5021
f 5085 5086 4919
f 4920 5085 5022
f 5086 5023 4919
f 5026 4792 4979
f 4875 5023 4978
f 5024 5025 5087
f 4983 4927 5088
f 4982 4925 4978
f 5027 4828 5089
f 5088 4927 5028
f 5090 5089 4828
f 4829 4926 5030
f 4691 4982 5091
f 4796 4794 5092
f 5030 5093 5094
f 5091 4986 4691
f 4934 4928 4832
f 4878 5033 4879
f 5093 5095 5096
f 4986 4929 4795
f 5029 4989 5097
f 5033 4700 4984
f 4989 4988 5097
f 4878 5098 5033
f 4878 5039 5098
f 4882 5036 4840
f 5032 5034 4931
f 5040 5099 5041
f 4881 4705 4934
f 5038 4836 4987
f 4835 5042 4880
f 5034 5100 4991
f 4841 5041 5101
f 4992 4991 5102
f 5102 4991 5103
f 5103 4991 5100
f 4883 5037 5046
f 5039 4993 5104
f 4884 5105 5042
f 4759 5036 4938
f 5045 5106 5039
f 5106 4993 5039
f 4939 5044 4803
f 5048 5050 5107
f 5050 4758 5053
f 5050 5049 4758
f 5107 5049 5048
f 4803 5044 4845
f 5047 4940 4844
f 5052 4758 5049
f 5107 5052 5049
f 4941 5051 4756
f 4938 5051 4841
f 4756 5051 4994
f 4843 4995 5044
f 4943 4994 5108
f 4947 4886 4945
f 4716 5109 4946
f 4579 5055 4950
f 5110 4949 4948
f 4996 4949 5110
f 4636 5111 4890
f 4636 4577 4997
f 5111 4636 4997
f 5060 5055 5058
f 5058 5055 4998
f 5112 5058 4998
f 5110 4951 4996
f 5113 4719 5114
f 4634 5115 4520
f 5061 4771 4775
f 4952 4771 5061
f 4200 4891 4999
f 4774 5061 4775
f 4892 5061 4519
f 4461 5001 5002
f 4893 5002 5062
f 5063 5062 5116
f 4954 5003 5117
f 4778 5065 4953
f 4462 5066 5067
f 5118 5069 4720
f 4720 5005 5119
f 4894 5120 5005
f 4817 4895 4780
f 5121 4894 4896
f 5006 4895 5122
f 5007 5123 5124
f 5125 4819 5007
f 5123 5007 4854
f 4642 4587 5126
f 5127 4818 4782
f 5072 4856 5128
f 4958 5008 4899
f 4857 5129 5130
f 4902 5009 4728
f 4822 4962 5129
f 4857 4822 5129
f 4730 4901 5131
f 5132 4683 4730
f 5010 4904 5011
f 5011 5012 5010
f 4904 4961 5074
f 5011 4904 5074
f 4961 4964 5074
f 5076 4862 5077
f 4862 5013 5077
f 5076 4967 5078
f 4966 5078 4967
f 4963 4969 5075
f 5077 5078 4907
f 4970 4535 4965
f 4968 4910 5133
f 4863 4608 5134
f 4912 5015 5135
f 4864 5136 5079
f 5136 4912 5135
f 4685 4602 4970
f 4608 5083 5134
f 4864 5080 5136
f 5079 5082 5137
f 5081 4916 4972
f 4915 4971 5138
f 5020 5082 4869
f 4915 5139 4917
f 5022 5021 4974
f 5140 5141 5142
f 5085 5021 5022
f 4612 4870 5143
f 4917 5144 4918
f 5142 5141 5145
f 5141 5146 5145
f 5145 5146 4975
f 4920 5086 5085
f 5147 5145 4979
f 4979 5145 4975
f 4920 5024 5087
f 4975 5026 4979
f 4976 5026 4975
f 5025 4977 5148
f 5087 5025 5148
f 5149 4977 4980
f 5148 4977 5149
f 5150 4981 5026
f 5090 4828 4981
f 4831 5151 4923
f 5151 4831 4829
f 4985 5152 4984
f 4980 4697 4928
f 4613 5153 4663
f 4983 5092 4794
f 5029 5028 4877
f 5154 5094 5093
f 4879 5033 4984
f 5155 5030 4929
f 5030 5095 5093
f 5156 5155 4929
f 5093 5096 5154
f 4986 5156 4929
f 4798 4990 4882
f 4988 5031 5097
f 5157 4619 5158
f 5157 4498 4619
f 4992 5102 5031
f 5159 5098 5039
f 4934 4705 5037
f 4841 5101 4993
f 4880 5042 5160
f 5103 5161 5102
f 4498 5162 4839
f 4705 4940 5037
f 5036 5163 4938
f 5164 5165 5166
f 5100 5161 5103
f 4941 4993 5106
f 5039 4751 4846
f 5053 5052 5050
f 5107 5050 5052
f 5167 4884 4845
f 5051 4938 5168
f 5044 4995 4845
f 4845 4762 5169
f 4886 4947 4944
f 4947 5170 4944
f 4808 4946 5171
f 4253 4811 4812
f 4852 4812 4850
f 5110 4948 4950
f 4412 5056 4634
f 5055 5057 5172
f 5173 5172 5057
f 5172 5173 5060
f 5112 5060 5173
f 5060 5112 5055
f 5057 5055 5112
f 5112 4998 5057
f 4773 5057 4998
f 5174 4891 4952
f 5173 5059 5112
f 5058 5112 5059
f 4955 5064 5175
f 4892 4891 5061
f 4891 4892 5000
f 5062 5176 5116
f 4677 4955 5177
f 5063 5116 5178
f 4954 5117 5064
f 5065 4893 5179
f 4893 5063 5179
f 4814 5066 4678
f 4720 5119 5118
f 5180 4956 4585
f 5181 4817 4957
f 5181 4895 4817
f 4723 5006 5070
f 5124 5125 5007
f 5182 4818 5127
f 4818 5182 4900
f 4819 5183 4587
f 5072 5184 4855
f 4855 5184 5071
f 5073 5128 4856
f 4856 4859 5073
f 4858 5185 5073
f 5130 5185 4857
f 5185 4858 4857
f 4959 5186 4960
f 5187 4425 4683
f 4862 5076 5012
f 5077 5013 5075
f 5077 5188 5078
f 5189 5075 4969
f 4787 4863 4911
f 4910 5014 5133
f 5136 4968 5133
f 5135 4968 5136
f 5080 5079 5133
f 5136 5133 5079
f 5080 5133 5190
f 5017 4912 5136
f 4685 4970 5191
f 5137 5192 5014
f 5014 5079 5137
f 4685 5191 4825
f 5081 5193 5016
f 5138 5193 5081
f 5020 5137 5082
f 5081 5140 5138
f 4972 5140 5081
f 5019 5194 4870
f 5140 5195 5141
f 5143 4870 5194
f 4918 5144 4973
f 5145 5147 5142
f 5146 5141 5195
f 4921 4975 5146
f 5084 4826 4921
f 4976 4923 5196
f 5153 4613 4612
f 5151 5196 4923
f 5197 5151 4829
f 4985 4879 5198
f 5199 5027 5089
f 5030 5197 4829
f 5088 5028 4983
f 5198 4879 4984
f 5197 5030 5094
f 5028 5092 4983
f 5028 5029 5092
f 5200 5201 4796
f 5092 5200 4796
f 5202 5094 5154
f 5203 5204 5205
f 5206 5207 5204
f 5041 5099 5208
f 5156 4986 5091
f 5038 4987 4934
f 4882 4990 5036
f 5031 5209 5097
f 5096 5095 5210
f 4990 4880 5211
f 5037 5038 4934
f 5209 5031 5102
f 4937 5212 5035
f 4937 4935 5212
f 5104 4993 5101
f 5102 5161 5213
f 5046 5037 4940
f 5214 4938 5163
f 5105 4884 5167
f 5046 4940 5047
f 5106 5215 4941
f 5045 5215 5106
f 5051 5216 4994
f 5170 5217 4944
f 4808 5171 5054
f 5054 5171 5218
f 4950 5055 5219
f 4888 5220 4997
f 5110 4952 5061
f 5064 5221 5175
f 4955 5175 5177
f 5177 4719 4677
f 4891 5174 5061
f 4953 5000 4776
f 5222 5116 5176
f 5116 5222 5223
f 5178 5179 5063
f 5180 4585 5004
f 5120 5119 5005
f 4721 5224 4957
f 4895 5181 5122
f 4896 5225 5121
f 4896 4897 5225
f 5006 5122 5226
f 5006 5226 5070
f 5072 5227 5184
f 5228 5071 5184
f 5228 5229 5071
f 5229 5230 5071
f 5231 4730 5131
f 4425 5187 4902
f 5077 5075 5188
f 5075 5189 5232
f 4965 4906 5233
f 5232 5234 5075
f 4969 5135 5189
f 4968 5135 4969
f 5190 5133 5235
f 5236 4863 5134
f 4863 5236 4911
f 5080 5190 5136
f 5016 5193 5237
f 5016 5237 5015
f 5238 5014 5192
f 4971 5017 5239
f 5190 5239 5017
f 4914 4911 5236
f 4825 5191 5240
f 5240 5083 4825
f 5192 5241 5238
f 5241 5192 5137
f 4914 5236 5242
f 4914 5242 5019
f 5239 5138 4971
f 5193 5138 5243
f 5242 5244 5019
f 5138 5139 4915
f 5140 5142 5138
f 5142 5139 5138
f 5147 5245 5142
f 5195 5246 5146
f 4973 5144 5247
f 4917 5248 5144
f 5146 5246 4921
f 4921 5246 5084
f 5248 5247 5144
f 5086 5249 5023
f 4920 5087 5086
f 5249 4978 5023
f 5151 5250 5196
f 4981 5150 5090
f 5152 5251 4984
f 5153 5252 4663
f 5253 5089 5090
f 5203 5205 5254
f 5199 5255 5256
f 5089 5255 5199
f 5255 5089 5253
f 5092 5029 5257
f 5258 5256 5255
f 5259 4928 4987
f 4796 5201 4987
f 5257 5029 5260
f 5205 5204 5207
f 4928 4934 4987
f 5208 5205 5207
f 5030 5155 5095
f 5260 5029 5097
f 5203 5206 5204
f 5041 5208 5207
f 4990 5261 5036
f 5101 5207 5206
f 5154 5096 5210
f 5095 5155 5210
f 5212 5262 5032
f 5207 5101 5041
f 5211 5261 4990
f 5206 5104 5101
f 5208 5099 5040
f 5263 4935 5098
f 5033 5098 4935
f 5212 5032 5035
f 5264 5263 5098
f 5040 5043 5208
f 5104 5265 5039
f 4880 5160 5211
f 5157 5162 4498
f 5098 5159 5264
f 5265 5159 5039
f 5105 5160 5042
f 5168 4938 5214
f 5266 5165 5164
f 5165 5266 5166
f 5051 5168 5216
f 4943 5215 5045
f 4943 5108 5215
f 4762 4944 5169
f 5216 5108 4994
f 5171 4946 5267
f 4812 4811 5268
f 5220 4888 5269
f 5055 5172 5219
f 4888 4850 5270
f 5060 5220 5172
f 4951 5271 5057
f 5272 5273 5274
f 5274 5273 5175
f 4811 4719 5113
f 5111 5275 4890
f 5274 5175 5221
f 5000 5276 4891
f 5062 5179 5176
f 5064 5117 5221
f 5179 5062 5002
f 5116 5277 5178
f 5065 5001 4953
f 5065 5002 5001
f 5065 5179 5002
f 5068 5066 4814
f 5180 5068 4956
f 5067 5224 4721
f 5278 5225 4897
f 4897 4642 5278
f 5125 5124 5123
f 5183 4819 5125
f 5182 4958 4900
f 5183 5126 4587
f 5279 5227 5072
f 5280 5072 5128
f 4854 5071 5230
f 5280 5128 5281
f 5073 5281 5128
f 5130 5129 5282
f 5282 5129 5283
f 4901 5008 5131
f 5129 5284 5283
f 5285 5129 4962
f 5132 4730 5231
f 4683 5132 5187
f 5012 5076 5286
f 5078 5188 5076
f 5188 5286 5076
f 4906 4960 5233
f 5189 5135 5232
f 5135 5287 5232
f 5135 5015 5287
f 5015 5237 5287
f 5235 5133 5014
f 5017 5136 5190
f 5287 5237 5190
f 5288 5014 5238
f 5237 5239 5190
f 5193 5239 5237
f 5289 4917 5139
f 5247 5290 4973
f 4972 5195 5140
f 5084 5195 4972
f 5248 4917 5291
f 5196 5246 4976
f 5147 4979 5292
f 5293 5250 5294
f 5295 5296 5247
f 5248 5295 5247
f 4979 5027 5292
f 5086 5087 5148
f 5151 5197 5250
f 5297 5251 5152
f 4980 4928 5149
f 5298 5149 4928
f 5251 5198 4984
f 5094 5155 5197
f 5092 5257 5200
f 5259 5298 4928
f 5259 4987 5201
f 5205 5208 5299
f 5097 5300 5260
f 5262 5260 5032
f 5155 5156 5301
f 5032 5260 5300
f 5203 5302 5206
f 4935 5263 5212
f 5032 5300 5034
f 5206 5265 5104
f 5209 5102 5213
f 5303 5263 5264
f 5036 5261 5163
f 5159 5304 5264
f 4941 5305 5043
f 5305 4941 5306
f 5166 5307 5164
f 5161 5164 5307
f 5306 4941 5215
f 5266 5307 5166
f 5308 5167 4845
f 5168 5309 5216
f 5108 5216 5310
f 4944 5217 5169
f 5311 5109 4716
f 4946 5109 5267
f 4947 5054 5312
f 4888 5270 5269
f 5172 5220 5313
f 4952 5110 5174
f 4890 5275 5056
f 5060 5059 5220
f 5273 5177 5175
f 4520 5314 4777
f 5179 5315 5176
f 5116 5223 5277
f 5117 5003 5316
f 5066 5068 5317
f 5068 5180 5318
f 5120 5121 5319
f 4894 5121 5120
f 5181 5226 5122
f 5226 5320 5070
f 4642 5126 5321
f 5322 5183 5125
f 5323 5280 5281
f 5322 5123 4854
f 5279 5072 5280
f 5227 5324 5184
f 5073 5325 5281
f 5326 5008 4958
f 5185 5130 5282
f 5185 5282 5327
f 5073 5185 5328
f 5329 5073 5328
f 5285 5284 5129
f 5285 4962 5010
f 5132 5231 5330
f 5331 5286 5188
f 5234 5332 5075
f 5234 5235 5332
f 5333 5235 5234
f 5014 5288 5334
f 5014 5334 5335
f 5335 5235 5014
f 5190 5235 5336
f 5236 5134 5337
f 5243 5239 5193
f 5290 5020 4973
f 5338 5143 5194
f 4917 5289 5291
f 5245 5147 5339
f 5195 5340 5246
f 5341 5084 5246
f 5196 5250 5246
f 5250 5341 5246
f 5293 5341 5250
f 5249 5342 5294
f 5343 5249 5294
f 5026 4976 5150
f 5152 4985 5344
f 5250 5197 5345
f 5202 5155 5094
f 5256 5346 5199
f 5347 5091 4982
f 5200 5348 5201
f 5254 5205 5299
f 5349 5256 5258
f 5154 5210 5202
f 5350 5156 5091
f 5097 5209 5300
f 5300 5100 5034
f 5351 5352 5353
f 5263 5354 5212
f 5208 5043 5355
f 5157 5356 5162
f 5100 5357 5161
f 5100 5358 5357
f 5304 5303 5264
f 5105 5167 5359
f 5213 5161 5307
f 5161 5357 5266
f 5266 5164 5161
f 5360 5361 5362
f 5363 5168 5214
f 5308 4845 5169
f 5364 5362 5365
f 5361 5365 5362
f 5108 5310 5215
f 4716 4839 5311
f 5365 5366 5364
f 5109 5312 5267
f 4947 5312 5170
f 5110 4950 5367
f 4634 5056 5368
f 5270 4850 5111
f 5173 5369 5059
f 5057 5369 5173
f 5057 5370 5369
f 5110 5271 4951
f 4520 5115 5371
f 4997 5270 5111
f 4999 5276 5174
f 5276 4999 4891
f 5371 5314 4520
f 5118 5372 5069
f 4957 5373 5181
f 5278 4642 5321
f 4782 5070 5127
f 5123 5322 5125
f 5322 5230 5183
f 5374 4958 5182
f 5322 4854 5230
f 5183 5230 5126
f 5281 5325 5323
f 5324 5228 5184
f 5375 5325 5073
f 5375 5376 5377
f 5229 5378 5379
f 4958 5374 5326
f 5073 5376 5375
f 5283 5380 5282
f 5381 5283 5382
f 5283 5284 5382
f 5185 5327 5328
f 5328 5383 5329
f 5009 5186 4959
f 5010 5012 5286
f 4960 5186 5384
f 5384 5233 4960
f 5075 5332 5188
f 5385 4965 5233
f 5233 5384 5134
f 5234 5232 5333
f 5134 5385 5233
f 5235 5335 5332
f 5386 5287 5190
f 5235 5387 5336
f 5083 5385 5134
f 5190 5336 5386
f 5191 4970 5388
f 5337 5389 5236
f 5238 5241 5288
f 5241 5137 5387
f 5390 5336 5137
f 5389 5242 5236
f 5390 5137 5020
f 5243 5138 5239
f 5139 5142 5245
f 5084 5341 5195
f 5341 5340 5195
f 5294 5342 5293
f 5147 5391 5339
f 5147 5292 5391
f 4976 5246 5340
f 5249 5392 5342
f 5393 5150 4976
f 5294 5250 5343
f 5344 5297 5152
f 5249 5149 5392
f 5086 5149 5249
f 5086 5148 5149
f 5344 4985 5198
f 5090 5150 5394
f 4978 5249 4982
f 4982 5249 5347
f 5149 5298 5395
f 5197 5155 5345
f 5396 5253 5090
f 5348 5200 5257
f 5203 5254 5302
f 5258 5255 5346
f 5258 5397 5349
f 5259 5398 5298
f 5351 5398 5259
f 5201 5351 5259
f 5210 5155 5202
f 5355 5299 5208
f 5156 5399 5301
f 5206 5302 5265
f 5300 5209 5100
f 5354 5400 5212
f 5043 5401 5355
f 5352 5351 5402
f 5209 5213 5358
f 5100 5209 5358
f 5263 5303 5354
f 5265 5403 5159
f 5043 5305 5401
f 5261 5214 5163
f 5303 5360 5354
f 5404 5405 5352
f 5168 5363 5309
f 5216 5309 5310
f 5215 5310 5306
f 5162 5406 4839
f 4839 5406 5311
f 5407 5364 5366
f 5170 5109 5311
f 5109 5170 5312
f 5408 4811 5113
f 4811 5408 5268
f 4850 4812 5409
f 5111 4850 5409
f 5059 5313 5370
f 5410 5370 5313
f 5370 5410 5369
f 5172 5369 5410
f 5369 5172 5059
f 5313 5059 5172
f 5057 5271 5370
f 5411 5271 5110
f 5367 5174 5110
f 5177 5273 5412
f 5371 5113 5114
f 5113 5115 5408
f 5115 5113 5371
f 4634 5368 5115
f 5275 5413 5056
f 5409 5275 5111
f 5220 5414 4997
f 5059 5415 5220
f 5174 5416 5061
f 5174 5276 5416
f 5408 5314 5371
f 5417 5270 4997
f 5222 5176 5418
f 5003 4777 5314
f 5223 5419 5277
f 5419 5223 5222
f 5180 5004 5420
f 5067 5066 5317
f 5421 5067 5317
f 5224 5067 5421
f 5372 5118 5119
f 5224 5373 4957
f 5127 5422 5182
f 5280 5323 5423
f 5280 5424 5279
f 5324 5425 5228
f 5229 5426 5230
f 5228 5378 5229
f 5073 5427 5376
f 5283 5381 5380
f 5073 5329 5427
f 5282 5428 5327
f 5285 5010 5429
f 5010 5286 5429
f 4902 5187 5430
f 5188 5431 5331
f 5332 5432 5188
f 5232 5287 5433
f 5384 5434 5134
f 5337 5134 5434
f 5435 5332 5334
f 5332 5335 5334
f 5334 5288 5387
f 5235 5334 5387
f 5241 5387 5288
f 5336 5387 5137
f 5436 5194 5019
f 5139 5245 5289
f 5437 5248 5291
f 5293 5438 5341
f 5290 5247 5437
f 5439 5391 5292
f 4976 5340 5393
f 5437 5247 5296
f 5439 5440 5391
f 5198 5441 5344
f 5250 5345 5343
f 5395 5392 5149
f 5251 5441 5198
f 5027 5199 5396
f 5442 5346 5256
f 5091 5347 5443
f 5256 5349 5442
f 5346 5255 5253
f 5257 5260 5444
f 5442 5397 5258
f 5257 5444 5348
f 5445 5260 5262
f 5445 5444 5260
f 5351 5353 5398
f 5400 5445 5212
f 5212 5445 5262
f 5156 5446 5399
f 5446 5447 5399
f 5211 5160 5105
f 5352 5405 5353
f 5304 5159 5403
f 5448 5214 5261
f 5449 5354 5360
f 5450 5167 5356
f 5356 5167 5162
f 5404 5352 5402
f 5451 5213 5307
f 5452 5360 5303
f 5304 5452 5303
f 5162 5167 5406
f 5404 5402 5453
f 5266 5357 5451
f 5266 5451 5307
f 5360 5362 5449
f 5449 5362 5364
f 5449 5364 5454
f 5310 5455 5306
f 5366 5365 5456
f 5366 5457 5407
f 5409 4812 5458
f 5459 5272 5274
f 5273 5272 5412
f 5408 5371 5114
f 5408 5115 5314
f 5114 5460 5408
f 5268 5408 5460
f 5059 5370 5415
f 5110 5061 5411
f 5176 5315 5461
f 5274 5221 5459
f 5114 4719 5462
f 5314 5463 5003
f 5222 5418 5464
f 4953 5001 5465
f 5179 5178 5315
f 5419 5222 5464
f 5318 5180 5466
f 5317 5068 5318
f 5373 5467 5181
f 5181 5467 5226
f 5468 5121 5225
f 5226 5469 5320
f 5225 5278 5470
f 5070 5320 5127
f 5320 5471 5127
f 5127 5471 5422
f 5280 5423 5424
f 5325 5423 5323
f 5424 5423 5325
f 5375 5377 5472
f 5472 5325 5375
f 5473 5380 5381
f 5474 5381 5382
f 5327 5428 5284
f 5285 5475 5284
f 5475 5327 5284
f 5009 4902 5476
f 5286 5477 5429
f 5132 5330 5187
f 5434 5478 4965
f 4965 5385 5434
f 5287 5479 5433
f 4970 4965 5478
f 5433 5333 5232
f 5434 5385 5337
f 5235 5333 5334
f 5385 5083 5337
f 5480 5020 5290
f 5244 5242 5481
f 5019 5244 5436
f 5194 5436 5338
f 5482 5291 5289
f 5439 5292 5483
f 5341 5438 5484
f 5296 5248 5437
f 5342 5438 5293
f 5342 5392 5438
f 5248 5296 5295
f 4612 5143 5153
f 5150 5393 5394
f 5027 5485 5292
f 5027 5396 5485
f 5347 5249 5343
f 5090 5394 5396
f 5396 5199 5253
f 5253 5199 5346
f 5155 5486 5345
f 5349 5487 5442
f 5258 5346 5442
f 5488 5254 5299
f 5442 5487 5397
f 5155 5301 5486
f 5350 5091 5443
f 5489 5349 5397
f 5488 5355 5490
f 5299 5355 5488
f 5446 5156 5350
f 5491 5399 5447
f 5265 5302 5403
f 5401 5490 5355
f 5358 5213 5451
f 5214 5448 5492
f 5493 5105 5359
f 5451 5357 5358
f 5494 5363 5214
f 5404 5495 5405
f 5404 5496 5497
f 5453 5498 5404
f 5496 5404 5498
f 5499 5455 5310
f 5456 5457 5366
f 5407 5457 5500
f 4950 5219 5367
f 4812 5268 5501
f 5410 5219 5172
f 4812 5501 5458
f 5270 5502 5269
f 5460 5314 5115
f 5460 5115 5268
f 5460 5114 5503
f 5460 5503 5314
f 5368 5268 5115
f 5268 5368 5503
f 5314 5503 5368
f 5056 5501 5368
f 5275 5502 5270
f 5001 4999 5504
f 5270 5417 5275
f 5505 5506 5507
f 5506 5508 5507
f 5000 4953 5465
f 5509 5506 5505
f 5419 5464 5277
f 5119 5510 5372
f 5120 5319 5510
f 5510 5119 5120
f 5225 5470 5468
f 5278 5321 5511
f 5471 5512 5422
f 5182 5422 5374
f 5279 5424 5513
f 5514 5227 5279
f 5515 5227 5514
f 5324 5227 5515
f 5325 5513 5424
f 5228 5425 5378
f 5229 5379 5426
f 5472 5377 5376
f 5381 5474 5516
f 5325 5472 5427
f 5427 5472 5376
f 5379 5378 5517
f 5379 5517 5518
f 5282 5380 5428
f 5383 5519 5427
f 5329 5383 5427
f 5327 5520 5328
f 5328 5520 5383
f 5520 5327 5521
f 5285 5429 5475
f 5429 5522 5475
f 5521 5327 5475
f 5429 5523 5522
f 5524 5286 5331
f 5231 5525 5330
f 5186 5526 5384
f 5434 5384 5526
f 5478 5434 5527
f 5435 5432 5332
f 5287 5528 5479
f 5334 5529 5435
f 5388 4970 5478
f 5240 5191 5388
f 5020 5480 5390
f 5482 5289 5530
f 5437 5291 5290
f 5292 5531 5483
f 5341 5393 5340
f 5484 5393 5341
f 5532 5440 5439
f 5393 5531 5533
f 5297 5344 5441
f 5533 5292 5485
f 5393 5533 5394
f 5153 5143 5534
f 5392 5395 5535
f 5297 5441 5251
f 5443 5343 5345
f 5298 5536 5395
f 4619 4663 5252
f 5350 5443 5537
f 5298 5398 5538
f 5349 5489 5487
f 5398 5353 5538
f 5201 5348 5539
f 5539 5348 5444
f 5302 5254 5488
f 5351 5201 5539
f 5301 5399 5491
f 5540 5261 5211
f 5302 5488 5403
f 5261 5540 5448
f 5354 5541 5400
f 5491 5447 5542
f 5543 5447 5446
f 5544 5402 5351
f 5447 5543 5542
f 5452 5304 5403
f 5494 5214 5492
f 5492 5448 5545
f 5450 5359 5167
f 5402 5498 5453
f 5308 5406 5167
f 5404 5497 5495
f 5498 5546 5496
f 5309 5547 5310
f 5310 5547 5499
f 5548 5170 5311
f 5267 5312 5549
f 5549 5312 5054
f 5550 5171 5267
f 5218 5171 5551
f 5220 5269 5313
f 5367 5552 5174
f 5553 5503 5114
f 5056 5413 5501
f 5275 5409 5502
f 4997 5414 5554
f 5504 5461 5315
f 5114 5463 5314
f 4997 5554 5417
f 5000 5465 5276
f 5001 5504 5465
f 5315 5465 5504
f 5555 5507 5508
f 5556 5555 5508
f 5221 5117 5557
f 5505 5507 5509
f 5004 5069 5558
f 5420 5559 5180
f 5466 5180 5559
f 5317 5318 5466
f 5226 5467 5560
f 5226 5560 5469
f 5320 5469 5561
f 5562 5126 5230
f 5513 5514 5279
f 5425 5324 5515
f 5381 5516 5473
f 5563 5378 5425
f 5428 5380 5473
f 5378 5563 5517
f 5326 5564 5008
f 5428 5382 5284
f 5564 5131 5008
f 5519 5383 5520
f 5476 4902 5430
f 5009 5565 5186
f 5477 5523 5429
f 5431 5521 5331
f 5331 5566 5524
f 5286 5524 5477
f 5431 5188 5567
f 5188 5432 5567
f 5434 5526 5527
f 5390 5386 5336
f 5242 5389 5481
f 5480 5290 5482
f 5530 5289 5568
f 5289 5245 5568
f 5482 5290 5291
f 5391 5569 5339
f 5143 5338 5570
f 5292 5533 5531
f 5143 5570 5534
f 5391 5440 5569
f 5485 5394 5533
f 5571 5572 5438
f 5438 5392 5571
f 5535 5571 5392
f 5485 5396 5394
f 5347 5343 5443
f 5345 5486 5573
f 5298 5538 5536
f 5397 5574 5489
f 5491 5486 5301
f 5445 5400 5575
f 5351 5539 5576
f 5446 5350 5577
f 5490 5403 5488
f 5578 5490 5401
f 5494 5401 5305
f 5354 5449 5579
f 5578 5580 5490
f 5543 5581 5542
f 5492 5545 5582
f 5359 5583 5493
f 5360 5452 5456
f 5456 5361 5360
f 5584 5309 5363
f 5547 5309 5584
f 5365 5361 5456
f 5311 5406 5585
f 5169 5217 5586
f 5311 5585 5586
f 5407 5454 5364
f 5587 5455 5499
f 5217 5170 5548
f 5588 5499 5547
f 5500 5454 5407
f 5587 5499 5588
f 5549 5550 5267
f 5549 5054 5218
f 5174 5589 4999
f 5220 5415 5414
f 5061 5416 5411
f 5276 5590 5416
f 5114 5314 5553
f 5314 5368 5553
f 5591 5508 5506
f 5316 5003 5592
f 5506 5509 5593
f 5558 5069 5372
f 5561 5471 5320
f 5321 5126 5562
f 5562 5230 5594
f 5230 5426 5594
f 5379 5425 5426
f 5595 5513 5325
f 5427 5595 5325
f 5425 5379 5563
f 5563 5379 5518
f 5519 5596 5427
f 5519 5597 5598
f 5519 5520 5597
f 5009 5476 5565
f 5523 5599 5522
f 5566 5522 5599
f 5475 5522 5566
f 5475 5566 5521
f 5521 5600 5520
f 5131 5601 5231
f 5602 5523 5477
f 5521 5431 5600
f 5603 5604 5605
f 5331 5521 5566
f 5565 5526 5186
f 5606 5330 5525
f 5433 5607 5333
f 5333 5529 5334
f 5528 5287 5386
f 5337 5083 5608
f 5608 5083 5609
f 5610 5611 5612
f 5613 5610 5612
f 5240 5388 5609
f 5083 5240 5609
f 5612 5614 5613
f 5615 5390 5480
f 5613 5614 5568
f 5530 5480 5482
f 5616 5613 5568
f 5339 5617 5245
f 5617 5568 5245
f 5483 5531 5616
f 5618 5439 5483
f 5439 5618 5619
f 5393 5620 5531
f 5619 5532 5439
f 5572 5484 5438
f 5621 5622 5623
f 5624 5623 5622
f 5536 5535 5395
f 5573 5443 5345
f 5625 5158 4619
f 5577 5350 5537
f 5539 5444 5626
f 5444 5445 5626
f 5626 5445 5627
f 5157 5158 5628
f 5629 5397 5487
f 5630 5631 5632
f 5397 5629 5574
f 5539 5633 5634
f 5576 5539 5634
f 5405 5538 5353
f 5575 5400 5635
f 5636 5446 5577
f 5637 5635 5400
f 5400 5541 5637
f 5638 5540 5211
f 5639 5491 5542
f 5351 5576 5544
f 5640 5576 5641
f 5448 5540 5545
f 5211 5105 5638
f 5403 5490 5642
f 5494 5492 5401
f 5541 5354 5579
f 5452 5403 5643
f 5642 5643 5403
f 5578 5494 5305
f 5580 5578 5644
f 5492 5582 5645
f 5498 5402 5544
f 5646 5647 5580
f 5305 5306 5648
f 5454 5579 5449
f 5308 5585 5406
f 5455 5649 5306
f 5308 5169 5586
f 5455 5587 5650
f 5548 5311 5586
f 5651 5457 5456
f 5457 5651 5652
f 5457 5653 5500
f 5550 5551 5171
f 5268 5654 5501
f 5269 5502 5655
f 5271 5656 5370
f 5459 5657 5272
f 5272 5658 5412
f 5553 5268 5503
f 5504 4999 5589
f 5504 5589 5461
f 5459 5659 5660
f 5221 5557 5459
f 5275 5417 5661
f 5418 5176 5461
f 5660 5662 5663
f 5003 5463 5592
f 5178 5277 5315
f 5664 5506 5593
f 5665 5593 5509
f 5665 5666 5593
f 5317 5466 5421
f 5667 5373 5224
f 5468 5319 5121
f 5278 5668 5470
f 5668 5278 5511
f 5561 5512 5471
f 5422 5512 5669
f 5425 5515 5670
f 5473 5474 5428
f 5326 5374 5671
f 5428 5474 5382
f 5427 5596 5672
f 5598 5673 5596
f 5517 5563 5518
f 5597 5673 5598
f 5598 5596 5519
f 5600 5674 5520
f 5520 5674 5675
f 5565 5476 5430
f 5676 5602 5477
f 5605 5604 5677
f 5600 5431 5567
f 5231 5601 5525
f 5604 5603 5678
f 5435 5679 5432
f 5680 5607 5433
f 5679 5435 5529
f 5478 5681 5388
f 5527 5608 5478
f 5386 5682 5528
f 5478 5608 5681
f 5611 5610 5683
f 5608 5609 5681
f 5337 5608 5389
f 5682 5386 5390
f 5611 5614 5612
f 5684 5610 5613
f 5609 5388 5681
f 5390 5615 5682
f 5480 5530 5615
f 5244 5481 5436
f 5568 5617 5616
f 5617 5483 5616
f 5618 5483 5617
f 5619 5339 5569
f 5617 5339 5619
f 5685 5616 5531
f 5440 5532 5569
f 5531 5620 5685
f 5571 5686 5572
f 5534 5687 5153
f 5535 5688 5571
f 5621 5624 5622
f 5621 5623 5689
f 5623 5624 5626
f 5690 5621 5689
f 5689 5623 5626
f 5443 5573 5537
f 5625 4619 5252
f 5690 5689 5627
f 5691 5633 5626
f 5689 5626 5627
f 5487 5489 5629
f 5626 5633 5539
f 5629 5489 5574
f 5627 5445 5575
f 5692 5630 5693
f 5694 5486 5491
f 5356 5157 5628
f 5639 5694 5491
f 5641 5576 5634
f 5695 5630 5632
f 5696 5450 5356
f 5576 5697 5544
f 5446 5636 5543
f 5543 5636 5698
f 5697 5699 5544
f 5700 5640 5641
f 5701 5635 5637
f 5492 5702 5401
f 5490 5580 5642
f 5581 5543 5698
f 5401 5703 5578
f 5643 5704 5452
f 5578 5305 5644
f 5705 5644 5305
f 5644 5705 5703
f 5578 5703 5705
f 5578 5705 5494
f 5494 5705 5363
f 5646 5584 5644
f 5648 5644 5584
f 5644 5648 5580
f 5305 5648 5584
f 5305 5584 5705
f 5642 5580 5647
f 5306 5580 5648
f 5580 5306 5646
f 5584 5646 5306
f 5705 5584 5363
f 5704 5456 5452
f 5706 5493 5583
f 5646 5649 5647
f 5584 5306 5547
f 5306 5649 5547
f 5707 5546 5498
f 5651 5456 5708
f 5586 5217 5548
f 5588 5547 5650
f 5454 5500 5652
f 5650 5587 5709
f 5588 5709 5587
f 5652 5653 5457
f 5652 5710 5653
f 5549 5218 5551
f 5367 5219 5711
f 5411 5656 5271
f 5459 5660 5657
f 5272 5657 5658
f 5368 5501 5654
f 5416 5590 5411
f 5177 5712 4719
f 5114 5462 5463
f 5275 5661 5413
f 5713 5414 5415
f 5555 5556 5662
f 5556 5663 5662
f 5277 5465 5315
f 5664 5593 5714
f 5593 5666 5715
f 5714 5593 5715
f 5665 5715 5716
f 5664 5716 5715
f 5716 5664 5509
f 5714 5509 5664
f 5509 5714 5665
f 5715 5665 5714
f 5717 5716 5509
f 5507 5717 5509
f 5716 5666 5665
f 5716 5717 5666
f 5004 5718 5420
f 5668 5719 5470
f 5511 5321 5720
f 5721 5426 5670
f 5426 5721 5594
f 5426 5425 5670
f 5513 5595 5722
f 5514 5513 5722
f 5515 5514 5723
f 5595 5427 5672
f 5724 5564 5326
f 5725 5603 5605
f 5605 5677 5725
f 5566 5599 5726
f 5599 5523 5602
f 5727 5600 5567
f 5477 5524 5728
f 5729 5524 5726
f 5726 5524 5566
f 5677 5604 5678
f 5567 5432 5679
f 5479 5680 5433
f 5607 5529 5333
f 5730 5731 5732
f 5568 5615 5530
f 5613 5733 5684
f 5481 5734 5436
f 5616 5733 5613
f 5619 5618 5617
f 5619 5569 5532
f 5620 5393 5484
f 5620 5484 5735
f 5572 5735 5484
f 5572 5686 5735
f 5688 5535 5536
f 5735 5686 5736
f 5737 5688 5738
f 5691 5626 5624
f 5692 5631 5630
f 5739 5632 5631
f 5740 5538 5741
f 5641 5634 5742
f 5739 5695 5632
f 5743 5695 5739
f 5541 5739 5637
f 5744 5545 5540
f 5538 5405 5699
f 5538 5699 5741
f 5576 5745 5741
f 5697 5576 5741
f 5746 5697 5741
f 5745 5576 5746
f 5640 5697 5746
f 5576 5640 5746
f 5359 5450 5747
f 5405 5748 5699
f 5749 5699 5697
f 5640 5749 5697
f 5541 5579 5739
f 5105 5493 5638
f 5581 5639 5542
f 5495 5748 5405
f 5401 5750 5703
f 5498 5544 5748
f 5644 5703 5751
f 5644 5751 5646
f 5545 5752 5582
f 5359 5753 5583
f 5454 5708 5579
f 5649 5646 5751
f 5753 5706 5583
f 5649 5455 5647
f 5496 5754 5497
f 5707 5754 5546
f 5547 5649 5755
f 5454 5651 5708
f 5496 5546 5754
f 5755 5650 5547
f 5454 5652 5651
f 5650 5709 5756
f 5588 5650 5756
f 5757 5652 5500
f 5588 5758 5709
f 5500 5653 5757
f 5710 5757 5653
f 5174 5552 5589
f 5654 5268 5553
f 5502 5409 5655
f 5313 5269 5410
f 5713 5415 5370
f 5508 5591 5556
f 5177 5412 5759
f 5177 5759 5712
f 4719 5712 5462
f 5463 5462 5592
f 5368 5654 5760
f 5413 5761 5501
f 5417 5762 5661
f 5414 5713 5554
f 5276 5465 5590
f 5659 5662 5660
f 5554 5762 5417
f 5555 5763 5507
f 5277 5418 5764
f 5418 5277 5464
f 5715 5666 5664
f 5004 5558 5718
f 5319 5765 5510
f 5373 5667 5766
f 5319 5468 5765
f 5373 5767 5467
f 5767 5768 5467
f 5769 5468 5770
f 5467 5768 5771
f 5770 5468 5470
f 5561 5469 5560
f 5722 5595 5772
f 5773 5774 5516
f 5516 5774 5473
f 5595 5672 5775
f 5473 5774 5474
f 5776 5516 5474
f 5596 5673 5777
f 5672 5596 5777
f 5777 5673 5597
f 5597 5520 5675
f 5778 5564 5724
f 5131 5564 5779
f 5778 5779 5564
f 5780 5603 5725
f 5599 5602 5781
f 5782 5602 5676
f 5780 5783 5603
f 5430 5187 5784
f 5524 5729 5728
f 5603 5783 5678
f 5606 5525 5785
f 5786 5527 5526
f 5679 5529 5607
f 5479 5528 5680
f 5787 5608 5527
f 5788 5614 5611
f 5788 5682 5615
f 5731 5789 5790
f 5730 5789 5731
f 5614 5788 5568
f 5568 5788 5615
f 5389 5734 5481
f 5733 5791 5684
f 5733 5616 5685
f 5792 5793 5794
f 5624 5795 5691
f 5153 5687 5252
f 5536 5538 5796
f 5796 5633 5691
f 5537 5573 5577
f 5796 5538 5740
f 5631 5692 5797
f 5573 5486 5694
f 5633 5796 5634
f 5627 5575 5798
f 5799 5800 5634
f 5540 5801 5802
f 5803 5739 5631
f 5692 5693 5797
f 5540 5802 5744
f 5741 5800 5799
f 5695 5804 5630
f 5804 5693 5630
f 5800 5741 5745
f 5741 5699 5746
f 5745 5746 5800
f 5750 5401 5702
f 5744 5752 5545
f 5450 5696 5747
f 5699 5749 5746
f 5635 5701 5805
f 5699 5748 5544
f 5806 5640 5700
f 5753 5359 5747
f 5639 5581 5807
f 5707 5495 5497
f 5498 5748 5707
f 5582 5808 5645
f 5708 5456 5809
f 5810 5706 5753
f 5585 5308 5586
f 5707 5497 5754
f 5455 5650 5811
f 5652 5757 5710
f 5549 5551 5550
f 5410 5812 5219
f 5813 5657 5660
f 5370 5656 5814
f 5556 5591 5663
f 5813 5660 5663
f 5459 5815 5659
f 5459 5816 5815
f 5412 5815 5816
f 5815 5412 5557
f 5658 5557 5412
f 5557 5658 5459
f 5816 5459 5658
f 5412 5816 5759
f 5368 5760 5553
f 5465 5817 5590
f 5591 5506 5818
f 5506 5819 5818
f 5557 5117 5820
f 5592 5821 5316
f 5465 5277 5764
f 5664 5666 5717
f 5420 5822 5559
f 5559 5823 5466
f 5824 5466 5823
f 5825 5421 5466
f 5224 5421 5825
f 5224 5825 5667
f 5769 5765 5468
f 5771 5560 5467
f 5719 5770 5470
f 5721 5670 5826
f 5826 5670 5827
f 5772 5828 5722
f 5772 5595 5775
f 5515 5829 5670
f 5774 5776 5474
f 5516 5776 5773
f 5777 5597 5675
f 5674 5777 5675
f 5726 5599 5830
f 5830 5831 5726
f 5832 5833 5831
f 5831 5833 5600
f 5674 5600 5833
f 5725 5834 5780
f 5131 5779 5601
f 5727 5726 5831
f 5831 5600 5727
f 5729 5726 5727
f 5782 5676 5835
f 5676 5477 5728
f 5836 5727 5567
f 5187 5330 5784
f 5679 5607 5567
f 5606 5785 5837
f 5787 5527 5786
f 5528 5838 5680
f 5839 5682 5840
f 5682 5788 5840
f 5611 5841 5788
f 5610 5684 5842
f 5842 5684 5791
f 5685 5843 5733
f 5844 5793 5792
f 5845 5794 5793
f 5846 5571 5688
f 5846 5847 5686
f 5846 5686 5571
f 5624 5621 5795
f 5848 5621 5690
f 5849 5850 5736
f 5849 5736 5686
f 5738 5688 5536
f 5534 5851 5687
f 5846 5688 5737
f 5536 5852 5738
f 5853 5536 5796
f 5846 5737 5854
f 5853 5796 5691
f 5848 5690 5798
f 5690 5627 5798
f 5737 5738 5854
f 5573 5694 5577
f 5740 5799 5796
f 5634 5796 5799
f 5628 5855 5356
f 5856 5852 5740
f 5575 5635 5857
f 5802 5858 5744
f 5856 5741 5799
f 5858 5702 5744
f 5639 5698 5694
f 5698 5636 5694
f 5577 5694 5636
f 5740 5741 5856
f 5742 5634 5800
f 5859 5742 5800
f 5742 5860 5641
f 5746 5859 5800
f 5641 5860 5700
f 5579 5861 5739
f 5703 5750 5862
f 5807 5581 5698
f 5806 5749 5640
f 5495 5707 5748
f 5809 5861 5579
f 5643 5863 5704
f 5643 5864 5863
f 5865 5647 5866
f 5579 5708 5809
f 5867 5493 5706
f 5582 5752 5808
f 5809 5456 5704
f 5455 5866 5647
f 5588 5756 5758
f 5711 5219 5812
f 5658 5657 5816
f 5654 5553 5868
f 5501 5761 5458
f 5370 5814 5713
f 5316 5820 5117
f 5869 5465 5764
f 5461 5870 5418
f 5819 5506 5664
f 5557 5871 5815
f 5316 5872 5820
f 5764 5418 5870
f 5420 5718 5822
f 5372 5873 5558
f 5824 5825 5466
f 5373 5874 5767
f 5767 5875 5768
f 5594 5876 5562
f 5515 5723 5829
f 5514 5722 5877
f 5723 5514 5877
f 5878 5775 5672
f 5834 5725 5879
f 5831 5830 5832
f 5602 5880 5781
f 5725 5677 5881
f 5880 5602 5782
f 5728 5729 5880
f 5727 5882 5729
f 5881 5678 5883
f 5677 5678 5881
f 5676 5880 5884
f 5880 5676 5728
f 5784 5330 5606
f 5835 5676 5884
f 5526 5565 5786
f 5567 5607 5836
f 5607 5680 5836
f 5528 5682 5838
f 5682 5839 5838
f 5389 5608 5885
f 5611 5683 5841
f 5842 5683 5610
f 5840 5886 5839
f 5730 5887 5789
f 5734 5389 5888
f 5889 5731 5790
f 5889 5732 5731
f 5890 5891 5889
f 5891 5732 5889
f 5892 5893 5894
f 5894 5895 5896
f 5893 5895 5894
f 5847 5849 5686
f 5897 5536 5853
f 5795 5621 5848
f 5536 5897 5852
f 5848 5898 5795
f 5802 5801 5858
f 5851 5899 5687
f 5687 5899 5252
f 5799 5740 5852
f 5798 5575 5857
f 5356 5855 5696
f 5900 5738 5856
f 5738 5852 5856
f 5797 5693 5804
f 5540 5638 5901
f 5801 5540 5901
f 5805 5857 5635
f 5902 5637 5739
f 5695 5903 5804
f 5702 5492 5904
f 5744 5702 5904
f 5739 5861 5743
f 5904 5492 5905
f 5749 5859 5746
f 5698 5639 5807
f 5643 5642 5906
f 5492 5645 5905
f 5642 5647 5865
f 5638 5493 5907
f 5493 5867 5907
f 5906 5864 5643
f 5861 5809 5704
f 5743 5861 5704
f 5862 5751 5703
f 5863 5864 5908
f 5752 5909 5808
f 5910 5645 5808
f 5911 5706 5810
f 5455 5811 5866
f 5709 5758 5756
f 5711 5812 5912
f 5656 5367 5711
f 5656 5552 5367
f 5458 5913 5409
f 5655 5914 5269
f 5411 5552 5656
f 5462 5712 5915
f 5409 5916 5655
f 5411 5590 5917
f 5557 5820 5871
f 5760 5918 5592
f 5413 5919 5761
f 5465 5869 5817
f 5316 5821 5872
f 5761 5919 5920
f 5921 5717 5507
f 5559 5922 5823
f 5558 5873 5718
f 5510 5765 5923
f 5373 5766 5874
f 5767 5924 5875
f 5767 5925 5924
f 5925 5767 5874
f 5560 5771 5561
f 5926 5512 5561
f 5927 5594 5721
f 5876 5594 5927
f 5670 5829 5827
f 5876 5927 5928
f 5929 5876 5928
f 5877 5722 5828
f 5877 5829 5723
f 5774 5773 5776
f 5930 5326 5671
f 5931 5672 5777
f 5777 5833 5932
f 5777 5674 5833
f 5879 5725 5881
f 5599 5781 5830
f 5834 5933 5780
f 5782 5884 5880
f 5836 5882 5727
f 5934 5783 5780
f 5430 5784 5565
f 5835 5935 5782
f 5525 5601 5936
f 5937 5784 5606
f 5884 5935 5835
f 5883 5678 5783
f 5785 5525 5936
f 5680 5938 5836
f 5838 5938 5680
f 5608 5787 5885
f 5839 5886 5939
f 5791 5940 5842
f 5789 5887 5790
f 5791 5733 5941
f 5730 5942 5887
f 5939 5943 5944
f 5942 5730 5732
f 5733 5843 5941
f 5436 5734 5945
f 5946 5843 5685
f 5945 5338 5436
f 5890 5947 5891
f 5945 5570 5338
f 5844 5948 5793
f 5792 5794 5949
f 5685 5620 5950
f 5892 5946 5893
f 5948 5845 5793
f 5951 5950 5620
f 5620 5735 5951
f 5691 5952 5853
f 5691 5795 5952
f 5952 5795 5898
f 5953 5252 5899
f 5797 5803 5631
f 5898 5848 5857
f 5852 5954 5799
f 5739 5803 5902
f 5799 5954 5856
f 5702 5858 5955
f 5805 5956 5857
f 5702 5955 5750
f 5805 5701 5957
f 5701 5958 5959
f 5863 5960 5704
f 5959 5957 5701
f 5911 5867 5706
f 5863 5961 5962
f 5649 5751 5755
f 5863 5963 5961
f 5961 5964 5962
f 5964 5961 5965
f 5811 5650 5966
f 5650 5755 5966
f 5458 5761 5967
f 5269 5914 5410
f 5711 5814 5656
f 5968 5552 5411
f 5663 5969 5813
f 5712 5759 5970
f 5592 5462 5915
f 5760 5592 5868
f 5553 5760 5868
f 5967 5761 5654
f 5821 5592 5918
f 5654 5971 5760
f 5761 5972 5654
f 5413 5661 5919
f 5662 5973 5555
f 5918 5974 5821
f 5921 5819 5664
f 5507 5763 5921
f 5664 5717 5921
f 5822 5718 5975
f 5824 5823 5976
f 5977 5824 5976
f 5510 5978 5372
f 5825 5824 5977
f 5977 5979 5825
f 5667 5825 5979
f 5768 5875 5771
f 5512 5926 5669
f 5562 5876 5929
f 5374 5422 5669
f 5933 5834 5879
f 5879 5881 5933
f 5933 5934 5780
f 5935 5884 5782
f 5779 5936 5601
f 5836 5980 5882
f 5786 5565 5784
f 5836 5938 5980
f 5786 5981 5787
f 5838 5982 5938
f 5838 5983 5982
f 5841 5683 5842
f 5888 5389 5885
f 5788 5841 5840
f 5790 5887 5984
f 5734 5888 5985
f 5790 5984 5889
f 5986 5939 5886
f 5987 5943 5939
f 5988 5890 5889
f 5843 5946 5989
f 5946 5892 5989
f 5990 5534 5570
f 5894 5896 5991
f 5991 5896 5992
f 5896 5993 5992
f 5951 5735 5994
f 5735 5736 5994
f 5990 5851 5534
f 5625 5252 5953
f 5628 5158 5995
f 5996 5997 5998
f 5857 5848 5798
f 5998 5997 5999
f 5801 6000 5858
f 6001 5900 5856
f 5901 5638 5907
f 6002 5637 5902
f 5904 5752 5744
f 5701 5637 5958
f 5906 6003 6004
f 5906 5642 6003
f 5743 5704 5695
f 5695 5704 5960
f 5645 5910 5905
f 5962 5960 5863
f 5909 5911 5808
f 5911 6005 5808
f 5961 5963 5965
f 5811 5966 5866
f 5964 5965 6006
f 5409 5913 5916
f 5968 5814 5711
f 5589 5817 5461
f 5813 5816 5657
f 5759 5816 5970
f 5655 5916 6007
f 6008 5814 5968
f 5411 6008 5968
f 5411 5917 6008
f 6009 5817 6010
f 5461 5817 6009
f 5461 6009 5870
f 5816 5813 6011
f 5816 6011 6012
f 6012 5871 5816
f 5871 5820 6013
f 5915 5712 6014
f 5817 5869 6010
f 5555 5973 5763
f 5662 5659 5973
f 5871 6012 5815
f 5972 5920 5919
f 5972 5761 5920
f 6015 5764 5870
f 5822 6016 5559
f 5975 6016 5822
f 5559 6016 5922
f 5975 5718 5873
f 6017 5976 5823
f 5977 5976 6018
f 5667 5979 5766
f 6019 5769 5770
f 5924 5925 6020
f 5875 6021 5771
f 6022 5771 6021
f 6023 6022 6021
f 6024 5828 5772
f 5562 5929 6025
f 6026 5877 5828
f 5374 6027 5671
f 6028 6029 5877
f 6029 6028 6030
f 5931 5878 5672
f 5932 5931 5777
f 6031 5833 5832
f 5830 5781 5882
f 5882 5832 5830
f 5881 6032 5933
f 5729 5781 5880
f 5882 5781 5729
f 5882 5980 6033
f 5934 6034 5783
f 6034 6035 5783
f 6036 6037 6034
f 6038 6037 6036
f 6035 6034 6037
f 5938 6039 5980
f 5837 5785 6040
f 6037 6038 6041
f 5982 6039 5938
f 5981 5885 5787
f 5839 5983 5838
f 5842 5940 5841
f 5939 6042 5839
f 5941 5940 5791
f 5944 6042 5939
f 5840 5986 5886
f 5887 5942 5984
f 5942 6043 5984
f 5987 5939 5986
f 5734 5985 5945
f 6044 5944 5943
f 5988 5947 5890
f 6045 5732 5891
f 6046 6047 6048
f 5844 5949 6049
f 5844 5792 5949
f 5947 6045 5891
f 5989 5892 6050
f 5946 5685 5950
f 5844 6049 5948
f 5894 6050 5892
f 6049 5949 5794
f 6049 5794 5845
f 6051 5990 5570
f 5846 6052 6053
f 6054 5846 6053
f 6054 5847 5846
f 5993 5896 5895
f 6052 5846 6055
f 5736 5850 5994
f 6055 5846 5854
f 5996 6056 5997
f 5954 5852 5897
f 5996 6057 6056
f 6058 5897 5853
f 5849 6059 5850
f 5854 5738 6055
f 5853 5952 6058
f 6058 5952 5898
f 5998 6057 5996
f 5997 6060 5999
f 5850 6059 6061
f 5803 5797 5804
f 6060 5997 6062
f 6063 5902 5803
f 5955 5858 5998
f 5956 5805 6064
f 5859 5860 5742
f 5907 6065 5901
f 5637 6002 5958
f 5903 5906 6004
f 5642 5865 6003
f 5695 5960 5864
f 5864 5903 5695
f 5864 5906 5903
f 5859 5749 6066
f 5753 6067 6068
f 6066 5749 5806
f 5960 5908 5864
f 5752 5905 5909
f 5911 5909 5867
f 5908 5963 5863
f 5552 6069 5589
f 5817 5589 6070
f 5592 5915 5868
f 5713 5814 6071
f 6072 5917 5590
f 5590 5817 6072
f 5817 6070 6072
f 6010 6072 6070
f 5815 6073 5659
f 6012 6011 6074
f 6012 6074 6013
f 6013 5816 5871
f 5762 5554 6075
f 5554 5713 6076
f 5713 6071 6076
f 6012 6073 5815
f 5764 6077 5869
f 6077 5764 6015
f 5978 5873 5372
f 6018 5976 6078
f 5977 6018 5979
f 6079 5510 5923
f 5923 5765 6080
f 5924 6081 5875
f 6021 5875 6081
f 5771 6082 5561
f 5668 5511 5720
f 6083 6024 5772
f 5926 6084 5669
f 6026 6083 5772
f 6026 5772 5775
f 5721 6085 5927
f 5669 6084 6027
f 6086 5927 6085
f 6027 5374 5669
f 6086 5928 5927
f 5929 5928 6087
f 5877 6029 5829
f 5827 5829 6088
f 6088 5829 6029
f 5775 5878 6026
f 6026 6028 5877
f 6026 5878 6028
f 6089 6090 6091
f 6091 5932 6089
f 5930 5724 5326
f 6092 6093 6094
f 5932 5833 6031
f 5934 5933 6095
f 5883 6032 5881
f 6096 5786 5784
f 6034 6097 6036
f 6035 6037 6098
f 5940 6099 5841
f 6100 5986 5840
f 6043 6101 5984
f 5984 6101 5889
f 5988 5889 6101
f 6102 5943 5987
f 6044 6103 5944
f 5732 6045 5942
f 5946 5950 5893
f 6051 5570 5945
f 5950 6104 5893
f 5894 5991 6050
f 5893 6105 5895
f 6054 6106 5847
f 6107 5948 6108
f 6109 6110 6108
f 6111 5991 5992
f 6111 5992 6112
f 6110 6107 6108
f 6113 6110 6109
f 5993 6114 6112
f 5993 6112 5992
f 5850 6115 5994
f 5997 6056 6116
f 5851 5990 6117
f 6118 5849 5847
f 5850 6061 6115
f 5953 5899 6119
f 5858 6000 6120
f 5995 5158 6121
f 6057 5998 5858
f 5851 6117 5899
f 6122 6058 5898
f 5857 5956 5898
f 5803 5804 6063
f 5901 6123 6000
f 5801 5901 6000
f 5625 6121 5158
f 6124 5738 5900
f 5856 5954 6001
f 5999 6060 6062
f 5804 5903 6063
f 6062 6125 6003
f 5900 6126 6124
f 6001 6126 5900
f 5805 6127 6064
f 5955 6128 5750
f 5805 5957 6127
f 5747 6067 5753
f 5904 5905 5752
f 5865 5866 6129
f 5909 6130 5867
f 5958 6131 5959
f 6129 5751 5862
f 5751 6129 5755
f 5808 6005 5910
f 5753 6068 5810
f 5962 6132 5960
f 5810 6133 5911
f 6133 6005 5911
f 5966 5755 6129
f 5458 5967 5913
f 5816 6074 5970
f 6070 6009 6010
f 5816 6013 6074
f 5915 6014 6134
f 5971 5654 5972
f 5554 6076 6075
f 5917 6135 6008
f 6072 6136 5917
f 6137 6138 6010
f 6010 6138 6072
f 6137 6010 5869
f 6139 6009 6140
f 5870 6009 6139
f 5819 6141 5818
f 5819 5921 6141
f 5763 6141 5921
f 5974 5872 5821
f 5975 6142 6016
f 5922 6017 5823
f 5874 5766 6143
f 5769 6080 5765
f 6080 5769 6019
f 5925 5874 6144
f 6081 5924 6020
f 6145 5719 5668
f 5771 6022 6082
f 5926 5561 6082
f 6026 5828 6024
f 5826 6085 5721
f 5562 6025 5321
f 6146 5671 6027
f 6147 6028 5878
f 6030 6028 6147
f 5671 6146 5930
f 6093 6148 6094
f 6089 5932 6031
f 5724 6149 5778
f 5832 6150 6031
f 5882 6150 5832
f 5882 6033 6150
f 5784 5937 6096
f 5936 5779 6151
f 6097 6034 5934
f 5883 5783 6035
f 5936 6151 5785
f 5981 5786 6152
f 6038 6036 6153
f 5606 5837 5937
f 6098 6037 6041
f 5983 6154 5982
f 6155 6038 6156
f 6038 6155 6041
f 6157 5885 5981
f 5885 6157 6158
f 6159 5839 6042
f 6100 5840 5841
f 6099 6100 5841
f 5888 6158 5985
f 6099 5940 5941
f 6160 6042 5944
f 6161 6162 5941
f 5941 5843 6161
f 6102 6044 5943
f 6047 6163 6048
f 6045 5947 6054
f 6164 6047 6046
f 5947 6165 6054
f 6047 6164 6166
f 6167 6047 6166
f 6049 6168 5948
f 5893 6104 6105
f 5948 6168 6108
f 5950 5951 6165
f 6109 6108 6168
f 5948 6169 5845
f 5991 6105 6050
f 6105 5991 6111
f 5847 6106 6118
f 6112 6170 6111
f 5895 6105 5993
f 6105 6111 5993
f 5994 6106 5951
f 6170 5993 6111
f 6110 6171 6107
f 6172 5897 6173
f 5953 6119 6174
f 6059 5849 6118
f 6056 6175 6116
f 6057 6175 6056
f 6115 6061 6176
f 6057 5858 6120
f 5855 6177 5696
f 5738 6178 6055
f 6059 6179 6061
f 5953 6174 5625
f 6119 5899 6117
f 6180 6058 6122
f 6122 5898 5956
f 6062 6116 6125
f 5997 6116 6062
f 5625 6174 6181
f 6124 6178 5738
f 5998 6128 5955
f 5999 6128 5998
f 5901 6182 6123
f 5625 6181 6121
f 5902 6063 6002
f 5999 6062 6183
f 6003 6125 6004
f 5860 5859 5700
f 5700 5859 6066
f 6184 5862 5750
f 5700 6066 5806
f 5862 5865 6129
f 6185 5957 5959
f 5909 5905 6130
f 6131 6185 5959
f 5908 5960 6132
f 5866 5966 6129
f 5410 5914 5812
f 5912 5812 6186
f 6074 6187 5970
f 5655 6007 5914
f 6070 5589 6069
f 6009 6070 6138
f 5663 5591 5969
f 5820 6188 6013
f 6189 6188 5820
f 6189 5820 5872
f 5760 5971 5918
f 5919 6190 5972
f 5762 6191 5661
f 5762 6075 6191
f 6140 6072 6138
f 6072 6140 6137
f 6009 6137 6140
f 6137 6009 6138
f 5870 6139 6192
f 5918 6193 5974
f 5870 6192 6015
f 6194 5976 6195
f 5510 6079 5978
f 5979 6018 6196
f 5979 6196 5766
f 6019 5770 5719
f 6024 6083 6026
f 6085 5826 5827
f 6087 5928 6086
f 6147 6197 6029
f 6029 6030 6147
f 6198 6090 6199
f 5932 6091 5931
f 6094 6148 6200
f 6094 6200 6201
f 5724 5930 6149
f 6202 6094 6201
f 6094 6202 6092
f 6203 6095 5933
f 6032 6203 5933
f 5779 5778 6204
f 6096 6152 5786
f 5980 6039 6205
f 6036 6097 6098
f 6156 6206 6154
f 6038 6206 6156
f 6038 6153 6206
f 6151 6207 5785
f 6036 6098 6153
f 5785 6207 6040
f 6098 6041 6153
f 6156 5983 6159
f 6159 5983 5839
f 5888 5885 6158
f 6099 5941 6162
f 6208 6043 6209
f 5986 6210 5987
f 6208 6101 6043
f 6101 6208 6211
f 5942 6211 6043
f 6209 6043 6211
f 6103 6160 5944
f 6212 5947 5988
f 5947 5950 6165
f 6213 5989 6050
f 6048 6164 6046
f 6047 6167 6163
f 6168 6049 6169
f 6165 6106 6054
f 6214 6163 6167
f 6049 5845 6169
f 6106 6165 5951
f 6052 6166 6053
f 6172 6166 6052
f 6173 6166 6172
f 6107 6169 5948
f 6051 6215 5990
f 5990 6215 6117
f 6117 6215 6216
f 6217 6052 6055
f 6119 6117 6216
f 6170 6114 5993
f 5897 6218 5954
f 6058 6219 5897
f 6123 6120 6000
f 6179 6176 6061
f 6180 6219 6058
f 6121 6220 5995
f 5999 6175 6128
f 6221 5750 6128
f 6183 6062 6184
f 6065 5907 6222
f 6223 5958 6002
f 6062 6003 6184
f 6224 6063 5903
f 5750 6221 6184
f 6126 6001 6225
f 5865 5862 6184
f 6226 6222 5907
f 6226 5907 5867
f 6067 6226 6068
f 6130 5905 5910
f 5908 6132 5963
f 6005 6133 6227
f 6132 5965 5963
f 5964 6132 5962
f 5711 5912 5968
f 5552 5968 6069
f 5969 6228 5813
f 6074 6229 6187
f 5712 5970 6189
f 6186 5812 6071
f 6230 6138 6070
f 6230 6140 6138
f 6011 6229 6074
f 5712 6189 6014
f 6190 5971 5972
f 5661 6190 5919
f 5661 6231 6190
f 6071 6232 6076
f 6071 5814 6186
f 6008 6135 6233
f 5763 6234 6141
f 5763 5973 6234
f 5659 6073 5973
f 5872 6235 6189
f 5869 6077 6137
f 5872 5974 6235
f 6015 6236 6077
f 6142 5975 5873
f 5976 6194 6078
f 6079 5923 6237
f 6143 6238 5874
f 6144 6020 5925
f 6019 5719 6239
f 6239 5719 6145
f 6023 6240 6022
f 5321 6241 5720
f 6242 5926 6082
f 6242 6084 5926
f 6085 5827 6088
f 6243 6086 6085
f 6244 6085 6088
f 6245 6199 6090
f 6090 6089 6246
f 6093 6247 6148
f 6089 6031 6248
f 6093 6092 6202
f 6249 6250 6251
f 6251 6033 5980
f 5934 6095 6097
f 6251 5980 6252
f 5779 6204 6151
f 6032 5883 6035
f 6097 6035 6098
f 6154 5983 6156
f 6253 6153 6041
f 6254 6255 6256
f 6257 6255 6254
f 6157 5981 6152
f 6212 5988 6101
f 6101 6211 5942
f 6258 6209 6211
f 5942 6259 6101
f 6103 6260 6261
f 6103 6044 6260
f 6161 5843 6262
f 5947 6212 6263
f 6045 6259 5942
f 5947 6263 5950
f 6259 6045 6054
f 6163 6264 6048
f 6048 6265 6164
f 5950 6266 6104
f 6265 6267 6164
f 6264 6163 6214
f 6164 6267 6166
f 6167 6166 6268
f 6054 6269 6270
f 6269 6054 6271
f 6053 6166 6267
f 6054 6053 6271
f 6268 6166 6173
f 6216 6174 6119
f 5897 6172 6218
f 6173 5897 6272
f 5628 5995 5855
f 5897 6219 6272
f 6112 6114 6273
f 6274 6059 6118
f 6170 6273 6114
f 6176 6275 6115
f 6059 6274 6179
f 6177 6276 5696
f 6277 6116 6175
f 6175 6057 6120
f 5696 6276 5747
f 6175 5999 6277
f 6278 5995 6220
f 5956 6279 6280
f 5999 6183 6277
f 6001 5954 6281
f 6220 6121 6282
f 6223 6002 6283
f 6063 6283 6002
f 6183 6184 6221
f 6063 6224 6284
f 6004 6125 6285
f 6184 6003 5865
f 5958 6223 6286
f 6004 6224 5903
f 6225 6001 6287
f 6067 6222 6226
f 6226 5867 6288
f 6131 5958 6286
f 5867 6130 6288
f 6288 5810 6068
f 5810 6288 6133
f 6006 6132 5964
f 6006 5965 6132
f 5968 5912 6069
f 6289 6187 6229
f 5868 5915 6134
f 6290 6069 6291
f 6069 6290 6070
f 6141 6292 5818
f 6011 5813 6228
f 6011 6228 6293
f 6229 6011 6293
f 6012 6293 6188
f 6289 6188 6293
f 6188 6289 6013
f 6229 6013 6289
f 6013 6229 6012
f 6293 6012 6229
f 5661 6191 6231
f 5814 6294 6186
f 5917 6291 6135
f 6295 6135 6291
f 6135 6295 6136
f 6290 6136 6295
f 6136 6290 5917
f 6291 5917 6290
f 6230 6070 6290
f 5974 6193 6296
f 6297 6298 6299
f 6236 6015 6300
f 5922 6016 6142
f 5976 6017 6195
f 6018 6301 6196
f 6196 6301 6302
f 5766 6196 6143
f 6238 6144 5874
f 6021 6081 6023
f 6020 6303 6081
f 6304 6084 6242
f 6244 6243 6085
f 6025 5929 6305
f 6243 6087 6086
f 6029 6197 6306
f 6029 6307 6088
f 6308 6199 6245
f 6090 6198 6091
f 5931 6091 6309
f 6093 6202 6247
f 6250 6247 6202
f 6201 6250 6202
f 6031 6150 6310
f 6311 6310 6150
f 6150 6312 6311
f 6313 6314 6312
f 6150 6313 6312
f 6249 6251 6315
f 6097 6095 6203
f 6032 6035 6203
f 6035 6097 6203
f 5980 6205 6252
f 6316 6206 6153
f 6205 6039 6257
f 6317 6154 6206
f 6316 6153 6318
f 6254 6319 6257
f 6320 6318 6153
f 6320 6153 6253
f 6256 6321 6254
f 5982 6322 6039
f 6323 6155 6156
f 6253 6041 6155
f 6159 6042 6210
f 6324 6100 6099
f 6099 6162 6324
f 6158 6325 5985
f 6160 6326 6042
f 6210 6326 5987
f 6327 6162 6161
f 6259 6212 6101
f 6328 6160 6103
f 6161 6329 6327
f 6102 6160 6328
f 5987 6326 6102
f 6330 6329 6161
f 6044 6102 6260
f 5843 5989 6262
f 5945 5985 6331
f 6048 6264 6265
f 5950 6263 6266
f 6268 6265 6167
f 6167 6265 6264
f 6213 6050 6332
f 6050 6105 6332
f 6264 6214 6167
f 6169 6333 6168
f 6051 6331 6215
f 6267 6334 6053
f 5994 6335 6106
f 6107 6171 6336
f 6335 5994 6115
f 6118 6106 6274
f 6172 6052 6217
f 6218 6172 6217
f 6170 6112 6273
f 6181 6174 6337
f 6279 5956 6338
f 6116 6339 6125
f 6276 6340 6065
f 6067 6276 6065
f 5747 6276 6067
f 6175 6341 6128
f 6342 5901 6065
f 6343 6338 5956
f 6341 6344 6128
f 6064 6343 5956
f 6128 6344 6221
f 6067 6065 6222
f 6283 6063 6345
f 6284 6345 6063
f 6125 6346 6285
f 6181 6282 6121
f 6127 6347 6064
f 6224 6004 6285
f 6348 6124 6126
f 6348 6126 6225
f 6127 5957 6349
f 5957 6185 6349
f 6350 6131 6286
f 6226 6288 6068
f 6288 6130 6133
f 6130 5910 6227
f 6227 5910 6005
f 6187 6289 6293
f 5970 6187 6188
f 6189 5970 6188
f 5654 6351 5967
f 5916 5913 6352
f 5914 6007 6353
f 5812 5914 6354
f 6071 5812 6354
f 6355 6292 6141
f 5969 5591 6356
f 5814 6233 6294
f 6008 6233 5814
f 6290 6357 6230
f 6139 6140 6230
f 6234 6358 6141
f 5973 6073 6359
f 6012 6360 6073
f 6188 6360 6012
f 6136 6230 6361
f 6357 6361 6230
f 6361 6357 6072
f 6139 6072 6357
f 6072 6139 6136
f 6230 6136 6139
f 6361 6137 6136
f 6072 6137 6361
f 6077 6362 6137
f 6077 6363 6362
f 6363 6077 6236
f 6081 6364 6023
f 6020 6144 6303
f 6081 6303 6364
f 6365 6082 6022
f 6022 6240 6365
f 6366 6367 6368
f 6084 6304 6369
f 6027 6084 6369
f 6307 6306 6370
f 5929 6087 6371
f 6029 6306 6307
f 5929 6371 6372
f 5929 6372 6305
f 6197 6147 6373
f 6090 6374 6245
f 5878 5931 6309
f 6090 6246 6374
f 6091 6198 6309
f 6246 6089 6375
f 6201 6200 6376
f 6248 6031 6310
f 6247 6250 6377
f 6377 6250 6249
f 6250 6378 6251
f 6033 6251 6378
f 6251 6252 6315
f 5937 6379 6096
f 6152 6096 6379
f 6317 6206 6316
f 6319 6205 6257
f 6254 6321 6380
f 6254 6380 6319
f 6381 6382 6383
f 5837 6384 5937
f 6257 6380 6255
f 6322 6380 6257
f 6039 6322 6257
f 6207 6385 6040
f 6156 6159 6323
f 6253 6155 6386
f 6158 6157 6387
f 6100 6324 6388
f 6387 6325 6158
f 5986 6100 6388
f 6209 6258 6389
f 5985 6325 6390
f 6326 6160 6102
f 6262 6330 6161
f 6260 6328 6261
f 6102 6328 6260
f 6213 6262 5989
f 6266 6391 6104
f 6270 6259 6054
f 6270 6392 6259
f 6391 6332 6104
f 6267 6265 6268
f 5945 6331 6051
f 6104 6332 6105
f 6270 6393 6394
f 6393 6270 6269
f 6107 6333 6169
f 6113 6109 6395
f 6173 6396 6268
f 6107 6336 6397
f 6215 6398 6216
f 6335 6274 6106
f 6173 6272 6396
f 6399 6400 6401
f 6402 5995 6278
f 6171 6110 6403
f 6336 6171 6279
f 6174 6216 6337
f 6115 6275 6335
f 6055 6178 6218
f 6404 6272 6219
f 6277 6339 6116
f 6342 6065 6340
f 6405 6406 6176
f 6405 6176 6179
f 6120 6341 6175
f 5956 6280 6122
f 6407 6123 6182
f 6223 6408 6286
f 6283 6408 6223
f 6286 6408 6350
f 6130 6227 6133
f 6292 6409 5818
f 5818 6409 5591
f 5918 6134 6193
f 6410 6193 6134
f 6193 6410 5971
f 5868 5971 6410
f 5971 5868 5918
f 6134 5918 5868
f 5967 6351 5913
f 5914 6353 6354
f 6069 5912 6291
f 6014 6411 6134
f 5971 6190 6193
f 6232 6071 6354
f 6141 6358 6355
f 5973 6412 6234
f 5973 6413 6412
f 6135 6136 6233
f 6414 6298 6297
f 6298 6415 6299
f 6192 6139 6362
f 6363 6192 6362
f 6192 6300 6015
f 6137 6362 6416
f 5873 6417 6142
f 6017 6418 6195
f 6078 6301 6018
f 6143 6196 6419
f 6237 5923 6080
f 6419 6238 6143
f 6023 6364 6240
f 5668 5720 6420
f 6421 6243 6244
f 6371 6087 6243
f 6146 6027 6369
f 6422 6306 6197
f 6371 6423 6372
f 6199 6308 6424
f 6088 6307 6425
f 6425 6244 6088
f 6426 6308 6245
f 6198 6199 6424
f 6147 5878 6427
f 6147 6427 6373
f 6305 6372 6428
f 6428 6372 6429
f 6248 6375 6089
f 6247 6200 6148
f 6201 6376 6378
f 6201 6378 6250
f 6150 6430 6313
f 6150 6033 6431
f 6150 6431 6430
f 6431 6033 6378
f 6151 6432 6207
f 6318 6317 6316
f 6382 6381 6433
f 6318 6320 6434
f 6380 6321 6255
f 6386 6320 6253
f 6152 6435 6157
f 6323 6159 6388
f 6388 6159 6210
f 6042 6326 6210
f 6209 6436 6208
f 6389 6436 6209
f 6259 6437 6212
f 6328 6103 6261
f 6438 6439 6440
f 6439 6213 6440
f 6266 6330 6391
f 6053 6334 6271
f 6441 6397 6442
f 6268 6396 6267
f 6168 6395 6109
f 6333 6107 6397
f 6443 6442 6397
f 6402 6444 5995
f 6403 6110 6113
f 6216 6398 6337
f 6274 6335 6179
f 6445 6400 6446
f 6445 6401 6400
f 6218 6217 6055
f 6279 6338 6336
f 6218 6281 5954
f 6279 6403 6280
f 6339 6277 6447
f 6123 6448 6120
f 6406 6275 6176
f 6178 6449 6218
f 6219 6450 6404
f 6220 6451 6278
f 6280 6450 6122
f 6277 6183 6452
f 6180 6122 6219
f 6183 6221 6452
f 6221 6344 6452
f 6182 5901 6342
f 6350 6408 6453
f 6285 6454 6224
f 6185 6455 6349
f 6131 6350 6456
f 6456 6457 6131
f 6293 6458 6187
f 5654 5868 6351
f 5912 6186 6294
f 5969 6459 6413
f 6075 6076 6460
f 6136 6461 6233
f 6139 6357 6462
f 5973 6359 6413
f 6236 6300 6363
f 6017 5922 6463
f 6418 6017 6463
f 6464 5978 6079
f 6465 5978 6464
f 6420 6145 5668
f 6466 5720 6241
f 6242 6082 6365
f 6365 6467 6242
f 5321 6025 6241
f 6306 6422 6370
f 6244 6468 6421
f 6421 6371 6243
f 6469 6146 6369
f 6197 6470 6422
f 6198 6424 6246
f 6471 6305 6428
f 6198 6246 6309
f 6200 6377 6376
f 6200 6247 6377
f 6376 6248 6378
f 6248 6310 6431
f 6310 6430 6431
f 6311 6472 6310
f 6473 6472 6311
f 6310 6474 6430
f 6475 6473 6312
f 6311 6312 6473
f 6430 6474 6313
f 6314 6475 6312
f 6151 6204 6432
f 5937 6476 6379
f 6319 6477 6205
f 5982 6478 6322
f 6434 6479 6318
f 5837 6480 6384
f 6255 6321 6256
f 6386 6323 6481
f 6155 6323 6386
f 5837 6040 6480
f 6157 6435 6482
f 6483 6040 6385
f 6481 6323 6324
f 6324 6323 6388
f 5986 6388 6210
f 6162 6327 6484
f 6485 6486 6487
f 6329 6484 6327
f 6488 6211 6208
f 6440 6489 6438
f 6329 6330 6484
f 6262 6439 6490
f 6213 6439 6262
f 6330 6262 6391
f 6391 6262 6490
f 6490 6491 6440
f 6213 6490 6440
f 6394 6437 6270
f 6213 6332 6490
f 6437 6392 6270
f 6331 6492 6215
f 6493 6168 6333
f 6267 6494 6334
f 6399 6495 6400
f 6397 6493 6333
f 6444 6177 5855
f 6444 5855 5995
f 6171 6403 6279
f 6446 6448 6445
f 6340 6276 6177
f 6335 6275 6179
f 6123 6445 6448
f 6179 6275 6405
f 6445 6123 6407
f 6278 6451 6496
f 6497 6404 6450
f 6280 6497 6450
f 6284 6498 6499
f 6120 6448 6341
f 6449 6178 6124
f 6125 6339 6346
f 6500 6447 6344
f 6281 6501 6001
f 6452 6447 6277
f 6452 6344 6447
f 6219 6122 6450
f 6453 6064 6347
f 6343 6064 6453
f 6284 6224 6502
f 6127 6349 6347
f 6503 6344 6341
f 6224 6454 6502
f 6504 6225 6287
f 6457 6505 6131
f 5591 6409 6356
f 6134 6411 6410
f 5868 6410 6351
f 6352 5913 6351
f 6007 5916 6506
f 6354 6353 6507
f 5912 6294 6508
f 5912 6508 6291
f 6292 6355 6509
f 5969 6356 6459
f 6413 6228 5969
f 6414 6510 6298
f 6415 6298 6510
f 6189 6235 6511
f 6296 6193 6512
f 6231 6191 6513
f 6513 6191 6075
f 6295 6514 6290
f 6515 6360 6188
f 6136 6514 6461
f 6462 6461 6514
f 6461 6462 6137
f 6357 6137 6462
f 6137 6357 6136
f 6514 6136 6357
f 6139 6462 6362
f 6516 6297 6299
f 6231 6513 6517
f 6137 6416 6461
f 6513 6518 6517
f 6519 6518 6513
f 6519 6520 6518
f 6142 6521 5922
f 5922 6521 6463
f 6417 6522 6142
f 5978 6523 5873
f 6419 6196 6302
f 6144 6238 6524
f 6524 6303 6144
f 6420 5720 6466
f 6240 6525 6365
f 6242 6467 6304
f 6526 6370 6422
f 6366 6368 6527
f 6244 6368 6528
f 6244 6527 6368
f 6244 6528 6468
f 6527 6244 6425
f 6308 6426 6529
f 6422 6470 6530
f 6530 6307 6422
f 6530 6425 6307
f 6246 6424 6374
f 6427 5878 6309
f 6372 6423 6429
f 6375 6531 6246
f 6471 6428 6429
f 6248 6431 6378
f 6314 6313 6474
f 6249 6315 6532
f 6205 6477 6252
f 6382 6533 6534
f 6478 5982 6154
f 6322 6478 6535
f 6382 6536 6383
f 6317 6318 6479
f 6207 6432 6385
f 6537 6380 6538
f 6380 6322 6538
f 6384 6480 6539
f 6386 6481 6434
f 6483 6385 6540
f 6481 6324 6541
f 6480 6040 6483
f 6542 6480 6483
f 6387 6157 6482
f 6436 6488 6208
f 6484 6330 6543
f 6212 6544 6263
f 6437 6544 6212
f 6259 6545 6437
f 6546 6266 6263
f 6543 6330 6266
f 6440 6491 6489
f 6331 5985 6547
f 6391 6490 6332
f 6394 6544 6437
f 6441 6442 6548
f 6492 6549 6215
f 6271 6550 6269
f 6334 6550 6271
f 6548 6551 6441
f 6494 6267 6396
f 6400 6495 6446
f 6493 6397 6552
f 6442 6443 6548
f 6215 6549 6398
f 6272 6553 6396
f 6113 6395 6554
f 6401 6445 6555
f 6403 6497 6280
f 6406 6556 6557
f 6275 6406 6557
f 6218 6449 6281
f 6445 6407 6555
f 6284 6499 6345
f 6275 6557 6405
f 6405 6556 6406
f 6405 6557 6558
f 6558 6556 6405
f 6338 6343 6559
f 6559 6343 6453
f 6339 6560 6346
f 6561 6408 6283
f 6562 6285 6346
f 6501 6287 6001
f 6563 6344 6503
f 6225 6504 6348
f 6185 6131 6505
f 6457 6564 6505
f 6509 6565 6292
f 6409 6292 6565
f 6352 6566 5916
f 6415 6509 6355
f 6228 6567 6458
f 6293 6228 6458
f 6189 6411 6014
f 6076 6353 6460
f 6353 6007 6460
f 6232 6354 6568
f 6300 6192 6569
f 6459 6412 6413
f 6413 6570 6571
f 5974 6296 6235
f 6232 6572 6076
f 6290 6514 6357
f 6569 6192 6363
f 6300 6573 6363
f 6515 6188 6511
f 5873 6523 6417
f 6574 6079 6237
f 6237 6080 6019
f 6575 6238 6419
f 6364 6303 6576
f 6577 6420 6466
f 6367 6528 6368
f 6578 6304 6467
f 6526 6307 6370
f 6422 6307 6579
f 6308 6529 6580
f 6580 6424 6308
f 6245 6581 6426
f 6245 6374 6581
f 6427 6582 6373
f 6373 6583 6197
f 6309 6246 6531
f 6423 6584 6429
f 6584 6471 6429
f 6248 6585 6375
f 6249 6532 6377
f 6472 6586 6310
f 6310 6586 6474
f 6532 6315 6587
f 6315 6252 6587
f 6314 6474 6475
f 6433 6533 6382
f 6588 6154 6317
f 6319 6589 6477
f 6433 6381 6590
f 6382 6534 6536
f 6435 6152 6379
f 6589 6319 6380
f 6384 6591 6476
f 6384 6476 5937
f 6380 6537 6589
f 6381 6383 6592
f 6322 6593 6538
f 6536 6594 6383
f 6384 6539 6591
f 6320 6386 6434
f 6481 6541 6479
f 6479 6434 6481
f 6324 6162 6595
f 6541 6324 6595
f 6162 6484 6595
f 6596 6486 6485
f 6597 6390 6325
f 6438 6598 6439
f 6211 6545 6599
f 6211 6599 6258
f 6258 6599 6389
f 6544 6546 6263
f 6259 6392 6545
f 6266 6600 6543
f 6390 6547 5985
f 6601 6602 6603
f 6402 6604 6444
f 6605 6604 6402
f 6606 6393 6269
f 6550 6334 6494
f 6168 6493 6395
f 6493 6607 6395
f 6607 6553 6395
f 6549 6608 6398
f 6609 6550 6494
f 6553 6554 6395
f 6552 6397 6551
f 6278 6605 6402
f 6278 6496 6605
f 6113 6554 6610
f 6113 6610 6403
f 6336 6443 6397
f 6446 6611 6448
f 6177 6612 6340
f 6404 6553 6272
f 6611 6555 6448
f 6449 6501 6281
f 6447 6560 6339
f 6613 6342 6340
f 6448 6555 6341
f 6341 6555 6407
f 6556 6558 6614
f 6344 6615 6500
f 6613 6616 6342
f 6345 6561 6283
f 6449 6124 6617
f 6618 6451 6220
f 6407 6182 6619
f 6616 6620 6342
f 6182 6620 6619
f 6348 6617 6124
f 6341 6621 6503
f 6622 6350 6453
f 6185 6505 6455
f 6457 6456 6623
f 5916 6566 6506
f 6188 6187 6624
f 6625 6294 6233
f 6626 6415 6355
f 6355 6627 6626
f 6628 6358 6234
f 6629 6234 6412
f 6570 6629 6412
f 6570 6412 6459
f 6571 6570 6459
f 6413 6571 6630
f 6413 6630 6228
f 6189 6511 6624
f 6193 6190 6512
f 6231 6631 6190
f 6569 6363 6632
f 6299 6510 6633
f 6510 6299 6626
f 6299 6415 6626
f 6359 6570 6413
f 6624 6511 6188
f 6299 6633 6634
f 6416 6635 6461
f 6362 6462 6416
f 6299 6634 6516
f 6513 6075 6636
f 6511 6637 6515
f 6519 6513 6636
f 6638 6519 6636
f 6638 6520 6519
f 6078 6194 6639
f 6301 6078 6639
f 6079 6574 6464
f 6419 6302 6640
f 6641 6145 6420
f 6641 6420 6577
f 6240 6364 6642
f 6525 6240 6642
f 6365 6525 6643
f 6526 6422 6644
f 6579 6307 6526
f 6304 6469 6369
f 6470 6197 6583
f 6421 6423 6371
f 6645 6529 6426
f 6470 6646 6530
f 6647 6425 6530
f 6424 6580 6374
f 6146 6648 5930
f 6582 6427 6583
f 6649 6427 6309
f 6582 6650 6373
f 6149 5930 6648
f 6582 6649 6650
f 6373 6650 6583
f 6248 6376 6585
f 6376 6377 6651
f 6474 6586 6475
f 6252 6477 6652
f 6588 6317 6653
f 6654 6478 6154
f 6588 6654 6154
f 6379 6476 6655
f 6535 6593 6322
f 6479 6653 6317
f 6656 6657 6658
f 6657 6656 6659
f 6542 6660 6480
f 6387 6482 6661
f 6662 6656 6663
f 6662 6659 6656
f 6387 6597 6325
f 6486 6664 6487
f 6487 6665 6485
f 6488 6545 6211
f 6598 6438 6666
f 6667 6389 6599
f 6596 6485 6668
f 6490 6439 6669
f 6598 6669 6439
f 6546 6600 6266
f 6392 6599 6545
f 6437 6670 6392
f 6599 6392 6671
f 6491 6490 6672
f 6673 6674 6675
f 6676 6544 6394
f 6673 6677 6674
f 6674 6677 6678
f 6492 6331 6547
f 6489 6491 6679
f 6680 6601 6603
f 6394 6393 6681
f 6607 6677 6553
f 6601 6682 6602
f 6603 6602 6683
f 6606 6269 6550
f 6677 6396 6553
f 6605 6549 6604
f 6684 6683 6602
f 6608 6549 6605
f 6685 6393 6606
f 6550 6609 6606
f 6685 6686 6393
f 6399 6401 6687
f 6688 6611 6446
f 6336 6689 6443
f 6336 6338 6689
f 6690 6497 6403
f 6691 6496 6451
f 6692 6553 6404
f 6693 6345 6499
f 6500 6694 6447
f 6500 6615 6694
f 6695 6692 6404
f 6614 6696 6556
f 6561 6345 6697
f 6341 6407 6621
f 6407 6619 6698
f 6559 6453 6408
f 6282 6181 6699
f 6700 6619 6620
f 6620 6182 6342
f 6285 6562 6454
f 6344 6563 6701
f 6282 6618 6220
f 6504 6287 6702
f 6350 6505 6703
f 6564 6457 6704
f 6457 6623 6704
f 6411 6705 6410
f 6506 6566 6706
f 6707 6409 6565
f 6187 6458 6624
f 6351 6708 6352
f 6007 6506 6460
f 6510 6709 6415
f 6234 6356 6628
f 6571 6628 6356
f 6628 6571 6629
f 6459 6629 6571
f 6629 6459 6234
f 6356 6234 6459
f 6235 6296 6710
f 6568 6572 6232
f 6294 6711 6568
f 6233 6712 6625
f 6573 6632 6363
f 6510 6626 6709
f 6235 6713 6511
f 6231 6517 6631
f 6461 6714 6233
f 6461 6635 6714
f 6295 6635 6514
f 6414 6297 6516
f 6515 6715 6360
f 6635 6416 6514
f 6462 6514 6416
f 6517 6518 6716
f 6518 6520 6716
f 6717 6718 6719
f 6720 6721 6722
f 6718 6463 6723
f 6724 6722 6721
f 6418 6463 6725
f 6523 5978 6726
f 6465 6726 5978
f 6302 6301 6727
f 6640 6575 6419
f 6364 6576 6642
f 6576 6728 6642
f 6641 6239 6145
f 6729 6643 6525
f 6526 6644 6730
f 6643 6467 6365
f 6644 6422 6579
f 6527 6367 6366
f 6469 6304 6578
f 6423 6421 6731
f 6527 6425 6732
f 6733 6583 6427
f 6427 6649 6734
f 6309 6735 6649
f 6736 6471 6584
f 6376 6651 6585
f 6737 6738 6739
f 6740 6472 6473
f 6473 6475 6740
f 6532 6587 6741
f 6742 6743 6744
f 6587 6252 6652
f 6745 6534 6533
f 6535 6477 6589
f 6534 6745 6536
f 6381 6592 6590
f 6592 6383 6594
f 6435 6746 6482
f 6541 6747 6479
f 6541 6748 6747
f 6542 6483 6749
f 6541 6595 6748
f 6387 6661 6750
f 6751 6387 6750
f 6752 6662 6663
f 6665 6487 6664
f 6665 6668 6485
f 6543 6598 6484
f 6666 6438 6489
f 6753 6486 6596
f 6489 6754 6666
f 6755 6756 6757
f 6758 6667 6599
f 6758 6675 6667
f 6755 6757 6604
f 6390 6759 6547
f 6392 6670 6671
f 6675 6760 6673
f 6489 6679 6754
f 6681 6676 6394
f 6761 6599 6671
f 6758 6599 6761
f 6601 6680 6600
f 6762 6491 6672
f 6682 6601 6600
f 6763 6677 6607
f 6495 6764 6446
f 6762 6679 6491
f 6603 6765 6680
f 6549 6492 6766
f 6762 6767 6679
f 6396 6677 6673
f 6681 6393 6686
f 6446 6768 6688
f 6494 6396 6769
f 6607 6493 6554
f 6441 6551 6397
f 6609 6770 6606
f 6606 6771 6685
f 6770 6771 6606
f 6772 6548 6443
f 6496 6773 6605
f 6398 6608 6691
f 6774 6496 6691
f 6398 6691 6775
f 6688 6776 6611
f 6777 6689 6338
f 6345 6693 6697
f 6401 6555 6687
f 6690 6695 6404
f 6690 6404 6497
f 6498 6693 6499
f 6556 6696 6557
f 6778 6779 6780
f 6338 6559 6777
f 6780 6781 6778
f 6557 6696 6558
f 6346 6560 6562
f 6449 6617 6501
f 6181 6337 6699
f 6287 6501 6702
f 6347 6622 6453
f 6617 6348 6782
f 6282 6783 6618
f 6349 6455 6784
f 6454 6785 6502
f 6622 6505 6350
f 6786 6455 6505
f 6505 6564 6703
f 6350 6703 6456
f 6456 6703 6623
f 6704 6787 6564
f 6713 6411 6189
f 6294 6568 6508
f 6291 6508 6295
f 6788 6569 6632
f 6189 6624 6713
f 6296 6705 6411
f 6352 6708 6566
f 6709 6509 6415
f 6355 6358 6627
f 6356 6789 6571
f 6228 6630 6567
f 6190 6631 6512
f 6506 6075 6460
f 6568 6711 6572
f 6294 6625 6711
f 6790 6791 6792
f 6793 6510 6414
f 6510 6793 6633
f 6794 6358 6628
f 6359 6630 6570
f 6073 6715 6359
f 6360 6715 6073
f 6793 6414 6516
f 6634 6633 6795
f 6796 6794 6628
f 6715 6515 6637
f 6713 6637 6511
f 6797 6638 6723
f 6723 6638 6719
f 6718 6723 6719
f 6798 6721 6720
f 6720 6722 6799
f 6725 6718 6717
f 6521 6723 6463
f 6463 6718 6725
f 6521 6142 6522
f 6724 6800 6722
f 6195 6800 6194
f 6639 6801 6301
f 6801 6727 6301
f 6727 6640 6302
f 6575 6524 6238
f 6367 6527 6528
f 6528 6527 6802
f 6025 6803 6241
f 6804 6805 6470
f 6421 6468 6731
f 6025 6305 6803
f 6806 6470 6583
f 6305 6471 6803
f 6807 6583 6733
f 6733 6427 6734
f 6808 6530 6646
f 6530 6808 6647
f 6374 6580 6581
f 6583 6809 6582
f 6810 6649 6582
f 6583 6650 6809
f 6531 6735 6309
f 6585 6738 6375
f 6811 6650 6649
f 6585 6739 6738
f 6739 6585 6651
f 6812 6739 6651
f 6813 6814 6743
f 6743 6742 6813
f 6377 6532 6741
f 6814 6744 6743
f 6740 6475 6815
f 6654 6588 6816
f 6433 6590 6533
f 6478 6477 6535
f 6745 6590 6592
f 6536 6745 6592
f 6479 6817 6653
f 6536 6592 6818
f 6479 6819 6817
f 6820 6818 6592
f 6537 6593 6589
f 6535 6589 6593
f 6537 6538 6593
f 6432 6821 6385
f 6479 6747 6819
f 6746 6661 6482
f 6540 6385 6822
f 6539 6480 6823
f 6480 6660 6823
f 6658 6663 6656
f 6661 6824 6750
f 6750 6824 6757
f 6751 6750 6825
f 6595 6826 6827
f 6484 6826 6595
f 6750 6757 6756
f 6828 6488 6436
f 6664 6668 6665
f 6669 6543 6829
f 6669 6598 6543
f 6390 6597 6830
f 6670 6437 6545
f 6755 6830 6756
f 6830 6759 6390
f 6676 6600 6546
f 6831 6760 6667
f 6831 6667 6674
f 6674 6667 6675
f 6490 6669 6832
f 6678 6831 6674
f 6755 6833 6830
f 6681 6600 6676
f 6671 6670 6834
f 6675 6758 6760
f 6604 6757 6835
f 6679 6836 6754
f 6600 6680 6837
f 6680 6838 6837
f 6755 6604 6833
f 6681 6682 6600
f 6671 6834 6761
f 6839 6764 6495
f 6835 6444 6604
f 6764 6768 6446
f 6840 6396 6673
f 6687 6841 6495
f 6495 6399 6687
f 6493 6552 6610
f 6551 6548 6772
f 6444 6612 6177
f 6493 6610 6554
f 6552 6842 6610
f 6605 6773 6608
f 6610 6690 6403
f 6771 6770 6843
f 6843 6779 6771
f 6779 6778 6771
f 6692 6844 6553
f 6613 6340 6845
f 6398 6775 6337
f 6691 6451 6846
f 6447 6847 6560
f 6451 6618 6846
f 6558 6696 6614
f 6701 6615 6344
f 6702 6501 6617
f 6407 6698 6621
f 6284 6502 6848
f 6282 6699 6783
f 6618 6783 6849
f 6850 6503 6621
f 6782 6348 6851
f 6790 6788 6632
f 6411 6710 6296
f 6076 6572 6852
f 6353 6076 6852
f 6632 6853 6790
f 6707 6565 6794
f 6356 6409 6707
f 6356 6707 6789
f 6630 6571 6854
f 6792 6714 6295
f 6790 6853 6791
f 6573 6855 6632
f 6793 6709 6633
f 6794 6627 6358
f 6630 6854 6570
f 6233 6714 6712
f 6714 6635 6295
f 6516 6634 6793
f 6795 6793 6634
f 6709 6793 6795
f 6628 6629 6796
f 6075 6506 6636
f 6799 6725 6717
f 6799 6722 6856
f 6724 6721 6857
f 6856 6722 6800
f 6418 6725 6856
f 6856 6195 6418
f 6465 6464 6858
f 6727 6801 6859
f 6466 6860 6577
f 6525 6642 6729
f 6861 6862 6730
f 6804 6863 6805
f 6805 6863 6864
f 6862 6644 6579
f 6862 6526 6730
f 6802 6527 6865
f 6578 6467 6643
f 6806 6804 6470
f 6470 6805 6646
f 6527 6732 6865
f 6732 6425 6866
f 6867 6423 6731
f 6469 6648 6146
f 6425 6647 6866
f 6810 6582 6868
f 6868 6582 6809
f 6531 6375 6738
f 6531 6738 6735
f 6423 6867 6584
f 6735 6811 6649
f 6737 6869 6738
f 6870 6811 6377
f 6871 6814 6813
f 6377 6741 6870
f 6739 6872 6737
f 6873 6741 6587
f 6586 6815 6475
f 6742 6744 6874
f 6587 6652 6873
f 5778 6875 6204
f 6652 6477 6876
f 6653 6816 6588
f 6533 6590 6745
f 6876 6477 6877
f 6478 6877 6477
f 6818 6878 6536
f 6821 6432 6204
f 6655 6824 6746
f 6821 6822 6385
f 6591 6824 6476
f 6823 6824 6591
f 6879 6483 6540
f 6880 6659 6662
f 6824 6823 6757
f 6597 6387 6751
f 6827 6881 6595
f 6752 6663 6882
f 6883 6662 6752
f 6757 6660 6835
f 6484 6884 6826
f 6436 6389 6828
f 6598 6884 6484
f 6596 6668 6664
f 6486 6885 6664
f 6669 6666 6886
f 6829 6598 6666
f 6669 6829 6666
f 6887 6835 6660
f 6543 6888 6829
f 6670 6545 6889
f 6667 6828 6389
f 6885 6486 6753
f 6543 6600 6888
f 6760 6828 6667
f 6600 6837 6888
f 6490 6832 6672
f 6763 6678 6677
f 6831 6673 6760
f 6762 6672 6890
f 6682 6681 6891
f 6761 6892 6758
f 6679 6767 6836
f 6682 6891 6893
f 6891 6681 6686
f 6683 6765 6603
f 6602 6682 6894
f 6607 6554 6763
f 6602 6894 6684
f 6396 6895 6769
f 6896 6552 6551
f 6772 6443 6689
f 6897 6771 6778
f 6615 6776 6694
f 6775 6691 6846
f 6611 6776 6898
f 6779 6899 6780
f 6695 6900 6692
f 6901 6498 6284
f 6901 6284 6848
f 6902 6562 6560
f 6561 6903 6408
f 6698 6619 6904
f 6905 6620 6616
f 6906 6702 6617
f 6784 6347 6349
f 6784 6622 6347
f 6906 6617 6782
f 6505 6622 6784
f 6907 6502 6785
f 6908 6504 6702
f 6455 6786 6784
f 6503 6850 6563
f 6348 6504 6851
f 6411 6713 6909
f 6568 6354 6507
f 6624 6458 6713
f 6792 6295 6910
f 6792 6910 6790
f 6565 6627 6794
f 6710 6911 6235
f 6705 6296 6912
f 6296 6512 6912
f 6573 6300 6913
f 6633 6709 6626
f 6570 6854 6629
f 6852 6572 6914
f 6626 6795 6633
f 6914 6572 6711
f 6636 6506 6915
f 6517 6716 6916
f 6520 6917 6716
f 6721 6798 6857
f 6797 6723 6521
f 6800 6195 6856
f 6639 6194 6800
f 6639 6918 6801
f 6575 6640 6919
f 6920 6237 6019
f 6524 6921 6303
f 6239 6641 6922
f 6923 6642 6728
f 6924 6642 6923
f 6924 6729 6642
f 6925 6466 6241
f 6862 6579 6526
f 6802 6865 6926
f 6806 6927 6804
f 6646 6927 6806
f 6802 6928 6528
f 6646 6806 6929
f 6806 6583 6929
f 6731 6468 6867
f 6645 6426 6581
f 6529 6645 6580
f 6868 6583 6807
f 6647 6808 6930
f 6931 6866 6647
f 6649 6810 6734
f 6932 6809 6650
f 6736 6584 6933
f 6650 6811 6932
f 6811 6735 6651
f 6811 6651 6377
f 6741 6934 6870
f 6934 6744 6814
f 6935 6472 6740
f 6741 6744 6934
f 6936 6740 6815
f 6472 6935 6586
f 6741 6937 6744
f 6815 6586 6935
f 6874 6744 6937
f 6652 6654 6873
f 6876 6478 6652
f 6654 6652 6478
f 6653 6938 6816
f 6653 6817 6939
f 6435 6379 6655
f 6536 6878 6594
f 6940 6821 6204
f 6476 6824 6655
f 6820 6592 6594
f 6655 6746 6435
f 6746 6824 6661
f 6819 6747 6941
f 6942 6943 6659
f 6659 6880 6942
f 6757 6823 6660
f 6879 6540 6944
f 6595 6881 6748
f 6663 6945 6882
f 6883 6880 6662
f 6945 6826 6946
f 6882 6945 6946
f 6542 6887 6660
f 6947 6886 6666
f 6886 6884 6829
f 6884 6598 6829
f 6832 6947 6666
f 6886 6948 6669
f 6829 6888 6886
f 6545 6488 6889
f 6596 6949 6753
f 6666 6754 6832
f 6754 6672 6832
f 6832 6669 6948
f 6546 6950 6676
f 6544 6676 6951
f 6760 6952 6828
f 6754 6890 6672
f 6768 6764 6953
f 6830 6833 6759
f 6890 6754 6836
f 6680 6765 6838
f 6834 6892 6761
f 6831 6840 6673
f 6766 6492 6547
f 6767 6954 6836
f 6839 6495 6955
f 6549 6833 6604
f 6833 6549 6766
f 6890 6956 6762
f 6955 6495 6841
f 6762 6956 6767
f 6767 6956 6954
f 6396 6840 6895
f 6892 6494 6769
f 6768 6841 6688
f 6554 6844 6957
f 6553 6844 6554
f 6688 6958 6959
f 6691 6608 6774
f 6685 6771 6897
f 6776 6688 6694
f 6687 6555 6960
f 6844 6692 6961
f 6899 6779 6843
f 6694 6847 6447
f 6698 6611 6898
f 6555 6611 6960
f 6900 6961 6692
f 6902 6560 6962
f 6613 6963 6616
f 6615 6701 6964
f 6775 6846 6965
f 6337 6775 6699
f 6618 6966 6846
f 6902 6967 6562
f 6621 6698 6964
f 6408 6903 6559
f 6968 6562 6967
f 6505 6784 6786
f 6849 6966 6618
f 6787 6969 6564
f 6623 6703 6969
f 6787 6704 6623
f 6411 6909 6970
f 6351 6410 6971
f 6706 6507 6353
f 6970 6710 6411
f 6353 6972 6706
f 6709 6973 6509
f 6974 6567 6630
f 6713 6458 6637
f 6975 6976 6789
f 6976 6975 6707
f 6629 6707 6975
f 6707 6629 6789
f 6629 6854 6789
f 6630 6359 6974
f 6714 6977 6712
f 6709 6978 6979
f 6795 6978 6709
f 6629 6975 6796
f 6914 6980 6852
f 6916 6631 6517
f 6914 6981 6980
f 6914 6711 6982
f 6636 6983 6638
f 6984 6717 6719
f 6720 6799 6985
f 6720 6985 6986
f 6720 6986 6987
f 6720 6987 6798
f 6797 6521 6988
f 6799 6856 6725
f 6464 6574 6858
f 6727 6919 6640
f 6524 6575 6989
f 6921 6576 6303
f 6728 6576 6990
f 6861 6730 6644
f 6924 6991 6729
f 6925 6860 6466
f 6805 6927 6646
f 6928 6468 6528
f 6807 6733 6992
f 6583 6868 6929
f 6810 6993 6734
f 6994 6471 6736
f 6735 6738 6995
f 6736 6933 6996
f 6995 6812 6735
f 6811 6870 6932
f 6735 6812 6651
f 6997 6869 6737
f 6936 6935 6740
f 6872 6739 6812
f 6813 6742 6874
f 6937 6741 6873
f 6877 6478 6998
f 6653 6939 6938
f 6818 6999 6878
f 6818 6820 7000
f 6878 7001 6594
f 7002 7001 7003
f 6658 6657 6663
f 6659 6943 6657
f 6747 7004 6941
f 6540 6822 6944
f 7005 7004 6747
f 6748 7005 6747
f 6880 7006 6942
f 6749 6483 6879
f 6881 7005 6748
f 7007 6879 6944
f 6826 6945 7008
f 6749 6887 6542
f 6752 6882 6883
f 6826 6884 6946
f 6825 6750 6756
f 6885 7009 6664
f 6884 6886 6947
f 6948 6886 7010
f 6888 7010 6886
f 6948 6947 6832
f 7010 6888 7011
f 6889 6488 6952
f 7012 6835 6887
f 6544 6951 6546
f 6839 6953 6764
f 7013 6676 6950
f 6670 7014 6834
f 7015 6678 6763
f 6838 6765 7016
f 6759 6766 6547
f 6954 6956 6836
f 6890 6836 6956
f 6686 7017 6891
f 6758 6892 7018
f 6841 6768 6955
f 6894 7016 6684
f 6682 6893 6894
f 7018 6892 6769
f 6683 7019 6765
f 7017 6686 6685
f 6769 6895 7020
f 6763 6554 6957
f 7021 7022 7023
f 6684 7024 6683
f 6609 6494 7025
f 7026 6896 6551
f 7026 6551 6772
f 6610 6842 7027
f 6552 6896 6842
f 6774 6608 6773
f 6610 7027 6690
f 6959 7028 6688
f 6773 6496 6774
f 6688 7028 6694
f 6777 6697 6689
f 6615 6898 6776
f 6560 6847 6962
f 6611 6698 6960
f 6900 6695 7029
f 6561 6697 7030
f 6693 6498 6901
f 7031 6902 6962
f 6561 7030 6903
f 6846 6966 6965
f 6775 6965 6699
f 6904 6619 6700
f 6699 6965 6783
f 6454 6968 6785
f 6562 6968 6454
f 6964 7032 6621
f 6620 6905 6700
f 7032 6850 6621
f 6906 6908 6702
f 6785 7033 6907
f 7034 6563 6850
f 6703 6564 6969
f 6623 6969 6787
f 6705 7035 7036
f 6410 6705 7036
f 6713 6911 7037
f 6705 6912 7038
f 6915 6506 6706
f 6852 6972 6353
f 6632 6855 6853
f 6300 6569 6913
f 7039 6627 6565
f 6637 6458 6715
f 6713 6235 6911
f 6714 6792 6977
f 6791 6853 6792
f 6709 6979 6973
f 6626 6978 6795
f 6974 6359 6715
f 6854 7040 6789
f 6625 6712 7041
f 6982 6711 6625
f 6914 6982 7042
f 6914 7042 6981
f 6638 6983 6719
f 6520 6638 6917
f 6717 6984 6985
f 6799 6717 6985
f 6638 6797 6917
f 6988 7043 6797
f 6798 7044 6857
f 6521 7045 6988
f 6521 6522 7045
f 6522 6417 7046
f 7047 7046 6417
f 6523 6726 7048
f 6574 6237 6920
f 6923 6728 7049
f 7050 6924 6923
f 6728 6990 7049
f 6644 6862 6861
f 7051 6863 6804
f 6804 6927 7051
f 6805 6864 6927
f 6865 6732 6928
f 6645 6581 6580
f 6733 6734 7052
f 6807 6992 7053
f 6808 6646 6929
f 6471 6994 6803
f 6930 6931 6647
f 6931 7054 6866
f 6930 6808 7055
f 6584 6867 7056
f 7057 7058 7059
f 7058 7057 7060
f 6738 6869 6995
f 6812 6995 6872
f 7061 6935 6936
f 6997 6737 6872
f 5778 6149 6875
f 6873 6654 6816
f 6478 6876 6998
f 6817 7062 6939
f 7063 6817 6819
f 7001 6878 7003
f 6594 7001 6820
f 7064 6823 6591
f 6945 6663 7065
f 6943 6883 6882
f 7006 6880 6883
f 7066 6944 7067
f 6884 6947 7068
f 6664 7069 6596
f 7070 7071 7066
f 7066 7072 6944
f 7073 7066 7071
f 7073 7072 7066
f 6948 7010 7074
f 7075 7014 6670
f 6670 6889 7075
f 6952 6760 7076
f 7072 7077 6953
f 6676 7013 6951
f 6834 6951 7078
f 6951 6834 7014
f 7079 6885 6753
f 7078 6951 7013
f 6768 6953 7077
f 7013 6891 7017
f 7017 7078 7013
f 6892 6834 7078
f 6838 7016 6894
f 7080 6955 6768
f 6765 7019 7016
f 6892 7081 7025
f 7023 7022 7082
f 6683 7024 7019
f 6494 6892 7025
f 7021 7083 7022
f 7083 7021 7026
f 7084 7026 7021
f 6841 7085 6958
f 7086 6841 6687
f 7026 6772 7083
f 6959 6958 7087
f 6841 6958 6688
f 6959 7087 7028
f 7083 6772 6689
f 6612 6845 6340
f 6613 7088 6963
f 7089 6843 7090
f 6613 7091 7088
f 6613 6845 7091
f 6897 6778 7090
f 7089 6899 6843
f 6693 7092 6697
f 7093 6961 6900
f 6615 6964 6898
f 6781 7090 6778
f 6780 6899 7089
f 6777 7030 6697
f 6693 6901 7092
f 6698 6898 6964
f 6698 7094 6960
f 6780 7089 6781
f 6698 6904 7094
f 6900 7029 7093
f 7095 6968 6848
f 6967 6901 6848
f 6967 6848 6968
f 6968 7095 6785
f 6701 6563 7096
f 6848 6502 7097
f 6965 6966 6849
f 6783 6965 6849
f 7096 6563 7034
f 6504 6908 6851
f 7034 6850 7098
f 6850 7099 7098
f 7099 7100 7098
f 6713 7037 6909
f 6970 7035 6705
f 6708 6351 6971
f 6568 6507 7101
f 6295 6508 6910
f 6974 7102 6567
f 6458 6567 7103
f 7038 6710 6970
f 6705 7038 6970
f 6706 6972 6915
f 7104 6976 6707
f 6789 6976 6571
f 6458 7103 6715
f 6631 7105 6512
f 7039 6978 6626
f 6789 7040 6975
f 6794 6796 6707
f 6975 7106 6796
f 6625 7041 6982
f 7107 6916 6716
f 6917 6797 7043
f 7046 7043 6988
f 6857 7044 6724
f 7045 6522 7108
f 7047 6417 6523
f 6800 7109 6639
f 7110 6465 6858
f 6239 6920 6019
f 6920 6239 6922
f 7111 6576 6921
f 6577 6860 7050
f 7050 6641 6577
f 6923 7049 7050
f 7050 6860 6924
f 7051 6864 6863
f 6924 6860 7112
f 6860 6925 7112
f 6991 7113 6729
f 6643 6729 7113
f 7114 6925 6241
f 6928 6802 6926
f 6468 6928 6867
f 7052 6992 6733
f 7115 7056 6867
f 6993 7052 6734
f 7053 6868 6807
f 6868 7053 6810
f 6868 6809 7116
f 7059 7058 7117
f 6870 7118 6932
f 7119 6870 7120
f 6814 6871 6934
f 7120 6870 6934
f 6874 7121 6813
f 7122 6937 6873
f 6816 7122 6873
f 6938 7122 6816
f 6876 6877 7123
f 6204 6875 6940
f 7003 6878 6999
f 7003 7124 7125
f 7002 7003 7125
f 6940 6823 7126
f 6940 6539 6823
f 6943 6663 6657
f 6943 7002 6663
f 6821 7127 6822
f 7126 6821 6940
f 7126 7127 6821
f 6945 7065 7128
f 6822 7067 6944
f 7126 6823 7064
f 6945 7128 7008
f 7129 7005 6881
f 6826 7008 6827
f 6664 7009 7069
f 7007 6944 7072
f 6947 7130 7068
f 7131 6946 6884
f 6884 7068 7132
f 6884 7132 7131
f 7071 7009 6885
f 6953 7007 7072
f 6839 7007 6953
f 6830 6597 6825
f 6488 6828 6952
f 7074 7010 7133
f 7010 7131 7133
f 6546 7134 6950
f 6546 6951 7134
f 6885 7079 7071
f 7135 7071 7079
f 7136 7074 7133
f 7133 6888 7136
f 6888 7133 7011
f 7074 7137 6948
f 6753 6949 7079
f 6950 7138 7013
f 7139 6889 6952
f 6831 7076 6840
f 6678 7140 6831
f 6758 7018 6760
f 7018 6840 6760
f 6760 6840 7076
f 6835 7141 6444
f 7018 6895 6840
f 7023 7142 7143
f 6833 6766 6759
f 7078 7081 6892
f 6769 7020 7018
f 7019 7144 7016
f 6684 7016 7144
f 7024 6684 7144
f 6685 7145 7017
f 6957 6844 7146
f 6843 6770 7025
f 7025 6770 6609
f 6685 6897 7145
f 7026 7147 6896
f 6958 7148 7087
f 6844 6961 7149
f 6842 6896 7147
f 7150 6897 7090
f 7091 6845 7151
f 7152 7029 6695
f 7092 6901 7095
f 6967 6902 7031
f 6616 7153 6905
f 6901 6967 7095
f 6848 7097 7095
f 6967 6785 7095
f 6964 6701 7096
f 7096 7032 6964
f 6907 7097 6502
f 6850 7032 7099
f 6909 7035 6970
f 6569 6788 7154
f 6569 7154 6913
f 6567 7102 7103
f 7155 7037 6911
f 6710 6909 7156
f 7035 6909 6710
f 7035 6710 7038
f 7035 7038 7156
f 6627 7039 6626
f 6854 6571 7157
f 6854 7157 7102
f 6974 6854 7102
f 7103 7158 6715
f 6710 7159 6911
f 7156 7159 6710
f 6853 7160 6792
f 6707 6796 7106
f 6981 6984 6980
f 6915 7161 6636
f 6636 7161 6983
f 6984 6981 7042
f 7107 6716 6917
f 7162 6984 6719
f 6917 7043 7163
f 6988 7108 7046
f 7045 7108 6988
f 6522 7046 7108
f 6724 7109 6800
f 6724 7164 7109
f 7109 6918 6639
f 6726 6465 7110
f 7165 6859 6801
f 6727 6859 7166
f 6989 6921 6524
f 6576 7111 6990
f 7051 6927 6864
f 7112 6991 6924
f 6928 6926 6865
f 6803 7114 6241
f 6867 6928 7115
f 7167 6469 6578
f 6993 6810 7053
f 7168 6808 6929
f 7169 7116 6809
f 7168 7055 6808
f 6809 6932 7169
f 7058 7170 7117
f 7171 7058 7060
f 6869 6997 7172
f 7119 7118 6870
f 6997 7173 7174
f 6871 6813 7121
f 6149 6648 7175
f 7173 6997 6872
f 6995 7173 6872
f 6815 7176 6936
f 6815 6935 7176
f 6149 7177 6875
f 7000 6999 6818
f 7178 7179 7180
f 6817 7063 7062
f 7063 6819 7181
f 7180 7182 7178
f 6819 6941 7181
f 6591 6539 7183
f 7002 6943 7001
f 7001 6943 7184
f 7125 6663 7002
f 6591 7183 7064
f 7183 7185 7064
f 6879 6822 6749
f 7127 6749 6822
f 7186 6941 7004
f 6943 6882 7065
f 7186 7004 7187
f 6946 7065 6882
f 6943 6942 6883
f 7127 7188 6749
f 7187 7004 7005
f 7187 7005 7129
f 7126 7189 7127
f 6827 7129 6881
f 7067 7190 7066
f 6751 6825 6597
f 7190 7070 7066
f 6887 7188 7012
f 7070 7009 7071
f 7134 7014 7191
f 7014 7075 7191
f 6947 6948 7130
f 7132 7133 7131
f 7131 7010 7192
f 7134 6951 7014
f 7193 7194 7195
f 6596 7069 6949
f 6949 7069 7196
f 6830 6825 6756
f 7011 7192 7010
f 7197 6950 7134
f 7198 6949 7196
f 7199 7136 6888
f 7011 7133 7199
f 7192 7011 7199
f 6948 7137 7130
f 7074 6837 7200
f 7136 6837 7074
f 6837 7136 7201
f 7199 6888 6837
f 7201 7199 6837
f 7073 7077 7072
f 7139 6952 7202
f 6952 7076 7202
f 6837 6838 7200
f 7203 7013 7138
f 6835 7012 7141
f 7204 6768 7077
f 7013 7203 6891
f 7076 7018 7202
f 6831 7140 7076
f 7080 6768 7204
f 7140 6895 7076
f 6895 7018 7076
f 6893 6891 7205
f 7081 7078 7206
f 7206 7078 7017
f 7018 7020 7207
f 7023 7143 7021
f 7021 7143 7084
f 7141 6612 6444
f 6841 7086 7085
f 7208 7209 7019
f 7208 7019 7024
f 7208 7024 7144
f 7150 7145 6897
f 6843 7025 7090
f 7026 7210 7147
f 6697 7083 6689
f 7028 7211 6694
f 6694 7211 6847
f 7088 7212 6963
f 6961 7093 7149
f 7213 6695 6690
f 7152 6695 7213
f 7212 7214 6963
f 7094 7215 6960
f 7090 6781 7089
f 7216 6967 7031
f 7152 7093 7029
f 6967 7216 6785
f 7217 6904 6700
f 6782 7218 6906
f 7218 6908 6906
f 7033 6785 7219
f 6851 7220 6782
f 6410 7036 6971
f 6566 7221 6706
f 6508 7222 6910
f 7103 7037 7155
f 7156 6909 7223
f 7035 7156 7224
f 7156 7223 7224
f 6855 7160 6853
f 6571 6976 7225
f 6715 7158 6974
f 7155 7158 7103
f 7156 7038 7159
f 6852 7226 6972
f 6573 6913 6855
f 7104 6707 7106
f 6852 6980 7226
f 7040 7106 6975
f 6854 7227 7040
f 6631 6916 7105
f 6977 7041 6712
f 6983 7162 6719
f 6917 7228 7107
f 7109 7229 6918
f 7229 7165 6918
f 6801 6918 7165
f 6726 7110 7048
f 6574 6920 7230
f 6919 7231 6575
f 6641 7050 7232
f 7050 7049 7232
f 7233 7115 6928
f 6929 6868 7116
f 6930 7055 7234
f 7235 6931 6930
f 7055 7058 7234
f 7236 6648 6469
f 7055 7168 7170
f 6736 6996 6994
f 7058 7055 7170
f 6933 6584 7056
f 6869 7172 6995
f 6995 7172 7173
f 7171 7060 7237
f 7238 7059 7117
f 7060 7057 7237
f 7237 7057 7239
f 6871 7121 6934
f 7059 7238 7240
f 7057 7059 7240
f 7239 7057 7240
f 6936 7176 7061
f 7121 6874 7241
f 6874 6937 7241
f 6937 7122 7241
f 6998 7242 6877
f 6875 7243 6940
f 6877 7242 7123
f 7244 7180 7179
f 7245 7003 6999
f 7246 7000 6820
f 7182 7247 7178
f 6940 7183 6539
f 7248 7249 7250
f 7186 7181 6941
f 7003 7251 7124
f 7252 7001 7184
f 7184 6943 7253
f 7125 7254 7065
f 7065 6663 7125
f 7065 7253 6943
f 7128 7254 7255
f 7128 7256 7254
f 7256 7128 7065
f 7187 7257 7186
f 7008 7128 7255
f 6946 7256 7065
f 7067 6822 6879
f 6946 7258 7256
f 6946 7259 7258
f 7006 6883 6942
f 7127 7189 7260
f 7126 7064 7189
f 6887 6749 7188
f 7134 7261 7197
f 7195 7194 7262
f 7070 7263 7009
f 7069 7009 7196
f 7133 7132 7199
f 7071 7135 7073
f 6950 7192 7138
f 7200 7264 7074
f 7200 7136 7264
f 7201 7136 7200
f 7075 6889 7139
f 6949 7265 7079
f 6949 7266 7265
f 7074 7264 7137
f 7200 7199 7201
f 7015 7267 6678
f 7260 7141 7012
f 7267 7015 6763
f 6949 7198 7268
f 7268 7266 6949
f 7073 7269 7077
f 7007 6839 7270
f 6955 7270 6839
f 7271 7200 6838
f 7271 6838 6894
f 7202 7018 7207
f 7082 7142 7023
f 7272 6894 6893
f 7077 7269 7273
f 7081 7274 7025
f 7275 7274 7081
f 7276 7274 7275
f 7276 7207 7020
f 6895 7277 7020
f 7080 7085 7086
f 7019 7209 7144
f 7206 7017 7025
f 7025 7274 7206
f 6957 7146 7278
f 7022 7083 7279
f 7084 7280 7026
f 7087 7281 7028
f 7148 7281 7087
f 6845 6612 7151
f 6844 7149 7146
f 7026 7280 7210
f 7148 6958 7085
f 7212 7088 7282
f 7027 7283 6690
f 6690 7283 7213
f 6687 6960 7284
f 7212 7215 7214
f 7031 6962 7285
f 7149 7093 7286
f 7215 7094 7214
f 7153 6963 7214
f 6559 7030 6777
f 6963 7153 6616
f 7030 6559 6903
f 7152 7287 7093
f 6785 7216 7219
f 6851 6908 7218
f 7100 7099 7288
f 7034 7098 7289
f 7100 7290 7289
f 7100 7289 7098
f 6909 7037 7223
f 7224 7036 7035
f 6568 7101 6508
f 6915 6972 7291
f 6913 7154 7292
f 6571 7293 7157
f 6854 6974 7227
f 7294 6977 6792
f 6571 7225 7293
f 6984 7162 6980
f 7107 7295 6916
f 6982 7041 7296
f 6987 6986 7297
f 6798 6987 7044
f 7229 7298 7299
f 7047 6523 7048
f 7300 7229 7299
f 7229 7300 7165
f 7301 7110 6858
f 6727 7166 6919
f 6575 7231 6989
f 7302 6920 6922
f 6641 7232 6922
f 7049 7303 7232
f 6990 7303 7049
f 6643 7304 6578
f 7305 7306 7052
f 7052 7306 6992
f 6732 7307 6928
f 7167 7236 6469
f 7308 7309 7056
f 7054 7310 6866
f 7056 7309 7311
f 7058 7171 7234
f 6931 7235 7054
f 6994 6996 7312
f 7170 7313 7314
f 7314 7117 7170
f 7315 6933 7056
f 7316 6932 7118
f 7315 6996 6933
f 7061 7176 6935
f 7121 7317 6934
f 7175 7177 6149
f 7241 7317 7121
f 7000 7318 7319
f 7000 7319 6999
f 6938 6939 7320
f 7321 7248 7183
f 7246 7001 7322
f 7246 6820 7001
f 7003 7323 7251
f 6940 7243 7183
f 7001 7324 7322
f 7001 7252 7324
f 7248 7250 7183
f 7251 7325 7124
f 7184 7253 7324
f 7326 7184 7324
f 7326 7252 7184
f 7250 7185 7183
f 7327 7250 7249
f 7253 7256 7255
f 7253 7254 7256
f 7065 7254 7253
f 7254 7328 7008
f 7255 7254 7258
f 7008 7258 7254
f 7258 7008 7256
f 7255 7256 7008
f 7008 7328 6827
f 7188 7127 7260
f 7329 7197 7261
f 7261 7330 7329
f 7189 7064 7331
f 7191 7261 7134
f 7070 7190 7332
f 7333 7332 7190
f 7192 6950 7197
f 7334 7193 7195
f 7262 7194 7193
f 7196 7335 7198
f 7007 7270 7336
f 7199 7203 7192
f 7203 7138 7192
f 7337 7135 7079
f 7338 7073 7135
f 7073 7338 7269
f 7338 7339 7269
f 7339 7338 7204
f 6678 7267 7140
f 6891 7203 7205
f 6957 7267 6763
f 7204 7077 7339
f 7077 7273 7339
f 6895 7140 7277
f 7340 7277 7140
f 7082 7341 7142
f 7081 7206 7275
f 7269 7342 7082
f 7207 7276 7275
f 7141 7343 6612
f 7206 7274 7344
f 7151 6612 7343
f 7144 7209 7208
f 7025 7017 7150
f 7150 7090 7025
f 7149 7283 7146
f 6697 7345 7083
f 7028 7281 7211
f 6842 7283 7027
f 7086 6687 7284
f 7092 7345 6697
f 7346 7216 7031
f 7153 7347 6905
f 7348 7097 6907
f 7096 7349 7032
f 6907 7033 7348
f 7219 7348 7033
f 7349 7096 7034
f 6782 7220 7218
f 7032 7349 7099
f 7220 6851 7218
f 7290 7100 7288
f 7350 7223 7037
f 6565 6509 7351
f 7039 6565 7351
f 7352 6977 7294
f 6978 7039 7351
f 6976 7104 7353
f 6976 7353 7225
f 7158 7354 6974
f 7155 6911 7355
f 7038 7223 7159
f 7224 7223 7038
f 7224 7038 7356
f 6915 7291 7161
f 7357 7226 6980
f 7352 7041 6977
f 7295 7105 6916
f 7162 7357 6980
f 7358 6983 7161
f 6983 7358 7162
f 7296 7359 6982
f 7359 7042 6982
f 7359 6984 7042
f 6917 7163 7228
f 7046 7360 7043
f 6724 7044 7164
f 7164 7298 7229
f 7164 7229 7109
f 7165 7166 6859
f 6858 6574 7230
f 6989 7111 6921
f 6989 7361 7111
f 7113 7304 6643
f 7112 7362 6991
f 7362 7113 6991
f 7112 6925 7114
f 6992 7306 7053
f 7308 7056 7115
f 6578 7304 7167
f 6994 7114 6803
f 7363 7052 6993
f 6732 6866 7307
f 6929 7116 7168
f 6930 7234 7364
f 7054 7365 7310
f 6932 7316 7169
f 7171 7366 7234
f 7119 7367 7118
f 7368 7175 6648
f 6996 7315 7312
f 7238 7117 7314
f 7315 7369 7312
f 7370 7237 7239
f 7238 7371 7237
f 7240 7238 7237
f 6934 7317 7120
f 7372 7373 7122
f 7241 7122 7373
f 7122 6938 7372
f 7374 6876 7123
f 6998 6876 7374
f 7000 7246 7318
f 7244 7179 7375
f 7321 7183 7243
f 7180 7244 7182
f 7003 7245 7323
f 7249 7248 7376
f 7322 7125 7124
f 7181 7186 7377
f 7378 7379 7125
f 7378 7125 7322
f 7326 7324 7252
f 7323 7377 7251
f 7376 7327 7249
f 7125 7379 7254
f 7377 7186 7257
f 7379 7328 7254
f 7258 7253 7255
f 6827 7380 7129
f 7329 7381 7197
f 7067 6879 7007
f 7259 6946 7131
f 7261 7191 7330
f 7197 7382 7192
f 7070 7332 7263
f 7383 7190 7067
f 7336 7067 7007
f 7012 7188 7260
f 7333 7190 7383
f 7263 7384 7009
f 7191 7075 7385
f 7132 7136 7199
f 7333 7338 7332
f 7338 7135 7337
f 7132 7264 7136
f 7075 7139 7385
f 7196 7009 7386
f 7204 7338 7333
f 7270 7204 7333
f 7196 7266 7387
f 7266 7196 7265
f 7265 7388 7387
f 7388 7265 7386
f 7386 7265 7196
f 7130 7137 7389
f 7137 7264 7389
f 7266 7268 7390
f 7266 7390 7387
f 7265 7387 7390
f 7265 7390 7079
f 7079 7390 7388
f 7079 7388 7386
f 7337 7079 7386
f 7202 7391 7139
f 7392 7140 7267
f 7393 7140 7392
f 7339 7342 7269
f 7272 7271 6894
f 7394 7343 7141
f 7204 7395 7080
f 6893 7205 7272
f 7275 7206 7396
f 7341 7082 7342
f 7082 7397 7269
f 7143 7280 7084
f 7398 7080 7086
f 7399 7020 7277
f 7017 7145 7150
f 7020 7399 7276
f 7082 7022 7400
f 7274 7401 7344
f 7401 7274 7276
f 7402 7022 7403
f 7022 7279 7403
f 7403 7279 7404
f 7405 7283 6842
f 7086 7284 7406
f 7283 7149 7213
f 7282 7407 7212
f 7212 7407 7215
f 6960 7408 7284
f 6960 7215 7408
f 7409 7031 7285
f 7093 7287 7286
f 7410 7094 6904
f 7347 6700 6905
f 7288 7099 7349
f 6566 6708 7411
f 6566 7411 7221
f 6706 7221 7291
f 6507 6706 7291
f 6508 7101 7222
f 7412 7154 6788
f 7037 7103 7350
f 6509 6973 7351
f 6978 7351 7413
f 6912 7356 7038
f 7040 7225 7106
f 7227 7293 7040
f 7291 7414 7161
f 7161 7414 7358
f 7358 7415 7162
f 6984 7359 6985
f 7416 7046 7047
f 6858 7230 7301
f 7111 7303 6990
f 7417 6922 7232
f 7303 7417 7232
f 7233 7418 7115
f 7307 7233 6928
f 7310 7307 6866
f 7114 6994 7419
f 7304 7420 7167
f 7236 7167 7421
f 6930 7310 7235
f 7054 7422 7365
f 7423 7167 7420
f 7422 7311 7309
f 7234 7313 7170
f 7366 7313 7234
f 7422 7054 7235
f 7424 7366 7171
f 7315 7056 7311
f 7172 6997 7425
f 7368 6648 7236
f 7118 7426 7316
f 7237 7424 7171
f 7120 7427 7119
f 7315 7428 7369
f 7240 7237 7370
f 7318 7429 7430
f 6875 7177 7321
f 6999 7319 7245
f 6875 7321 7243
f 6939 7431 7320
f 6939 7062 7431
f 7123 7242 7432
f 7245 7062 7063
f 7245 7063 7323
f 7323 7063 7181
f 7433 7322 7124
f 7377 7323 7181
f 7378 7322 7324
f 7324 7253 7378
f 7247 7182 7434
f 7328 7379 7325
f 7380 7325 7251
f 7377 7380 7251
f 7435 7250 7327
f 7259 7436 7258
f 7330 7381 7329
f 7257 7187 7437
f 7328 7380 6827
f 7064 7185 7331
f 7187 7438 7437
f 7187 7129 7438
f 7381 7382 7197
f 7330 7439 7440
f 7191 7439 7330
f 7383 7067 7336
f 7192 7382 7131
f 7068 7130 7441
f 7332 7338 7337
f 7333 7383 7270
f 7270 7383 7442
f 7336 7270 7442
f 7198 7335 7443
f 7009 7384 7386
f 7193 7334 7392
f 7387 7335 7196
f 7267 7193 7392
f 7388 7390 7444
f 7387 7388 7444
f 7445 7337 7386
f 7199 7200 7446
f 7199 7446 7203
f 7447 7198 7443
f 7386 7444 7445
f 7139 7391 7448
f 7447 7268 7198
f 7270 6955 7204
f 7449 7271 7272
f 7449 7450 7271
f 7446 7200 7271
f 7205 7203 7446
f 7272 7205 7451
f 7273 7342 7339
f 7452 6955 7080
f 7453 7449 7272
f 7275 7396 7454
f 7455 6957 7278
f 7269 7397 7273
f 7397 7082 7400
f 7344 7401 7456
f 7022 7402 7400
f 7278 7146 7457
f 7083 7458 7279
f 7283 7457 7146
f 7211 7281 7459
f 7398 7086 7282
f 7083 7345 7458
f 7148 7460 7281
f 7088 7461 7282
f 7405 7457 7283
f 7091 7461 7088
f 7211 7460 6847
f 7462 7147 7210
f 7463 7285 6962
f 7460 6962 6847
f 7460 7463 6962
f 7095 7464 7092
f 7095 7097 7464
f 7152 7213 7286
f 7031 7409 7346
f 7153 7214 7094
f 7217 6700 7347
f 7034 7289 7349
f 7349 7289 7288
f 7290 7288 7289
f 7102 7157 7103
f 7223 7350 7465
f 6512 7466 6912
f 6790 6910 7222
f 7154 7412 7467
f 7467 7292 7154
f 7104 7468 7353
f 7227 6974 7354
f 7159 7355 6911
f 6912 7466 7356
f 6792 7160 7294
f 7160 6855 7469
f 7106 7225 7104
f 7468 7225 7353
f 7470 7471 7295
f 7294 7472 7352
f 7293 7225 7040
f 7155 7473 7158
f 7295 7471 7105
f 7158 7474 7354
f 7158 7473 7474
f 7352 7475 7041
f 7041 7475 7296
f 7476 7295 7107
f 7476 7107 7228
f 7477 7359 7478
f 6985 7359 7477
f 6985 7477 6986
f 7477 7297 6986
f 7297 7479 6987
f 7163 7043 7480
f 6987 7479 7044
f 7044 7481 7164
f 7416 7360 7046
f 7230 7482 7301
f 7361 6989 7483
f 7230 6920 7302
f 7302 6922 7417
f 7484 7303 7111
f 7307 7485 7233
f 7418 7308 7115
f 7363 6993 7053
f 7364 7486 7487
f 7364 7487 6930
f 6930 7487 7310
f 7309 7308 7488
f 7488 7422 7309
f 7310 7365 7235
f 7423 7421 7167
f 7316 7116 7169
f 7316 7168 7116
f 7170 7168 7234
f 7311 7489 7315
f 6994 7312 7490
f 7425 6997 7491
f 7314 7313 7492
f 7492 7493 7316
f 7172 7494 7173
f 7426 7492 7316
f 7238 7314 7492
f 7312 7369 7490
f 7240 7370 7239
f 7320 7372 6938
f 7318 7430 7319
f 7430 7495 7319
f 7495 7245 7319
f 7318 7496 7429
f 7321 7177 7497
f 7321 7497 7248
f 7374 7123 7432
f 7498 7245 7495
f 7431 7062 7245
f 7242 6998 7499
f 7242 7500 7432
f 7500 7242 7499
f 7179 7178 7375
f 7501 7327 7376
f 7325 7502 7124
f 7178 7247 7503
f 7258 7436 7253
f 7380 7328 7325
f 7504 7377 7257
f 7435 7505 7250
f 7259 7131 7382
f 7506 7384 7263
f 7441 7132 7068
f 7132 7441 7264
f 7262 7193 7507
f 7189 7394 7260
f 7331 7394 7189
f 7507 7193 7267
f 7508 7130 7389
f 7509 7389 7264
f 7385 7139 7448
f 7510 7444 7386
f 7260 7394 7141
f 7391 7202 7511
f 6955 7512 7204
f 7512 6955 7452
f 7446 7271 7205
f 7205 7271 7451
f 7207 7454 7202
f 7340 7140 7393
f 7267 6957 7513
f 7207 7275 7454
f 7514 7268 7447
f 7142 7445 7444
f 7450 7449 7515
f 7272 7451 7453
f 7341 7342 7273
f 7453 7515 7449
f 7516 7080 7395
f 7344 7396 7206
f 7400 7517 7397
f 7516 7085 7080
f 7518 7276 7399
f 7211 7459 7519
f 7281 7397 7459
f 7398 7282 7461
f 7397 7281 7519
f 7281 7460 7519
f 7148 7085 7516
f 7519 7460 7211
f 7282 7086 7406
f 7403 7285 7402
f 7520 7460 7148
f 7284 7408 7406
f 7409 7285 7403
f 7286 7213 7149
f 7345 7092 7464
f 7407 7408 7215
f 7521 7408 7407
f 7464 7097 7522
f 7287 7152 7286
f 7219 7216 7523
f 6904 7217 7410
f 7291 7221 7470
f 6512 7524 7466
f 7105 7524 6512
f 7471 7525 7105
f 7526 7468 7104
f 7159 7224 7356
f 7411 7471 7470
f 6972 7527 7291
f 7527 6972 7226
f 6978 7528 6979
f 7528 6978 7413
f 7104 7225 7526
f 7468 7529 7225
f 7293 7227 7530
f 7159 7356 7355
f 7226 7357 7527
f 6913 7469 6855
f 6913 7531 7469
f 6913 7292 7531
f 7295 7532 7470
f 7532 7295 7533
f 7352 7472 7534
f 7295 7476 7533
f 7162 7415 7535
f 7296 7478 7359
f 7532 7536 7228
f 7537 7532 7228
f 7536 7476 7228
f 7360 7480 7043
f 7298 7538 7299
f 7165 7300 7539
f 7540 7166 7165
f 7541 7231 6919
f 7231 7483 6989
f 7484 7111 7361
f 7233 7485 7418
f 7363 7053 7306
f 7365 7422 7488
f 7423 7420 7542
f 7543 7544 7366
f 7422 7235 7545
f 7316 7493 7168
f 7366 7546 7313
f 7422 7545 7311
f 7543 7366 7547
f 7425 7494 7172
f 7548 7547 7549
f 7543 7547 7548
f 7550 7493 7492
f 7367 7119 7427
f 7118 7367 7551
f 7426 7118 7551
f 7371 7424 7237
f 7428 7315 7489
f 7238 7492 7371
f 7490 7369 7552
f 7177 7175 7553
f 7369 7428 7552
f 7317 7241 7554
f 7373 7554 7241
f 7499 6998 7374
f 7246 7498 7495
f 7555 7245 7498
f 7556 7498 7246
f 7375 7182 7244
f 7248 7501 7376
f 7246 7322 7556
f 7322 7557 7556
f 7433 7557 7322
f 7375 7434 7182
f 7375 7178 7503
f 7378 7558 7379
f 7558 7378 7253
f 7247 7434 7559
f 7379 7560 7325
f 7558 7253 7436
f 7377 7561 7380
f 7257 7437 7504
f 7129 7380 7561
f 7438 7129 7561
f 7250 7505 7185
f 7262 7507 7195
f 7195 7507 7334
f 7562 7191 7385
f 7563 7336 7442
f 7564 7384 7337
f 7508 7441 7130
f 7510 7386 7384
f 7445 7564 7337
f 7565 7391 7511
f 7443 7566 7447
f 7392 7567 7393
f 7393 7511 7568
f 7390 7268 7569
f 7445 7142 7341
f 7277 7340 7570
f 7080 7398 7452
f 7341 7517 7400
f 7273 7517 7341
f 7396 7344 7456
f 7277 7570 7399
f 7571 7572 7573
f 7571 7573 7574
f 7273 7397 7575
f 7401 7276 7518
f 7398 7461 7576
f 7459 7397 7517
f 7401 7577 7456
f 7148 7516 7520
f 7404 7279 7458
f 7285 7578 7402
f 7406 7407 7282
f 7404 7409 7403
f 7285 7463 7578
f 7405 7579 7457
f 7463 7460 7580
f 7409 7404 7346
f 7348 7522 7097
f 7523 7216 7346
f 7348 7219 7581
f 7582 7410 7217
f 7470 7221 7411
f 6507 7291 7583
f 7465 7350 7584
f 7105 7525 7524
f 6790 7222 7585
f 6788 6790 7585
f 7586 7413 7351
f 7526 7413 7586
f 7526 7586 7468
f 7471 7587 7525
f 7160 7585 7294
f 6973 6979 7528
f 7293 7530 7529
f 7472 7294 7588
f 7469 7589 7160
f 7352 7590 7475
f 7532 7537 7591
f 7357 7162 7535
f 7358 7414 7591
f 7296 7475 7592
f 7591 7537 7593
f 7478 7296 7592
f 7533 7536 7532
f 7352 7534 7590
f 7047 7594 7416
f 7594 7047 7048
f 7165 7595 7540
f 7596 7597 7110
f 7301 7482 7596
f 7482 7598 7596
f 7302 7482 7230
f 7302 7598 7482
f 7114 7362 7112
f 7363 7305 7052
f 7113 7362 7599
f 7600 7113 7599
f 7304 7113 7600
f 7600 7420 7304
f 7542 7420 7600
f 7365 7601 7235
f 7421 7368 7236
f 7490 7419 6994
f 7602 7421 7423
f 7366 7544 7546
f 7543 7548 7603
f 7546 7604 7313
f 7313 7604 7492
f 7605 7493 7550
f 7174 7491 6997
f 7494 7174 7173
f 7426 7606 7492
f 7492 7606 7371
f 7553 7175 7368
f 7371 7606 7607
f 7427 7120 7608
f 7608 7317 7551
f 7426 7551 7317
f 7608 7120 7317
f 7317 7606 7426
f 7552 7428 7489
f 7606 7317 7554
f 7177 7553 7497
f 7318 7246 7495
f 7609 7374 7432
f 7245 7610 7431
f 7609 7500 7499
f 7502 7433 7124
f 7325 7560 7502
f 7559 7611 7381
f 7559 7612 7247
f 7377 7504 7561
f 7504 7437 7613
f 7612 7330 7614
f 7615 7613 7437
f 7330 7440 7614
f 7616 7259 7382
f 7185 7505 7331
f 7336 7617 7383
f 7384 7618 7332
f 7332 7337 7384
f 7441 7509 7264
f 7334 7619 7392
f 7563 7442 7512
f 7444 7510 7387
f 7620 7508 7389
f 7393 7567 7511
f 7619 7567 7392
f 7621 7267 7513
f 7450 7451 7271
f 7202 7454 7511
f 7204 7622 7395
f 7393 7619 7340
f 7619 7570 7340
f 7569 7268 7514
f 7390 7569 7444
f 7623 7515 7624
f 7450 7515 7623
f 7451 7625 7453
f 7513 6957 7626
f 6957 7455 7626
f 7514 7571 7574
f 7627 7515 7453
f 7514 7572 7571
f 7515 7627 7624
f 7396 7456 7628
f 7273 7575 7517
f 7400 7402 7341
f 7575 7397 7629
f 7630 7402 7459
f 7630 7459 7517
f 7402 7578 7459
f 7401 7518 7577
f 7631 7210 7280
f 7456 7577 7632
f 7633 7278 7457
f 7634 7579 7405
f 7579 7634 7635
f 7407 7636 7521
f 7346 7404 7464
f 7094 7410 7153
f 7153 7410 7637
f 7153 7637 7347
f 7581 7638 7348
f 7582 7639 7410
f 6507 7583 7101
f 7157 7293 7640
f 7350 7103 7157
f 6788 7585 7641
f 7529 7468 7293
f 7468 7642 7293
f 7159 7465 7224
f 7471 7411 7587
f 6788 7641 7412
f 7155 7355 7473
f 7587 7643 7525
f 7292 7467 7531
f 7532 7587 7470
f 7527 7357 7644
f 7645 7472 7588
f 7587 7532 7591
f 7357 7535 7644
f 7592 7475 7646
f 7475 7590 7646
f 7587 7533 7643
f 7591 7593 7358
f 7533 7476 7643
f 7472 7645 7534
f 7537 7647 7593
f 7477 7478 7592
f 7537 7228 7647
f 7648 7297 7477
f 7647 7228 7163
f 7649 7297 7648
f 7481 7044 7479
f 7481 7650 7164
f 7299 7538 7300
f 7110 7301 7596
f 7598 7302 7417
f 7361 7598 7417
f 7417 7484 7361
f 7305 7651 7652
f 7305 7363 7651
f 7419 7599 7114
f 7599 7362 7114
f 7363 7306 7651
f 7310 7487 7307
f 7603 7544 7543
f 7602 7423 7542
f 7366 7424 7547
f 7311 7545 7653
f 7311 7654 7489
f 7494 7491 7174
f 7604 7655 7492
f 7371 7604 7424
f 7367 7656 7551
f 7549 7657 7548
f 7658 7606 7554
f 7658 7554 7659
f 7552 7660 7661
f 7373 7662 7554
f 7554 7662 7659
f 7431 7372 7320
f 7248 7497 7501
f 7431 7610 7663
f 7318 7495 7664
f 7496 7318 7664
f 7432 7500 7665
f 7610 7245 7555
f 7434 7611 7559
f 7379 7666 7560
f 7666 7379 7558
f 7558 7436 7667
f 7381 7612 7559
f 7612 7668 7247
f 7381 7669 7616
f 7381 7330 7612
f 7381 7616 7382
f 7437 7438 7615
f 7436 7259 7616
f 7263 7670 7506
f 7617 7336 7671
f 7383 7617 7672
f 7391 7565 7673
f 7674 7391 7673
f 7511 7567 7565
f 7507 7267 7621
f 7334 7621 7619
f 7510 7384 7564
f 7383 7512 7442
f 7331 7675 7394
f 7676 7675 7331
f 7510 7677 7387
f 7677 7510 7445
f 7564 7445 7510
f 7452 7563 7512
f 7389 7509 7620
f 7512 7622 7204
f 7444 7678 7142
f 7142 7678 7143
f 7395 7575 7516
f 7452 7398 7576
f 7575 7630 7517
f 7629 7397 7519
f 7459 7578 7519
f 7456 7632 7679
f 7680 6842 7147
f 7681 7519 7578
f 6842 7682 7405
f 7151 7461 7091
f 7579 7633 7457
f 7345 7464 7458
f 7458 7464 7404
f 7580 7460 7520
f 7578 7463 7683
f 7684 7462 7685
f 7580 7686 7463
f 7687 7523 7346
f 7219 7523 7688
f 7217 7347 7689
f 7036 7690 6971
f 7293 7642 7640
f 7036 7224 7691
f 7291 7470 7692
f 6973 7528 7351
f 7159 7223 7465
f 7587 7411 7693
f 7291 7692 7414
f 7291 7527 7583
f 7294 7585 7588
f 7225 7529 7526
f 7644 7694 7527
f 7467 7412 7695
f 7696 7524 7525
f 7643 7696 7525
f 7693 7470 7587
f 7587 7591 7533
f 7697 7644 7535
f 7698 7533 7591
f 7415 7699 7535
f 7699 7697 7535
f 7536 7533 7698
f 7593 7415 7358
f 7646 7648 7592
f 7648 7477 7592
f 7700 7590 7534
f 7701 7643 7476
f 7536 7701 7476
f 7649 7479 7297
f 7164 7650 7298
f 7360 7416 7702
f 7597 7048 7110
f 7300 7703 7539
f 7704 7596 7598
f 7704 7361 7483
f 7361 7704 7598
f 7484 7417 7303
f 7705 7305 7652
f 7485 7307 7706
f 7485 7706 7418
f 7306 7705 7651
f 7306 7305 7705
f 7418 7706 7308
f 7488 7308 7706
f 7600 7599 7707
f 7708 7600 7707
f 7542 7600 7708
f 7709 7544 7603
f 7168 7493 7710
f 7710 7234 7168
f 7235 7601 7545
f 7711 7602 7542
f 7368 7421 7712
f 7494 7425 7713
f 7656 7367 7714
f 7604 7371 7655
f 7607 7655 7371
f 7368 7712 7553
f 7495 7430 7715
f 7715 7430 7716
f 7430 7429 7717
f 7372 7431 7373
f 7659 7662 7715
f 7715 7662 7718
f 7495 7715 7718
f 7374 7609 7499
f 7556 7495 7718
f 7665 7609 7432
f 7718 7498 7556
f 7498 7719 7555
f 7609 7665 7500
f 7720 7434 7375
f 7375 7503 7721
f 7434 7720 7722
f 7381 7723 7669
f 7668 7503 7247
f 7438 7724 7615
f 7724 7438 7561
f 7263 7618 7670
f 7670 7618 7725
f 7332 7618 7263
f 7505 7676 7331
f 7563 7671 7336
f 7566 7443 7726
f 7726 7443 7335
f 7334 7507 7621
f 7385 7448 7562
f 7441 7508 7727
f 7441 7727 7509
f 7728 7447 7566
f 7387 7677 7729
f 7563 7452 7730
f 7727 7620 7509
f 7619 7731 7567
f 7625 7450 7623
f 7450 7625 7451
f 7393 7732 7619
f 7511 7733 7568
f 7732 7393 7568
f 7444 7569 7678
f 7569 7514 7734
f 7622 7575 7395
f 7735 7453 7625
f 7514 7574 7734
f 7628 7454 7396
f 7574 7736 7734
f 7445 7341 7737
f 7280 7678 7631
f 7678 7280 7143
f 7629 7516 7575
f 7455 7278 7738
f 7402 7737 7341
f 7572 7680 7573
f 7628 7456 7679
f 7630 7739 7402
f 7343 7461 7151
f 7518 7740 7577
f 7681 7629 7519
f 6842 7680 7682
f 7210 7631 7741
f 7742 7633 7579
f 7462 7210 7685
f 7405 7682 7634
f 7743 7742 7579
f 7406 7408 7744
f 7744 7408 7521
f 7579 7635 7743
f 7346 7464 7522
f 7687 7346 7522
f 7522 7348 7687
f 7687 7688 7523
f 7687 7348 7745
f 7347 7637 7689
f 7581 7219 7688
f 7217 7689 7582
f 7411 7746 7693
f 7586 7642 7468
f 7157 7640 7747
f 7691 7748 7036
f 7524 7749 7466
f 7692 7470 7693
f 7157 7747 7350
f 7224 7465 7691
f 7466 7748 7356
f 7527 7694 7583
f 7641 7160 7750
f 7160 7641 7585
f 7354 7530 7227
f 7412 7641 7695
f 7531 7467 7695
f 7751 7694 7697
f 7752 7589 7469
f 7644 7697 7694
f 7751 7697 7753
f 7643 7754 7696
f 7590 7755 7646
f 7646 7649 7648
f 7536 7698 7647
f 7755 7590 7700
f 7536 7647 7701
f 7701 7647 7163
f 7481 7479 7756
f 7539 7595 7165
f 7703 7757 7539
f 7483 7231 7758
f 7759 7705 7652
f 7651 7760 7652
f 7706 7307 7761
f 7307 7487 7761
f 7486 7364 7762
f 7763 7762 7364
f 7364 7234 7710
f 7764 7544 7709
f 7365 7488 7601
f 7425 7491 7713
f 7604 7547 7424
f 7421 7602 7712
f 7548 7657 7603
f 7654 7311 7653
f 7714 7367 7427
f 7489 7654 7765
f 7492 7607 7550
f 7607 7492 7655
f 7427 7766 7714
f 7608 7766 7427
f 7551 7656 7608
f 7490 7552 7661
f 7660 7767 7661
f 7663 7662 7373
f 7373 7431 7663
f 7556 7664 7495
f 7496 7717 7429
f 7610 7555 7768
f 7434 7722 7611
f 7558 7723 7666
f 7723 7381 7611
f 7723 7558 7667
f 7723 7667 7669
f 7504 7724 7561
f 7436 7616 7667
f 7769 7612 7614
f 7668 7612 7769
f 7617 7671 7770
f 7614 7440 7771
f 7614 7772 7769
f 7772 7773 7769
f 7435 7327 7774
f 7435 7774 7505
f 7506 7670 7725
f 7506 7725 7618
f 7191 7562 7439
f 7506 7618 7384
f 7775 7383 7672
f 7621 7776 7619
f 7391 7674 7448
f 7777 7567 7731
f 7508 7620 7727
f 7619 7732 7731
f 7514 7447 7778
f 7576 7730 7452
f 7623 7735 7625
f 7511 7454 7779
f 7569 7677 7678
f 7780 7454 7628
f 7779 7454 7780
f 7733 7511 7779
f 7445 7737 7677
f 7737 7678 7677
f 7781 7575 7622
f 7453 7735 7627
f 7626 7455 7738
f 7343 7782 7461
f 7461 7782 7576
f 7399 7783 7518
f 7278 7784 7738
f 7575 7785 7630
f 7573 7680 7786
f 7574 7573 7786
f 7516 7629 7520
f 7680 7147 7462
f 7681 7578 7787
f 7210 7741 7685
f 7679 7632 7788
f 7407 7406 7636
f 7632 7789 7788
f 7790 7791 7788
f 7789 7790 7788
f 7462 7684 7792
f 7521 7636 7744
f 7348 7638 7745
f 7581 7793 7638
f 7748 7794 7036
f 7356 7748 7691
f 7795 7583 7694
f 7796 7797 7528
f 7355 7356 7691
f 7524 7696 7749
f 7798 7795 7694
f 7694 7751 7798
f 7585 7750 7588
f 7750 7160 7588
f 7355 7799 7473
f 7695 7469 7531
f 7697 7699 7798
f 7753 7697 7798
f 7593 7698 7800
f 7415 7593 7800
f 7643 7801 7754
f 7646 7755 7649
f 7593 7647 7698
f 7701 7801 7643
f 7701 7163 7480
f 7481 7756 7650
f 7538 7298 7802
f 7538 7803 7300
f 7048 7597 7804
f 7805 7540 7595
f 7166 7541 6919
f 7759 7806 7705
f 7760 7759 7652
f 7651 7705 7760
f 7487 7486 7764
f 7364 7710 7763
f 7599 7419 7807
f 7808 7711 7542
f 7764 7809 7544
f 7809 7546 7544
f 7810 7601 7603
f 7545 7601 7810
f 7653 7545 7810
f 7713 7491 7494
f 7603 7657 7810
f 7602 7811 7712
f 7657 7812 7810
f 7606 7813 7607
f 7606 7658 7813
f 7660 7814 7767
f 7716 7430 7717
f 7664 7556 7815
f 7816 7610 7768
f 7556 7557 7815
f 7817 7666 7723
f 7818 7722 7720
f 7611 7817 7723
f 7667 7560 7817
f 7669 7667 7817
f 7668 7819 7503
f 7501 7820 7327
f 7327 7820 7774
f 7770 7671 7821
f 7769 7773 7822
f 7615 7724 7823
f 7824 7825 7826
f 7614 7827 7772
f 7825 7824 7565
f 7563 7672 7671
f 7673 7565 7824
f 7567 7825 7565
f 7387 7729 7335
f 7383 7775 7512
f 7675 7828 7394
f 7513 7829 7621
f 7394 7828 7343
f 7619 7776 7570
f 7733 7732 7568
f 7737 7830 7678
f 7783 7831 7733
f 7631 7678 7830
f 7783 7740 7518
f 7783 7399 7831
f 7739 7737 7402
f 7633 7784 7278
f 7832 7784 7633
f 7681 7520 7629
f 7577 7833 7632
f 7633 7742 7832
f 7683 7787 7578
f 7520 7681 7580
f 7788 7834 7679
f 7834 7835 7679
f 7680 7462 7792
f 7836 7834 7788
f 7788 7791 7836
f 7684 7837 7792
f 7410 7639 7637
f 7838 7581 7688
f 7581 7838 7793
f 7351 7839 7586
f 7642 7840 7640
f 7351 7528 7839
f 7526 7841 7413
f 7692 7842 7414
f 7585 7843 7750
f 7750 7843 7641
f 7528 7413 7796
f 7844 7414 7842
f 7798 7751 7753
f 7843 7588 7160
f 7589 7843 7160
f 7798 7699 7795
f 7752 7469 7695
f 7473 7799 7474
f 7845 7749 7696
f 7591 7846 7698
f 7847 7415 7800
f 7698 7846 7800
f 7848 7801 7701
f 7702 7480 7360
f 7804 7594 7048
f 7703 7300 7803
f 7166 7540 7541
f 7759 7849 7806
f 7806 7850 7705
f 7850 7760 7705
f 7759 7760 7851
f 7486 7852 7764
f 7542 7853 7808
f 7707 7599 7854
f 7493 7855 7710
f 7807 7419 7490
f 7856 7547 7604
f 7547 7856 7549
f 7765 7857 7489
f 7604 7550 7607
f 7604 7607 7856
f 7552 7489 7857
f 7858 7552 7857
f 7553 7712 7497
f 7814 7660 7552
f 7814 7859 7767
f 7860 7861 7862
f 7663 7610 7862
f 7610 7863 7862
f 7719 7498 7718
f 7496 7664 7717
f 7816 7863 7610
f 7555 7719 7768
f 7864 7815 7557
f 7560 7865 7502
f 7818 7769 7722
f 7668 7769 7818
f 7819 7668 7866
f 7669 7867 7616
f 7613 7868 7724
f 7504 7613 7724
f 7773 7668 7818
f 7868 7613 7823
f 7869 7667 7616
f 7613 7615 7823
f 7825 7870 7826
f 7773 7772 7866
f 7772 7871 7866
f 7872 7821 7671
f 7873 7874 7875
f 7875 7876 7873
f 7771 7827 7614
f 7439 7877 7440
f 7439 7562 7877
f 7563 7775 7672
f 7448 7674 7562
f 7775 7622 7512
f 7563 7730 7775
f 7621 7829 7776
f 7829 7513 7878
f 7447 7728 7778
f 7828 7782 7343
f 7513 7626 7878
f 7677 7569 7729
f 7730 7576 7782
f 7731 7732 7879
f 7732 7570 7776
f 7514 7778 7880
f 7733 7779 7783
f 7732 7733 7831
f 7570 7732 7831
f 7624 7881 7623
f 7623 7881 7735
f 7780 7740 7779
f 7783 7779 7740
f 7735 7881 7627
f 7831 7399 7570
f 7514 7880 7572
f 7627 7881 7624
f 7736 7574 7786
f 7631 7736 7741
f 7739 7830 7737
f 7572 7738 7680
f 7740 7833 7577
f 7680 7738 7682
f 7836 7835 7632
f 7834 7632 7835
f 7632 7834 7789
f 7836 7789 7834
f 7833 7836 7632
f 7833 7789 7836
f 7686 7683 7463
f 7882 7743 7635
f 7638 7838 7745
f 7638 7793 7883
f 7036 7794 7690
f 7411 6708 7746
f 7692 7693 7884
f 7640 7840 7747
f 7585 7222 7885
f 7585 7885 7843
f 7526 7529 7841
f 7584 7350 7747
f 7844 7842 7583
f 7583 7795 7844
f 7797 7839 7528
f 7354 7886 7530
f 7354 7887 7886
f 7354 7799 7887
f 7474 7799 7354
f 7843 7888 7588
f 7843 7589 7641
f 7645 7588 7888
f 7641 7589 7752
f 7641 7752 7695
f 7699 7844 7795
f 7699 7847 7844
f 7699 7415 7847
f 7696 7754 7845
f 7754 7801 7889
f 7700 7534 7645
f 7649 7890 7479
f 7702 7416 7594
f 7539 7891 7595
f 7704 7483 7758
f 7892 7706 7761
f 7850 7806 7849
f 7850 7851 7760
f 7893 7761 7487
f 7894 7852 7762
f 7762 7852 7486
f 7762 7895 7894
f 7487 7764 7893
f 7763 7895 7762
f 7896 7488 7706
f 7708 7853 7542
f 7764 7709 7897
f 7808 7898 7711
f 7809 7710 7546
f 7854 7599 7807
f 7710 7855 7899
f 7710 7899 7546
f 7603 7601 7709
f 7811 7711 7898
f 7602 7711 7811
f 7604 7546 7899
f 7900 7807 7490
f 7900 7490 7661
f 7608 7714 7766
f 7656 7714 7608
f 7657 7549 7901
f 7901 7812 7657
f 7814 7552 7858
f 7813 7658 7902
f 7862 7903 7860
f 7662 7904 7718
f 7718 7904 7719
f 7815 7717 7664
f 7721 7905 7375
f 7906 7557 7433
f 7906 7433 7502
f 7817 7611 7907
f 7817 7864 7666
f 7867 7817 7907
f 7722 7907 7611
f 7503 7819 7721
f 7502 7865 7906
f 7908 7909 7560
f 7864 7817 7560
f 7909 7865 7560
f 7908 7560 7667
f 7769 7907 7722
f 7668 7773 7866
f 7910 7505 7774
f 7911 7869 7616
f 7770 7672 7617
f 7871 7772 7912
f 7825 7913 7870
f 7872 7671 7672
f 7827 7912 7772
f 7566 7726 7914
f 7825 7567 7915
f 7777 7915 7567
f 7729 7916 7335
f 7775 7917 7622
f 7730 7917 7775
f 7622 7918 7781
f 7730 7782 7917
f 7879 7919 7731
f 7920 7780 7628
f 7738 7572 7880
f 7830 7739 7921
f 7679 7920 7628
f 7780 7833 7740
f 7738 7784 7682
f 7682 7784 7922
f 7679 7835 7920
f 7742 7923 7924
f 7833 7835 7789
f 7634 7682 7925
f 7684 7926 7837
f 7925 7635 7634
f 7689 7637 7639
f 7638 7883 7838
f 7689 7639 7582
f 7842 7692 7884
f 7222 7101 7927
f 7413 7841 7928
f 7929 7529 7530
f 7584 7930 7465
f 7691 7931 7355
f 7748 7931 7932
f 7749 7933 7466
f 7839 7797 7934
f 7355 7935 7799
f 7355 7931 7936
f 7591 7414 7846
f 7888 7937 7645
f 7645 7937 7700
f 7650 7802 7298
f 7938 7802 7650
f 7479 7939 7756
f 7594 7804 7940
f 7538 7941 7803
f 7704 7597 7596
f 7539 7757 7891
f 7893 7892 7761
f 7851 7849 7759
f 7892 7896 7706
f 7852 7942 7764
f 7899 7550 7604
f 7943 7653 7810
f 7810 7812 7943
f 7653 7943 7654
f 7854 7807 7900
f 7944 7945 7607
f 7607 7945 7856
f 7945 7946 7856
f 7765 7654 7947
f 7901 7549 7946
f 7858 7948 7814
f 7814 7948 7859
f 7949 7861 7860
f 7860 7950 7949
f 7861 7951 7862
f 7715 7952 7659
f 7715 7953 7952
f 7953 7715 7716
f 7662 7663 7954
f 7904 7662 7954
f 7497 7955 7501
f 7717 7815 7956
f 7375 7905 7720
f 7864 7909 7666
f 7957 7909 7908
f 7909 7957 7666
f 7560 7666 7957
f 7957 7864 7560
f 7958 7959 7826
f 7669 7817 7867
f 7907 7769 7822
f 7826 7870 7958
f 7724 7868 7823
f 7826 7960 7824
f 7866 7871 7960
f 7960 7871 7824
f 7505 7910 7676
f 7875 7961 7876
f 7962 7963 7964
f 7562 7965 7877
f 7562 7966 7965
f 7914 7728 7566
f 7967 7728 7914
f 7335 7916 7726
f 7674 7968 7827
f 7562 7674 7966
f 7878 7728 7829
f 7729 7569 7734
f 7969 7828 7675
f 7879 7732 7776
f 7970 7878 7626
f 7734 7736 7971
f 7575 7781 7785
f 7626 7738 7970
f 7631 7971 7736
f 7830 7972 7631
f 7738 7973 7970
f 7780 7920 7833
f 7832 7974 7784
f 7786 7741 7736
f 7680 7975 7786
f 7976 7741 7786
f 7977 7739 7630
f 7833 7920 7835
f 7924 7832 7742
f 7922 7925 7682
f 7978 7789 7835
f 7836 7978 7835
f 7926 7684 7685
f 7681 7787 7580
f 7580 7787 7686
f 7742 7743 7923
f 7979 7683 7686
f 7789 7978 7790
f 7926 7980 7837
f 7406 7744 7636
f 7687 7745 7688
f 7745 7838 7688
f 7693 7981 7884
f 7583 7842 7101
f 7982 7843 7885
f 7841 7529 7929
f 7932 7931 7691
f 7749 7983 7933
f 7413 7928 7934
f 7936 7935 7355
f 7888 7843 7982
f 7797 7796 7934
f 7413 7934 7796
f 7749 7845 7983
f 7888 7982 7984
f 7414 7844 7847
f 7754 7985 7845
f 7986 7889 7801
f 7889 7987 7754
f 7986 7801 7848
f 7846 7988 7800
f 7701 7989 7848
f 7755 7990 7649
f 7701 7480 7991
f 7890 7649 7990
f 7650 7756 7938
f 7941 7538 7802
f 7594 7940 7992
f 7993 7804 7597
f 7849 7851 7850
f 7892 7893 7896
f 7893 7764 7896
f 7764 7897 7896
f 7942 7809 7764
f 7994 7763 7710
f 7854 7995 7707
f 7996 7709 7601
f 7947 7654 7943
f 7997 7812 7901
f 7661 7859 7900
f 7859 7661 7767
f 7952 7998 7659
f 7999 7716 7717
f 7860 7903 7950
f 7663 7862 7954
f 7903 7862 7863
f 7717 7956 7999
f 7719 7904 8000
f 7863 7816 8001
f 7557 7906 8002
f 7557 8002 7864
f 7818 7720 8003
f 7906 7865 8004
f 7959 8005 7826
f 7959 7958 8006
f 7667 7869 7908
f 7873 8007 7874
f 7821 7872 7770
f 7822 7773 8008
f 7911 7616 7867
f 7913 7958 7870
f 7440 7877 7771
f 7875 7874 8009
f 8010 7875 8009
f 7875 8010 7961
f 7912 8011 7871
f 7871 8011 7824
f 8012 8013 7911
f 7827 7771 7674
f 7673 7824 8011
f 7825 7915 7913
f 7962 8014 7963
f 8015 7877 7965
f 7967 7829 7728
f 7726 7916 8016
f 7673 7968 7674
f 7916 7729 8017
f 7729 7734 8017
f 7917 7918 7622
f 7828 8018 7782
f 8019 7776 7829
f 7878 7778 7728
f 7782 8020 7917
f 7879 8021 7919
f 7734 7971 8022
f 8023 7785 7781
f 7972 7971 7631
f 7830 7921 7972
f 7922 7784 7974
f 7785 7977 7630
f 7792 7975 7680
f 7685 7741 7976
f 7739 7977 7921
f 8024 7685 7976
f 7923 8025 7924
f 8024 7926 7685
f 7836 7791 8026
f 7922 7923 7925
f 7792 7837 8027
f 7686 7787 7979
f 7635 7925 8028
f 8028 7882 7635
f 7882 8028 8029
f 7838 7883 7793
f 7693 7746 7981
f 7842 7884 7101
f 7748 7466 7931
f 7746 8030 8031
f 7754 7987 7985
f 7846 8032 7988
f 7986 7848 8033
f 7847 7800 8034
f 7800 7988 8034
f 8035 7700 7937
f 7848 7989 7988
f 8034 7988 7989
f 7594 8036 7702
f 7940 8037 7992
f 7595 7891 7805
f 8038 7757 7703
f 8039 7541 7540
f 7757 8038 7891
f 7758 7231 7541
f 7942 8040 7895
f 7852 8040 7942
f 7895 8041 7942
f 7708 7707 7995
f 7488 7896 7996
f 7996 7601 7488
f 7994 7710 7809
f 7898 8042 7811
f 7856 7946 7549
f 7607 7813 7944
f 7765 7947 8043
f 8042 7712 7811
f 8044 7812 7997
f 8045 8046 7947
f 7947 8046 8047
f 8043 7947 8047
f 7997 7901 8048
f 7863 7951 7903
f 7999 7956 8000
f 8001 7816 8049
f 7719 8000 8050
f 7816 8051 8049
f 7956 8050 8000
f 8052 8053 8054
f 8003 8052 8055
f 8053 8052 8003
f 7815 7864 8056
f 7905 8053 8003
f 8057 7905 7721
f 7909 8002 7865
f 7864 8002 7909
f 7818 8003 8058
f 7820 7910 7774
f 8059 8060 8004
f 8004 7865 8059
f 7818 8058 7773
f 7721 7819 8057
f 8008 7773 8058
f 7958 8061 8006
f 7907 7822 8062
f 7876 8007 7873
f 7672 7770 7872
f 7911 8013 7869
f 8061 7958 7913
f 7877 7966 7771
f 8010 8063 7961
f 8064 7673 8011
f 7966 7877 8015
f 7674 7771 7966
f 7965 8065 8015
f 7968 7912 7827
f 8014 8017 7963
f 8066 8065 7965
f 7673 8064 7968
f 8017 8014 7916
f 8017 8067 7963
f 8068 7915 7777
f 7829 8069 8019
f 7777 7731 8070
f 8068 7777 8070
f 8017 7734 8071
f 7828 8072 8018
f 8073 8068 7776
f 7973 7778 7878
f 8022 8071 7734
f 8074 7971 7972
f 7786 7975 7976
f 7922 7974 8075
f 7922 8075 7923
f 8076 7980 7926
f 7790 8077 7791
f 6708 6971 8030
f 6708 8030 7746
f 7222 7927 8078
f 7586 7839 8079
f 7932 7794 7748
f 7691 7465 7930
f 7889 7986 7987
f 7700 8035 7755
f 7701 7991 7989
f 7890 7939 7479
f 7938 7756 7939
f 7941 7802 7938
f 7594 7992 8036
f 8037 7940 7804
f 8080 7703 7803
f 7704 7993 7597
f 7805 8039 7540
f 7704 7758 7993
f 8039 8081 7541
f 8081 7758 7541
f 7852 7894 8040
f 7894 7895 8040
f 8082 7853 7708
f 7994 8083 7763
f 7942 8041 7809
f 7605 7855 7493
f 8084 7943 8085
f 8084 8045 7947
f 8043 8086 7765
f 8087 8088 7854
f 7900 8087 7854
f 7813 7902 7944
f 7945 7944 8089
f 8089 7946 7945
f 7900 7859 8087
f 7901 7946 8048
f 7861 7949 7951
f 7949 7950 8090
f 8091 8043 8047
f 7862 7951 7954
f 7863 8092 7951
f 7954 8093 7904
f 8000 7904 7999
f 8050 7956 8094
f 8095 8052 8054
f 7719 8050 8096
f 8094 7956 8056
f 8056 7956 7815
f 8052 8095 8055
f 8051 7816 7768
f 8097 8053 7905
f 8003 7720 7905
f 7959 8006 8005
f 8002 8098 7865
f 7865 8098 8059
f 8099 7819 7866
f 7826 8100 7960
f 7869 8013 7908
f 8009 7874 8007
f 8007 7876 7961
f 7911 7867 8101
f 8010 8102 8063
f 7910 8103 7676
f 8103 8104 7676
f 8012 7911 8101
f 7913 7915 8105
f 7914 8016 7967
f 7914 7726 8016
f 7966 8066 7965
f 7968 8064 8106
f 7676 8104 8107
f 7782 8018 8020
f 7731 7919 8070
f 8108 7776 8068
f 7880 7778 7973
f 7676 8107 7675
f 7776 8108 7879
f 7878 7970 7973
f 7969 8072 7828
f 7973 7738 7880
f 7832 7924 8109
f 7832 8109 7974
f 8027 7975 7792
f 7974 8109 8075
f 7923 8075 8025
f 7978 7836 8026
f 8110 7925 7923
f 7790 7978 8077
f 7743 8110 7923
f 8111 7586 8079
f 8111 7642 7586
f 7222 8078 7885
f 7839 7934 7928
f 8112 7746 8031
f 7984 7982 8113
f 7985 8114 7845
f 8115 7847 8034
f 7848 8032 8116
f 8032 7848 7988
f 7990 7755 8117
f 7991 8034 7989
f 7480 7702 8118
f 8119 7805 7891
f 8119 7891 8038
f 8083 8120 7895
f 7895 8120 8041
f 7895 7763 8083
f 7896 7897 7996
f 7996 7897 7709
f 7854 8088 7995
f 8084 7947 7943
f 7765 8086 7857
f 7858 8121 7948
f 7812 8085 7943
f 8044 8085 7812
f 7497 7712 8122
f 7946 8123 8048
f 8045 8124 8046
f 8125 8043 8091
f 7859 7948 8126
f 7658 8127 7902
f 8128 7955 7497
f 8129 7955 8128
f 8123 8130 8048
f 7949 8131 7951
f 7659 7998 7658
f 8047 8132 8091
f 7999 7953 7716
f 8130 8133 8048
f 8047 8046 8132
f 8134 7954 7951
f 7904 8093 7999
f 7863 8001 8092
f 8095 8054 8135
f 8001 8049 8136
f 7719 8096 7768
f 8137 8096 8050
f 8055 8058 8003
f 7906 8004 8137
f 8002 7906 8137
f 8002 8137 8098
f 8138 7910 7820
f 8060 8059 8139
f 8140 7907 8062
f 7866 8141 8099
f 8006 8061 8142
f 7960 8141 7866
f 7908 8013 8143
f 8100 8144 7960
f 8144 8145 8141
f 8144 8141 7960
f 8009 8007 7961
f 8011 7912 8146
f 8146 8064 8011
f 8012 8101 8147
f 8015 8066 7966
f 7912 7968 8148
f 7916 8149 8016
f 7916 8014 8149
f 8069 7829 7967
f 7915 8068 8150
f 8067 8017 8151
f 8151 8017 8071
f 8070 8108 8068
f 8019 8073 7776
f 8108 8021 7879
f 7919 8021 8070
f 8107 7969 7675
f 8152 8074 7972
f 7977 7785 8153
f 7975 8024 7976
f 7972 7921 8152
f 8024 8154 7926
f 8155 8025 8075
f 8156 8025 8155
f 8154 8076 7926
f 7979 7787 8157
f 7683 8157 7787
f 7925 8110 8028
f 7743 7882 8158
f 7642 8159 7840
f 8160 8031 8030
f 7530 7886 7929
f 7747 8161 7584
f 7931 7466 8162
f 7887 7935 8163
f 7799 7935 7887
f 7983 7845 8164
f 8113 8165 7984
f 7888 7984 8166
f 7414 7847 7846
f 8114 8164 7845
f 7888 8166 7937
f 8035 7937 8167
f 8168 8033 8116
f 8033 7848 8116
f 8035 8117 7755
f 7941 8080 7803
f 7804 7993 8037
f 7993 8081 8037
f 8169 8037 8081
f 8170 8169 8171
f 8171 8169 8081
f 8080 8038 7703
f 8171 8081 8039
f 7805 8171 8039
f 8081 7993 7758
f 7708 7995 8082
f 8041 8120 8172
f 7899 7855 8173
f 7857 8174 7858
f 8121 7858 8174
f 7605 7550 7899
f 8084 8124 8045
f 7712 8042 8122
f 8124 8132 8046
f 8090 7950 8175
f 7998 8127 7658
f 8133 7997 8048
f 7951 8131 7903
f 7999 8176 7953
f 8134 8093 7954
f 8093 8134 8096
f 8133 8095 8135
f 8092 8001 8177
f 8055 8094 8056
f 8095 8176 8055
f 8051 7768 8134
f 8134 7768 8096
f 8093 8096 8137
f 8178 8179 8180
f 7501 7955 7820
f 8180 8181 8178
f 8060 8182 8004
f 8183 8005 8006
f 8139 8182 8060
f 8184 8059 8098
f 8100 7826 8005
f 8185 7907 8140
f 7908 8143 8185
f 7907 8185 7867
f 8061 7913 8186
f 8138 8103 7910
f 8185 8101 7867
f 8105 8186 7913
f 8010 8009 8187
f 8012 8188 8013
f 8148 8146 7912
f 7915 8150 8105
f 8069 7967 8016
f 7963 8067 7964
f 8073 8150 8068
f 8108 8070 8073
f 8189 8108 8073
f 8073 8019 8189
f 8190 7781 7918
f 8021 8108 8189
f 7781 8190 8023
f 8191 7917 8020
f 8024 7975 8027
f 7977 8192 7921
f 7791 8077 8026
f 8077 7978 8026
f 7979 8157 7683
f 8028 8110 8029
f 8029 8110 8158
f 7101 8193 7927
f 8111 8159 7642
f 7839 7928 8079
f 7887 8194 7886
f 7466 7933 8162
f 8113 7982 8165
f 8195 7983 8164
f 8115 7846 7847
f 8166 8167 7937
f 8196 7987 7986
f 8033 8168 8196
f 8033 8196 7986
f 8197 7890 7990
f 8198 7702 8036
f 7941 8199 8080
f 7992 8200 8036
f 7992 8037 8200
f 8169 8170 8201
f 7805 8119 8171
f 7853 8202 7808
f 7855 7605 8173
f 8086 8174 7857
f 8203 7605 7899
f 8043 8125 8086
f 7946 8089 8123
f 7948 8204 8126
f 7997 8133 8044
f 8205 7998 7952
f 7903 8131 7950
f 7999 8094 8176
f 8130 8176 8095
f 8133 8130 8095
f 8206 8133 8135
f 7951 8092 8134
f 8134 8092 8177
f 8177 8001 8207
f 8001 8136 8207
f 8207 8208 8177
f 8051 8177 8208
f 8134 8177 8051
f 8176 8094 8055
f 8049 8051 8208
f 8135 8054 8209
f 8054 8053 8097
f 8178 8210 8179
f 8049 8208 8136
f 8178 8181 8210
f 8137 8004 8182
f 8056 7864 7957
f 8211 8098 8137
f 8008 8058 8212
f 7819 8099 8057
f 8059 8184 8139
f 8142 8183 8006
f 8062 7822 8008
f 8142 8061 8186
f 8145 8213 8141
f 8063 8214 7961
f 8146 8106 8064
f 8186 8105 8150
f 8150 8215 8186
f 7962 8216 8014
f 8063 8102 8217
f 8187 8102 8010
f 8218 8188 8012
f 8015 8065 8066
f 8219 8220 8018
f 8073 8221 8150
f 8190 7918 7917
f 8073 8070 8221
f 8019 8069 8189
f 8222 8022 7971
f 8023 8153 7785
f 7971 8074 8223
f 8192 8152 7921
f 7924 8224 8109
f 7924 8025 8224
f 8075 8109 8224
f 8075 8224 8155
f 8027 8154 8024
f 8156 8155 8225
f 8156 8225 8226
f 8110 7743 8158
f 8158 7882 8029
f 8227 7794 7932
f 7747 7840 8161
f 7930 7584 8228
f 8112 8229 7746
f 7841 8079 7928
f 7982 7885 8230
f 7982 8230 8165
f 8163 8194 7887
f 8195 8164 8231
f 8232 8167 8233
f 8234 8166 7984
f 8115 8235 8032
f 8032 8235 8116
f 8114 8231 8164
f 7846 8115 8032
f 8231 8114 8236
f 7987 8236 7985
f 8236 7987 8196
f 7991 7480 8118
f 8117 8197 7990
f 7939 7890 8237
f 8198 8118 7702
f 7938 8199 7941
f 8169 8200 8037
f 8238 8170 8171
f 8041 7994 7809
f 7899 8173 8203
f 8124 8084 8239
f 8240 8121 8174
f 8128 7497 8122
f 8091 8124 8125
f 7949 8090 8131
f 8205 7952 7953
f 7998 8205 8127
f 8206 8135 8241
f 8136 8242 8207
f 7820 7955 8243
f 8244 8209 8054
f 8212 8055 8056
f 8055 8212 8058
f 8050 8211 8137
f 8181 8180 8245
f 7820 8243 8138
f 7957 7908 8185
f 7957 8185 8140
f 8057 8099 8246
f 8005 8247 8100
f 8062 8248 8140
f 8101 8185 8143
f 8009 7961 8214
f 7962 8249 8216
f 8249 8250 8216
f 8214 8063 8217
f 8250 8149 8216
f 8149 8014 8216
f 8251 8102 8187
f 8252 8219 8253
f 8147 8218 8012
f 8190 8102 8251
f 8067 8151 8254
f 7917 8255 8190
f 8020 8018 8220
f 8018 8072 8219
f 8256 8189 8069
f 8189 8257 8021
f 8223 8258 7971
f 8259 8192 7977
f 8156 8224 8025
f 8224 8225 8155
f 8027 7837 8260
f 7837 7980 8261
f 7980 8262 8261
f 7884 8193 7101
f 8263 8229 8112
f 7927 8264 8078
f 7886 8265 7929
f 8233 8266 8232
f 8266 8233 8267
f 8195 7933 7983
f 7984 8165 8234
f 8267 8233 8167
f 8234 8167 8166
f 7985 8236 8114
f 8034 8268 8115
f 8268 8034 7991
f 8168 8116 8269
f 8270 8117 8035
f 8199 7939 8271
f 8201 8170 8238
f 8201 8272 8169
f 8038 8080 8119
f 7853 8082 8273
f 8274 8120 8083
f 8083 7994 8274
f 8041 8172 7994
f 8173 7605 8275
f 7605 8203 8275
f 8276 8084 8085
f 8122 8042 8277
f 8085 8044 8278
f 8279 8280 8125
f 8121 8240 8281
f 8121 8281 8204
f 7948 8121 8204
f 8089 7944 7953
f 8205 7953 8282
f 8089 7953 8176
f 8283 8089 8176
f 8091 8284 8124
f 8126 8087 7859
f 8285 8132 8284
f 8132 8124 8284
f 8091 8132 8279
f 8286 8133 8206
f 7999 8287 8094
f 8287 7999 8093
f 8129 8243 7955
f 8094 8287 8050
f 8211 8050 8288
f 8288 8050 8287
f 8179 8289 8180
f 8179 8210 8289
f 8097 8244 8054
f 7905 8290 8097
f 8056 7957 8212
f 8290 7905 8291
f 7905 8057 8291
f 8139 8184 8182
f 8098 8292 8184
f 8293 8057 8246
f 8293 8100 8057
f 8291 8057 8100
f 8291 8100 8247
f 8100 8293 8144
f 8008 8248 8062
f 8294 8249 8295
f 8213 8099 8141
f 8296 8009 8214
f 8297 8213 8298
f 8299 8213 8145
f 8250 8249 8300
f 8143 8013 8301
f 8143 8301 8101
f 8302 7962 7964
f 8219 8252 8303
f 8301 8013 8188
f 8101 8301 8147
f 8146 8148 8304
f 8106 8146 8305
f 8219 8303 8220
f 7964 8251 8187
f 8306 8069 8016
f 8190 8251 8307
f 8102 8190 8217
f 7968 8308 8148
f 8106 8305 7968
f 7968 8305 8308
f 8309 8067 8254
f 8310 8070 8021
f 8021 8257 8310
f 8311 8191 8020
f 7969 8107 8312
f 7837 8261 8260
f 8229 8030 6971
f 7746 8229 7981
f 7884 7981 8193
f 7840 8159 8313
f 7584 8161 8228
f 7932 7691 8227
f 7691 7930 8227
f 8160 8030 8229
f 7885 8078 8267
f 7885 8267 8230
f 7841 7929 8079
f 7886 8314 8265
f 8314 7886 8194
f 7936 8315 7935
f 7931 8162 8315
f 8162 7933 8316
f 8031 8160 8112
f 8167 8234 8267
f 8232 8317 8167
f 8235 8269 8116
f 8115 8318 8235
f 8318 8115 8268
f 8035 8167 8319
f 8035 8319 8270
f 8237 8320 8321
f 8320 8237 7890
f 8197 8320 7890
f 8321 8322 8237
f 8323 8271 7939
f 7939 8199 7938
f 8198 8036 8200
f 8200 8169 8272
f 8171 8324 8238
f 8171 8119 8324
f 8120 8274 8325
f 8326 8173 8275
f 8239 8084 8276
f 8203 8327 8275
f 8174 8086 8240
f 8239 8328 8124
f 8086 8125 8329
f 8278 8330 8085
f 8328 8125 8124
f 8280 8279 8240
f 8044 8286 8278
f 8240 8279 8281
f 7902 8127 8282
f 7902 8282 7944
f 8204 8281 8331
f 7944 8282 7953
f 8123 8089 8283
f 8279 8125 8284
f 8205 8282 8127
f 8044 8133 8286
f 8284 8091 8279
f 8175 8332 8090
f 8284 8333 8285
f 8286 8206 8334
f 8335 8126 8204
f 8175 7950 8336
f 8332 8175 8336
f 7950 8131 8336
f 8337 8283 8176
f 8285 8206 8338
f 8242 8208 8207
f 8093 8137 8339
f 8340 8341 8290
f 8097 8290 8244
f 8137 8342 8343
f 8342 8137 8182
f 8181 8289 8210
f 8211 8292 8098
f 8140 8212 7957
f 8248 8212 8140
f 8344 8294 8295
f 8294 8300 8249
f 8099 8213 8345
f 8346 8347 8297
f 8302 8249 7962
f 8297 8347 8213
f 8346 8297 8348
f 8187 8009 8296
f 8297 8298 8348
f 8302 7964 8187
f 8304 8305 8146
f 8147 8301 8218
f 8349 8104 8103
f 8148 8350 8304
f 8067 8251 7964
f 8188 8218 8351
f 8308 8350 8148
f 8251 8067 8309
f 8217 8190 8255
f 8256 8069 8306
f 8219 8072 8253
f 8190 8307 8023
f 8104 8312 8107
f 8255 7917 8191
f 8253 8072 8312
f 7971 8258 8352
f 7971 8352 8222
f 8312 8072 7969
f 8223 8353 8258
f 8259 7977 8153
f 8074 8354 8223
f 8074 8152 8354
f 8260 8154 8027
f 8260 8076 8154
f 7980 8076 8262
f 8262 8355 8261
f 8266 8267 8078
f 8079 7929 8356
f 8314 8357 8265
f 8195 8316 7933
f 8230 8267 8234
f 8315 7936 7931
f 8358 8359 8360
f 8165 8230 8234
f 8361 8195 8231
f 8362 8363 8359
f 8235 8318 8358
f 8236 8364 8231
f 8365 8321 8320
f 8197 8117 8270
f 8237 8322 8323
f 8323 7939 8237
f 8366 8201 8271
f 8366 8272 8201
f 8201 8238 8271
f 8200 8272 8367
f 8080 8368 8119
f 8082 7995 8369
f 7898 7808 8202
f 7994 8172 8274
f 8173 8370 8203
f 8240 8086 8371
f 8085 8330 8276
f 8280 8240 8371
f 8088 8087 8372
f 8128 8122 8373
f 8278 8286 8334
f 8374 8130 8123
f 8090 8332 8131
f 8132 8375 8279
f 8285 8333 8206
f 8285 8375 8132
f 8285 8338 8376
f 8285 8376 8375
f 8341 8377 8338
f 8242 8136 8208
f 8137 8343 8339
f 8211 8343 8292
f 8292 8182 8184
f 8378 8005 8183
f 8008 8212 8248
f 8344 8295 8249
f 8005 8378 8247
f 8142 8186 8379
f 8213 8299 8298
f 8300 8380 8250
f 8214 8381 8296
f 8188 8382 8301
f 8104 8349 8383
f 8215 8150 8384
f 8254 8385 8309
f 8386 8309 8385
f 8251 8309 8386
f 8307 8251 8386
f 8104 8383 8312
f 8022 8387 8386
f 8022 8222 8387
f 8022 8352 8071
f 8257 8189 8256
f 8153 8023 8307
f 8226 8225 8388
f 8261 8355 8260
f 8260 8262 8076
f 8262 8260 8355
f 8229 8263 8160
f 8266 8078 8264
f 7929 8389 8356
f 8315 8390 7935
f 8391 8160 8361
f 8160 8391 8112
f 8359 8358 8362
f 8235 8358 8392
f 8362 8358 8318
f 8235 8392 8269
f 8318 8393 8362
f 8365 8394 8321
f 8196 8168 8395
f 8395 8168 8269
f 7991 8396 8268
f 8197 8397 8320
f 7991 8118 8396
f 8197 8270 8398
f 8118 8198 8396
f 8366 8323 8399
f 8271 8323 8366
f 8200 8367 8198
f 8368 8324 8119
f 8400 8401 8402
f 8403 8404 8405
f 8402 8404 8403
f 8402 8401 8404
f 8404 8406 8405
f 8082 8407 8273
f 7853 8273 8408
f 7853 8408 8202
f 8407 8082 8369
f 8088 8409 7995
f 7898 8410 8042
f 8370 8173 8326
f 8275 8411 8326
f 8125 8280 8329
f 8284 8125 8328
f 8087 8126 8412
f 8128 8373 8129
f 8283 8337 8413
f 8335 8412 8126
f 8341 8340 8377
f 8180 8289 8245
f 8343 8342 8292
f 8182 8414 8342
f 8182 8292 8414
f 8181 8415 8289
f 8181 8294 8415
f 8294 8181 8416
f 8099 8345 8246
f 8417 8344 8249
f 8142 8379 8183
f 8417 8249 8302
f 8213 8347 8345
f 8379 8186 8215
f 8187 8418 8419
f 8252 8349 8420
f 8188 8351 8382
f 8214 8217 8421
f 8422 8218 8301
f 8016 8149 8423
f 8349 8252 8383
f 8303 8424 8220
f 8221 8384 8150
f 8151 8425 8254
f 8071 8425 8151
f 8383 8252 8253
f 8022 8386 8385
f 8220 8426 8020
f 8383 8253 8312
f 8222 8427 8387
f 8311 8428 8191
f 8224 8156 8429
f 7794 8430 7690
f 6971 7690 8431
f 8389 8159 8111
f 8159 8389 7929
f 8265 8313 8159
f 8161 7840 8432
f 8360 8359 8433
f 8079 8356 8434
f 8265 8159 7929
f 8317 8232 8266
f 8361 8231 8391
f 8435 8362 8436
f 8319 8167 8317
f 8268 8393 8318
f 8436 8362 8393
f 8236 8196 8437
f 8392 8395 8269
f 8393 8268 8438
f 8438 8268 8396
f 8439 8322 8321
f 8366 8399 8272
f 8271 8238 8199
f 8238 8324 8199
f 8440 8199 8324
f 8441 8442 8368
f 8368 8443 8324
f 8442 8443 8368
f 8400 8402 8403
f 8444 8401 8400
f 8404 8401 8273
f 8406 8404 8445
f 8404 8407 8445
f 8445 8407 8369
f 8120 8325 8172
f 8410 7898 8202
f 8446 8409 8088
f 8370 8327 8203
f 8446 8088 8372
f 8371 8086 8329
f 8447 8330 8278
f 8328 8448 8284
f 8449 8281 8279
f 8331 8281 8449
f 8335 8204 8331
f 8176 8130 8374
f 8332 8336 8450
f 8337 8176 8374
f 8373 8451 8129
f 8129 8451 8243
f 8287 8093 8339
f 8287 8339 8288
f 8341 8338 8290
f 8338 8452 8290
f 8340 8290 8453
f 8452 8244 8290
f 8211 8288 8343
f 8290 8291 8454
f 8243 8455 8138
f 8414 8292 8456
f 8292 8342 8456
f 8416 8181 8245
f 8378 8183 8379
f 8144 8293 8145
f 8457 8103 8138
f 8293 8299 8145
f 8347 8346 8458
f 8298 8347 8458
f 8296 8418 8187
f 8214 8421 8381
f 8458 8348 8298
f 8420 8303 8252
f 8187 8419 8302
f 8422 8301 8382
f 8351 8422 8459
f 8218 8422 8351
f 8305 8304 8460
f 8460 8308 8305
f 8306 8461 8256
f 8386 8387 8307
f 8070 8462 8221
f 8352 8425 8071
f 8352 8258 8425
f 8020 8426 8311
f 8070 8310 8462
f 8352 8022 8463
f 8463 8222 8352
f 8427 8222 8463
f 8429 8225 8224
f 8156 8226 8429
f 8464 8226 8388
f 8161 8465 8228
f 8228 8227 7930
f 8111 8079 8466
f 8266 8264 8467
f 8161 8432 8468
f 8161 8468 8469
f 8194 8470 8469
f 8163 8470 8194
f 8195 8361 8316
f 8391 8263 8112
f 8266 8467 8317
f 8358 8360 8471
f 8364 8391 8231
f 8363 8362 8472
f 8362 8435 8472
f 8394 8435 8436
f 8435 8394 8365
f 8365 8473 8435
f 8236 8437 8364
f 8394 8439 8321
f 8365 8320 8397
f 8397 8197 8398
f 8438 8396 8198
f 8272 8399 8367
f 8440 8080 8199
f 8368 8080 8440
f 8368 8440 8441
f 8474 8324 8443
f 8400 8475 8444
f 8408 8401 8444
f 8408 8273 8401
f 8407 8404 8273
f 8445 8476 8406
f 8477 8172 8325
f 8369 7995 8409
f 8447 8278 8334
f 8372 8087 8478
f 8087 8412 8478
f 8375 8449 8279
f 8334 8206 8479
f 8332 8450 8131
f 8206 8333 8479
f 8336 8131 8450
f 8135 8480 8241
f 8135 8209 8480
f 8455 8243 8451
f 8244 8481 8209
f 8482 8481 8244
f 8483 8244 8452
f 8289 8415 8245
f 8415 8416 8245
f 8415 8484 8416
f 8485 8416 8484
f 8378 8486 8247
f 8378 8379 8486
f 8416 8485 8294
f 8294 8485 8300
f 8300 8487 8380
f 8419 8417 8302
f 8349 8488 8420
f 8250 8380 8489
f 8490 8424 8303
f 8420 8491 8303
f 8250 8489 8149
f 8461 8215 8384
f 8022 8385 8492
f 8220 8424 8426
f 8493 8255 8191
f 8153 8307 8387
f 8387 8259 8153
f 8152 8192 8259
f 8223 8354 8353
f 7794 8227 8430
f 8111 8494 8389
f 7840 8313 8495
f 8432 7840 8495
f 8161 8469 8496
f 8469 8470 8496
f 7935 8390 8163
f 8079 8434 8466
f 8162 8497 8315
f 8359 8363 8433
f 8434 8498 8466
f 8356 8499 8434
f 8468 8194 8469
f 8500 8363 8472
f 8435 8501 8472
f 8392 8358 8502
f 8500 8436 8393
f 8365 8397 8473
f 8398 8270 8503
f 8439 8504 8322
f 8322 8504 8323
f 8323 8504 8399
f 8438 8198 8367
f 8399 8504 8438
f 8399 8438 8367
f 8440 8324 8505
f 8400 8506 8475
f 8403 8405 8507
f 8406 8476 8405
f 8325 8508 8477
f 8445 8369 8409
f 8274 8508 8325
f 8172 8477 8274
f 8330 8328 8276
f 8276 8328 8239
f 8280 8371 8329
f 8509 8122 8277
f 8447 8334 8510
f 8510 8334 8479
f 8284 8511 8333
f 8331 8512 8335
f 8333 8513 8479
f 8337 8514 8413
f 8452 8206 8241
f 8338 8206 8452
f 8338 8377 8515
f 8340 8453 8377
f 8288 8339 8343
f 8482 8244 8483
f 8483 8452 8454
f 8454 8291 8483
f 8414 8456 8516
f 8517 8291 8247
f 8246 8299 8293
f 8417 8518 8344
f 8486 8379 8215
f 8300 8485 8519
f 8520 8345 8347
f 8520 8347 8298
f 8298 8299 8520
f 8521 8296 8381
f 8488 8349 8103
f 8522 8523 8215
f 8524 8346 8348
f 8459 8382 8351
f 8423 8149 8525
f 8525 8149 8489
f 8215 8461 8522
f 8423 8526 8016
f 8308 8460 8350
f 8384 8221 8527
f 8461 8384 8256
f 8527 8221 8462
f 8528 8022 8492
f 8258 8529 8425
f 8257 8256 8530
f 8427 8152 8259
f 8531 8313 8265
f 8468 8496 8470
f 8465 8532 8496
f 8163 8496 8532
f 8496 8163 8161
f 8465 8161 8163
f 8361 8160 8263
f 8264 7927 8533
f 8111 8466 8534
f 8499 8534 8535
f 8494 8535 8534
f 8535 8494 8356
f 8111 8356 8494
f 8356 8111 8499
f 8534 8499 8111
f 8535 8356 8389
f 8470 8532 8468
f 8532 8470 8163
f 8536 8497 8162
f 8363 8537 8433
f 8466 8498 8538
f 8194 8539 8314
f 8315 8497 8540
f 8162 8316 8541
f 8472 8542 8500
f 8363 8500 8537
f 8542 8472 8501
f 8391 8364 8543
f 8471 8502 8358
f 8393 8502 8500
f 8364 8437 8543
f 8436 8500 8542
f 8501 8436 8542
f 8435 8473 8501
f 8394 8436 8501
f 8501 8473 8394
f 8473 8397 8394
f 8397 8439 8394
f 8544 8397 8398
f 8503 8270 8319
f 8393 8438 8545
f 8439 8546 8504
f 8440 8505 8547
f 8441 8440 8547
f 8505 8324 8474
f 8474 8548 8505
f 8443 8549 8474
f 8550 8551 8442
f 8442 8552 8443
f 8403 8506 8400
f 8553 8507 8405
f 8405 8476 8553
f 8202 8408 8554
f 8409 8476 8445
f 8508 8274 8477
f 8326 8411 8370
f 8370 8411 8555
f 8275 8556 8411
f 8327 8557 8275
f 8042 8410 8277
f 8509 8373 8122
f 8123 8283 8558
f 8283 8413 8558
f 8559 8512 8331
f 8375 8376 8560
f 8561 8512 8559
f 8514 8337 8562
f 8562 8337 8374
f 8512 8563 8335
f 8561 8564 8512
f 8565 8452 8241
f 8377 8453 8566
f 8567 8290 8454
f 8209 8481 8568
f 8569 8456 8342
f 8483 8291 8570
f 8291 8517 8570
f 8484 8415 8571
f 8456 8569 8572
f 8573 8294 8344
f 8456 8572 8516
f 8486 8574 8247
f 8299 8246 8345
f 8345 8520 8299
f 8486 8215 8523
f 8575 8424 8490
f 8303 8491 8490
f 8522 8461 8576
f 8421 8217 8577
f 8576 8461 8306
f 8306 8016 8526
f 8425 8492 8254
f 8385 8254 8492
f 8530 8256 8384
f 8463 8022 8528
f 8353 8529 8258
f 8387 8427 8259
f 8152 8427 8578
f 8354 8152 8578
f 8464 8579 8226
f 8579 8429 8226
f 8228 8580 8227
f 8430 8431 7690
f 8465 8163 8581
f 8532 8465 8581
f 8582 8389 8494
f 8539 8495 8314
f 8532 8583 8468
f 8163 8390 8581
f 8540 8390 8315
f 8361 8584 8316
f 8584 8361 8263
f 8360 8433 8471
f 8582 8535 8389
f 8194 8583 8539
f 8468 8583 8194
f 8499 8535 8434
f 8319 8317 8585
f 8500 8502 8471
f 8502 8393 8545
f 8196 8395 8437
f 8397 8586 8439
f 8438 8504 8545
f 8442 8441 8550
f 8443 8552 8549
f 8551 8552 8442
f 8587 8475 8506
f 8403 8507 8588
f 8444 8554 8408
f 8589 8590 8476
f 8476 8409 8589
f 8370 8555 8327
f 8277 8410 8591
f 8328 8330 8448
f 8277 8592 8509
f 8593 8478 8412
f 8479 8594 8510
f 8374 8123 8558
f 8333 8595 8513
f 8335 8596 8412
f 8597 8413 8514
f 8338 8515 8376
f 8335 8563 8596
f 8241 8480 8598
f 8480 8209 8599
f 8455 8451 8600
f 8241 8598 8565
f 8452 8565 8601
f 8290 8567 8453
f 8452 8570 8454
f 8569 8414 8602
f 8414 8569 8342
f 8603 8482 8570
f 8570 8482 8483
f 8602 8414 8516
f 8455 8457 8138
f 8415 8604 8571
f 8294 8604 8415
f 8604 8294 8573
f 8574 8517 8247
f 8484 8574 8485
f 8300 8519 8487
f 8519 8485 8522
f 8346 8524 8458
f 8490 8491 8605
f 8519 8606 8607
f 8519 8522 8606
f 8606 8423 8607
f 8296 8608 8418
f 8420 8488 8491
f 8524 8348 8458
f 8423 8525 8607
f 8382 8459 8422
f 8350 8609 8304
f 8576 8306 8610
f 8609 8350 8460
f 8493 8217 8255
f 8529 8611 8425
f 8191 8612 8493
f 8310 8613 8462
f 8311 8614 8428
f 8615 8354 8578
f 8429 8388 8225
f 6971 8431 8229
f 7981 8229 8616
f 8193 7981 8616
f 8495 8465 8468
f 8496 8468 8465
f 8497 8430 8227
f 8494 8534 8582
f 8495 8617 8314
f 8432 8539 8468
f 8617 8468 8539
f 8468 8617 8495
f 8539 8432 8495
f 8471 8433 8537
f 8618 8317 8467
f 8162 8541 8536
f 8316 8584 8619
f 8263 8391 8543
f 8316 8619 8541
f 8537 8500 8471
f 8502 8620 8392
f 8621 8544 8398
f 8586 8546 8439
f 8474 8549 8548
f 8587 8506 8622
f 8554 8444 8475
f 8202 8554 8623
f 8202 8623 8624
f 8409 8625 8589
f 8624 8410 8202
f 8557 8556 8275
f 8591 8592 8277
f 8372 8478 8626
f 8626 8478 8627
f 8511 8284 8448
f 8478 8593 8627
f 8558 8562 8374
f 8513 8628 8479
f 8628 8594 8479
f 8629 8561 8559
f 8564 8561 8629
f 8512 8564 8563
f 8481 8565 8568
f 8603 8452 8601
f 8603 8570 8452
f 8482 8630 8481
f 8571 8631 8484
f 8488 8103 8457
f 8574 8486 8523
f 8417 8632 8518
f 8417 8419 8632
f 8419 8633 8632
f 8605 8575 8490
f 8576 8606 8522
f 8576 8634 8606
f 8575 8421 8424
f 8609 8460 8304
f 8635 8421 8577
f 8424 8421 8635
f 8610 8306 8526
f 8426 8424 8635
f 8257 8530 8636
f 8612 8191 8428
f 8257 8637 8310
f 8579 8638 8429
f 8429 8638 8388
f 8639 8640 8579
f 8579 8464 8639
f 8638 8464 8388
f 8228 8465 8580
f 8431 8430 8641
f 8467 8264 8533
f 8265 8642 8531
f 8357 8642 8265
f 8314 8643 8357
f 8314 8617 8643
f 8497 8227 8540
f 8539 8583 8617
f 8434 8535 8644
f 8503 8645 8398
f 8502 8545 8620
f 8437 8395 8646
f 8395 8392 8620
f 8586 8397 8647
f 8441 8648 8550
f 8622 8506 8649
f 8650 8552 8651
f 8552 8551 8651
f 8622 8652 8587
f 8649 8506 8403
f 8476 8590 8553
f 8409 8446 8625
f 8556 8653 8411
f 8555 8557 8327
f 8410 8654 8591
f 8330 8447 8448
f 8449 8559 8331
f 8629 8559 8655
f 8373 8600 8451
f 8377 8566 8515
f 8599 8209 8656
f 8566 8453 8564
f 8656 8209 8568
f 8565 8598 8568
f 8570 8567 8454
f 8481 8630 8657
f 8482 8603 8630
f 8602 8516 8572
f 8574 8484 8631
f 8604 8573 8658
f 8659 8488 8457
f 8381 8421 8521
f 8296 8521 8608
f 8521 8421 8660
f 8489 8380 8661
f 8662 8523 8522
f 8575 8660 8421
f 8660 8575 8605
f 8606 8634 8663
f 8663 8526 8606
f 8606 8526 8423
f 8217 8493 8664
f 8577 8217 8664
f 8384 8527 8530
f 8425 8611 8492
f 8528 8492 8665
f 8612 8666 8493
f 8637 8613 8310
f 8636 8637 8257
f 8529 8353 8667
f 8668 8667 8353
f 8636 8669 8637
f 8670 8668 8353
f 8668 8615 8578
f 8637 8669 8671
f 8670 8353 8354
f 8354 8672 8670
f 8670 8615 8668
f 8354 8615 8672
f 8639 8464 8638
f 8193 8616 7927
f 8497 8673 8430
f 8430 8673 8641
f 8532 8581 8583
f 8674 8584 8263
f 8390 8540 8675
f 8317 8618 8585
f 8434 8644 8498
f 8645 8621 8398
f 8647 8397 8544
f 8395 8620 8646
f 8504 8676 8545
f 8505 8677 8547
f 8505 8548 8677
f 8550 8678 8551
f 8679 8622 8649
f 8549 8552 8650
f 8588 8680 8403
f 8587 8681 8475
f 8681 8587 8652
f 8510 8594 8447
f 8562 8558 8682
f 8595 8333 8511
f 8449 8375 8560
f 8683 8594 8628
f 8599 8598 8480
f 8599 8568 8598
f 8565 8481 8601
f 8684 8603 8601
f 8600 8457 8455
f 8602 8572 8569
f 8517 8574 8685
f 8573 8344 8518
f 8574 8686 8687
f 8523 8686 8574
f 8485 8574 8687
f 8688 8521 8689
f 8686 8523 8662
f 8485 8687 8522
f 8487 8519 8690
f 8487 8661 8380
f 8519 8607 8690
f 8491 8691 8605
f 8690 8607 8525
f 8418 8633 8419
f 8608 8692 8418
f 8663 8610 8526
f 8610 8634 8576
f 8530 8527 8693
f 8462 8694 8527
f 8695 8694 8462
f 8696 8611 8529
f 8462 8613 8695
f 8311 8426 8614
f 8463 8668 8578
f 8463 8578 8427
f 8697 8612 8428
f 8698 8637 8671
f 8670 8672 8667
f 8667 8615 8670
f 8640 8638 8579
f 8313 8699 8495
f 8431 8700 8229
f 8313 8531 8701
f 8465 8495 8702
f 8227 8703 8540
f 8541 8641 8673
f 8534 8466 8704
f 8466 8538 8704
f 8617 8583 8643
f 8536 8541 8705
f 8641 8541 8619
f 8706 8641 8619
f 8584 8706 8619
f 8319 8707 8503
f 8676 8620 8545
f 8708 8504 8546
f 8678 8550 8648
f 8549 8650 8709
f 8649 8403 8680
f 8551 8710 8651
f 8711 8712 8553
f 8553 8712 8507
f 8681 8713 8475
f 8553 8590 8714
f 8555 8411 8653
f 8715 8556 8557
f 8594 8448 8447
f 8448 8716 8511
f 8593 8412 8717
f 8717 8412 8596
f 8449 8655 8559
f 8560 8655 8449
f 8600 8373 8509
f 8513 8595 8628
f 8515 8718 8376
f 8719 8596 8563
f 8566 8720 8515
f 8564 8453 8563
f 8721 8656 8568
f 8453 8567 8722
f 8601 8481 8657
f 8603 8684 8630
f 8570 8517 8723
f 8685 8574 8631
f 8518 8724 8573
f 8518 8632 8725
f 8661 8487 8690
f 8522 8687 8662
f 8521 8660 8689
f 8726 8525 8489
f 8727 8577 8664
f 8635 8577 8727
f 8611 8665 8492
f 8426 8635 8727
f 8528 8728 8463
f 8729 8614 8426
f 8728 8668 8463
f 8613 8637 8695
f 8637 8698 8730
f 8637 8730 8695
f 8730 8669 8695
f 8636 8695 8669
f 8667 8672 8529
f 8667 8668 8731
f 8731 8615 8667
f 8671 8669 8730
f 8672 8615 8732
f 8730 8733 8671
f 8734 8638 8640
f 8313 8701 8699
f 8703 8227 8580
f 8735 8431 8641
f 8642 8736 8531
f 8673 8497 8737
f 8735 8541 8673
f 8641 8706 8735
f 8263 8543 8674
f 8737 8497 8536
f 8738 8538 8498
f 8644 8738 8498
f 8739 8543 8437
f 8740 8647 8544
f 8546 8586 8741
f 8676 8504 8708
f 8441 8547 8648
f 8679 8649 8742
f 8622 8743 8650
f 8652 8622 8650
f 8650 8651 8744
f 8710 8744 8651
f 8588 8745 8680
f 8712 8745 8507
f 8588 8507 8745
f 8553 8714 8746
f 8554 8475 8713
f 8589 8714 8590
f 8654 8410 8624
f 8653 8556 8747
f 8653 8748 8555
f 8555 8748 8557
f 8715 8747 8556
f 8748 8715 8557
f 8594 8716 8448
f 8627 8593 8749
f 8682 8558 8413
f 8597 8514 8750
f 8629 8566 8564
f 8599 8656 8751
f 8718 8515 8720
f 8720 8566 8752
f 8563 8453 8722
f 8571 8753 8631
f 8521 8754 8608
f 8605 8688 8660
f 8488 8755 8491
f 8525 8726 8690
f 8489 8661 8726
f 8611 8696 8665
f 8527 8694 8693
f 8693 8636 8530
f 8696 8529 8756
f 8428 8614 8697
f 8698 8671 8733
f 8672 8732 8757
f 8758 8640 8639
f 8758 8639 8638
f 8759 8701 8531
f 8495 8699 8702
f 8534 8704 8760
f 8534 8760 8761
f 8582 8534 8761
f 8583 8762 8643
f 8735 8705 8541
f 8535 8582 8644
f 8536 8705 8737
f 8674 8543 8739
f 8739 8437 8646
f 8740 8544 8621
f 8548 8549 8709
f 8678 8648 8763
f 8743 8622 8679
f 8551 8764 8710
f 8711 8765 8712
f 8553 8746 8711
f 8554 8766 8623
f 8446 8372 8767
f 8372 8626 8768
f 8593 8717 8769
f 8593 8769 8749
f 8627 8749 8626
f 8594 8770 8716
f 8770 8594 8683
f 8597 8682 8413
f 8509 8771 8772
f 8773 8628 8595
f 8629 8655 8774
f 8509 8772 8600
f 8514 8562 8750
f 8560 8376 8718
f 8596 8719 8775
f 8721 8568 8599
f 8567 8776 8722
f 8600 8659 8457
f 8657 8684 8601
f 8570 8776 8567
f 8630 8777 8657
f 8777 8630 8684
f 8658 8573 8724
f 8754 8521 8688
f 8518 8725 8724
f 8687 8778 8662
f 8779 8632 8633
f 8780 8663 8634
f 8663 8780 8610
f 8780 8634 8610
f 8528 8665 8728
f 8665 8696 8728
f 8727 8729 8426
f 8695 8636 8781
f 8781 8636 8693
f 8668 8728 8731
f 8782 8529 8672
f 8731 8732 8615
f 8672 8757 8783
f 8638 8734 8758
f 8229 8784 8616
f 8533 7927 8785
f 8786 8701 8759
f 8787 8761 8760
f 8582 8786 8759
f 8582 8761 8786
f 8531 8736 8759
f 8583 8581 8762
f 8390 8762 8581
f 8390 8788 8762
f 8735 8789 8705
f 8735 8706 8789
f 8618 8790 8791
f 8760 8704 8792
f 8644 8792 8787
f 8760 8582 8787
f 8582 8760 8644
f 8792 8644 8760
f 8759 8787 8582
f 8704 8538 8738
f 8645 8793 8794
f 8645 8794 8621
f 8707 8793 8645
f 8707 8319 8585
f 8707 8645 8503
f 8620 8795 8646
f 8795 8620 8676
f 8547 8677 8763
f 8763 8648 8547
f 8678 8764 8551
f 8680 8796 8649
f 8650 8744 8652
f 8652 8744 8797
f 8652 8797 8681
f 8591 8654 8798
f 8767 8372 8768
f 8591 8799 8592
f 8716 8595 8511
f 8682 8750 8562
f 8655 8560 8774
f 8628 8773 8683
f 8566 8629 8752
f 8721 8800 8656
f 8776 8570 8723
f 8684 8657 8801
f 8801 8657 8777
f 8658 8724 8802
f 8658 8802 8803
f 8608 8754 8804
f 8688 8605 8805
f 8687 8686 8778
f 8632 8779 8725
f 8660 8688 8689
f 8690 8726 8661
f 8491 8755 8691
f 8418 8806 8633
f 8666 8807 8493
f 8731 8728 8696
f 8695 8781 8694
f 8697 8614 8729
f 8808 8697 8729
f 8697 8809 8612
f 8757 8732 8810
f 8431 8735 8673
f 8811 8701 8786
f 8812 8699 8701
f 8584 8674 8706
f 8467 8533 8813
f 8618 8467 8813
f 8787 8792 8761
f 8759 8811 8814
f 8786 8814 8811
f 8814 8786 8736
f 8761 8736 8786
f 8736 8761 8759
f 8811 8759 8761
f 8814 8787 8759
f 8736 8642 8814
f 8540 8815 8816
f 8737 8816 8815
f 8737 8705 8816
f 8674 8739 8817
f 8707 8818 8793
f 8618 8819 8585
f 8791 8819 8618
f 8644 8704 8738
f 8586 8647 8741
f 8708 8820 8676
f 8821 8822 8823
f 8824 8743 8679
f 8796 8742 8649
f 8709 8650 8743
f 8764 8825 8710
f 8712 8765 8826
f 8681 8797 8713
f 8711 8827 8765
f 8711 8746 8827
f 8828 8746 8714
f 8799 8798 8829
f 8798 8799 8591
f 8830 8747 8715
f 8509 8592 8771
f 8716 8770 8595
f 8717 8596 8775
f 8682 8597 8750
f 8718 8774 8560
f 8629 8774 8752
f 8831 8751 8656
f 8656 8800 8831
f 8599 8751 8721
f 8563 8832 8719
f 8833 8832 8563
f 8563 8722 8833
f 8834 8659 8600
f 8835 8754 8836
f 8684 8837 8777
f 8801 8837 8684
f 8753 8685 8631
f 8571 8604 8838
f 8658 8839 8604
f 8724 8840 8802
f 8725 8840 8724
f 8686 8662 8841
f 8691 8805 8605
f 8493 8807 8664
f 8731 8696 8756
f 8529 8782 8756
f 8612 8809 8842
f 8698 8733 8730
f 8783 8782 8672
f 8674 8843 8706
f 8790 8618 8813
f 8705 8789 8844
f 8818 8794 8793
f 8818 8585 8845
f 8846 8792 8704
f 8357 8847 8642
f 8703 8815 8540
f 8585 8818 8707
f 8585 8819 8845
f 8846 8704 8644
f 8794 8848 8621
f 8741 8708 8546
f 8849 8677 8548
f 8709 8850 8851
f 8548 8709 8851
f 8679 8742 8852
f 8679 8852 8824
f 8850 8709 8743
f 8680 8853 8796
f 8853 8680 8745
f 8765 8854 8826
f 8713 8855 8554
f 8654 8624 8856
f 8857 8592 8799
f 8770 8773 8595
f 8772 8834 8600
f 8800 8858 8831
f 8859 8719 8832
f 8803 8859 8832
f 8721 8860 8800
f 8658 8803 8832
f 8571 8838 8753
f 8604 8861 8838
f 8839 8861 8604
f 8837 8801 8777
f 8685 8862 8517
f 8754 8688 8805
f 8488 8659 8755
f 8841 8778 8686
f 8805 8691 8863
f 8692 8806 8418
f 8729 8727 8864
f 8612 8842 8666
f 8865 8758 8734
f 8758 8865 8640
f 8702 8580 8465
f 8431 8673 8700
f 7927 8616 8785
f 8815 8673 8737
f 8674 8817 8843
f 8792 8811 8761
f 8701 8811 8812
f 8787 8846 8644
f 8816 8675 8540
f 8866 8817 8739
f 8866 8739 8646
f 8866 8646 8795
f 8676 8866 8795
f 8867 8708 8741
f 8741 8647 8868
f 8740 8868 8647
f 8763 8677 8869
f 8742 8796 8870
f 8678 8763 8764
f 8871 8745 8712
f 8853 8745 8871
f 8765 8827 8854
f 8589 8872 8714
f 8855 8766 8554
f 8872 8589 8625
f 8623 8856 8624
f 8857 8771 8592
f 8873 8626 8749
f 8775 8769 8717
f 8773 8874 8683
f 8803 8835 8859
f 8721 8831 8875
f 8875 8860 8721
f 8861 8839 8876
f 8835 8877 8754
f 8754 8805 8836
f 8864 8727 8664
f 8732 8756 8878
f 8731 8756 8732
f 8732 8878 8810
f 8808 8809 8697
f 8640 8865 8734
f 8229 8700 8784
f 8879 8880 8815
f 8673 8815 8880
f 8703 8580 8879
f 8815 8703 8879
f 8881 8794 8818
f 8643 8847 8357
f 8788 8390 8675
f 8844 8816 8705
f 8868 8867 8741
f 8866 8676 8820
f 8708 8867 8820
f 8848 8882 8621
f 8621 8882 8740
f 8883 8851 8884
f 8548 8851 8849
f 8849 8869 8677
f 8851 8850 8884
f 8884 8850 8852
f 8885 8852 8742
f 8852 8850 8824
f 8850 8743 8824
f 8763 8886 8764
f 8797 8887 8713
f 8714 8872 8888
f 8623 8766 8856
f 8625 8446 8767
f 8653 8747 8748
f 8830 8889 8747
f 8715 8748 8890
f 8799 8829 8857
f 8830 8715 8890
f 8768 8626 8873
f 8891 8772 8771
f 8892 8683 8874
f 8831 8721 8751
f 8831 8858 8875
f 8858 8800 8860
f 8833 8893 8832
f 8832 8893 8658
f 8685 8753 8838
f 8803 8802 8835
f 8517 8862 8723
f 8725 8894 8840
f 8877 8804 8754
f 8895 8804 8877
f 8804 8896 8608
f 8806 8897 8633
f 8693 8694 8781
f 8729 8864 8808
f 8673 8880 8898
f 8899 8900 8901
f 8900 8902 8901
f 8811 8792 8846
f 8903 8675 8816
f 8867 8902 8900
f 8642 8904 8814
f 8847 8904 8642
f 8900 8899 8867
f 8794 8881 8848
f 8867 8905 8820
f 8740 8882 8868
f 8906 8907 8908
f 8885 8742 8870
f 8909 8870 8796
f 8909 8796 8853
f 8886 8825 8764
f 8826 8871 8712
f 8887 8797 8744
f 8746 8828 8827
f 8888 8828 8714
f 8798 8856 8910
f 8856 8798 8654
f 8747 8890 8748
f 8857 8829 8891
f 8911 8891 8829
f 8749 8769 8912
f 8873 8749 8912
f 8857 8891 8771
f 8683 8892 8770
f 8770 8913 8773
f 8834 8772 8914
f 8752 8774 8718
f 8718 8720 8752
f 8915 8722 8776
f 8833 8722 8915
f 8833 8915 8838
f 8916 8893 8838
f 8838 8893 8833
f 8893 8839 8658
f 8802 8877 8835
f 8838 8915 8685
f 8917 8894 8725
f 8778 8841 8918
f 8725 8779 8917
f 8841 8919 8918
f 8755 8863 8691
f 8692 8608 8896
f 8920 8864 8664
f 8782 8878 8756
f 8783 8878 8782
f 8842 8809 8921
f 8616 8784 8922
f 8901 8923 8899
f 8814 8846 8787
f 8899 8905 8867
f 8817 8924 8925
f 8902 8867 8926
f 8926 8867 8868
f 8817 8866 8924
f 8866 8905 8927
f 8820 8905 8866
f 8908 8928 8906
f 8929 8821 8823
f 8821 8929 8930
f 8909 8853 8931
f 8931 8853 8871
f 8887 8932 8713
f 8828 8933 8827
f 8713 8932 8855
f 8625 8767 8934
f 8767 8768 8934
f 8910 8935 8798
f 8829 8798 8935
f 8889 8890 8747
f 8829 8935 8936
f 8768 8873 8937
f 8911 8829 8936
f 8770 8892 8913
f 8891 8914 8772
f 8874 8773 8913
f 8859 8775 8719
f 8938 8915 8776
f 8893 8916 8876
f 8893 8876 8839
f 8805 8939 8836
f 8723 8938 8776
f 8723 8940 8938
f 8802 8840 8941
f 8942 8755 8659
f 8943 8841 8662
f 8943 8662 8778
f 8896 8804 8895
f 8920 8664 8807
f 8810 8878 8757
f 8878 8783 8757
f 8700 8673 8944
f 8879 8580 8945
f 8817 8925 8843
f 8903 8788 8675
f 8816 8844 8903
f 8789 8898 8844
f 8846 8946 8811
f 8814 8904 8846
f 8905 8899 8923
f 8819 8791 8947
f 8848 8881 8948
f 8949 8908 8907
f 8821 8930 8950
f 8822 8951 8823
f 8883 8884 8952
f 8849 8851 8953
f 8852 8952 8884
f 8954 8763 8869
f 8763 8954 8886
f 8826 8955 8871
f 8710 8825 8956
f 8827 8933 8854
f 8855 8957 8766
f 8766 8958 8959
f 8766 8959 8856
f 8910 8856 8959
f 8889 8830 8890
f 8912 8960 8873
f 8835 8961 8859
f 8835 8836 8961
f 8834 8962 8942
f 8915 8938 8685
f 8723 8963 8940
f 8659 8834 8942
f 8861 8916 8838
f 8863 8755 8942
f 8918 8943 8778
f 8943 8919 8841
f 8945 8580 8702
f 8673 8898 8944
f 8901 8964 8923
f 8965 8926 8966
f 8811 8946 8812
f 8847 8643 8967
f 8946 8846 8968
f 8904 8968 8846
f 8904 8812 8968
f 8926 8965 8902
f 8819 8947 8845
f 8924 8866 8927
f 8948 8882 8848
f 8868 8882 8969
f 8929 8823 8949
f 8823 8951 8949
f 8821 8970 8822
f 8883 8952 8971
f 8851 8883 8953
f 8849 8972 8869
f 8952 8852 8973
f 8885 8973 8852
f 8974 8885 8870
f 8931 8871 8955
f 8744 8710 8956
f 8744 8956 8887
f 8932 8975 8855
f 8975 8957 8855
f 8976 8958 8766
f 8872 8625 8934
f 8872 8934 8977
f 8910 8959 8978
f 8937 8873 8960
f 8960 8912 8979
f 8769 8980 8912
f 8775 8980 8769
f 8981 8775 8859
f 8859 8961 8981
f 8875 8858 8860
f 8862 8963 8723
f 8982 8877 8802
f 8862 8983 8963
f 8984 8916 8861
f 8840 8894 8941
f 8633 8897 8779
f 8806 8985 8897
f 8986 8985 8806
f 8666 8842 8807
f 8809 8987 8921
f 8988 8987 8809
f 8880 8879 8945
f 8844 8898 8880
f 8533 8989 8813
f 8789 8706 8843
f 8968 8812 8946
f 8699 8812 8990
f 8969 8966 8926
f 8881 8991 8948
f 8847 8992 8904
f 8902 8964 8901
f 8926 8868 8969
f 8993 8949 8907
f 8949 8994 8908
f 8949 8951 8994
f 8822 8970 8951
f 8970 8821 8950
f 8953 8995 8849
f 8972 8849 8995
f 8869 8972 8996
f 8870 8909 8997
f 8954 8869 8996
f 8998 8825 8886
f 8999 8825 8998
f 8999 8956 8825
f 9000 8932 8887
f 8933 8828 9001
f 9002 8888 8872
f 8958 9003 8959
f 8768 8937 8934
f 8978 8935 8910
f 8979 8912 8980
f 9004 9005 9006
f 9004 9006 8911
f 8892 8874 8913
f 9007 8961 8836
f 8805 9008 8939
f 8685 8938 8862
f 8941 8982 8802
f 8984 8861 8876
f 8877 8982 9009
f 9009 8895 8877
f 8779 9009 8982
f 8919 9010 8918
f 8896 8895 9011
f 9012 8988 8808
f 8988 8809 8808
f 8616 8922 8785
f 8533 8785 8989
f 8844 8880 8903
f 8881 8818 8991
f 8791 8790 8947
f 8898 8789 9013
f 8923 9014 8905
f 8923 8964 9014
f 8902 8965 9015
f 8966 9016 8965
f 8924 8927 9017
f 8964 8902 9018
f 9019 8882 8948
f 9020 8907 8906
f 8928 9020 8906
f 8929 8949 8993
f 8908 9021 8928
f 8908 8994 9021
f 8883 8971 9022
f 9022 8953 8883
f 8971 8952 9023
f 8952 8973 9023
f 8885 8974 8973
f 8931 8997 8909
f 8954 9024 8886
f 9000 8956 9025
f 9000 8887 8956
f 8957 8976 8766
f 8978 8959 9003
f 8911 8936 9004
f 9004 9026 8960
f 9026 9004 8936
f 9005 9004 8960
f 9027 8891 8911
f 8914 9028 8834
f 9028 8962 8834
f 9008 8962 8939
f 9008 8942 8962
f 9008 8863 8942
f 8938 8940 8862
f 8941 9029 8982
f 8876 8916 8984
f 8894 9029 8941
f 8805 8863 9008
f 8943 8918 9030
f 8895 9009 9011
f 8917 8779 9031
f 9032 8919 8943
f 8986 8806 8692
f 8842 9033 8807
f 8864 9012 8808
f 8699 9034 8702
f 8643 8762 8967
f 8788 9035 8762
f 9036 9035 8788
f 8903 9036 8788
f 8818 9037 8991
f 8813 9038 8790
f 8812 9039 8990
f 8843 9013 8789
f 8904 9039 8812
f 8904 8992 9039
f 8847 8967 8992
f 8925 8924 9040
f 8924 9017 9040
f 8947 9041 8845
f 9015 8965 9016
f 9018 8902 9015
f 8969 8882 9019
f 9042 8993 8907
f 9021 9043 8928
f 9023 9022 8971
f 8974 9044 8973
f 9023 8973 9044
f 8886 9024 8998
f 8956 8999 9045
f 8933 9001 8854
f 9001 8828 9046
f 8828 8888 9046
f 9047 8976 9048
f 8957 9048 8976
f 8872 8977 9002
f 8977 8934 8937
f 8911 9006 9027
f 9027 8914 8891
f 8962 9006 8939
f 9006 9007 8939
f 8939 9007 8836
f 8982 9031 8779
f 8779 9049 9009
f 9030 8918 9010
f 8943 9030 9032
f 8779 8897 9049
f 8896 9011 8692
f 9011 8986 8692
f 8807 9050 8920
f 8987 9051 8921
f 8880 8945 9052
f 9053 8700 8944
f 8922 9054 9055
f 8945 8702 9034
f 8880 9052 8903
f 9034 8699 9056
f 8762 9035 8967
f 9052 9036 8903
f 8944 8898 9013
f 8925 9057 8843
f 8966 8969 9058
f 9017 8927 9059
f 8948 8991 9019
f 9014 8964 9060
f 9061 8929 8993
f 8953 9062 8995
f 9062 8953 9022
f 8972 8994 8996
f 8974 8870 8997
f 9045 8999 9063
f 9025 8956 9045
f 8854 9001 9064
f 9065 9001 9046
f 9003 8958 8976
f 8976 9047 9003
f 8978 9003 9066
f 9067 8936 8935
f 9026 8937 8960
f 8979 9005 8960
f 8979 8980 8981
f 8981 9005 8979
f 8775 8981 8980
f 8962 9028 9006
f 8862 8940 8983
f 9068 8894 8917
f 9069 9011 9009
f 9010 8919 9032
f 8897 8985 9049
f 9070 8985 8986
f 8842 8921 9033
f 8813 8989 9037
f 9058 9019 8991
f 8818 8845 9037
f 8813 9037 9038
f 8699 8990 9056
f 8969 9019 9058
f 8790 9071 8947
f 8905 9014 8927
f 8964 9018 9060
f 8929 9072 8930
f 8930 9072 8950
f 9021 8972 8995
f 8972 9021 8994
f 8996 8994 8951
f 8996 8951 8970
f 8996 9073 8954
f 8997 8931 9074
f 8954 9075 9024
f 8955 9074 8931
f 9024 9076 8998
f 8999 8998 9076
f 8932 9000 8975
f 8888 9077 9046
f 9077 8888 9002
f 9078 9003 9047
f 9079 9080 8977
f 8978 9067 8935
f 9066 9067 8978
f 9081 8937 9026
f 9067 9026 8936
f 9007 9006 9005
f 8894 9082 9029
f 9031 8982 9029
f 8894 9068 9082
f 9009 9049 9069
f 8986 9011 9083
f 9012 8864 8920
f 9033 8921 9051
f 8922 8784 9054
f 8944 9084 9053
f 8785 8922 9085
f 8785 9085 9086
f 9036 9087 9035
f 9036 9088 9087
f 9052 9088 9036
f 8845 9038 9089
f 9071 9089 9038
f 9089 9071 9041
f 8790 9041 9071
f 9041 8790 8845
f 9038 8845 8790
f 9090 9091 9088
f 9013 8843 9092
f 8927 9014 9059
f 9018 9015 9093
f 9018 9094 9060
f 8907 9020 9095
f 9021 8995 9043
f 9096 9022 9023
f 8970 8950 9097
f 9073 9075 8954
f 9076 9024 9098
f 9098 8999 9076
f 8826 8854 9099
f 9065 9064 9001
f 9100 9048 8957
f 9003 9078 9066
f 9079 8977 9081
f 8937 9081 8977
f 9101 9102 9103
f 9007 9005 8981
f 9028 9027 9006
f 9027 9028 8914
f 8940 8963 8983
f 9032 9104 9010
f 9083 9070 8986
f 8920 9050 9012
f 8807 9033 9050
f 9050 9033 9105
f 8988 9012 9105
f 8784 8700 9053
f 8922 9055 9085
f 9052 8945 9106
f 9052 9106 9088
f 9053 9040 8784
f 9107 8784 9040
f 9057 9040 9108
f 8925 9040 9057
f 9109 9110 9111
f 9112 9111 9110
f 8991 9037 9058
f 9037 9113 9038
f 9110 9109 9114
f 9115 9016 8966
f 9116 9039 8992
f 9088 9091 9087
f 8947 9117 9041
f 8967 9118 8992
f 9013 9092 9119
f 9016 9120 9015
f 9121 9120 9016
f 9014 9060 9122
f 9093 9094 9018
f 9060 9094 9114
f 9123 9124 9125
f 8928 9043 9126
f 8929 9061 9072
f 9127 9062 9022
f 8995 9062 9128
f 9043 8995 9128
f 9073 8996 8970
f 9074 8974 8997
f 9024 9075 9098
f 8999 9098 9063
f 8854 9064 9099
f 9129 9064 9065
f 8957 8975 9100
f 9100 9130 9048
f 9131 9047 9048
f 9131 9078 9047
f 9067 9081 9026
f 9102 9101 9132
f 9007 8981 8961
f 9104 9032 9030
f 9070 9133 8985
f 9050 9105 9012
f 9035 9134 9135
f 9088 9106 9136
f 9090 9088 9136
f 9040 9017 9137
f 9058 9115 8966
f 8845 9089 9037
f 9038 9113 9071
f 9013 9138 8944
f 9084 8944 9138
f 9084 8843 9057
f 9139 9017 9059
f 9140 9141 9142
f 9138 9013 9119
f 8843 9084 9092
f 9117 9143 9089
f 9041 9117 9089
f 9090 9144 9091
f 9145 9144 9090
f 9015 9120 9093
f 9146 9144 9145
f 9139 9014 9122
f 9139 9059 9014
f 9060 9114 9122
f 9125 9124 9147
f 9072 9061 9148
f 9127 9128 9062
f 9096 9023 9149
f 9073 8970 9097
f 9077 9150 9046
f 9151 9150 9077
f 9077 9002 9152
f 8977 9080 9002
f 9066 9153 9067
f 9080 9079 9154
f 9101 9103 9154
f 9079 9081 9153
f 9067 9153 9081
f 9102 9155 9103
f 9132 9156 9102
f 9157 9031 9029
f 9030 9010 9158
f 9158 9104 9030
f 9010 9104 9158
f 9049 8985 9159
f 9083 9011 9069
f 9160 9105 9033
f 9033 9051 9160
f 8987 8988 9161
f 9051 8987 9161
f 8784 9107 9054
f 8945 9162 9106
f 9040 9053 9108
f 9040 9163 9107
f 8785 9086 9164
f 9137 9017 9139
f 9165 9035 9087
f 9140 9116 9141
f 9114 9109 9166
f 9112 9110 9167
f 9121 9016 9115
f 9114 9168 9110
f 9167 9110 9168
f 9169 9139 9122
f 9094 9168 9114
f 9170 9171 9172
f 8907 9095 9042
f 9173 9020 9126
f 9020 8928 9126
f 9042 9174 8993
f 9061 8993 9148
f 9128 9175 9043
f 9072 9176 8950
f 8950 9176 9097
f 8974 9074 9177
f 9097 9075 9073
f 8826 9099 8955
f 9045 9178 9025
f 9065 9179 9129
f 9065 9180 9179
f 9065 9046 9181
f 8975 9182 9100
f 9150 9151 9183
f 9151 9077 9152
f 9002 9080 9184
f 9078 9185 9066
f 9186 9080 9154
f 9154 9103 9186
f 9155 9102 9187
f 9101 9154 9132
f 9187 9102 9156
f 8917 9157 9068
f 9031 9157 8917
f 9049 9159 9069
f 8985 9133 9159
f 8988 9105 9160
f 8988 9160 9161
f 8989 8785 9164
f 9037 8989 9188
f 9034 9056 9189
f 9040 9137 9163
f 9109 9111 9166
f 9037 9188 9058
f 9113 9058 9188
f 9058 9113 9089
f 9037 9089 9113
f 9190 9167 9120
f 9121 9190 9120
f 9140 9039 9116
f 9191 9118 8967
f 9192 9145 9090
f 9084 9138 9092
f 9193 9146 9119
f 9194 9092 9138
f 9194 9119 9092
f 9166 9195 9114
f 9146 9193 9144
f 9122 9196 9169
f 9122 9195 9196
f 9195 9122 9114
f 9168 9093 9120
f 9094 9093 9168
f 9125 9147 9197
f 9095 9020 9173
f 9174 9148 8993
f 9096 9198 9022
f 9176 9072 9148
f 9149 9023 9044
f 8974 9177 9199
f 9044 8974 9199
f 9074 8955 9200
f 9063 9178 9045
f 9201 9099 9064
f 9202 8975 9000
f 9182 8975 9202
f 9183 9181 9046
f 9046 9150 9183
f 9152 9002 9184
f 9103 9155 9203
f 9203 9186 9103
f 9051 9204 9160
f 9160 9205 9161
f 8945 9034 9206
f 8945 9206 9162
f 9107 9163 9207
f 9035 9165 9134
f 9106 9165 9087
f 9090 9136 9192
f 9108 9053 9084
f 9142 9208 9140
f 8990 9039 9209
f 9056 9191 9209
f 9210 9209 9191
f 9209 9210 8990
f 9118 8990 9210
f 8990 9118 9056
f 9191 9056 9118
f 9084 9057 9194
f 9057 9211 9194
f 9211 9057 9108
f 9139 9169 9137
f 9089 9212 9058
f 9213 9087 9091
f 9145 9214 9215
f 9216 9215 9214
f 9215 9216 9192
f 9091 9192 9216
f 9192 9091 9145
f 9214 9145 9091
f 9215 9146 9145
f 9091 9144 9214
f 9144 9217 9214
f 9217 9144 9193
f 9194 9193 9119
f 9170 9218 9171
f 9124 9219 9147
f 9124 9220 9219
f 9124 9123 9220
f 9127 9221 9128
f 9149 9222 9096
f 9149 9223 9222
f 9224 9225 9226
f 9199 9149 9044
f 9074 9227 9177
f 9129 9201 9064
f 9065 9181 9180
f 9183 9151 9228
f 9151 9152 9228
f 9229 9228 9152
f 9184 9229 9152
f 9203 9229 9184
f 9066 9230 9153
f 9153 9231 9079
f 9185 9078 9131
f 9154 9079 9232
f 9132 9154 9232
f 9029 9082 9157
f 9157 9082 9068
f 9070 9083 9159
f 9133 9070 9159
f 9162 9233 9135
f 9162 9206 9233
f 9162 9135 9134
f 9234 9162 9134
f 9206 9234 9134
f 9233 9206 9134
f 9106 9162 9234
f 9106 9234 9165
f 9207 9163 9108
f 8989 9212 9188
f 9056 9209 9189
f 9087 9235 9106
f 9235 9136 9106
f 9192 9136 9236
f 9084 9194 9108
f 9137 9166 9237
f 9111 9237 9166
f 9167 9238 9112
f 9167 9190 9238
f 9058 9164 9115
f 9058 9212 9164
f 9071 9113 9188
f 9239 9209 9039
f 9087 9213 9240
f 9166 9137 9169
f 9241 9121 9115
f 9089 9143 9212
f 9118 9242 8992
f 9210 9242 9118
f 9243 9213 9091
f 9091 9216 9243
f 9168 9120 9167
f 9117 8947 9071
f 9195 9169 9196
f 9166 9169 9195
f 9172 9244 9170
f 9127 9198 9221
f 9096 9222 9198
f 9127 9022 9198
f 9126 9043 9175
f 9075 9245 9246
f 8955 9099 9247
f 9181 9183 9228
f 9080 9186 9203
f 9203 9155 9187
f 9079 9231 9232
f 9156 9132 9232
f 9069 9159 9083
f 9051 9161 9204
f 9086 9248 9164
f 9164 9212 8989
f 9249 9189 9209
f 9035 9135 9191
f 9235 9087 9240
f 9194 9250 9108
f 9108 9250 9251
f 9111 9112 9237
f 9121 9241 9190
f 9249 9239 9039
f 9209 9252 9249
f 9242 9249 9252
f 9249 9242 9239
f 9253 9239 9242
f 9239 9253 9209
f 9252 9209 9253
f 9253 9210 9191
f 9253 9191 9252
f 9215 9254 9236
f 9213 9236 9254
f 9236 9213 9192
f 9243 9192 9213
f 9192 9243 9215
f 9254 9215 9243
f 9236 9217 9215
f 9215 9217 9146
f 9163 9211 9108
f 9163 9251 9211
f 9137 9251 9163
f 9237 9251 9137
f 9255 8992 9242
f 9210 9253 9242
f 9243 9216 9254
f 9216 9214 9254
f 9172 9171 9256
f 9125 9197 9123
f 9147 9244 9197
f 9170 9244 9257
f 9221 9258 9128
f 9128 9126 9175
f 9174 9042 9259
f 9226 9174 9259
f 9259 9224 9226
f 9259 9260 9224
f 9261 9176 9148
f 9224 9260 9225
f 9245 9075 9097
f 9075 9246 9098
f 9098 9246 9262
f 9263 9098 9262
f 9247 9200 8955
f 9263 9063 9098
f 9263 9264 9063
f 9025 9178 9265
f 9266 9129 9179
f 9025 9265 9000
f 9000 9265 9202
f 9100 9267 9130
f 9048 9130 9131
f 9203 9184 9080
f 9185 9230 9066
f 9232 9268 9156
f 9156 9268 9187
f 9085 9055 9086
f 9189 9249 9269
f 9269 9252 9189
f 9270 9189 9252
f 9236 9136 9271
f 9207 9108 9251
f 9112 9238 9237
f 9164 9248 9115
f 9039 9140 9269
f 9249 9039 9269
f 9269 9255 9242
f 9269 9242 9252
f 9252 9191 9270
f 9035 9191 8967
f 9254 9214 9213
f 9213 9214 9272
f 9272 9271 9217
f 9271 9272 9236
f 9214 9236 9272
f 9236 9214 9217
f 9146 9217 9271
f 9271 9119 9146
f 9138 9119 9273
f 9274 9251 9250
f 9143 9188 9212
f 9143 9071 9188
f 9193 9272 9217
f 9275 9194 9211
f 9117 9071 9143
f 9194 9275 9193
f 9244 9276 9257
f 9244 9147 9276
f 9218 9277 9171
f 9147 9219 9276
f 9278 9220 9123
f 9257 9218 9170
f 9042 9095 9259
f 9226 9261 9174
f 9148 9174 9261
f 9226 9225 9260
f 9199 9223 9149
f 9227 9279 9177
f 9201 9247 9099
f 9202 9280 9182
f 9181 9228 9281
f 9182 9267 9100
f 9131 9282 9185
f 9153 9230 9231
f 9229 9203 9187
f 9231 9283 9232
f 9204 9205 9160
f 9206 9284 9234
f 9270 9285 9189
f 9136 9235 9286
f 9207 9054 9107
f 9135 9233 9191
f 9235 9240 9165
f 9207 9237 9054
f 9054 9237 9238
f 9140 9255 9269
f 9213 9272 9240
f 9194 9138 9250
f 9274 9211 9251
f 9207 9251 9237
f 9116 9287 9141
f 9193 9288 9272
f 9211 9274 9275
f 9288 9193 9275
f 9244 9289 9197
f 9290 9244 9172
f 9218 9291 9277
f 9220 9095 9219
f 9095 9220 9292
f 9221 9198 9258
f 9128 9258 9126
f 9095 9292 9259
f 9074 9200 9227
f 9293 9200 9247
f 9264 9178 9063
f 9180 9181 9281
f 9182 9280 9267
f 9131 9130 9282
f 9228 9229 9294
f 9231 9230 9283
f 9229 9187 9294
f 9034 9189 9206
f 9136 9286 9271
f 9119 9271 9273
f 9248 9241 9115
f 9116 9295 9287
f 8992 9255 9295
f 8992 9295 9116
f 9290 9172 9256
f 9123 9197 9296
f 9297 9257 9276
f 9220 9278 9298
f 9258 9218 9257
f 9291 9198 9222
f 9226 9260 9299
f 9199 9300 9223
f 9261 9245 9176
f 9177 9279 9199
f 9199 9279 9300
f 9097 9176 9245
f 9201 9129 9266
f 9180 9301 9179
f 9301 9180 9302
f 9202 9303 9280
f 9130 9267 9304
f 9294 9281 9228
f 9305 9232 9283
f 9204 9306 9205
f 9306 9204 9307
f 9161 9307 9204
f 9206 9189 9284
f 9165 9234 9308
f 9238 9055 9054
f 9255 9140 9208
f 9138 9273 9250
f 9165 9309 9134
f 9241 9310 9190
f 9274 9311 9275
f 9197 9289 9296
f 9244 9312 9313
f 9244 9313 9289
f 9296 9278 9123
f 9312 9244 9290
f 9312 9276 9313
f 9276 9312 9297
f 9313 9276 9173
f 9276 9219 9173
f 9298 9292 9220
f 9218 9258 9291
f 9219 9095 9173
f 9291 9222 9314
f 9258 9198 9291
f 9126 9258 9297
f 9222 9223 9314
f 9259 9292 9260
f 9299 9261 9226
f 9247 9315 9293
f 9304 9282 9130
f 9316 9268 9232
f 9305 9316 9232
f 9268 9294 9187
f 9306 9307 9317
f 9205 9306 9161
f 9270 9318 9285
f 9189 9285 9284
f 9234 9284 9308
f 9165 9308 9235
f 9191 9233 9319
f 9272 9320 9240
f 9321 9322 9250
f 9240 9309 9165
f 9322 9274 9250
f 9190 9310 9323
f 9275 9311 9324
f 9311 9274 9325
f 9290 9256 9326
f 9277 9256 9171
f 9278 9296 9298
f 9257 9297 9258
f 9327 9292 9298
f 9297 9173 9126
f 9328 9314 9223
f 9260 9292 9327
f 9223 9300 9329
f 9245 9261 9299
f 9227 9200 9330
f 9262 9331 9263
f 9293 9332 9200
f 9263 9331 9264
f 9247 9201 9315
f 9315 9201 9266
f 9303 9333 9280
f 9280 9333 9334
f 9302 9180 9281
f 9335 9230 9185
f 9336 9281 9294
f 9230 9337 9283
f 9337 9305 9283
f 9337 9338 9305
f 9307 9161 9339
f 9339 9317 9307
f 9271 9286 9340
f 9271 9340 9273
f 9134 9309 9233
f 9341 9241 9248
f 9341 9310 9241
f 9173 9297 9313
f 9277 9291 9314
f 9328 9223 9329
f 9299 9246 9245
f 9332 9330 9200
f 9342 9343 9332
f 9178 9344 9265
f 9266 9179 9301
f 9303 9345 9333
f 9202 9345 9303
f 9202 9265 9345
f 9282 9335 9185
f 9268 9336 9294
f 9268 9316 9336
f 9306 9339 9161
f 9235 9308 9286
f 9272 9346 9320
f 9273 9321 9250
f 9190 9347 9238
f 9248 9086 9341
f 9142 9287 9208
f 9255 9208 9348
f 9141 9287 9142
f 9255 9348 9295
f 9349 9312 9290
f 9296 9350 9298
f 9314 9351 9277
f 9351 9314 9328
f 9352 9279 9227
f 9262 9353 9331
f 9342 9332 9293
f 9315 9342 9293
f 9343 9342 9315
f 9315 9266 9354
f 9343 9315 9354
f 9264 9344 9178
f 9280 9334 9355
f 9280 9355 9267
f 9267 9355 9304
f 9356 9281 9336
f 9336 9316 9357
f 9337 9358 9338
f 9359 9305 9338
f 9306 9317 9339
f 9286 9308 9360
f 9270 9191 9319
f 9190 9323 9347
f 9320 9361 9240
f 9288 9346 9272
f 9362 9275 9324
f 9363 9297 9312
f 9313 9297 9363
f 9326 9277 9351
f 9327 9364 9260
f 9260 9364 9299
f 9279 9352 9300
f 9246 9299 9365
f 9227 9330 9366
f 9343 9367 9332
f 9343 9354 9367
f 9354 9266 9301
f 9344 9345 9265
f 9345 9368 9333
f 9335 9282 9369
f 9357 9356 9336
f 9316 9305 9359
f 9308 9370 9360
f 9371 9286 9360
f 9340 9372 9273
f 9086 9055 9373
f 9320 9346 9374
f 9086 9373 9341
f 9270 9375 9318
f 9233 9309 9319
f 9361 9309 9240
f 9275 9376 9288
f 9275 9362 9376
f 9322 9377 9274
f 9325 9274 9377
f 9378 9311 9325
f 9296 9289 9379
f 9350 9296 9379
f 9256 9277 9326
f 9349 9363 9312
f 9327 9298 9350
f 9327 9350 9364
f 9300 9352 9329
f 9353 9365 9380
f 9365 9353 9246
f 9262 9246 9353
f 9344 9381 9345
f 9345 9381 9368
f 9301 9302 9382
f 9383 9302 9281
f 9334 9384 9355
f 9356 9383 9281
f 9335 9385 9386
f 9304 9355 9369
f 9369 9385 9335
f 9369 9282 9304
f 9359 9338 9387
f 9286 9371 9340
f 9055 9238 9347
f 9347 9388 9055
f 9055 9388 9373
f 9389 9285 9318
f 9320 9360 9361
f 9360 9320 9374
f 9208 9287 9348
f 9288 9376 9346
f 9348 9287 9295
f 9290 9326 9349
f 9299 9364 9365
f 9227 9390 9352
f 9390 9227 9366
f 9353 9391 9331
f 9264 9331 9392
f 9264 9392 9344
f 9392 9381 9344
f 9393 9334 9333
f 9302 9383 9382
f 9384 9385 9355
f 9335 9394 9230
f 9395 9316 9359
f 9338 9358 9387
f 9360 9374 9371
f 9321 9273 9372
f 9284 9285 9389
f 9321 9376 9362
f 9325 9377 9378
f 9311 9396 9324
f 9363 9289 9313
f 9329 9397 9328
f 9329 9398 9397
f 9352 9399 9329
f 9398 9400 9401
f 9402 9401 9400
f 9380 9402 9400
f 9380 9403 9353
f 9403 9391 9353
f 9404 9366 9330
f 9330 9332 9404
f 9404 9332 9367
f 9354 9301 9382
f 9384 9334 9393
f 9357 9383 9356
f 9385 9369 9355
f 9386 9394 9335
f 9357 9316 9395
f 9230 9394 9337
f 9387 9405 9359
f 9322 9321 9406
f 9373 9388 9407
f 9361 9360 9370
f 9372 9376 9321
f 9377 9408 9378
f 9408 9409 9378
f 9311 9378 9396
f 9409 9410 9378
f 9365 9364 9411
f 9412 9402 9380
f 9380 9400 9403
f 9366 9404 9413
f 9331 9391 9392
f 9367 9354 9414
f 9381 9415 9368
f 9416 9386 9385
f 9321 9362 9406
f 9376 9372 9417
f 9318 9375 9389
f 9376 9418 9346
f 9347 9323 9388
f 9363 9379 9289
f 9419 9326 9351
f 9364 9350 9379
f 9411 9364 9379
f 9401 9397 9398
f 9401 9402 9412
f 9365 9412 9380
f 9411 9412 9365
f 9400 9398 9420
f 9420 9403 9400
f 9366 9413 9421
f 9391 9403 9392
f 9404 9367 9422
f 9381 9392 9423
f 9393 9333 9424
f 9424 9333 9368
f 9416 9384 9393
f 9384 9416 9385
f 9383 9357 9425
f 9357 9395 9425
f 9405 9395 9359
f 9387 9426 9405
f 9324 9427 9362
f 9428 9389 9375
f 9346 9429 9374
f 9324 9396 9430
f 9378 9410 9396
f 9419 9349 9326
f 9363 9349 9419
f 9363 9411 9379
f 9351 9328 9419
f 9328 9397 9419
f 9412 9397 9401
f 9329 9399 9398
f 9399 9352 9390
f 9420 9398 9399
f 9366 9421 9390
f 9403 9420 9392
f 9423 9392 9420
f 9404 9422 9413
f 9415 9381 9431
f 9431 9381 9423
f 9383 9432 9382
f 9394 9386 9433
f 9337 9394 9434
f 9406 9362 9427
f 9340 9417 9372
f 9324 9430 9427
f 9377 9435 9436
f 9388 9437 9407
f 9370 9308 9438
f 9374 9429 9439
f 9417 9439 9429
f 9439 9417 9346
f 9340 9346 9417
f 9346 9340 9429
f 9376 9417 9418
f 9430 9396 9440
f 9408 9410 9436
f 9440 9436 9410
f 9436 9440 9377
f 9396 9377 9440
f 9377 9396 9408
f 9410 9408 9396
f 9441 9363 9419
f 9411 9363 9441
f 9441 9419 9397
f 9411 9441 9412
f 9441 9397 9412
f 9442 9443 9414
f 9354 9444 9414
f 9442 9414 9444
f 9445 9394 9433
f 9337 9434 9358
f 9426 9387 9358
f 9322 9446 9377
f 9371 9429 9340
f 9446 9435 9377
f 9436 9435 9447
f 9437 9448 9407
f 9374 9449 9371
f 9449 9374 9439
f 9447 9408 9436
f 9448 9408 9447
f 9270 9319 9375
f 9309 9361 9450
f 9361 9370 9438
f 9346 9418 9439
f 9448 9409 9408
f 9409 9448 9437
f 9310 9451 9323
f 9415 9424 9368
f 9322 9406 9446
f 9435 9452 9447
f 9430 9447 9452
f 9447 9430 9446
f 9440 9446 9430
f 9446 9440 9435
f 9452 9435 9440
f 9309 9453 9319
f 9371 9454 9429
f 9440 9410 9452
f 9323 9455 9388
f 9341 9373 9456
f 9437 9457 9409
f 9310 9341 9451
f 9458 9423 9420
f 9458 9390 9459
f 9443 9442 9459
f 9414 9460 9367
f 9460 9414 9443
f 9442 9444 9461
f 9442 9462 9463
f 9354 9464 9444
f 9354 9382 9464
f 9382 9432 9464
f 9393 9465 9416
f 9466 9386 9416
f 9425 9467 9383
f 9425 9395 9468
f 9469 9425 9468
f 9434 9394 9445
f 9395 9405 9468
f 9406 9427 9470
f 9371 9449 9471
f 9308 9472 9438
f 9371 9471 9454
f 9388 9455 9437
f 9418 9417 9454
f 9410 9409 9473
f 9309 9450 9472
f 9361 9438 9450
f 9399 9390 9420
f 9390 9458 9420
f 9390 9421 9459
f 9459 9421 9443
f 9474 9423 9458
f 9459 9474 9458
f 9423 9474 9431
f 9415 9431 9475
f 9461 9462 9442
f 9475 9393 9424
f 9476 9466 9462
f 9466 9476 9386
f 9476 9433 9386
f 9469 9467 9425
f 9477 9433 9469
f 9445 9433 9477
f 9284 9478 9308
f 9478 9472 9308
f 9430 9452 9427
f 9410 9473 9452
f 9284 9389 9479
f 9429 9454 9417
f 9456 9451 9341
f 9421 9480 9443
f 9367 9460 9422
f 9475 9465 9393
f 9415 9475 9424
f 9462 9466 9463
f 9462 9461 9476
f 9467 9432 9383
f 9416 9465 9466
f 9476 9481 9433
f 9482 9433 9481
f 9469 9433 9482
f 9445 9477 9434
f 9405 9483 9468
f 9358 9434 9426
f 9446 9406 9484
f 9446 9484 9447
f 9427 9452 9485
f 9457 9486 9448
f 9486 9407 9448
f 9373 9407 9487
f 9478 9284 9479
f 9472 9453 9309
f 9457 9437 9486
f 9488 9375 9319
f 9438 9472 9450
f 9489 9449 9439
f 9439 9418 9454
f 9480 9421 9413
f 9443 9480 9460
f 9442 9463 9459
f 9431 9474 9475
f 9481 9476 9461
f 9477 9469 9483
f 9477 9483 9434
f 9469 9468 9483
f 9434 9483 9426
f 9426 9483 9405
f 9470 9484 9406
f 9447 9484 9485
f 9473 9485 9452
f 9448 9473 9457
f 9437 9455 9486
f 9479 9389 9428
f 9375 9488 9428
f 9454 9489 9439
f 9413 9422 9480
f 9422 9460 9480
f 9475 9474 9465
f 9465 9463 9466
f 9444 9464 9467
f 9481 9461 9444
f 9432 9467 9464
f 9444 9467 9490
f 9467 9491 9490
f 9467 9469 9491
f 9492 9484 9470
f 9427 9485 9470
f 9485 9473 9447
f 9448 9447 9473
f 9472 9478 9453
f 9373 9487 9456
f 9488 9479 9428
f 9453 9488 9319
f 9409 9457 9473
f 9323 9451 9455
f 9449 9489 9471
f 9459 9463 9474
f 9481 9444 9490
f 9482 9491 9469
f 9484 9492 9485
f 9407 9486 9487
f 9454 9471 9489
f 9456 9455 9451
f 9465 9474 9463
f 9470 9485 9492
f 9486 9455 9487
f 9456 9487 9455
f 9491 9482 9490
f 9479 9453 9478
f 9453 9479 9488
f 9490 9482 9481
# Vertices: 9492, normals: 0, texture coordinates: 0, faces: 20000

