# File generated by ImageToStl.com - Free Image and 3D model conversion tools

o obj1
v -0.74218917 -0.62248611 -0.1663761
v -0.74707937 -0.60431153 -0.17698573
v -0.74387568 -0.63234371 -0.18824953
v -0.74318445 -0.62843943 0.12942062
v -0.74616688 -0.59538597 0.13421117
v -0.74599439 -0.60715163 0.12484616
v -0.7413224 -0.638964 0.15253787
v -0.74073088 -0.58431721 -0.15515351
v -0.74402821 -0.57570976 -0.16149729
v -0.74444634 -0.57949609 0.11872567
v -0.73699576 -0.69406044 -0.19799554
v -0.73702091 -0.66829044 -0.20531201
v -0.73890293 -0.68633246 0.157223
v -0.73018056 -0.67522877 0.13582955
v -0.73752224 -0.68372941 0.16696142
v -0.72874463 -0.62454557 -0.20500296
v -0.72707534 -0.61040699 0.11312284
v -0.73233956 -0.62180078 0.15727007
v -0.7267375 -0.58054435 -0.17040387
v -0.72944027 -0.58836198 0.13139956
v -0.72612339 -0.70579505 0.15167364
v -0.72477567 -0.7065686 0.17678861
v -0.72540277 -0.71397454 -0.19938993
v -0.72702962 -0.66672939 -0.16690746
v -0.72023374 -0.69346768 -0.22256084
v -0.72627538 -0.62711251 -0.15465675
v -0.71729457 -0.63084424 0.10287585
v -0.72696084 -0.66035831 0.17689821
v -0.72592771 -0.58972573 -0.15954976
v -0.72621322 -0.56086159 0.15657268
v -0.73263282 -0.51877278 0.13509147
v -0.72765243 -0.51497322 0.1460066
v -0.73324025 -0.51254922 -0.17261432
v -0.7306276 -0.47984329 -0.1613684
v -0.72343487 -0.51297045 -0.18884708
v -0.734043 -0.49670672 0.1219781
v -0.72862303 -0.47265801 0.11718686
v -0.70591486 -0.72565144 0.11598656
v -0.7041651 -0.7590763 0.13117547
v -0.71014649 -0.76821429 0.16616225
v -0.71036583 -0.74877954 -0.17714624
v -0.71409339 -0.69920784 -0.15350027
v -0.71785378 -0.66111726 -0.14237832
v -0.71857309 -0.66912323 0.11179113
v -0.7177211 -0.64289778 0.08052576
v -0.71831089 -0.69057548 0.09182157
v -0.7101388 -0.62948406 0.20331626
v -0.71055615 -0.5887782 0.19619611
v -0.71234268 -0.61197847 0.09244824
v -0.71105289 -0.61096436 -0.13074571
v -0.72407776 -0.55969882 -0.19041875
v -0.71536899 -0.57466203 -0.21884547
v -0.71227932 -0.55729789 -0.13090844
v -0.72203714 -0.5640291 0.128876
v -0.71477979 -0.57037884 0.09902137
v -0.71658498 -0.52652335 0.11343636
v -0.71105677 -0.51145995 -0.14353625
v -0.71209687 -0.53820801 0.17436291
v -0.71343994 -0.51297128 0.14966276
v -0.71375394 -0.4943783 0.11131712
v -0.70998323 -0.48642421 0.12454776
v -0.70807099 -0.48010102 -0.15979938
v -0.7002365 -0.77736235 -0.23206502
v -0.71231139 -0.75980717 -0.2075177
v -0.7044726 -0.7710591 0.19138263
v -0.71631801 -0.71052736 -0.1355767
v -0.71363062 -0.72458965 0.1038687
v -0.71931076 -0.64694345 -0.12597288
v -0.71242303 -0.64888442 -0.11702298
v -0.71132404 -0.61249554 -0.23421727
v -0.69661325 -0.68400043 -0.25436661
v -0.70231098 -0.67130733 0.21422903
v -0.7078585 -0.60490233 -0.26081091
v -0.71216321 -0.63127649 -0.25516632
v -0.72232169 -0.58327562 -0.24668407
v -0.71842396 -0.60336697 -0.1137448
v -0.71181083 -0.59654385 -0.10410354
v -0.71493644 -0.61431634 0.07505144
v -0.70672095 -0.62647998 0.06901152
v -0.7122156 -0.59134376 -0.22954033
v -0.71512067 -0.62015724 0.22003432
v -0.71695346 -0.5659675 0.21416582
v -0.70948076 -0.56894243 0.22163437
v -0.70643002 -0.58039689 0.06649385
v -0.70573568 -0.58636206 0.08265009
v -0.71414697 -0.57406491 -0.24548391
v -0.70410585 -0.57475322 -0.11156613
v -0.71192557 -0.51482248 0.1064487
v -0.71065682 -0.5155589 -0.19943085
v -0.69531411 -0.80403411 0.16174902
v -0.69656593 -0.80080497 -0.20123324
v -0.69328874 -0.76892322 -0.16390181
v -0.69741803 -0.73042244 -0.14675577
v -0.69453651 -0.70686907 -0.25475422
v -0.7047419 -0.71999639 -0.13428698
v -0.69353098 -0.70392686 0.09376751
v -0.69327497 -0.73563838 0.21597168
v -0.69692838 -0.64519686 -0.11642958
v -0.70270973 -0.65188843 -0.26979396
v -0.70716017 -0.65967917 0.23096961
v -0.7113806 -0.64333236 0.2215191
v -0.70320636 -0.63882691 0.23180424
v -0.69666195 -0.57631153 0.05846918
v -0.69313991 -0.59551769 -0.25271067
v -0.69695741 -0.57663727 -0.10106146
v -0.70250016 -0.57883102 -0.23847751
v -0.69970846 -0.55082804 0.07386222
v -0.69841379 -0.56795359 0.20510575
v -0.69601864 -0.55362934 -0.24027014
v -0.70156777 -0.51442814 -0.22636165
v -0.70335639 -0.50103593 0.17035131
v -0.70480561 -0.51961583 0.1941867
v -0.69816208 -0.46801308 -0.12409935
v -0.70225668 -0.49377671 -0.20082562
v -0.69591933 -0.48875612 -0.21612307
v -0.70688701 -0.47048181 0.18939434
v -0.70243883 -0.45927295 0.10571022
v -0.70024079 -0.47670346 0.20358178
v -0.70553714 -0.46486816 -0.22929968
v -0.69538254 -0.50762707 -0.25254539
v -0.70029575 -0.45563415 -0.18532272
v -0.7041114 -0.46567816 0.13421278
v -0.70491505 -0.46717837 -0.14710155
v -0.70589012 -0.42666703 -0.14417736
v -0.70546627 -0.4165704 -0.18573011
v -0.70803154 -0.4199869 0.13104616
v -0.70594412 -0.41079354 0.10299475
v -0.70400703 -0.42263472 0.14889355
v -0.70216763 -0.39822257 -0.15400474
v -0.70205736 -0.39406911 0.10625752
v -0.70429265 -0.40518945 0.14050131
v -0.68811047 -0.7925939 0.13318054
v -0.67385852 -0.76336461 -0.26678231
v -0.69353133 -0.69944245 -0.13150966
v -0.68774265 -0.700091 -0.2767272
v -0.69910842 -0.68032187 -0.27144814
v -0.68287665 -0.69765019 0.22998098
v -0.6954053 -0.68096477 0.24465306
v -0.70058972 -0.68094057 0.23072191
v -0.68894601 -0.6723659 -0.27650294
v -0.69117117 -0.59096342 0.21836179
v -0.70034254 -0.55496591 -0.10750919
v -0.70212692 -0.556243 0.05918266
v -0.69677627 -0.52890897 0.04238264
v -0.69960046 -0.53204066 -0.08347857
v -0.68732321 -0.54841626 0.21313022
v -0.70184743 -0.52921999 0.05196513
v -0.69914007 -0.53756022 0.06433761
v -0.69689029 -0.49951181 -0.08497318
v -0.68560791 -0.49871144 -0.09730511
v -0.6882326 -0.51526451 0.06151476
v -0.69699287 -0.49233398 0.07807805
v -0.69087565 -0.50502414 0.21289696
v -0.69050437 -0.49975675 0.04245688
v -0.68943721 -0.47907969 0.1827863
v -0.69100058 -0.46714339 0.16639319
v -0.69104016 -0.48155579 -0.24053451
v -0.68940973 -0.49397922 -0.25433367
v -0.69274926 -0.41778472 0.08682557
v -0.68163514 -0.44171324 0.1726137
v -0.68909204 -0.43965411 -0.1997059
v -0.69725555 -0.40459865 -0.1847069
v -0.69636565 -0.38142988 -0.12280005
v -0.69736779 -0.38887736 0.08925774
v -0.68291563 -0.36881998 0.13235986
v -0.69740194 -0.36331779 -0.13919507
v -0.68783563 -0.3939817 0.14767547
v -0.67023855 -0.85324615 0.1804278
v -0.67415082 -0.84213716 -0.22570559
v -0.6737169 -0.83109921 -0.18623471
v -0.68241996 -0.77512681 0.11779321
v -0.67247796 -0.79913735 0.22110604
v -0.66809523 -0.81736463 -0.25698134
v -0.67179471 -0.68512601 -0.27279466
v -0.66533488 -0.68074501 0.0743689
v -0.66682327 -0.7437911 0.09783772
v -0.67705077 -0.63556612 -0.10266223
v -0.68043083 -0.6613726 0.23317797
v -0.6805746 -0.64390767 -0.2670846
v -0.67305988 -0.59494138 -0.09135751
v -0.68107188 -0.54229999 -0.08766171
v -0.6718244 -0.54332525 0.04447797
v -0.68719977 -0.51462436 0.03457246
v -0.68250608 -0.53530866 -0.26178178
v -0.68285948 -0.53832024 0.23031618
v -0.67535776 -0.50751096 0.04596146
v -0.68643904 -0.50080138 -0.07447533
v -0.67128134 -0.45850262 -0.0826451
v -0.68051255 -0.46578515 -0.06936619
v -0.67985427 -0.49059978 0.20050219
v -0.68342972 -0.4797239 -0.22841123
v -0.68287349 -0.46788594 -0.22136684
v -0.68530655 -0.48127878 0.06271275
v -0.68064439 -0.40612647 -0.11205462
v -0.68653232 -0.40581098 -0.18636733
v -0.68545645 -0.37856311 -0.16129752
v -0.68801242 -0.37367246 0.0782825
v -0.68479675 -0.34677252 0.11496048
v -0.68562466 -0.33698601 0.08882663
v -0.68228006 -0.32716721 -0.13184987
v -0.67712927 -0.31839809 0.09956949
v -0.65036821 -0.87216616 0.15793528
v -0.66590267 -0.77209121 -0.14708702
v -0.67516828 -0.71301407 -0.2708081
v -0.66807795 -0.60097545 -0.2711781
v -0.65488082 -0.61431623 0.24196112
v -0.67933083 -0.58348387 0.22492252
v -0.67466891 -0.58280623 -0.26712787
v -0.67425686 -0.5727728 0.24527271
v -0.67404258 -0.55036217 -0.2623007
v -0.67567497 -0.49366274 -0.24006429
v -0.67666519 -0.4772653 -0.0648227
v -0.67593217 -0.45571831 0.05364978
v -0.67458868 -0.47064352 0.04136683
v -0.67002487 -0.43183833 0.02133021
v -0.67015636 -0.42491311 -0.21665715
v -0.6667819 -0.40859044 0.0586633
v -0.67955673 -0.3840802 0.1571565
v -0.67072463 -0.36162257 -0.11395454
v -0.67474151 -0.36464694 -0.19127974
v -0.68003392 -0.36394605 0.14540651
v -0.68100458 -0.34504879 0.08165009
v -0.67356974 -0.3191759 -0.12137856
v -0.66693836 -0.33607849 -0.14485177
v -0.65226585 -0.8805337 -0.21648042
v -0.64732933 -0.87309557 -0.24810722
v -0.66626406 -0.8402186 0.20919065
v -0.65173411 -0.83053809 -0.16792363
v -0.65977174 -0.70858616 0.23949289
v -0.65437752 -0.63043398 -0.09416302
v -0.65867281 -0.58904809 0.23944923
v -0.65464765 -0.56927556 -0.07744248
v -0.67638528 -0.54753786 -0.28022042
v -0.66836971 -0.53496337 0.23643208
v -0.67022622 -0.50973141 -0.24874465
v -0.6561541 -0.52812463 0.22525606
v -0.67066979 -0.50114733 -0.07875426
v -0.65796262 -0.4914 0.03178138
v -0.64337289 -0.43605715 0.20473339
v -0.67405373 -0.42269295 0.03046042
v -0.6703195 -0.3511996 0.08066634
v -0.66659105 -0.34182662 0.12545015
v -0.67228448 -0.32001579 0.0888886
v -0.66367435 -0.32249227 -0.13293611
v -0.64702314 -0.87450463 -0.19419859
v -0.64412314 -0.83135146 0.23246381
v -0.65004045 -0.84425968 0.13630399
v -0.65299982 -0.73883832 -0.27822298
v -0.64868754 -0.67615563 -0.28217119
v -0.64839554 -0.59619468 0.04493559
v -0.66381657 -0.56824368 -0.28872046
v -0.65456361 -0.54890424 -0.27152437
v -0.66145062 -0.46798536 -0.07275686
v -0.64766467 -0.47143361 0.02594034
v -0.66455001 -0.42644927 -0.05602278
v -0.66528326 -0.42875999 -0.08227744
v -0.6647405 -0.41821176 -0.06264289
v -0.66082823 -0.42218655 0.03943305
v -0.65335292 -0.39650232 -0.08245305
v -0.65274239 -0.37792054 -0.08775974
v -0.65354592 -0.36820415 0.05205984
v -0.64777106 -0.35833308 0.17500646
v -0.65710437 -0.33811092 0.14601047
v -0.64957011 -0.31575447 -0.16947989
v -0.66474169 -0.33603564 0.08296222
v -0.6567238 -0.3181096 0.10424051
v -0.65754557 -0.32952532 -0.11944042
v -0.62469196 -0.91129345 -0.24087483
v -0.644171 -0.88545597 0.20221105
v -0.63353115 -0.90452772 0.19004528
v -0.64397585 -0.85726464 0.22400621
v -0.64456826 -0.80341375 0.11648626
v -0.62104511 -0.85963613 0.13457109
v -0.64991283 -0.72842991 0.09072579
v -0.64012212 -0.71959507 -0.12694448
v -0.63016456 -0.65328246 -0.28725654
v -0.64902288 -0.58928132 -0.28465691
v -0.64781702 -0.55021751 0.23642324
v -0.64123005 -0.51297796 -0.26546785
v -0.64158058 -0.43461782 -0.24190733
v -0.64975709 -0.44622195 -0.06891678
v -0.64764512 -0.44054317 0.03088132
v -0.65168232 -0.42366013 -0.07276487
v -0.6529004 -0.40606952 0.03842271
v -0.64516205 -0.379942 0.18691842
v -0.64126772 -0.29989174 -0.13255733
v -0.64944535 -0.31290951 0.09002038
v -0.62824893 -0.86675298 -0.26850057
v -0.63724619 -0.81514204 -0.27428016
v -0.62502807 -0.82752597 -0.16415082
v -0.63563234 -0.77690852 -0.14712416
v -0.63806581 -0.79106337 0.23788345
v -0.63477123 -0.71198958 -0.28069103
v -0.63878322 -0.63654816 0.05602751
v -0.63387865 -0.56989861 -0.0725091
v -0.63642162 -0.59099048 -0.2856355
v -0.64716679 -0.56736159 -0.27865538
v -0.63034445 -0.5627144 0.03479572
v -0.62216723 -0.4840948 -0.05313276
v -0.63974494 -0.40393293 0.20014437
v -0.64241046 -0.40259489 -0.23629147
v -0.64670706 -0.35684362 -0.21481007
v -0.64548707 -0.36181417 -0.06370432
v -0.64003479 -0.38497481 -0.06714006
v -0.6489141 -0.37084928 0.02705463
v -0.63560909 -0.33379325 0.03388971
v -0.63982713 -0.31862155 -0.1021168
v -0.64896703 -0.36824089 0.1992186
v -0.64965755 -0.3343417 0.18401039
v -0.6459052 -0.32660791 -0.21509238
v -0.65073901 -0.34862867 -0.23461282
v -0.64409363 -0.3380419 0.16695102
v -0.6395067 -0.32355526 -0.19957662
v -0.64094818 -0.30932027 0.07546995
v -0.63544106 -0.28901049 0.10946977
v -0.63168311 -0.73342472 0.24000953
v -0.62451857 -0.63057232 0.24758013
v -0.62268001 -0.7375344 0.0997235
v -0.63315731 -0.62895286 -0.0921035
v -0.62966663 -0.54627591 0.24057037
v -0.6271224 -0.55287737 -0.06812084
v -0.62909091 -0.4827069 0.22405486
v -0.61280137 -0.39291251 -0.05282301
v -0.64709252 -0.38747931 0.20375326
v -0.63876963 -0.37739158 -0.24924946
v -0.63167268 -0.4080604 -0.24422449
v -0.6399622 -0.38207433 0.21023881
v -0.63400161 -0.33693731 -0.2367257
v -0.62307894 -0.322346 -0.07780305
v -0.64126188 -0.3402116 0.1973529
v -0.62362987 -0.31253716 0.05153693
v -0.64317316 -0.3162027 0.17610843
v -0.62411201 -0.28492776 0.13040043
v -0.65077472 -0.29087928 0.09014177
v -0.63230747 -0.29534698 0.06359034
v -0.64569366 -0.28026539 0.09121708
v -0.60885638 -0.90763754 0.22389843
v -0.61068189 -0.9010877 0.15236573
v -0.61149752 -0.89059025 -0.18620349
v -0.63248712 -0.76667929 -0.27667704
v -0.62054771 -0.78876197 0.11745617
v -0.62369859 -0.52273738 0.24600323
v -0.63020951 -0.5169692 -0.0618551
v -0.6007548 -0.46112204 -0.0435474
v -0.62072891 -0.37957835 0.02113907
v -0.62933075 -0.35311767 0.01856481
v -0.63187343 -0.34601912 0.20192359
v -0.62703681 -0.31034276 0.15759623
v -0.62745905 -0.32410067 0.19366841
v -0.63367492 -0.31038111 -0.21984942
v -0.62578809 -0.30526349 0.18298282
v -0.62186044 -0.2841953 0.1664748
v -0.62884498 -0.28827053 -0.20351078
v -0.63295805 -0.28218785 -0.11155793
v -0.63095349 -0.28679091 -0.14521541
v -0.63449669 -0.27091536 -0.13517632
v -0.60218126 -0.93108648 0.17636502
v -0.59670168 -0.92843091 -0.20577435
v -0.60616022 -0.85898143 -0.17779621
v -0.60569572 -0.88051903 0.23468047
v -0.61529845 -0.79184794 0.23391032
v -0.60245323 -0.68779492 -0.12964541
v -0.60420561 -0.66339785 0.07356793
v -0.60465688 -0.65221334 -0.1054632
v -0.61024159 -0.64576036 0.06357584
v -0.61217618 -0.61409467 0.04949133
v -0.61907595 -0.52969712 -0.27628377
v -0.61948919 -0.54005855 -0.05347545
v -0.6196844 -0.54179448 0.01686139
v -0.62513 -0.5097307 -0.27133149
v -0.62085617 -0.51898932 -0.0498595
v -0.60842144 -0.48128796 -0.00104806
v -0.61204952 -0.49845436 0.24226949
v -0.61239088 -0.4672915 -0.26259795
v -0.62514949 -0.39545989 0.20368098
v -0.62342173 -0.39167115 -0.24229354
v -0.62524968 -0.3527897 -0.05388404
v -0.61870003 -0.35458294 0.19162017
v -0.62122154 -0.34820849 -0.22837913
v -0.59290421 -0.28397325 -0.07735495
v -0.62075281 -0.28110325 -0.20566206
v -0.62612724 -0.30204862 -0.18992357
v -0.61092615 -0.28368452 0.1513789
v -0.58746976 -0.26512173 0.05245237
v -0.60514843 -0.27034998 -0.17746782
v -0.59984839 -0.25895345 0.07023698
v -0.60767072 -0.25384301 -0.14380927
v -0.6063062 -0.9306004 0.20250337
v -0.58710355 -0.94636714 -0.22174172
v -0.59675735 -0.91959059 -0.26261902
v -0.59181565 -0.89394993 -0.27318823
v -0.60105717 -0.87802345 0.14186156
v -0.60122502 -0.85743552 -0.27459982
v -0.6041016 -0.82225263 0.13463351
v -0.60831314 -0.73370314 -0.14761674
v -0.61011279 -0.71519011 0.23432437
v -0.60676014 -0.76869571 -0.26677525
v -0.60320789 -0.72777885 -0.26433307
v -0.59486765 -0.69554073 0.09662145
v -0.60893834 -0.58050472 -0.28366822
v -0.60300833 -0.58001411 -0.07845415
v -0.61247253 -0.57818937 0.24527185
v -0.6054011 -0.52626836 0.23467968
v -0.61249512 -0.50977826 -0.28442511
v -0.60686672 -0.46423894 0.24149913
v -0.59519678 -0.46402112 -0.00970899
v -0.5929926 -0.44585583 0.00498691
v -0.59650487 -0.39989012 -0.25230497
v -0.60313255 -0.43920451 0.22227845
v -0.60709631 -0.41153842 0.01075719
v -0.60505259 -0.37083554 -0.05394145
v -0.60681731 -0.36074382 0.01880984
v -0.61497879 -0.3307029 0.18430182
v -0.61446178 -0.32337481 -0.22079837
v -0.61039871 -0.26321575 0.10913005
v -0.6061303 -0.80226237 -0.16975614
v -0.59690422 -0.85310853 0.23328602
v -0.60109681 -0.76326138 0.2225816
v -0.60824436 -0.62707436 -0.09303633
v -0.59806341 -0.56608999 0.04058554
v -0.60678208 -0.52253675 -0.2734718
v -0.58201504 -0.51990628 0.02825158
v -0.59931356 -0.51999897 0.0087136
v -0.60321373 -0.521357 -0.04705663
v -0.60329235 -0.5133242 0.2371051
v -0.60212612 -0.4873096 -0.03859869
v -0.60808676 -0.49916092 -0.28362289
v -0.59479135 -0.35772797 0.20350686
v -0.60450369 -0.32488436 0.02496086
v -0.5970993 -0.35049742 -0.23956935
v -0.60533023 -0.29752532 0.16914144
v -0.59958053 -0.31396019 -0.06434152
v -0.60281527 -0.28363788 -0.19978926
v -0.59073597 -0.25599709 0.13724235
v -0.60600358 -0.26474598 -0.10352805
v -0.5834558 -0.88130093 -0.27238455
v -0.58921778 -0.85522598 -0.18723078
v -0.59628558 -0.77055019 0.13864477
v -0.59317809 -0.73457956 -0.16716143
v -0.59102374 -0.70695251 0.22038089
v -0.58779687 -0.71976131 0.1267589
v -0.5954318 -0.63919854 0.24201636
v -0.59448868 -0.6459161 -0.2800425
v -0.58722985 -0.59883255 0.2404736
v -0.59036613 -0.60033983 0.03798966
v -0.59953231 -0.53317165 -0.06551902
v -0.59531021 -0.46657524 -0.279412
v -0.58176339 -0.43251806 -0.26128891
v -0.59203136 -0.39827716 0.21694051
v -0.58030558 -0.39247826 -0.04323453
v -0.56271791 -0.3926965 -0.00465866
v -0.57908595 -0.33686933 -0.05057374
v -0.60127264 -0.33897063 0.01606168
v -0.57707405 -0.29257798 -0.21904264
v -0.5992465 -0.23452984 -0.14330354
v -0.5938524 -0.23127055 -0.15475237
v -0.55847937 -0.96925181 -0.23931473
v -0.56867993 -0.96131134 0.19169445
v -0.57083607 -0.94513613 0.16886
v -0.57234246 -0.92315447 -0.19896291
v -0.56744862 -0.92740977 0.16091931
v -0.57066888 -0.93565941 0.22775245
v -0.55462813 -0.92501491 0.22818941
v -0.58507657 -0.82631844 -0.25729197
v -0.58617133 -0.83375067 0.15178201
v -0.58994681 -0.82836699 0.22379369
v -0.58881336 -0.79433709 0.20956472
v -0.58550632 -0.75925952 -0.23404099
v -0.59054887 -0.79440284 -0.19040555
v -0.58299112 -0.73312396 0.19444667
v -0.58944309 -0.69019717 -0.14099017
v -0.58464557 -0.68052918 0.22363102
v -0.58641773 -0.67183918 -0.2702775
v -0.58555347 -0.68721354 -0.11788583
v -0.58684754 -0.67008954 0.23091735
v -0.59317863 -0.66061658 0.06448024
v -0.58033603 -0.68672842 0.07846964
v -0.58608061 -0.61291695 -0.07903039
v -0.58906817 -0.6236937 -0.28030574
v -0.5812906 -0.58829361 -0.072831
v -0.58302534 -0.58354932 -0.27580589
v -0.56681937 -0.57911849 0.03829148
v -0.59092098 -0.55527872 0.23806986
v -0.58681262 -0.56577384 -0.07873396
v -0.58292258 -0.54310095 0.23151712
v -0.58844012 -0.48746961 0.2411841
v -0.58738446 -0.49192247 -0.03776357
v -0.58260959 -0.42756653 0.00370422
v -0.57358938 -0.42740154 0.22626761
v -0.57913738 -0.3519899 0.01020068
v -0.59082526 -0.33027977 -0.00076141
v -0.59328014 -0.30056155 -0.05068414
v -0.57908243 -0.3033607 0.01951804
v -0.57550442 -0.25626868 -0.19009751
v -0.57504249 -0.27271858 0.17244774
v -0.59575593 -0.24765727 0.09637196
v -0.59906316 -0.23213239 0.08579325
v -0.60140967 -0.23071773 0.10602274
v -0.5492999 -0.95937127 -0.26209095
v -0.56470257 -0.90057951 -0.20350726
v -0.58270448 -0.8457799 -0.19647488
v -0.58705646 -0.76699668 0.15773937
v -0.58248538 -0.78986824 0.17843863
v -0.5814876 -0.73956871 -0.20064966
v -0.58240348 -0.79748172 -0.22209676
v -0.57729232 -0.72328931 0.1629235
v -0.583722 -0.7069698 -0.24761331
v -0.57786578 -0.69009179 -0.15912251
v -0.58233631 -0.70258433 -0.126564
v -0.58225477 -0.70255381 0.08928072
v -0.58415264 -0.65831697 0.2441173
v -0.57591796 -0.67090786 -0.28847164
v -0.57460558 -0.61705953 0.04671857
v -0.57904643 -0.55186331 -0.26759657
v -0.56660551 -0.55489743 0.04762454
v -0.57404274 -0.54718757 0.25425994
v -0.5769974 -0.54011595 0.24435164
v -0.5698967 -0.4923383 -0.05137846
v -0.57271993 -0.49697238 -0.25907865
v -0.58002013 -0.47541428 -0.27801222
v -0.58427078 -0.45774919 -0.48227331
v -0.58776551 -0.50351077 -0.50999081
v -0.57132089 -0.50011384 -0.45031565
v -0.58568245 -0.42840794 -0.52215022
v -0.56900179 -0.46194348 0.00343063
v -0.56890249 -0.45384943 0.23541166
v -0.5768891 -0.40696225 -0.26839939
v -0.5801186 -0.38498163 0.49145478
v -0.5887292 -0.42355523 0.46903619
v -0.58704811 -0.44312724 0.49157408
v -0.57536179 -0.38067782 0.21392457
v -0.57611328 -0.29798052 0.18693268
v -0.55798542 -0.31712821 -0.23690356
v -0.57550377 -0.25965914 -0.07993496
v -0.57414407 -0.24267884 -0.09361627
v -0.57204735 -0.24443871 0.05318424
v -0.58016503 -0.23261383 -0.12715706
v -0.58485091 -0.21602435 -0.13416331
v -0.5383305 -0.20378974 0.07943001
v -0.55658275 -0.9633745 0.21389905
v -0.56791228 -0.9064191 0.15917982
v -0.55825126 -0.89668381 0.21973409
v -0.5683409 -0.8556599 -0.22606909
v -0.57258958 -0.84110612 0.18328162
v -0.57770175 -0.72888315 0.17907548
v -0.57377529 -0.70636541 -0.22664328
v -0.56932551 -0.67929471 -0.24931583
v -0.57077372 -0.70628035 -0.19617721
v -0.56600434 -0.68943518 0.19014278
v -0.58017904 -0.68220055 -0.14565368
v -0.57265222 -0.69093096 0.09118453
v -0.54404706 -0.65319282 0.14003696
v -0.57208288 -0.67484421 -0.2568934
v -0.56715763 -0.66007656 0.10098986
v -0.57520258 -0.68340504 -0.27989292
v -0.57864106 -0.68004942 0.23808467
v -0.56029171 -0.66817248 0.21107702
v -0.57000953 -0.63815278 -0.28911769
v -0.57496905 -0.6345132 0.25075233
v -0.57681555 -0.58624101 0.24406372
v -0.57233101 -0.61524165 0.53000373
v -0.58475441 -0.55274153 0.49584651
v -0.57670659 -0.60950798 0.49774849
v -0.57768017 -0.55746359 0.52274102
v -0.57141441 -0.62567472 -0.52981126
v -0.58155137 -0.57023227 -0.5130046
v -0.57440203 -0.59660625 -0.56432837
v -0.57477236 -0.61143094 0.48545781
v -0.58270073 -0.52118117 -0.54059136
v -0.57478589 -0.56732196 -0.27014351
v -0.58656138 -0.51382768 0.45643741
v -0.57297373 -0.51411837 0.41020536
v -0.58244777 -0.51399493 0.38666528
v -0.57688093 -0.55085784 0.40852541
v -0.57579619 -0.50566137 -0.43855223
v -0.57770127 -0.54722178 -0.44223058
v -0.57773423 -0.51541525 -0.41925335
v -0.55257803 -0.50216568 -0.06600486
v -0.56541407 -0.49464557 0.00924283
v -0.56547171 -0.49506187 0.21696438
v -0.58461249 -0.48148844 0.48088539
v -0.57127905 -0.47598419 0.51848233
v -0.55850309 -0.47022662 -0.25538066
v -0.56544447 -0.47345731 0.2307235
v -0.57000208 -0.46660498 -0.55498439
v -0.58361584 -0.47446486 0.4446961
v -0.58413237 -0.45864326 -0.01121732
v -0.57654369 -0.45078042 -0.27530256
v -0.57045698 -0.45216027 -0.02809205
v -0.57336819 -0.4383404 -0.55108255
v -0.57657528 -0.44149277 -0.03303536
v -0.57439035 -0.42146555 0.50938743
v -0.5752663 -0.42255595 -0.49273065
v -0.57352126 -0.42620876 -0.46778536
v -0.56743604 -0.44120303 -0.01960022
v -0.58394647 -0.41091084 -0.51306045
v -0.56723821 -0.4333199 -0.26171064
v -0.56229293 -0.41713464 -0.00883387
v -0.5752213 -0.41780135 0.45377886
v -0.5820812 -0.38728577 -0.52519667
v -0.57510483 -0.40933862 0.23525922
v -0.56523365 -0.39174303 0.23164085
v -0.57347888 -0.36621967 0.48180136
v -0.57945371 -0.39123759 -0.51263404
v -0.55163562 -0.3754679 -0.25559399
v -0.57206488 -0.36418995 -0.52158111
v -0.56854993 -0.32964766 0.00912919
v -0.55440676 -0.31195921 0.19897677
v -0.56981051 -0.28097787 -0.0535696
v -0.56794369 -0.27740857 0.02328687
v -0.56413376 -0.24935924 0.15488788
v -0.54377675 -0.2309275 -0.18585844
v -0.55415601 -0.20564194 -0.14869395
v -0.57161635 -0.22843678 -0.10662266
v -0.57802147 -0.2101405 -0.11644816
v -0.55010402 -0.20416142 0.1056574
v -0.54820907 -0.93428069 -0.26640716
v -0.55355442 -0.89579976 -0.25033981
v -0.56879401 -0.85565156 0.20404059
v -0.55635798 -0.71013594 -0.21085878
v -0.5517053 -0.68547857 0.1709424
v -0.56984812 -0.68490916 -0.12847589
v -0.5450241 -0.65910953 -0.17981288
v -0.56592286 -0.6530391 0.07099769
v -0.56629598 -0.69294947 0.23824397
v -0.56188345 -0.67660534 0.24952352
v -0.55958402 -0.68447733 -0.26769182
v -0.56820709 -0.65729445 -0.13962984
v -0.56666404 -0.65076846 -0.10843877
v -0.56473231 -0.65863019 0.50726944
v -0.56455219 -0.65527916 -0.56482327
v -0.56046939 -0.66828585 -0.54211402
v -0.56188971 -0.62657493 -0.50304961
v -0.56159878 -0.59276551 -0.27838182
v -0.56539845 -0.60691541 0.4578062
v -0.56611258 -0.58813405 0.44866174
v -0.56371325 -0.56425822 0.547952
v -0.56415164 -0.57119644 0.23514298
v -0.56212109 -0.57209176 -0.58907235
v -0.56050563 -0.56676769 -0.43810934
v -0.56676418 -0.57389402 -0.45516428
v -0.55778021 -0.55306286 0.2165806
v -0.5697993 -0.57432246 0.41777104
v -0.5641259 -0.56065738 0.39507708
v -0.56211555 -0.5651015 0.42651093
v -0.5634526 -0.55555946 -0.46348506
v -0.56698269 -0.54181075 -0.42216721
v -0.55918562 -0.56453335 -0.09114038
v -0.55375117 -0.54257351 -0.07883693
v -0.56262445 -0.51056582 0.54230875
v -0.57233787 -0.5112735 0.41630322
v -0.56641793 -0.51013917 0.3675788
v -0.57221311 -0.48619398 0.37895691
v -0.56856877 -0.48882502 0.36781606
v -0.5658989 -0.48724696 0.39930275
v -0.57095724 -0.48595086 0.55256921
v -0.57332873 -0.52933335 0.55967015
v -0.56822085 -0.4944227 0.56318194
v -0.56623554 -0.48525822 -0.59371257
v -0.57401329 -0.5029422 -0.5955202
v -0.56356782 -0.50951099 -0.57681626
v -0.56447053 -0.47874337 -0.4067024
v -0.56708866 -0.46587333 -0.27434728
v -0.5564723 -0.47837988 0.21246906
v -0.56160688 -0.44661427 -0.43188608
v -0.55882329 -0.40211061 0.40638506
v -0.55291152 -0.43394741 -0.00612257
v -0.56176335 -0.41598693 -0.44296056
v -0.56801188 -0.40758398 -0.54468906
v -0.56249422 -0.40702927 -0.27101171
v -0.56215161 -0.41602194 -0.03459511
v -0.56321967 -0.39326528 -0.50694704
v -0.55788922 -0.41328308 0.21975665
v -0.56318384 -0.39097062 0.4696295
v -0.57037008 -0.37499607 0.4938671
v -0.51731515 -0.33163896 -0.00419
v -0.56559628 -0.30098829 -0.05484412
v -0.57267147 -0.28869501 -0.23598313
v -0.56493706 -0.29836681 -0.24417432
v -0.57377464 -0.29670566 0.00588441
v -0.56583655 -0.28190866 0.01185408
v -0.56458879 -0.28997609 0.20303842
v -0.57068932 -0.26067403 0.1804833
v -0.57452875 -0.25233069 -0.06098908
v -0.57874328 -0.26167446 0.02779927
v -0.56996727 -0.26024765 0.0200665
v -0.57206488 -0.23945221 -0.0712337
v -0.57637405 -0.24050371 0.03714532
v -0.56572771 -0.24189268 0.02719143
v -0.56564641 -0.22983684 0.04346592
v -0.55062348 -0.22712025 0.05163265
v -0.5430491 -0.95654941 -0.21287119
v -0.54114908 -0.96485144 0.1769419
v -0.5552929 -0.89801377 0.17609835
v -0.53933531 -0.94457334 0.17457946
v -0.53501439 -0.93033588 0.18859886
v -0.55942142 -0.71537817 0.17481153
v -0.55225188 -0.70760316 -0.22370893
v -0.55640411 -0.68474895 -0.28171235
v -0.5475654 -0.67985344 -0.20277461
v -0.55555111 -0.68380094 0.2413511
v -0.5559774 -0.66690123 -0.2490893
v -0.54311931 -0.63961774 -0.27699795
v -0.56155425 -0.65129691 0.08005883
v -0.56134361 -0.65179288 -0.11813331
v -0.5581795 -0.63035482 -0.12801757
v -0.55790091 -0.63735676 -0.13698912
v -0.5518955 -0.65720171 0.4703522
v -0.55957478 -0.63000882 -0.47991949
v -0.56427354 -0.63979971 -0.49553269
v -0.55593771 -0.65807432 -0.49473995
v -0.56020004 -0.65355283 0.54506445
v -0.56901187 -0.6046406 -0.47891584
v -0.56478053 -0.62637043 0.44639063
v -0.56246406 -0.64755803 0.45600834
v -0.5530985 -0.60179883 0.05364366
v -0.56690395 -0.60862941 0.44227701
v -0.56344932 -0.6022523 0.43203413
v -0.55470473 -0.65160394 -0.58960372
v -0.56329399 -0.59362602 -0.48740029
v -0.56270903 -0.59063458 -0.46362108
v -0.5535993 -0.58820093 -0.08849973
v -0.55014312 -0.61178905 0.24171135
v -0.56669658 -0.57765585 -0.46515268
v -0.55583197 -0.58637637 0.43003026
v -0.55640215 -0.60372955 0.55930895
v -0.56380028 -0.5768711 0.56926048
v -0.56814522 -0.55247563 -0.60064095
v -0.5570271 -0.55459309 -0.6135996
v -0.5577566 -0.58555335 -0.61416918
v -0.55807465 -0.55294067 -0.25544477
v -0.56137407 -0.53617758 0.57163274
v -0.5531106 -0.51482409 0.02817863
v -0.56045139 -0.50751841 -0.60301256
v -0.55465221 -0.49603099 -0.583157
v -0.54983532 -0.51360387 -0.39873824
v -0.56013554 -0.47947949 -0.42781562
v -0.55425954 -0.43953899 -0.5599162
v -0.55338538 -0.42185441 0.39022586
v -0.55497187 -0.40954629 0.51062572
v -0.54715782 -0.41211915 -0.25431001
v -0.55104804 -0.36011794 -0.45822299
v -0.54250455 -0.393383 -0.03246042
v -0.55148208 -0.36310706 0.41735119
v -0.55572146 -0.38572121 0.48470441
v -0.55449611 -0.38415018 -0.52090716
v -0.55458039 -0.39283013 -0.26577044
v -0.55463898 -0.36403954 0.21960689
v -0.53241205 -0.36521575 -0.03407253
v -0.53206486 -0.3733587 -0.00715297
v -0.54592109 -0.35272869 0.21062584
v -0.53728211 -0.31512344 0.00084463
v -0.53803056 -0.29494682 -0.00342539
v -0.56296998 -0.24974751 -0.21915689
v -0.55988222 -0.26806718 0.19719072
v -0.55502725 -0.27289093 -0.05439393
v -0.5511024 -0.23555788 0.16623305
v -0.53890628 -0.22541234 -0.07619639
v -0.53751308 -0.21961293 0.05362644
v -0.54913116 -0.2146503 -0.1067408
v -0.52579099 -0.97361088 0.2200536
v -0.54881614 -0.66781771 -0.22933996
v -0.54685682 -0.66997856 0.23119903
v -0.54444045 -0.70546865 0.51156902
v -0.54408443 -0.70598662 0.54586005
v -0.55082536 -0.68071932 -0.27194443
v -0.54269445 -0.6430465 0.23813982
v -0.55309457 -0.65660298 -0.51101297
v -0.55451488 -0.65952158 0.45656842
v -0.55451828 -0.61746722 -0.10548379
v -0.55802244 -0.62712693 0.08616553
v -0.54334944 -0.64119738 -0.6082803
v -0.55027348 -0.59938246 -0.12079263
v -0.55267328 -0.6031062 0.42944506
v -0.55309093 -0.59276599 0.07388873
v -0.54934764 -0.63192552 0.58307701
v -0.54922462 -0.62406003 -0.61855239
v -0.55132902 -0.59636116 0.58276999
v -0.54053921 -0.62805349 -0.48060691
v -0.55353791 -0.56606835 -0.45647061
v -0.53267509 -0.57049251 0.21984883
v -0.54025364 -0.56833613 -0.26210275
v -0.55587924 -0.56292367 0.05989497
v -0.54739028 -0.55485302 -0.42352885
v -0.54675901 -0.53349793 -0.09397288
v -0.54070526 -0.53113943 0.36467063
v -0.54425502 -0.53655255 -0.24159847
v -0.5444721 -0.51997215 -0.07021449
v -0.54375893 -0.54490066 0.56841874
v -0.55166221 -0.50562048 0.55339807
v -0.53713357 -0.46992224 -0.24269916
v -0.54791665 -0.47014898 0.35430112
v -0.53841698 -0.48928395 0.02605419
v -0.55314147 -0.46908295 0.38151795
v -0.54729593 -0.46291956 -0.41235989
v -0.55356151 -0.46318936 0.36547485
v -0.54967487 -0.43822062 0.21507914
v -0.52131104 -0.42888615 -0.0426532
v -0.56631523 -0.44200826 0.36571515
v -0.55087519 -0.45358539 0.37629128
v -0.53876418 -0.43975127 -0.24742867
v -0.55538619 -0.42277849 0.35031226
v -0.54828233 -0.43944886 0.37454289
v -0.5318765 -0.37112805 -0.3998923
v -0.54576349 -0.41426456 -0.02281305
v -0.55382872 -0.39397818 -0.53755504
v -0.5651148 -0.3996304 0.38815114
v -0.55331606 -0.41137886 -0.00955145
v -0.54654461 -0.38555437 0.37899631
v -0.54076338 -0.36000919 -0.50775337
v -0.544698 -0.37456286 -0.41935828
v -0.54516947 -0.34955198 0.43188
v -0.55782598 -0.33340815 -0.45959279
v -0.54397702 -0.34825861 -0.47171006
v -0.53166372 -0.32786053 -0.0324594
v -0.55181199 -0.28468618 0.2058927
v -0.53978628 -0.2605854 -0.23194128
v -0.54690152 -0.26254624 0.01878145
v -0.52824831 -0.25620636 0.19264638
v -0.55111027 -0.24174166 -0.21416456
v -0.538836 -0.24355565 -0.06193221
v -0.53854781 -0.23487763 0.03355423
v -0.53030008 -0.21616326 0.14008431
v -0.5474214 -0.20255709 -0.14055541
v -0.51079631 -0.99349105 0.20050202
v -0.53348732 -0.94465315 -0.22018625
v -0.53186202 -0.93071157 -0.23966227
v -0.5301047 -0.73480338 -0.58805221
v -0.53215855 -0.70989054 -0.60532117
v -0.53707856 -0.64799702 -0.2078007
v -0.53366262 -0.66690874 0.15950392
v -0.54575449 -0.66103309 0.17892446
v -0.53414798 -0.71020186 0.56458932
v -0.54367876 -0.66034365 -0.49983245
v -0.53936702 -0.6838513 -0.50946158
v -0.53221762 -0.641958 -0.18862748
v -0.54032731 -0.65085453 0.455531
v -0.53734398 -0.6132254 0.11359725
v -0.54633963 -0.61485559 -0.13864687
v -0.54426682 -0.64502883 0.57137048
v -0.53945255 -0.63549227 0.59392267
v -0.54618025 -0.60324317 0.09012128
v -0.54501724 -0.59604496 -0.62333083
v -0.54066068 -0.6307084 -0.63064486
v -0.53570867 -0.59492826 0.57936198
v -0.54033917 -0.5552966 0.4006857
v -0.53941762 -0.5521369 -0.60852253
v -0.54058766 -0.530873 0.05693814
v -0.52759326 -0.54465365 0.19145805
v -0.54412663 -0.51729053 -0.59829128
v -0.53858447 -0.5102815 0.19565339
v -0.54155684 -0.46460161 -0.38425654
v -0.55129749 -0.45505115 -0.39402238
v -0.5449549 -0.43811429 0.35753378
v -0.54924518 -0.42588171 -0.37976876
v -0.52058727 -0.42785132 0.00028854
v -0.54220682 -0.4612892 0.54613686
v -0.53316319 -0.43312743 -0.39490113
v -0.52309334 -0.39376652 -0.56771165
v -0.53013217 -0.35739467 0.49265566
v -0.54462343 -0.33785769 0.40223944
v -0.5410915 -0.33010772 -0.42447338
v -0.55768371 -0.33935696 0.42390889
v -0.53775376 -0.31885895 0.4056257
v -0.53689843 -0.2962679 -0.2366799
v -0.52711445 -0.18835872 0.09921683
v -0.52535331 -0.98448688 -0.24794595
v -0.5177294 -0.98817104 0.20960221
v -0.51557815 -0.97812986 -0.22378416
v -0.52741873 -0.97181392 -0.26095226
v -0.52151603 -0.95158744 0.20914342
v -0.5293169 -0.94951534 -0.25999701
v -0.53191334 -0.69274145 -0.51933515
v -0.52434134 -0.70764887 0.48545665
v -0.52884233 -0.66244072 -0.19417107
v -0.53081214 -0.63620919 -0.24767365
v -0.53444445 -0.62686199 -0.22623779
v -0.52320617 -0.67913628 0.58623832
v -0.53418964 -0.67277259 -0.63698804
v -0.53558493 -0.627159 0.19495244
v -0.54108721 -0.66039389 0.59156615
v -0.5335989 -0.66416812 0.60078079
v -0.53649169 -0.61101574 -0.15323059
v -0.52868211 -0.60326737 0.22330685
v -0.52603972 -0.60238522 -0.135022
v -0.52598143 -0.61461097 0.42913985
v -0.51860034 -0.58266431 -0.44656676
v -0.53021842 -0.61901277 -0.264099
v -0.53002977 -0.55657548 0.08317868
v -0.52881813 -0.55552673 0.19452432
v -0.53276402 -0.55520195 -0.43601698
v -0.52882057 -0.55324554 -0.22826581
v -0.53525406 -0.57004732 -0.12554565
v -0.52908534 -0.53760278 0.07382151
v -0.52432376 -0.52393103 -0.11233778
v -0.53370911 -0.51455373 0.04779828
v -0.52483869 -0.53061134 0.57566518
v -0.52532506 -0.50106448 -0.22684141
v -0.52168387 -0.50138968 -0.08808658
v -0.52872169 -0.47029537 0.34809789
v -0.53885061 -0.45422044 0.34466615
v -0.51800954 -0.46318126 -0.06158198
v -0.53471577 -0.41392401 -0.35929316
v -0.53883022 -0.43325731 0.36533424
v -0.53505707 -0.40898508 -0.36839223
v -0.52486247 -0.39758751 0.20935331
v -0.51969755 -0.40698293 0.34020117
v -0.52916229 -0.36320272 0.36105216
v -0.53977126 -0.33357295 0.38033679
v -0.54460257 -0.3560611 -0.4053185
v -0.51046914 -0.29115856 0.4321
v -0.53717637 -0.32309094 -0.44971704
v -0.53340471 -0.31037357 -0.43806982
v -0.52647853 -0.28736848 0.19633213
v -0.52050006 -0.28123665 -0.00029477
v -0.51773238 -0.23179698 -0.21064687
v -0.5230853 -0.19677082 -0.10431322
v -0.53046662 -0.20034346 -0.16348766
v -0.53775901 -0.19994816 -0.13322045
v -0.50907248 -0.97026414 0.19395547
v -0.5170753 -0.7597478 0.5408147
v -0.52483791 -0.7427575 -0.56149775
v -0.50062805 -0.77752012 0.52691609
v -0.52354193 -0.68837738 -0.62205207
v -0.51690823 -0.68742532 0.59141845
v -0.52561265 -0.66979098 -0.64630479
v -0.53104705 -0.63420445 0.15339251
v -0.53061324 -0.62852752 0.22101302
v -0.52733755 -0.59964478 0.17647339
v -0.52513999 -0.61550295 -0.62230951
v -0.52074182 -0.64719653 0.59030318
v -0.52799594 -0.57664293 -0.14642538
v -0.52848393 -0.59207439 0.09355333
v -0.52674788 -0.57451767 0.10828066
v -0.51915509 -0.57496268 -0.24318722
v -0.52072835 -0.52785707 -0.23487885
v -0.52200258 -0.5344528 0.05824543
v -0.51415843 -0.5240913 0.37043902
v -0.5070985 -0.54638833 -0.62001073
v -0.51714343 -0.50855523 0.1893301
v -0.51484388 -0.50761497 0.35965291
v -0.52474308 -0.47898373 0.18975402
v -0.51050627 -0.51977605 -0.40366623
v -0.5023461 -0.44986257 0.02072258
v -0.51162142 -0.44670799 -0.5935629
v -0.50999218 -0.44544229 0.19043906
v -0.52556849 -0.43881011 0.32406762
v -0.54000151 -0.4265103 0.33404037
v -0.52057475 -0.42478406 0.54489964
v -0.52979863 -0.40699968 -0.01870968
v -0.51936114 -0.40670106 0.31231529
v -0.5272038 -0.4030444 0.32347482
v -0.52284271 -0.41413438 -0.38183236
v -0.52446568 -0.38089469 0.52150667
v -0.52086198 -0.38464695 -0.03129073
v -0.52564859 -0.36651039 0.21170826
v -0.52155304 -0.373243 -0.5545001
v -0.51599377 -0.35041267 -0.5341258
v -0.53559393 -0.34673253 0.35446796
v -0.51126885 -0.32717967 -0.51734382
v -0.52564025 -0.32941943 -0.39192787
v -0.52299309 -0.35479879 -0.24964468
v -0.52765501 -0.32065803 0.35640565
v -0.52577901 -0.3022052 0.40992478
v -0.53752238 -0.28929719 0.39994273
v -0.53508663 -0.28770936 -0.43198135
v -0.52453417 -0.29881048 -0.40449631
v -0.48793808 -0.25257722 0.00235788
v -0.49745846 -0.2092222 0.02547908
v -0.51740861 -0.2309718 0.1708606
v -0.52910626 -0.20757535 -0.18626754
v -0.5079065 -0.20766781 -0.07467268
v -0.5349378 -0.19783589 -0.11525494
v -0.52792025 -0.18897831 -0.1384322
v -0.53659421 -0.19536005 -0.12475398
v -0.51525128 -0.18495269 0.13668178
v -0.53763103 -0.18294558 -0.12088547
v -0.50567275 -0.99276388 -0.23596533
v -0.51608986 -0.97602272 0.18541519
v -0.49565473 -0.99447876 0.19539824
v -0.50458199 -0.98301339 0.21619545
v -0.5005542 -0.9793663 -0.25115603
v -0.50028032 -0.75324655 -0.54288208
v -0.50425416 -0.69731563 -0.51242447
v -0.51702529 -0.62885743 -0.47472453
v -0.51186693 -0.66762322 -0.63164884
v -0.51502085 -0.58746731 -0.23696187
v -0.52184308 -0.60230273 0.20630528
v -0.52005446 -0.59249794 -0.18700187
v -0.51097077 -0.59667802 0.590011
v -0.52203441 -0.57914698 0.19494575
v -0.52377957 -0.56849337 -0.21734887
v -0.51592827 -0.55562586 0.12795945
v -0.51501632 -0.53964204 0.14899328
v -0.50763822 -0.57629067 0.40199441
v -0.51411462 -0.51739162 -0.20470428
v -0.51890469 -0.549793 -0.14317408
v -0.51106417 -0.5424701 -0.13143358
v -0.50379127 -0.51566905 0.10509552
v -0.50133628 -0.47937706 0.05007109
v -0.51424694 -0.4696745 -0.38013065
v -0.50522864 -0.47587982 -0.22881778
v -0.51024503 -0.4316414 -0.36294225
v -0.49159965 -0.42343 -0.05539564
v -0.5072239 -0.44925293 -0.22944035
v -0.5156911 -0.40592656 -0.34839711
v -0.52628756 -0.40468794 -0.36196437
v -0.5024668 -0.39914277 -0.24112588
v -0.51057065 -0.38893598 -0.01411006
v -0.51853853 -0.38432032 -0.37767276
v -0.50175166 -0.39618987 0.20800814
v -0.51157522 -0.36304045 0.33844388
v -0.51784688 -0.35199407 0.50200939
v -0.52086109 -0.394611 0.55120516
v -0.52277726 -0.34768686 0.51954532
v -0.52037656 -0.30698621 -0.46508858
v -0.49497491 -0.29349521 0.20323251
v -0.51315391 -0.32001218 -0.02660481
v -0.51332104 -0.2867485 -0.43804663
v -0.52122766 -0.27440637 -0.42614284
v -0.52207577 -0.27344194 0.39063022
v -0.50725681 -0.26668096 -0.23334698
v -0.49750525 -0.24914095 -0.04908462
v -0.51108134 -0.23555703 -0.04906793
v -0.49819016 -0.19436495 0.04071955
v -0.51406342 -0.17487894 0.08143552
v -0.50303179 -0.98672158 -0.2555058
v -0.49348918 -0.98681307 -0.2362594
v -0.49970841 -0.78334898 -0.58345342
v -0.51272982 -0.74253505 0.57768333
v -0.48727503 -0.80030203 0.56438029
v -0.49497825 -0.7491796 -0.63175642
v -0.50195217 -0.61398023 -0.63092589
v -0.50957245 -0.52565306 -0.16321509
v -0.51188946 -0.53319585 -0.14546597
v -0.50197929 -0.54661387 -0.42127138
v -0.51570213 -0.50111282 0.17250353
v -0.50853556 -0.51600218 -0.12865861
v -0.51721114 -0.51058948 0.06435368
v -0.50627649 -0.49646559 -0.07499679
v -0.49946424 -0.47240764 -0.60385889
v -0.50890082 -0.45995873 0.56203306
v -0.51516563 -0.4159559 -0.59507108
v -0.51190585 -0.42722648 0.56857866
v -0.5146172 -0.39869866 -0.37077621
v -0.50813127 -0.39801681 -0.03547377
v -0.498658 -0.38092425 -0.35630721
v -0.5096637 -0.39041755 -0.34676561
v -0.51732802 -0.36622578 -0.58121079
v -0.50352377 -0.40431505 -0.59990185
v -0.52353162 -0.37319311 -0.57784694
v -0.48458281 -0.35889673 -0.24706431
v -0.5165053 -0.3551929 0.53433472
v -0.51981229 -0.34802821 -0.55061859
v -0.51532525 -0.3467696 -0.55978638
v -0.51522505 -0.34114018 0.34267715
v -0.50016052 -0.33021459 0.49534723
v -0.51611418 -0.3070128 -0.52380973
v -0.51076245 -0.32131839 0.50567323
v -0.52055901 -0.31547526 -0.52355576
v -0.50033206 -0.3170678 0.32677272
v -0.49983642 -0.30530995 -0.02602699
v -0.51025474 -0.29493919 -0.00757191
v -0.48357072 -0.31744435 -0.24789862
v -0.49429819 -0.27940011 0.33599392
v -0.51288873 -0.30628729 0.33338359
v -0.51247364 -0.28599748 0.40372705
v -0.49829549 -0.24616997 0.18693976
v -0.48608416 -0.20380576 -0.20410831
v -0.48807546 -0.19007412 -0.19776718
v -0.50924414 -0.17176215 -0.11982322
v -0.48707053 -0.99842703 -0.24987829
v -0.49062061 -0.78699386 -0.56871569
v -0.49425003 -0.7826435 -0.61121523
v -0.49112266 -0.77059126 0.51209801
v -0.49634355 -0.72435111 0.48530859
v -0.49057087 -0.65240628 0.4495233
v -0.48880464 -0.69371361 0.60313427
v -0.47345594 -0.69301277 -0.6440323
v -0.50101185 -0.5462532 0.13025512
v -0.48695609 -0.57030612 0.58925515
v -0.49759188 -0.53999823 -0.4073301
v -0.50238639 -0.49818143 -0.18935843
v -0.50303483 -0.50997818 0.13106924
v -0.48939243 -0.49471682 -0.61166996
v -0.48586705 -0.49205172 0.11037142
v -0.49723476 -0.48314789 0.15594366
v -0.50305754 -0.47925162 -0.20760153
v -0.49272877 -0.50107217 0.34703505
v -0.49335563 -0.497587 0.57398808
v -0.49789533 -0.4433974 0.32612938
v -0.50553989 -0.45506868 0.57424253
v -0.5084632 -0.42526436 -0.60634315
v -0.48383456 -0.40590346 0.19456862
v -0.50514269 -0.38969588 0.30158591
v -0.50564802 -0.41026068 0.56450456
v -0.49928045 -0.38708171 0.31972441
v -0.50633383 -0.37002188 0.54259717
v -0.5033142 -0.36463407 -0.0039026
v -0.48339623 -0.34924135 0.21098907
v -0.50531012 -0.35579857 -0.56851965
v -0.4853383 -0.35764635 -0.34848738
v -0.48609465 -0.36659274 -0.03353771
v -0.5054251 -0.32631108 -0.02802656
v -0.49085402 -0.29682326 -0.35947439
v -0.47641107 -0.33900312 -0.24945107
v -0.48541331 -0.34747618 -0.00520997
v -0.5017314 -0.31534615 -0.0109896
v -0.50295293 -0.33564779 0.51727301
v -0.50729597 -0.31666812 -0.53379166
v -0.50270772 -0.32103473 -0.51823449
v -0.49196887 -0.30934361 0.48069414
v -0.5076164 -0.29217848 0.32772809
v -0.49285731 -0.28332153 -0.48234913
v -0.50170726 -0.26549998 -0.41841662
v -0.49855325 -0.27350461 -0.01702459
v -0.49661827 -0.28044754 -0.37513587
v -0.49642748 -0.25651616 0.37776861
v -0.49881661 -0.24605238 -0.22772022
v -0.50266653 -0.17408977 -0.17000324
v -0.49936792 -0.17136315 0.11971767
v -0.49134636 -0.9973768 -0.23674405
v -0.4861947 -0.99664295 0.20993643
v -0.46051595 -0.8177017 0.58709174
v -0.48525047 -0.60536474 -0.45948353
v -0.49506706 -0.52743465 0.1235493
v -0.49312809 -0.54439783 0.37914896
v -0.49141076 -0.53314257 0.36074889
v -0.49211398 -0.4989433 -0.14331935
v -0.49067384 -0.46276179 -0.08956037
v -0.49267757 -0.4683204 -0.06896634
v -0.48645371 -0.48300183 0.03723567
v -0.49601296 -0.46975756 -0.61523783
v -0.49624228 -0.46015444 0.1716252
v -0.47128901 -0.48189318 -0.37289426
v -0.48056152 -0.43065551 -0.21755223
v -0.49618867 -0.43831801 0.57625431
v -0.48649278 -0.39130458 0.00178249
v -0.49131995 -0.38838708 0.31188488
v -0.48898998 -0.37016997 0.52371264
v -0.48429829 -0.33247077 0.31061193
v -0.48578888 -0.35634607 0.30864713
v -0.49640802 -0.33605716 -0.5387857
v -0.48638779 -0.35755596 -0.55605358
v -0.50117028 -0.3096478 -0.50833344
v -0.48514792 -0.27814901 0.44795567
v -0.48228553 -0.28054124 -0.00458765
v -0.47691512 -0.25823838 -0.36518002
v -0.48955014 -0.25615099 0.34232602
v -0.49219903 -0.21840595 -0.0587778
v -0.49332803 -0.18659167 -0.05661482
v -0.47565392 -0.18081491 0.15707667
v -0.46823022 -0.1708612 -0.07631254
v -0.49466521 -0.16705558 -0.1127642
v -0.47078496 -0.17004603 0.05152371
v -0.50439954 -0.16734953 0.1424595
v -0.48122019 -0.15434068 -0.14885873
v -0.46414044 -0.82491446 -0.59611827
v -0.45127565 -0.82377034 0.53673553
v -0.45993528 -0.78842676 0.6024248
v -0.47071812 -0.6003564 0.41964653
v -0.47637677 -0.68069816 0.60291648
v -0.46729854 -0.54682302 -0.42374587
v -0.48345298 -0.52087057 -0.39449984
v -0.47762322 -0.47489816 -0.12247771
v -0.47657785 -0.47204143 0.08005912
v -0.48698342 -0.49366841 0.58121431
v -0.48533902 -0.4792535 0.58763403
v -0.47563043 -0.46070731 -0.18418099
v -0.48867455 -0.4552123 0.18388873
v -0.48419932 -0.45513716 -0.61778182
v -0.47786957 -0.43707925 -0.07188338
v -0.49075115 -0.41934982 0.55254871
v -0.47828838 -0.406001 -0.33910984
v -0.4877044 -0.40045372 -0.58165318
v -0.49020267 -0.3686614 -0.3391993
v -0.48011553 -0.37114498 -0.33094114
v -0.47503993 -0.3620005 0.20654106
v -0.48117417 -0.33487552 -0.03013477
v -0.48403132 -0.31334144 -0.00653589
v -0.49361178 -0.28707296 0.47366011
v -0.49568176 -0.28354341 -0.50710595
v -0.48776346 -0.27659824 0.31558198
v -0.49440801 -0.27369916 -0.34678006
v -0.46339086 -0.2808916 -0.33486381
v -0.47415504 -0.25353321 -0.44959408
v -0.49010062 -0.25493583 -0.34606206
v -0.46708935 -0.25296953 0.42348874
v -0.47769907 -0.26478374 0.19984843
v -0.49764505 -0.26343769 0.3193852
v -0.47442204 -0.25060102 0.40427443
v -0.50573057 -0.24875629 0.32655194
v -0.48657495 -0.24841551 0.30699509
v -0.48137859 -0.24281016 0.35083365
v -0.49315199 -0.23493008 0.37613019
v -0.47739625 -0.20720007 0.1784119
v -0.48679346 -0.19437709 -0.04672411
v -0.49359095 -0.18911888 0.01449446
v -0.49532345 -0.15590033 -0.17105848
v -0.48209113 -0.14960985 0.12595044
v -0.4684433 -0.81821257 -0.60786319
v -0.45687771 -0.80061477 -0.63830948
v -0.46483362 -0.77549738 0.50881511
v -0.46315506 -0.75536031 -0.53890777
v -0.47225764 -0.71640438 0.48366067
v -0.47308138 -0.6517328 -0.49364078
v -0.47156337 -0.62931204 -0.63292098
v -0.46922177 -0.51420289 -0.61249238
v -0.47943255 -0.49143535 -0.63136709
v -0.47188258 -0.50260198 -0.61906838
v -0.48205802 -0.48421109 -0.19866668
v -0.47156492 -0.47383046 0.10679563
v -0.47728166 -0.44379905 0.04187543
v -0.47585103 -0.42730334 0.02654851
v -0.4761782 -0.43768638 0.17501998
v -0.47724488 -0.44097897 0.55877489
v -0.4738043 -0.40695378 -0.22575957
v -0.46353143 -0.39769372 0.30081373
v -0.45971158 -0.39929828 -0.05056596
v -0.45134112 -0.39794239 -0.57537764
v -0.47340986 -0.37457007 -0.23996593
v -0.47139904 -0.38665754 0.00172149
v -0.47821212 -0.35406652 -0.33237767
v -0.47799325 -0.35756078 -0.0273246
v -0.47564259 -0.33702371 0.29440853
v -0.46580642 -0.34318084 -0.33385408
v -0.47362566 -0.29486018 -0.5110321
v -0.45674118 -0.29016057 -0.02872189
v -0.46670276 -0.31861272 0.20882593
v -0.46798974 -0.28135103 0.29336825
v -0.47494853 -0.2804597 0.46482798
v -0.4787223 -0.2774874 -0.4881947
v -0.48772404 -0.26480907 0.30114877
v -0.47123572 -0.24493772 -0.41694486
v -0.48780224 -0.25195101 -0.2364078
v -0.47105688 -0.24682845 0.29505819
v -0.46661639 -0.2289663 0.37060893
v -0.47596827 -0.24769729 0.32382071
v -0.47828603 -0.22553025 -0.22998193
v -0.48896363 -0.24281707 0.20640403
v -0.46198604 -0.2112215 0.19014576
v -0.4774383 -0.21009448 -0.21205464
v -0.4763411 -0.2056746 0.01825454
v -0.46847501 -0.18444449 0.16552743
v -0.48939216 -0.19242792 -0.21692331
v -0.49443635 -0.20150033 -0.2199745
v -0.46143672 -0.16319805 0.03492011
v -0.47317532 -0.14037663 -0.1600797
v -0.45586053 -0.80444485 -0.56053019
v -0.4527593 -0.76480818 -0.64745224
v -0.46586967 -0.69617128 -0.51844084
v -0.47236651 -0.52239853 -0.40517235
v -0.47441417 -0.52275908 0.36416999
v -0.47409642 -0.49238002 0.5716235
v -0.47164774 -0.47075966 0.56817108
v -0.46656996 -0.48988768 0.33700377
v -0.47110513 -0.48588771 -0.62984288
v -0.47075185 -0.45842186 -0.60195899
v -0.45437852 -0.44647545 0.13125962
v -0.45344093 -0.43249261 -0.19442196
v -0.45868903 -0.41860059 -0.34542185
v -0.45430854 -0.40814096 0.1821661
v -0.46746191 -0.38621408 0.53504115
v -0.47612727 -0.35233209 -0.01589069
v -0.46600762 -0.35504478 -0.2581667
v -0.45481089 -0.35433921 0.289693
v -0.45907173 -0.34314993 -0.01973766
v -0.45461538 -0.33940777 0.5136528
v -0.45660934 -0.29375744 0.48039052
v -0.46328607 -0.33433118 -0.00972486
v -0.44235379 -0.28167823 0.20837192
v -0.46272364 -0.27511942 -0.24318485
v -0.45730883 -0.2640121 -0.03406575
v -0.46976662 -0.25683203 -0.33088237
v -0.47096479 -0.2528038 -0.25755733
v -0.45591974 -0.20583341 -0.22556219
v -0.46151537 -0.19078922 -0.22381075
v -0.45418182 -0.1897549 0.01576328
v -0.45907766 -0.18374841 -0.22057103
v -0.45166144 -0.17656091 -0.05684103
v -0.45454103 -0.15937041 -0.18830523
v -0.48014852 -0.15582533 0.08250287
v -0.44404224 -0.12617539 -0.13123031
v -0.43320805 -0.85084307 0.5631758
v -0.46367052 -0.66806024 0.4705745
v -0.45249951 -0.69615412 0.59973216
v -0.45383829 -0.64235741 0.58902425
v -0.45481008 -0.62632918 0.45095232
v -0.45492676 -0.63950437 -0.49507561
v -0.44827434 -0.53920275 0.56992012
v -0.45567611 -0.54494071 0.38819799
v -0.4638035 -0.49680433 -0.6281032
v -0.46677965 -0.50990891 -0.62927175
v -0.46105051 -0.5033251 -0.60948014
v -0.453749 -0.5020076 -0.38505748
v -0.4602637 -0.46256071 -0.14794654
v -0.45152298 -0.44155917 -0.10441536
v -0.45618516 -0.45437592 0.32115179
v -0.442711 -0.41715831 0.16563705
v -0.45841831 -0.44812155 0.06645466
v -0.4546501 -0.43082219 0.02430073
v -0.45548162 -0.43335098 0.04507425
v -0.44350067 -0.40081641 0.01817511
v -0.46579969 -0.36819279 -0.33397388
v -0.45466563 -0.3777428 -0.02891656
v -0.45745066 -0.35981122 -0.57070684
v -0.4612636 -0.3665168 -0.01932018
v -0.45771754 -0.35717019 0.53161216
v -0.45460948 -0.33990413 0.22194089
v -0.45665231 -0.32018057 -0.53548497
v -0.46454039 -0.31133026 0.28996626
v -0.45466387 -0.31281745 -0.32278341
v -0.45228812 -0.27534306 0.20941141
v -0.44120023 -0.25327033 0.44663474
v -0.46114051 -0.22994682 -0.38596609
v -0.44985077 -0.24158615 -0.33105418
v -0.47603157 -0.2268694 -0.40997556
v -0.45433697 -0.23851675 -0.34546125
v -0.46452263 -0.2545006 0.21930952
v -0.45385018 -0.22017816 0.3294293
v -0.45374182 -0.19659865 -0.05107799
v -0.46245024 -0.19191004 0.18656363
v -0.46313494 -0.17605038 0.01503527
v -0.44120464 -0.14476727 0.05378078
v -0.46312854 -0.14113367 0.11697875
v -0.44266036 -0.12230377 0.09581037
v -0.43008697 -0.8441534 -0.6275723
v -0.43060243 -0.84825069 -0.58944213
v -0.4197112 -0.83292192 0.53293502
v -0.43743408 -0.78514427 0.51590014
v -0.43384084 -0.78480196 0.60777539
v -0.44349208 -0.59665889 -0.47284028
v -0.44561306 -0.56958443 -0.45089582
v -0.4278962 -0.46611625 -0.59515905
v -0.43226829 -0.44347131 0.10429459
v -0.45866364 -0.47915173 0.32234311
v -0.44677874 -0.45906931 -0.36024371
v -0.44511706 -0.42498755 0.54649431
v -0.4380064 -0.34933758 0.2039824
v -0.43302715 -0.33804002 -0.24621601
v -0.44121835 -0.33999097 -0.03373695
v -0.44306076 -0.3165167 -0.25097784
v -0.45529941 -0.29396608 -0.52027029
v -0.45667201 -0.27562818 -0.4989897
v -0.44839981 -0.28115553 0.26019436
v -0.44470003 -0.2131725 -0.43068954
v -0.4455826 -0.2295126 0.29936182
v -0.45087528 -0.21522693 -0.41313276
v -0.42362863 -0.1386254 0.14627221
v -0.42534661 -0.80077791 -0.64842254
v -0.44973439 -0.70164341 0.49376297
v -0.44020471 -0.71798372 -0.54285675
v -0.4491396 -0.67479539 -0.5226782
v -0.44676256 -0.6418305 -0.62166899
v -0.44048032 -0.63669246 0.47464842
v -0.44000584 -0.63550103 -0.48713493
v -0.44407979 -0.51993555 -0.60437351
v -0.43468696 -0.52264643 -0.41564271
v -0.43558434 -0.52113289 0.37346035
v -0.42290008 -0.48617488 0.55330324
v -0.45105824 -0.48253053 -0.35870427
v -0.43385944 -0.43810663 -0.12657265
v -0.42836171 -0.42668554 0.06269965
v -0.44184196 -0.4148019 -0.22087245
v -0.4408583 -0.37522611 0.52531165
v -0.42404985 -0.39430824 -0.22971305
v -0.43565041 -0.3790057 -0.56360519
v -0.44901228 -0.35003635 -0.55568027
v -0.44794551 -0.33456534 -0.25605023
v -0.44693494 -0.31756148 0.27910712
v -0.43937719 -0.27914739 -0.01589149
v -0.45332888 -0.27413747 -0.51675618
v -0.43280503 -0.27672482 -0.02213895
v -0.43985203 -0.2587699 0.28000593
v -0.42256385 -0.26846457 0.46748149
v -0.44189757 -0.23374294 -0.46216956
v -0.43674833 -0.24583367 -0.32340133
v -0.42638105 -0.2572746 -0.24351299
v -0.44606203 -0.19142608 0.0151388
v -0.42451546 -0.23895772 0.20451924
v -0.44752428 -0.20748425 0.39087865
v -0.44579655 -0.20743276 -0.38851219
v -0.45147553 -0.22604921 -0.36258304
v -0.450697 -0.20839025 0.34479037
v -0.46327752 -0.20076719 0.32678637
v -0.43870634 -0.20709182 0.30590382
v -0.43420103 -0.2034011 0.18662842
v -0.43936843 -0.15537848 -0.06877219
v -0.43390945 -0.16101009 0.02198958
v -0.44654971 -0.15506893 0.03402214
v -0.43999171 -0.14010757 -0.09330588
v -0.43611091 -0.13166721 -0.16692042
v -0.42135319 -0.8584339 -0.61221862
v -0.41835421 -0.85796547 0.58270735
v -0.43597722 -0.79649591 -0.55795789
v -0.42196295 -0.76565182 -0.56445312
v -0.43321398 -0.71823597 -0.63424671
v -0.43859568 -0.63411224 -0.51460171
v -0.44431633 -0.63532025 -0.50551414
v -0.43632254 -0.69130158 0.51156074
v -0.43514115 -0.63805497 0.45928344
v -0.43188301 -0.60325068 0.44865465
v -0.43190539 -0.49839789 0.33486697
v -0.43467337 -0.47631472 -0.36402264
v -0.43659124 -0.45002806 -0.14662236
v -0.43892527 -0.41890058 -0.20028257
v -0.41600129 -0.40288231 -0.07387904
v -0.42396054 -0.38775751 0.28425512
v -0.43059856 -0.34492275 -0.00373606
v -0.43989429 -0.33488885 0.5206964
v -0.4439514 -0.32596874 -0.55353653
v -0.42516261 -0.3187792 -0.30147335
v -0.447198 -0.3138051 -0.306355
v -0.43176267 -0.32557702 0.21156797
v -0.44107682 -0.30347842 0.50071692
v -0.44001928 -0.29373628 -0.52970177
v -0.43325302 -0.3213492 -0.55223083
v -0.45431042 -0.2802532 0.49074462
v -0.43373731 -0.29328859 -0.30551726
v -0.4165656 -0.29597002 0.49425554
v -0.43571746 -0.27539974 -0.30395442
v -0.43433344 -0.27183285 -0.50514972
v -0.42423806 -0.24653862 -0.03055969
v -0.43359956 -0.23194212 -0.24404317
v -0.43834269 -0.21754491 -0.34128335
v -0.42409524 -0.20144893 0.40943062
v -0.45334521 -0.20245212 -0.3651402
v -0.43302426 -0.1895023 -0.41255489
v -0.4270688 -0.19204909 -0.22470601
v -0.43402994 -0.18033436 0.32934138
v -0.42829672 -0.17952795 0.1808667
v -0.41612047 -0.11031188 0.11732022
v -0.42691264 -0.11467105 -0.14383236
v -0.4007684 -0.86777711 0.55853665
v -0.405711 -0.84394294 0.60171908
v -0.40430549 -0.84319347 -0.57726759
v -0.42023051 -0.75125521 0.53038943
v -0.42392328 -0.76248264 0.6013186
v -0.43081972 -0.70862585 0.5856117
v -0.43486613 -0.68357575 -0.54569578
v -0.43003973 -0.65834081 -0.60329407
v -0.43128309 -0.673141 0.56869882
v -0.42575881 -0.61173326 0.5464108
v -0.43519273 -0.60848922 -0.49630004
v -0.42564297 -0.5851652 -0.467051
v -0.42080325 -0.56145364 0.42743716
v -0.4227275 -0.53890848 0.54853141
v -0.42864823 -0.56671077 -0.59584177
v -0.42296663 -0.52533007 -0.39979446
v -0.42468023 -0.50589997 -0.38035074
v -0.41010377 -0.45874223 0.32268044
v -0.42484006 -0.42965251 -0.16106761
v -0.39499336 -0.40823215 -0.11052871
v -0.41558698 -0.42117104 0.13333762
v -0.42341831 -0.40762895 -0.33490229
v -0.43293038 -0.40916961 0.18251176
v -0.41327086 -0.36983153 -0.31256041
v -0.43205601 -0.357485 0.26778159
v -0.42779967 -0.34702879 -0.54952741
v -0.41967651 -0.31953278 -0.02987768
v -0.4100835 -0.30882511 -0.01439833
v -0.40795925 -0.29583153 -0.25027546
v -0.4186154 -0.29107592 -0.52225101
v -0.43063551 -0.30031246 0.2678569
v -0.40406987 -0.2524358 -0.49854887
v -0.41662657 -0.2442849 -0.00998261
v -0.40938956 -0.22432229 0.20126258
v -0.43132025 -0.20213082 -0.44052982
v -0.43855974 -0.1852442 -0.43757385
v -0.42717898 -0.1812752 -0.37081635
v -0.42979959 -0.17983216 0.36126348
v -0.43348885 -0.17822415 0.39863667
v -0.42383364 -0.1711368 -0.21665329
v -0.44253168 -0.13390549 0.03933043
v -0.43169722 -0.13779645 0.02471911
v -0.4486706 -0.13545686 -0.06529409
v -0.43616188 -0.12448426 0.05737972
v -0.43167776 -0.11796583 -0.08720876
v -0.447624 -0.10452691 0.08607621
v -0.42807537 -0.10802183 -0.11211516
v -0.44448948 -0.10212715 0.09784295
v -0.45101732 -0.09938308 -0.13083328
v -0.44212916 -0.09617919 -0.13860995
v -0.41812053 -0.09509686 -0.15384328
v -0.42977661 -0.0915368 0.09474072
v -0.40035567 -0.85140389 -0.63949311
v -0.40474159 -0.79833716 -0.57502323
v -0.40108311 -0.80235922 -0.63833249
v -0.42817968 -0.64952439 -0.54928362
v -0.42254081 -0.7113654 -0.58030963
v -0.42511001 -0.69313526 0.54410172
v -0.42305109 -0.60821927 0.50261873
v -0.42351195 -0.60106224 -0.51775962
v -0.42291862 -0.62212038 -0.57633734
v -0.4303804 -0.60516614 0.46402356
v -0.42313048 -0.57950759 -0.48581341
v -0.4242447 -0.56181449 -0.46193752
v -0.39937252 -0.52697039 -0.45229051
v -0.41727054 -0.52603853 0.36604327
v -0.41716272 -0.45121962 -0.36164999
v -0.41044733 -0.42323476 -0.56819111
v -0.4030149 -0.44101602 0.53353995
v -0.42169333 -0.44616753 -0.14985362
v -0.41809615 -0.42643929 0.30967984
v -0.40326205 -0.41271159 -0.17043173
v -0.41590536 -0.37620029 -0.05478631
v -0.39520937 -0.38830957 0.18406452
v -0.40826812 -0.37566206 0.01652217
v -0.41681346 -0.33169296 0.25190267
v -0.42333132 -0.25800326 0.26895034
v -0.40051055 -0.25904709 -0.29817978
v -0.41398448 -0.24793074 -0.30686843
v -0.41003233 -0.18784182 -0.04425133
v -0.39198563 -0.19570394 -0.00469125
v -0.4237414 -0.16791949 -0.43056905
v -0.41568393 -0.15717225 -0.20915636
v -0.41693255 -0.15930432 0.1737012
v -0.40607274 -0.14818236 -0.05763631
v -0.4062151 -0.13186249 -0.05811349
v -0.41460636 -0.73863173 0.5702424
v -0.41588104 -0.73223048 -0.6087172
v -0.41163215 -0.57264608 0.46128282
v -0.41270852 -0.5856517 0.44559908
v -0.41088501 -0.51861686 0.39121714
v -0.41585374 -0.53036135 -0.58355063
v -0.40744865 -0.51660419 -0.42631337
v -0.41271952 -0.53134656 -0.41310063
v -0.400996 -0.42009771 0.52407026
v -0.3982926 -0.38214111 -0.21409465
v -0.41440457 -0.39800426 0.02894214
v -0.3970212 -0.4146083 -0.33500832
v -0.4000296 -0.36690998 0.5038467
v -0.39425254 -0.37097886 0.26563749
v -0.39247307 -0.36423865 -0.22717589
v -0.4123815 -0.33214515 0.49837518
v -0.38101581 -0.35055566 0.18773505
v -0.39450401 -0.31311679 -0.52432269
v -0.40527096 -0.3046087 0.20777151
v -0.40151161 -0.29687929 -0.01981308
v -0.39765668 -0.26824683 -0.50709355
v -0.41179886 -0.24712032 -0.01974054
v -0.40246433 -0.24990799 0.45973998
v -0.40003878 -0.2222854 -0.24117912
v -0.402493 -0.24099442 0.25911772
v -0.39552379 -0.22182988 -0.48087376
v -0.38185516 -0.22953255 -0.02824482
v -0.40988368 -0.18783033 -0.33445755
v -0.40777108 -0.18039146 -0.43501368
v -0.40369394 -0.17333271 -0.3389169
v -0.40841919 -0.16376697 0.32401487
v -0.40816316 -0.14197215 -0.41987893
v -0.41028646 -0.14944784 -0.3894836
v -0.41379938 -0.16125895 0.384431
v -0.41176727 -0.13334903 -0.19107598
v -0.42092416 -0.14624648 0.18236661
v -0.4138577 -0.14046043 0.15708379
v -0.39705446 -0.11551993 0.15022007
v -0.39351666 -0.10654367 0.04036086
v -0.40983352 -0.09805154 0.06959438
v -0.40662795 -0.09155489 0.12181962
v -0.39150447 -0.08249967 -0.12005242
v -0.40314445 -0.82131213 0.5345369
v -0.37221259 -0.85817486 0.60100764
v -0.39346376 -0.82099527 0.60138261
v -0.39872271 -0.7819584 -0.59565967
v -0.39855796 -0.79708463 0.59259582
v -0.41285172 -0.58076602 -0.53384358
v -0.40577573 -0.54480356 -0.55828613
v -0.40773389 -0.55856693 -0.48576677
v -0.41069287 -0.55906796 0.51959741
v -0.41362703 -0.53412455 0.54103982
v -0.40803957 -0.55412787 0.43886149
v -0.4158228 -0.55124521 -0.59939045
v -0.40666878 -0.54680997 -0.58750892
v -0.40706423 -0.5409925 0.55717415
v -0.40665051 -0.53282851 0.55898857
v -0.39969835 -0.50404721 0.55567211
v -0.41007653 -0.48942485 -0.59163445
v -0.39560148 -0.51232338 0.36878306
v -0.39938432 -0.47938135 0.33771333
v -0.39738557 -0.44395861 -0.57654214
v -0.40268517 -0.42535925 -0.14581734
v -0.40905616 -0.43268028 0.31370664
v -0.40826264 -0.43032226 0.10531951
v -0.41051832 -0.39713323 0.1663529
v -0.3949531 -0.40649673 0.28649381
v -0.40401876 -0.34254506 -0.29581347
v -0.40082213 -0.33196214 0.25122279
v -0.40883604 -0.32070649 -0.27663711
v -0.36415794 -0.30621016 -0.24048939
v -0.39748192 -0.29901528 -0.29183397
v -0.40706334 -0.30598459 0.25376266
v -0.39737204 -0.28016621 0.25745901
v -0.39765531 -0.2559751 0.20594059
v -0.38460553 -0.21172452 0.25239643
v -0.4109616 -0.19057164 0.28701711
v -0.38761565 -0.1696272 -0.22764979
v -0.40887147 -0.1602229 0.34496269
v -0.40305281 -0.15095383 -0.42811856
v -0.41294572 -0.14893238 0.36702362
v -0.40601441 -0.1654882 0.39649335
v -0.40061659 -0.15908381 -0.21956766
v -0.41754648 -0.14817265 -0.22232705
v -0.41701248 -0.14432369 0.33212477
v -0.40416548 -0.13254458 0.37289676
v -0.41925907 -0.1371612 -0.2116807
v -0.40894732 -0.13765775 -0.22444294
v -0.40451521 -0.12423285 -0.20085177
v -0.4120844 -0.12999491 0.17579626
v -0.38497946 -0.09934504 0.14092922
v -0.3842299 -0.10259634 -0.18384399
v -0.3876425 -0.8715862 -0.59707218
v -0.39166892 -0.80540526 0.55199379
v -0.39139196 -0.79763943 0.57652217
v -0.39821148 -0.54945898 0.48048893
v -0.40200219 -0.53286314 0.52480668
v -0.39891964 -0.51470745 -0.59001595
v -0.40180197 -0.53734642 0.54868788
v -0.39884934 -0.50617725 -0.39913589
v -0.39830974 -0.4672707 -0.36548913
v -0.38960642 -0.46807778 0.54785383
v -0.39240602 -0.44519016 0.3316254
v -0.40543437 -0.41796115 0.08135626
v -0.38346881 -0.39559183 0.1424481
v -0.4009853 -0.42553401 0.29603174
v -0.39415509 -0.40888217 -0.06585912
v -0.39069504 -0.39558843 -0.08560728
v -0.39490607 -0.40119067 0.05029752
v -0.39310393 -0.40716568 0.02560904
v -0.38825196 -0.30805078 0.47895676
v -0.38995558 -0.27529022 0.47018909
v -0.39983833 -0.24029952 0.20895945
v -0.37761965 -0.22937731 -0.01296948
v -0.39333546 -0.22473438 0.44176403
v -0.38467261 -0.20507157 -0.29813322
v -0.37972146 -0.17995618 0.1985236
v -0.39282906 -0.15243573 0.1791103
v -0.39530334 -0.15251592 0.31899285
v -0.39549705 -0.14997265 0.38715851
v -0.36993712 -0.14506388 0.00679957
v -0.40385324 -0.13007538 0.02113144
v -0.41036847 -0.13366047 0.33707818
v -0.38339648 -0.07759762 -0.13559896
v -0.37883651 -0.88172138 -0.6136772
v -0.38178355 -0.87662178 -0.62532443
v -0.38786426 -0.87279809 0.58862525
v -0.36589566 -0.87016302 0.55444956
v -0.38558891 -0.84593081 -0.64240777
v -0.37459084 -0.84711581 -0.59105033
v -0.38666743 -0.80713993 -0.62110788
v -0.3945497 -0.5444901 -0.4954522
v -0.3877351 -0.52859467 -0.58542383
v -0.3836464 -0.53611106 -0.57206833
v -0.37589705 -0.49064228 0.40595818
v -0.39967683 -0.50579178 0.38819566
v -0.38829434 -0.47572032 -0.5903247
v -0.38609713 -0.43855438 -0.36608875
v -0.37557495 -0.41951686 -0.55822784
v -0.39140984 -0.42702642 0.31169039
v -0.38171414 -0.40378585 -0.12146743
v -0.38989359 -0.40036958 -0.54396093
v -0.37858865 -0.30606976 -0.01130038
v -0.38718984 -0.31912842 -0.28572881
v -0.38425416 -0.28875968 0.24605693
v -0.37746489 -0.30262324 -0.02832015
v -0.40815714 -0.29045969 0.24056487
v -0.39011237 -0.28238168 0.23481195
v -0.38240638 -0.2629512 -0.24968195
v -0.39811096 -0.27228466 0.23758727
v -0.39247078 -0.26180425 0.25484788
v -0.39020485 -0.23327336 0.46778002
v -0.39044943 -0.23318541 0.21557361
v -0.36867723 -0.136636 -0.04584702
v -0.38539004 -0.17791714 0.406174
v -0.38950303 -0.17565726 -0.320631
v -0.39158911 -0.15356934 0.40530729
v -0.38648176 -0.15795836 -0.42548347
v -0.39391488 -0.15618844 -0.31110078
v -0.39201856 -0.14312461 0.28773642
v -0.39093402 -0.16105059 0.26611483
v -0.39737344 -0.1722102 0.28514984
v -0.38427347 -0.1499853 0.30568504
v -0.39146325 -0.14366861 -0.32619178
v -0.39367309 -0.13625546 -0.42025816
v -0.39687845 -0.1306591 -0.40953094
v -0.38789043 -0.14039774 -0.38712019
v -0.37801421 -0.12481623 0.17255959
v -0.38608676 -0.14163911 0.33567551
v -0.38409758 -0.07984922 0.08605616
v -0.36241287 -0.07212412 -0.1588359
v -0.37081614 -0.07651008 0.1184392
v -0.38700911 -0.52427268 -0.54218411
v -0.38419572 -0.53420949 0.53544027
v -0.37449464 -0.49909943 0.42669722
v -0.37647 -0.50735229 0.48580402
v -0.37790185 -0.49520433 -0.58248639
v -0.39105305 -0.48726663 0.3747758
v -0.38176453 -0.45669624 -0.38831055
v -0.3794091 -0.45884895 0.35764769
v -0.37870207 -0.43570805 0.53013641
v -0.38488492 -0.41917109 0.11133212
v -0.37199244 -0.40195638 -0.15524448
v -0.37131014 -0.40361249 0.10951333
v -0.35506779 -0.38601977 -0.17731309
v -0.38422319 -0.40192911 -0.3112219
v -0.37602174 -0.39579663 0.26614425
v -0.38353571 -0.38188353 -0.06574092
v -0.37756521 -0.37032169 0.17386019
v -0.37557721 -0.38225514 -0.22149864
v -0.37194541 -0.34047908 -0.04478449
v -0.38635316 -0.36698943 0.01777061
v -0.37596232 -0.31630921 0.23845574
v -0.37813592 -0.25769138 -0.27720842
v -0.38192001 -0.26268834 0.24528643
v -0.38553569 -0.25350675 -0.51502341
v -0.38160983 -0.26396388 -0.50250334
v -0.39148143 -0.25224811 0.47733551
v -0.39060435 -0.24339396 -0.51289016
v -0.38906616 -0.24836226 0.21614785
v -0.38985911 -0.24769473 0.22452581
v -0.3761155 -0.245885 0.24320082
v -0.36890891 -0.23487596 -0.01947496
v -0.36374682 -0.2164025 0.21115251
v -0.36768055 -0.19979626 -0.4690268
v -0.36212122 -0.21651769 -0.25021046
v -0.3615993 -0.1624599 -0.0354961
v -0.36209911 -0.17802399 -0.45592472
v -0.37452349 -0.1778902 0.25531819
v -0.37077469 -0.20441587 0.43213198
v -0.37504247 -0.13880254 -0.21597783
v -0.38301 -0.14334287 -0.40503794
v -0.38237873 -0.12988962 -0.04294053
v -0.38191715 -0.12478316 0.00303262
v -0.37932178 -0.12625799 -0.21492237
v -0.36867356 -0.09880087 -0.07305834
v -0.35710555 -0.09092497 0.03259211
v -0.37296021 -0.08491582 0.06017265
v -0.35663092 -0.89079547 0.5720222
v -0.3558121 -0.87779588 -0.59907764
v -0.35203359 -0.86834091 -0.6310513
v -0.37033182 -0.83710223 -0.60282481
v -0.36082372 -0.85320371 0.5629248
v -0.37296838 -0.51798922 0.52010518
v -0.37551388 -0.49894056 -0.45562381
v -0.36927313 -0.46662742 0.5290283
v -0.37515074 -0.44142395 0.34293762
v -0.37204453 -0.43963602 0.3208344
v -0.37196264 -0.4310593 -0.34800696
v -0.37135109 -0.46291602 -0.57800752
v -0.38171056 -0.40955642 0.29677203
v -0.36761731 -0.39947569 0.07069105
v -0.37418041 -0.39430144 0.49090412
v -0.3708376 -0.39999279 -0.10377045
v -0.37475303 -0.38270131 0.03552466
v -0.37043819 -0.37651208 -0.20336786
v -0.36024383 -0.36124754 -0.29428279
v -0.37024382 -0.37249744 -0.06776454
v -0.36872974 -0.35865456 -0.22152494
v -0.37100857 -0.30450195 -0.52294827
v -0.3767623 -0.27828467 -0.50638109
v -0.36275166 -0.26972505 -0.27763456
v -0.37447757 -0.27004993 -0.02444577
v -0.37879056 -0.26642188 -0.01601371
v -0.33783931 -0.26944691 0.2084613
v -0.374033 -0.25223199 0.24079326
v -0.37643439 -0.26185086 0.46430853
v -0.36922848 -0.24257497 0.4688957
v -0.36608157 -0.23534654 -0.28307161
v -0.37322226 -0.23893324 -0.26084191
v -0.36716148 -0.2534315 0.21019492
v -0.38122997 -0.24759406 0.2164793
v -0.36776039 -0.24247697 0.21500115
v -0.37180993 -0.23738341 0.23277713
v -0.38050312 -0.22813103 0.4652842
v -0.36790743 -0.2370111 0.24175248
v -0.36858061 -0.22582527 -0.50211555
v -0.37920409 -0.19541574 -0.29046112
v -0.36798382 -0.16035691 -0.43935931
v -0.37150937 -0.1682412 -0.29656103
v -0.32658333 -0.13176596 -0.00243374
v -0.37210518 -0.16331625 0.39892256
v -0.36595601 -0.13950224 -0.344706
v -0.37840882 -0.14817838 0.38391343
v -0.38010377 -0.13810177 -0.37129062
v -0.35496566 -0.13521831 0.18128721
v -0.38201568 -0.13620535 0.35923448
v -0.3658312 -0.10654134 -0.04816706
v -0.37866369 -0.06889843 0.06928751
v -0.34966955 -0.88911819 0.5902397
v -0.36515132 -0.51235205 -0.54793316
v -0.3656171 -0.49596655 -0.50028282
v -0.36849296 -0.49809048 0.46337843
v -0.36637935 -0.47487193 -0.433487
v -0.35097235 -0.43990356 0.3775104
v -0.35337856 -0.40068528 -0.53637314
v -0.36275524 -0.40037128 0.50290853
v -0.36436796 -0.39614978 -0.52202058
v -0.35326061 -0.36199573 0.46391207
v -0.36711285 -0.34862202 0.47639233
v -0.36258349 -0.35589865 -0.51187038
v -0.35305244 -0.31313431 -0.26859987
v -0.365118 -0.31678596 -0.51043773
v -0.35878044 -0.2669664 -0.24846937
v -0.36521804 -0.25857356 0.2407144
v -0.36644927 -0.24848568 -0.25263032
v -0.3707352 -0.24967651 0.23257245
v -0.35393137 -0.22256546 0.23566027
v -0.35835484 -0.20251571 -0.28655615
v -0.37383246 -0.1840487 -0.2788696
v -0.365013 -0.14232104 0.2559303
v -0.34420517 -0.1168248 -0.39741591
v -0.35910538 -0.12582883 -0.33941931
v -0.37338784 -0.12812705 0.29354799
v -0.34235746 -0.11748122 0.35963365
v -0.38398892 -0.12500526 -0.36004746
v -0.38152802 -0.11971734 -0.36984348
v -0.35799906 -0.12578593 0.30057886
v -0.34538907 -0.10749649 -0.20975545
v -0.35779443 -0.10620567 0.01469832
v -0.35011321 -0.08088747 -0.17815615
v -0.37925777 -0.0826856 -0.10616296
v -0.37043124 -0.06387428 -0.11451098
v -0.35076776 -0.88453859 -0.63205236
v -0.34777734 -0.88134152 0.56304038
v -0.3439281 -0.87651604 0.59160465
v -0.35324615 -0.85942256 -0.61150259
v -0.36045414 -0.48836592 0.49976504
v -0.36027291 -0.49002963 -0.46572348
v -0.35486254 -0.47543269 -0.47154304
v -0.36337754 -0.49733332 -0.45685372
v -0.35685921 -0.48906282 0.41342962
v -0.35943386 -0.47853145 0.43419707
v -0.35465571 -0.49412417 0.45290118
v -0.35798499 -0.46687204 0.39792144
v -0.35192168 -0.44772512 -0.42343232
v -0.36113381 -0.42657742 -0.37083173
v -0.35303384 -0.42002699 0.50278342
v -0.363747 -0.42074594 0.32550642
v -0.35449439 -0.40000731 -0.33380464
v -0.35364836 -0.38813037 0.27896857
v -0.32289287 -0.37643927 0.07167635
v -0.34809241 -0.37470669 0.45842576
v -0.34959725 -0.37257376 0.26157072
v -0.34929311 -0.35376582 0.24848205
v -0.33190832 -0.3462286 -0.05619708
v -0.3649002 -0.3184664 0.47190511
v -0.34438643 -0.30654392 0.46873122
v -0.36036202 -0.28945228 -0.51740873
v -0.34919164 -0.27270186 -0.01161725
v -0.35188103 -0.28100058 0.22715983
v -0.35183126 -0.2659494 -0.02006326
v -0.34956139 -0.24617296 -0.49068999
v -0.36142865 -0.24924602 0.23730063
v -0.35967863 -0.24487473 -0.26477906
v -0.36516324 -0.24255899 0.23137674
v -0.35929456 -0.23018584 -0.26529279
v -0.34330827 -0.20530944 -0.47286591
v -0.35065684 -0.20365633 0.43912289
v -0.35417831 -0.1825083 0.23637527
v -0.35672054 -0.19119665 -0.28182048
v -0.34593406 -0.17566353 -0.02776885
v -0.34030065 -0.18713371 -0.01851001
v -0.36541933 -0.18744148 0.44293526
v -0.36863473 -0.18143457 0.41789418
v -0.35973611 -0.17514217 0.43258005
v -0.35758162 -0.13744991 -0.29822114
v -0.35849521 -0.12036344 -0.22761856
v -0.3593275 -0.11733741 0.18395279
v -0.34484926 -0.11036926 -0.37038827
v -0.35125336 -0.11481566 -0.35774687
v -0.36191672 -0.09609225 -0.19146042
v -0.35431188 -0.10139827 0.16282532
v -0.3493064 -0.08290082 -0.07880387
v -0.34539285 -0.05508665 -0.12223411
v -0.34250164 -0.0545394 0.05847183
v -0.35812691 -0.05947569 -0.10445514
v -0.34145322 -0.04773811 0.0685216
v -0.33596668 -0.04453316 0.07669467
v -0.33930492 -0.89951932 -0.62148321
v -0.33721077 -0.89485002 -0.60875291
v -0.35477304 -0.4909623 -0.52399975
v -0.34981471 -0.452894 -0.53600514
v -0.35638845 -0.48990262 -0.45156994
v -0.347826 -0.45091969 0.46676543
v -0.34574068 -0.44636962 -0.44269228
v -0.35225797 -0.40272805 0.4925437
v -0.35506892 -0.40813929 0.46851578
v -0.32495379 -0.38056678 0.10514548
v -0.33162382 -0.37598109 -0.30569676
v -0.31942856 -0.37379336 0.13002773
v -0.33491719 -0.35330558 0.02278718
v -0.32580236 -0.33601207 -0.05183062
v -0.35494888 -0.34301287 0.47722933
v -0.34903547 -0.31340379 -0.50666702
v -0.34865424 -0.34481272 -0.51817942
v -0.35344794 -0.33705202 -0.23224071
v -0.32214704 -0.3040897 -0.03271745
v -0.34448799 -0.27261993 -0.02773116
v -0.34566718 -0.27491936 -0.49948433
v -0.34721142 -0.26944402 0.45689726
v -0.34027302 -0.25390232 0.20882186
v -0.33105567 -0.24705806 0.45097113
v -0.36016175 -0.23615703 0.22881486
v -0.3472015 -0.22315671 -0.27033958
v -0.33873564 -0.22475596 0.44875604
v -0.35143769 -0.18938176 -0.48137137
v -0.32793346 -0.20513999 -0.24805553
v -0.35925937 -0.17444785 -0.27683944
v -0.33887756 -0.17425835 0.42049924
v -0.32034034 -0.14549586 0.19268188
v -0.34268486 -0.13079727 -0.21656217
v -0.34968725 -0.13721281 -0.28775075
v -0.34372017 -0.12608697 0.2660948
v -0.35579547 -0.12080977 0.33064646
v -0.32762682 -0.8898083 -0.61855543
v -0.33457053 -0.88094342 0.57970428
v -0.34509179 -0.45873716 -0.49021736
v -0.34995201 -0.44410241 0.4007
v -0.34225118 -0.44043609 0.44186491
v -0.34407222 -0.41694111 -0.52550328
v -0.34011251 -0.41465136 -0.37739021
v -0.32604948 -0.39134601 0.30344394
v -0.3526122 -0.40671587 -0.50734228
v -0.32503924 -0.35977596 -0.07692228
v -0.32188231 -0.34215963 0.16455741
v -0.34174067 -0.34721288 -0.50029486
v -0.34073669 -0.33858043 0.46378514
v -0.31432471 -0.29712936 -0.00640385
v -0.33062369 -0.31442064 0.19157685
v -0.31521982 -0.32167974 0.22414586
v -0.33653247 -0.27664369 -0.24142365
v -0.31939068 -0.28911808 -0.25202185
v -0.33673787 -0.2620858 0.21483758
v -0.32938153 -0.24848169 -0.2457322
v -0.35045224 -0.23014797 -0.2531707
v -0.34863913 -0.2228885 0.21522954
v -0.34115604 -0.1947919 -0.27338916
v -0.33532327 -0.22473352 -0.24931517
v -0.32394266 -0.2238967 0.21739934
v -0.34645575 -0.17933911 -0.4761987
v -0.3177546 -0.14660457 -0.23040214
v -0.33520278 -0.15071756 -0.27975047
v -0.34687975 -0.13344918 0.23943314
v -0.32580778 -0.12329941 -0.29730934
v -0.33429101 -0.10783222 -0.04740471
v -0.34400287 -0.10730472 0.31133574
v -0.36017641 -0.10270099 0.33260691
v -0.34568658 -0.08702182 -0.20277756
v -0.33655956 -0.08876156 -0.03653476
v -0.33965194 -0.07990756 -0.04226852
v -0.34731784 -0.08290505 0.00926408
v -0.35509297 -0.08410328 0.14839275
v -0.32084417 -0.05845522 -0.18764062
v -0.32106367 -0.05796923 0.13984282
v -0.32807869 -0.04718162 0.1152648
v -0.32589424 -0.90298408 0.57805669
v -0.32650474 -0.9012863 0.58948529
v -0.32304376 -0.90051419 -0.624973
v -0.32606772 -0.89250112 0.5852989
v -0.33736023 -0.42308846 -0.4512648
v -0.3248105 -0.40509689 0.39477396
v -0.33807281 -0.41338179 0.41968891
v -0.34304082 -0.39954889 -0.48406652
v -0.33532611 -0.36950299 0.44417125
v -0.31123963 -0.36901417 -0.16732286
v -0.31953585 -0.37519684 -0.10458467
v -0.32753223 -0.33223629 -0.21949761
v -0.31842041 -0.31789088 0.0016159
v -0.32196549 -0.32438886 -0.49779025
v -0.32745314 -0.26166084 -0.25814244
v -0.3358731 -0.23556052 0.20969324
v -0.33733523 -0.18663239 0.42863071
v -0.32753241 -0.17191 -0.45798245
v -0.3149209 -0.12527077 -0.41450772
v -0.2983382 -0.13011411 -0.03070105
v -0.34145248 -0.11246233 0.18462265
v -0.33447036 -0.10114405 -0.34045708
v -0.34103262 -0.09804124 0.16708131
v -0.32527465 -0.09346729 0.31909221
v -0.34191892 -0.07135464 0.15880723
v -0.33713171 -0.07944258 0.16709089
v -0.32190505 -0.04037196 -0.08458731
v -0.32841778 -0.0286226 -0.10158896
v -0.32308376 -0.4074659 -0.415364
v -0.31518713 -0.40125409 0.3695071
v -0.32198235 -0.40325251 0.33957836
v -0.3160035 -0.39906693 -0.36430958
v -0.30741581 -0.37252936 -0.13383679
v -0.30835599 -0.34793639 -0.4758679
v -0.33218506 -0.35606483 0.45795351
v -0.30553958 -0.30759874 -0.22615744
v -0.32864505 -0.28842932 0.45919377
v -0.32110226 -0.26806238 0.45807099
v -0.31852308 -0.2617521 -0.49603295
v -0.31143761 -0.23971707 -0.02617984
v -0.32205263 -0.23784041 -0.01942405
v -0.32140067 -0.22220559 0.21177977
v -0.31586286 -0.19651009 0.20293577
v -0.32466936 -0.18570688 -0.46462241
v -0.32200658 -0.16486336 0.225584
v -0.3211033 -0.12384111 0.18162017
v -0.32110628 -0.10784984 0.36320662
v -0.33673936 -0.12304749 -0.27777389
v -0.33054677 -0.12395246 0.23647806
v -0.32977435 -0.11668307 -0.21158326
v -0.32236654 -0.09391703 -0.38170883
v -0.32894394 -0.10925338 -0.39499599
v -0.32400742 -0.09484787 0.16482249
v -0.32176903 -0.09356701 0.33709911
v -0.32061207 -0.06694417 -0.20531544
v -0.30734131 -0.03765367 -0.16945566
v -0.3106249 -0.04195917 0.01875361
v -0.33542189 -0.02613352 0.06262086
v -0.32136524 -0.38910216 -0.45282987
v -0.32122958 -0.37378484 0.42842263
v -0.31149709 -0.37527213 0.2826916
v -0.31218827 -0.37474567 0.26106417
v -0.30626372 -0.32095578 0.4518117
v -0.30432752 -0.32716513 -0.26600239
v -0.29355225 -0.29856828 -0.25348687
v -0.29506224 -0.27592009 -0.03050344
v -0.31402552 -0.27515984 0.20097859
v -0.3285501 -0.28065166 -0.49685523
v -0.32179663 -0.28482544 -0.24200299
v -0.31627771 -0.26258463 -0.2471268
v -0.30580014 -0.27455544 0.20813462
v -0.30428818 -0.23961021 -0.47879058
v -0.32526481 -0.24046929 -0.25291526
v -0.32195592 -0.20825952 -0.25555837
v -0.29952443 -0.17665365 -0.01956371
v -0.32042724 -0.13911748 0.23784357
v -0.30667102 -0.13266544 0.23412596
v -0.30379656 -0.1127006 0.24361661
v -0.30511713 -0.11101028 0.18026739
v -0.30390522 -0.09282552 0.26898125
v -0.31231382 -0.08261143 -0.20243016
v -0.32007983 -0.09205654 0.00247098
v -0.32095984 -0.08014283 0.16340077
v -0.31910095 -0.0479592 -0.06378468
v -0.31613058 -0.0576112 0.1639715
v -0.31822243 -0.05354134 0.15478463
v -0.31667995 -0.02628816 0.04431716
v -0.31777328 -0.02340365 -0.1217185
v -0.31964582 -0.01968342 0.07415308
v -0.31579506 -0.40160218 -0.39075553
v -0.3083742 -0.39189258 -0.42230612
v -0.29189664 -0.35041952 -0.08750927
v -0.29463941 -0.35748976 0.05788727
v -0.28773853 -0.33472353 0.02612714
v -0.31258181 -0.32560062 0.18435994
v -0.30937248 -0.24126351 -0.0142011
v -0.30223835 -0.20406574 0.43044356
v -0.30613357 -0.18569341 0.43930089
v -0.31357923 -0.16423169 -0.26145241
v -0.30718389 -0.19172071 -0.24313097
v -0.3036418 -0.1593833 0.4105216
v -0.29593566 -0.1522705 -0.44133633
v -0.30994064 -0.1311691 -0.27373898
v -0.3243148 -0.11328489 -0.27500573
v -0.30526945 -0.11711603 0.22596844
v -0.31171834 -0.08671357 0.30552375
v -0.31409916 -0.07358681 -0.02876503
v -0.30481634 -0.05860822 -0.00688774
v -0.29895356 -0.04904334 -0.0362341
v -0.3098315 -0.0632287 0.16710779
v -0.30923891 -0.05392138 -0.20497432
v -0.31282774 -0.00530875 0.05305541
v -0.30318868 -0.40410843 -0.37414208
v -0.29740754 -0.39762995 0.33365113
v -0.28496599 -0.38044158 0.37993941
v -0.29341006 -0.37471074 -0.30451563
v -0.30090645 -0.33016136 0.16495468
v -0.30094784 -0.30814591 -0.00594171
v -0.28081331 -0.27545792 -0.22368953
v -0.30025268 -0.23976 0.43835849
v -0.30339804 -0.21884553 -0.02437698
v -0.29380104 -0.20006034 -0.46499786
v -0.30453011 -0.18745486 0.20792438
v -0.30395985 -0.18109836 -0.4715772
v -0.29189023 -0.17942446 -0.23766391
v -0.28447309 -0.15549091 -0.02057268
v -0.29152107 -0.12722716 -0.23079252
v -0.30945048 -0.10454566 -0.40874803
v -0.2822879 -0.08323011 -0.29771984
v -0.28328189 -0.06541461 -0.33020765
v -0.29740581 -0.08402465 -0.03468826
v -0.30251232 -0.07891025 0.159963
v -0.29263261 -0.07584301 -0.00830534
v -0.29866004 -0.02848001 -0.19133429
v -0.30404574 -0.03378664 0.15579498
v -0.31150085 -0.01528512 -0.06887347
v -0.2987839 -0.00725711 0.10501249
v -0.29375619 -0.00527003 -0.14690314
v -0.30646175 -0.01103003 -0.0834619
v -0.3118051 -0.00154158 -0.09743168
v -0.29547122 0.00818704 0.06243353
v -0.3052721 -0.39369544 0.35314527
v -0.29360238 -0.36680532 -0.44998437
v -0.29018882 -0.38709319 -0.35914895
v -0.28179115 -0.36879531 -0.32186937
v -0.29271275 -0.36497849 -0.1114578
v -0.30015504 -0.37370163 0.07508406
v -0.28781483 -0.35166404 0.42010409
v -0.2833868 -0.35430253 0.11053219
v -0.29022267 -0.34601307 0.24629511
v -0.27993372 -0.31840038 -0.05510024
v -0.28188097 -0.2960242 0.17900628
v -0.2936123 -0.27474409 -0.47978991
v -0.29052931 -0.30738127 0.43967685
v -0.29565224 -0.28004569 -0.00776992
v -0.30060962 -0.26955229 -0.24648812
v -0.30116367 -0.25714388 -0.23994534
v -0.29792339 -0.20369463 -0.01924397
v -0.29311898 -0.17808565 0.19967951
v -0.28403658 -0.13139459 0.21432528
v -0.29534075 -0.15107219 0.19290978
v -0.29469624 -0.12882072 0.20289823
v -0.29494458 -0.12397785 0.38509765
v -0.29153568 -0.11906353 -0.25711358
v -0.28877896 -0.11341659 -0.41540384
v -0.2794753 -0.10213637 -0.27083319
v -0.2811687 -0.13247226 -0.01244008
v -0.27384871 -0.08648005 0.34861666
v -0.29243568 -0.08644702 -0.37655085
v -0.29116991 -0.06101695 -0.19751582
v -0.29725024 -0.03633512 -0.19624627
v -0.29374105 -0.05080851 -0.01616798
v -0.29755658 -0.02360868 -0.0541123
v -0.28906533 -0.0077576 0.12993667
v -0.30635324 -0.00297676 0.04395673
v -0.29513341 0.00222235 -0.06245435
v -0.29087463 0.01668978 -0.11333277
v -0.28244334 0.02421185 -0.07874683
v -0.2970733 0.03088887 0.04883074
v -0.27846071 -0.38475668 -0.37039059
v -0.28074583 -0.38502118 0.33328694
v -0.28216016 -0.37664214 0.30079415
v -0.27914679 -0.3693234 -0.4318316
v -0.26933584 -0.36367983 0.39711314
v -0.27803057 -0.36041307 0.26782522
v -0.2748391 -0.35018057 -0.14789554
v -0.28284481 -0.3488422 -0.1664664
v -0.28210515 -0.32569352 -0.18995705
v -0.27272719 -0.31453544 -0.46580139
v -0.28771162 -0.31048706 0.21840326
v -0.26697448 -0.28757054 0.20873073
v -0.28538787 -0.24579531 0.19901106
v -0.28872055 -0.24561332 -0.24008834
v -0.26659459 -0.22012548 -0.01394923
v -0.2903488 -0.17792188 0.42099109
v -0.2831412 -0.15978579 -0.4480724
v -0.29502192 -0.14930497 0.40837318
v -0.26970455 -0.08429664 -0.21587273
v -0.27625191 -0.10423236 -0.02788836
v -0.28045994 -0.07887444 0.32604423
v -0.29436427 -0.06659507 0.30668706
v -0.2865465 -0.05448428 0.15603228
v -0.29065242 -0.03927626 0.15639557
v -0.29868764 -0.0034267 -7.406E-05
v -0.29280534 -0.01692173 0.15079139
v -0.29098356 -0.00144386 0.0258029
v -0.29009497 -0.00364635 -0.17326882
v -0.28027818 0.03042512 0.07663155
v -0.29041222 0.01563989 0.11241526
v -0.28670961 0.03124145 0.01366467
v -0.2900672 0.02694289 0.032642
v -0.29031458 0.0278315 -0.03792923
v -0.29303238 0.04656719 -0.05840015
v -0.26436409 -0.37750056 -0.39550009
v -0.27952498 -0.3549386 0.07170732
v -0.27541658 -0.35890862 -0.46274409
v -0.27360877 -0.34058985 0.13966201
v -0.27490133 -0.32493681 0.42581198
v -0.26074162 -0.27488741 -0.00248543
v -0.26724029 -0.27114296 0.42903909
v -0.27340642 -0.24197611 -0.47111696
v -0.26473537 -0.20785092 -0.02016942
v -0.27700445 -0.14793141 -0.23770204
v -0.27972177 -0.13846472 -0.45856965
v -0.28462023 -0.13018237 0.41464901
v -0.28087965 -0.14021589 0.42471308
v -0.2716431 -0.10378408 0.19028805
v -0.26885867 -0.0573198 -0.31781161
v -0.26871702 -0.05987069 0.31765917
v -0.27921063 -0.07491483 -0.01996837
v -0.28699961 0.0300153 -0.15176059
v -0.2815991 0.04742737 -0.09752847
v -0.27727559 0.04724567 -0.08007801
v -0.27739081 0.0647084 0.0159871
v -0.29254568 0.05219946 0.02378924
v -0.27839857 0.05357444 0.03539399
v -0.27725038 0.0527133 0.05498778
v -0.27624673 0.05945795 -0.04727027
v -0.25984979 -0.37269348 0.34919617
v -0.26964408 -0.3537699 -0.29702654
v -0.26426816 -0.3303425 -0.27150008
v -0.26147163 -0.33671737 0.02989919
v -0.26839256 -0.33395422 0.2258148
v -0.26672634 -0.35531303 0.41916633
v -0.25727192 -0.28452516 0.16725603
v -0.27123612 -0.3214604 0.21575738
v -0.26330975 -0.27897313 -0.03644209
v -0.26620823 -0.25190574 -0.23709384
v -0.25382733 -0.25943601 0.17599313
v -0.24776833 -0.26206073 -0.46103796
v -0.27805728 -0.23978893 -0.23269106
v -0.26930657 -0.24460277 0.19905673
v -0.27699816 -0.24268021 0.43074021
v -0.26658979 -0.21060193 0.42231947
v -0.27543205 -0.1521332 0.19636951
v -0.26899397 -0.15399243 0.4082315
v -0.25897413 -0.11118416 0.20689109
v -0.27288991 -0.10207796 0.37113726
v -0.27362117 -0.09894715 0.22363223
v -0.26708707 -0.07747013 -0.28163826
v -0.278552 -0.08022121 0.25193375
v -0.26699978 -0.06172816 0.27006185
v -0.25325346 -0.05869433 -0.21008256
v -0.25811481 -0.07185221 0.18029101
v -0.27595866 -0.03998165 -0.18974765
v -0.27864489 -0.03010259 0.14554894
v -0.27928627 -0.01066423 -0.17721325
v -0.27118647 0.00583867 0.12623064
v -0.278512 0.05706656 -0.14575921
v -0.27630743 0.04407106 0.08829265
v -0.27814412 0.05480831 0.10615448
v -0.2734428 0.06235629 -0.11705972
v -0.26508874 0.10397603 -0.0059438
v -0.26084048 -0.38156438 0.37895498
v -0.26009271 -0.38034257 -0.42055631
v -0.25996324 -0.38190317 -0.36055198
v -0.26582393 -0.37931949 0.28538179
v -0.25894696 -0.36984155 0.30041084
v -0.26017308 -0.3535684 -0.43483734
v -0.260943 -0.36754492 -0.33425096
v -0.26429215 -0.37467191 -0.31823614
v -0.24713884 -0.34042716 -0.11497588
v -0.26185721 -0.33707085 -0.06695706
v -0.26199672 -0.34485263 -0.17398113
v -0.23941977 -0.30447674 -0.18828112
v -0.23964405 -0.30497912 0.02101772
v -0.24889736 -0.23259282 -0.02810912
v -0.26293716 -0.25969788 -0.21834531
v -0.26524237 -0.22602352 0.19011973
v -0.26210144 -0.21215913 -0.4618462
v -0.26414359 -0.15887119 -0.44628236
v -0.26481843 -0.12387829 0.18883687
v -0.26237085 -0.12607791 -0.24259214
v -0.26067191 -0.13151294 -0.2329452
v -0.26624018 -0.11361606 -0.02008934
v -0.2850886 -0.11219095 -0.24591996
v -0.26207304 -0.10878305 -0.41745749
v -0.26715457 -0.0981492 -0.25107154
v -0.25904548 -0.08513764 0.35221091
v -0.26219237 -0.0467537 -0.28865418
v -0.27026185 -0.06203602 0.25200334
v -0.25819531 -0.03502607 0.16508038
v -0.27024427 -0.00481938 -0.17240685
v -0.27104878 0.03515747 -0.15447089
v -0.26523167 0.07099074 -0.14050904
v -0.27064073 0.07735916 -0.06046544
v -0.26295757 0.09622266 0.06557639
v -0.26455989 0.06981012 0.10066855
v -0.2550728 0.12543707 -0.09179685
v -0.25598687 0.12017293 0.00881306
v -0.2537773 -0.3720817 0.3169705
v -0.24171521 -0.36767173 -0.34809887
v -0.25986668 -0.33787188 -0.08883393
v -0.25130486 -0.34147742 0.13584684
v -0.25974709 -0.35065758 0.2525216
v -0.25372842 -0.33770913 0.4051002
v -0.26131499 -0.31960881 0.22551392
v -0.24600977 -0.31526819 -0.06430446
v -0.24685611 -0.30674931 -0.45223063
v -0.25360537 -0.24369615 -0.47645929
v -0.25491062 -0.24362917 0.43683824
v -0.25394145 -0.21443729 -0.22373815
v -0.25970182 -0.22113092 -0.23140937
v -0.24394985 -0.2256223 0.42738482
v -0.22160566 -0.16955177 0.4042156
v -0.24369064 -0.13290733 0.39317524
v -0.25990552 -0.11891566 0.40058041
v -0.26221648 -0.08522115 -0.38980588
v -0.26161456 -0.08028744 0.22370571
v -0.26114878 -0.07191411 -0.40249711
v -0.26440033 -0.07289501 -0.37819198
v -0.24221794 -0.01847136 -0.21396789
v -0.26333708 0.03787206 -0.15978001
v -0.26360863 0.04040813 0.11786353
v -0.25754538 0.11126 -0.04310183
v -0.23323689 -0.36205184 0.33631083
v -0.24697721 -0.3546499 -0.31670007
v -0.24462415 -0.35606983 0.28243285
v -0.24711762 -0.33788088 -0.27027184
v -0.23614646 -0.3238771 -0.16669989
v -0.23179793 -0.32143006 0.11552423
v -0.23265117 -0.33145356 0.2337971
v -0.24981199 -0.33503336 0.05501098
v -0.22929333 -0.29505932 0.14485404
v -0.2432892 -0.25420389 0.41935065
v -0.2353982 -0.26507843 0.19577636
v -0.24801135 -0.12686358 -0.43193576
v -0.24555691 -0.11464645 0.19136669
v -0.24932045 -0.10987172 0.18576942
v -0.23677646 -0.10661048 -0.23215763
v -0.2416482 -0.10664196 -0.22400276
v -0.24254307 -0.06217085 -0.25948989
v -0.25113106 -0.06562915 0.32963976
v -0.25721663 -0.0649966 0.3583084
v -0.23872194 -0.04921961 0.22551282
v -0.2557528 -0.05591236 -0.37598526
v -0.25175264 -0.06116709 -0.34228417
v -0.24342251 -0.04751026 -0.30585709
v -0.25114727 -0.02970332 -0.28248507
v -0.23400582 -0.04131268 0.26569831
v -0.25114366 -0.02712277 0.24412943
v -0.24716958 -0.01125582 0.1681339
v -0.23948959 0.05983328 0.15813962
v -0.25123689 0.11631577 -0.13044329
v -0.24625842 0.12742393 0.07333957
v -0.24602968 0.13803856 0.0321914
v -0.24913749 0.13606952 0.05112148
v -0.25428793 0.13987352 -0.03194745
v -0.24343339 -0.35168925 -0.41135165
v -0.2368861 -0.36251757 -0.38424984
v -0.24164891 -0.35086232 0.3720668
v -0.2331561 -0.34551075 -0.28240874
v -0.22780958 -0.33171332 -0.11182132
v -0.23125215 -0.33121559 0.09326977
v -0.23693441 -0.28730279 -0.24325915
v -0.22689828 -0.32799557 0.39178696
v -0.20610443 -0.28627664 0.01837936
v -0.22685929 -0.23709139 -0.01242289
v -0.24843381 -0.22069277 0.18377036
v -0.23283973 -0.22167592 -0.46615687
v -0.23040469 -0.1061307 0.37596041
v -0.24254131 -0.07684124 -0.23545291
v -0.2451542 -0.06756887 0.20999408
v -0.23630986 -0.07082667 -0.38154104
v -0.23701403 -0.07854171 0.35108337
v -0.23566006 -0.04677382 -0.36800516
v -0.22952992 -0.04441452 0.3071956
v -0.24099305 0.00438727 0.17703316
v -0.24271759 0.05264186 -0.20023443
v -0.24553098 0.11679061 0.108504
v -0.22872916 0.18031316 -0.03477424
v -0.23784259 -0.3709006 0.31293115
v -0.20781823 -0.35090932 -0.33668447
v -0.20413025 -0.338689 0.27757636
v -0.22081155 -0.30060902 0.21094857
v -0.22428225 -0.28756952 0.40834579
v -0.211354 -0.25195661 -0.44794255
v -0.18554133 -0.25094134 -0.19335414
v -0.2039887 -0.25218862 0.18388098
v -0.21874171 -0.2555989 0.16454388
v -0.23387165 -0.21887963 0.18212491
v -0.23162046 -0.21695413 -0.22314884
v -0.23548056 -0.20470139 -0.01438403
v -0.23484874 -0.2113921 -0.46030936
v -0.22656584 -0.21139598 -0.02787823
v -0.22704038 -0.18869759 -0.01954986
v -0.23308788 -0.2122357 0.41745597
v -0.23583701 -0.08871913 0.19279107
v -0.22758563 -0.09107737 -0.22787464
v -0.24099644 -0.05870884 0.35028511
v -0.2394124 -0.02491545 -0.22525215
v -0.2402093 -0.02195421 0.18332992
v -0.2323156 -0.02901102 0.21881585
v -0.23260972 -0.04586943 0.33548945
v -0.2192173 -0.01155512 -0.28602645
v -0.23818833 -0.00927105 -0.27417412
v -0.23506105 -0.01509719 -0.24822706
v -0.24275234 -0.02056428 0.2079761
v -0.23968463 -0.00934374 0.23204936
v -0.23053166 -0.00497183 0.21439615
v -0.23878556 0.06321771 0.17839925
v -0.23148525 0.09605332 -0.19294126
v -0.23174922 0.11991281 0.12652771
v -0.21577129 -0.31444007 -0.26413789
v -0.20586219 -0.25740176 -0.0383638
v -0.22112922 -0.22120063 -0.45086813
v -0.23080975 -0.21030134 -0.21530439
v -0.23366219 -0.21284789 0.17766844
v -0.21595742 -0.16668585 -0.44090399
v -0.22362952 -0.11506414 -0.41960841
v -0.23163901 -0.06613197 -0.22372079
v -0.21888873 -0.03435428 -0.33380398
v -0.22316749 -0.03407541 0.32360893
v -0.22447871 -0.01567769 0.24581309
v -0.23162933 0.0015372 -0.27418306
v -0.22904958 0.05949849 -0.23466243
v -0.22048956 0.02851785 -0.26116809
v -0.22031991 0.06434523 0.19832106
v -0.23814368 0.07148256 -0.21673439
v -0.2291286 0.09129782 0.16191509
v -0.23248477 0.08111479 0.19300526
v -0.19951212 0.16616823 -0.18018904
v -0.21019891 0.17488773 -0.1431085
v -0.20986605 0.19046365 -0.11168553
v -0.221285 0.172479 0.07458653
v -0.22225645 0.19403788 -0.05116287
v -0.2238382 0.17935562 0.0249495
v -0.19415191 -0.34417915 -0.36450768
v -0.1981447 -0.34840521 0.31874317
v -0.21355759 -0.33515775 -0.29960138
v -0.21195066 -0.31490317 -0.4268074
v -0.20533103 -0.32138655 0.38126066
v -0.17944214 -0.30437669 -0.08521733
v -0.20728485 -0.28351009 -0.43924189
v -0.20298037 -0.26605067 -0.2323148
v -0.22148879 -0.23755236 0.41320813
v -0.21015823 -0.27355516 0.19102076
v -0.18576191 -0.23433849 -0.19959982
v -0.19685915 -0.24619228 -0.0260658
v -0.2213122 -0.21246496 0.42942289
v -0.21556041 -0.19970611 -0.22047594
v -0.2175867 -0.19378339 -0.01953044
v -0.21996386 -0.18125063 -0.21555215
v -0.22216319 -0.1927148 -0.0203688
v -0.21851727 -0.05757732 0.33647603
v -0.21955152 -0.03746756 -0.36222708
v -0.2206676 -0.02960094 -0.35282218
v -0.22056942 0.01309298 0.23594098
v -0.22281115 0.10096836 -0.2261609
v -0.22978839 0.09072231 0.19112609
v -0.21079785 0.15204743 0.13396694
v -0.20925832 0.17018902 0.10231543
v -0.22367506 0.18568185 0.04382029
v -0.18112737 -0.33075288 0.26784873
v -0.19853403 -0.31088376 -0.14455311
v -0.19955955 -0.31456393 0.23032112
v -0.20528364 -0.30968276 -0.16717723
v -0.2136173 -0.28681073 -0.23492204
v -0.1926702 -0.25969732 -8.994E-05
v -0.18122888 -0.2722666 0.39791372
v -0.20397708 -0.22738224 0.16399841
v -0.2073772 -0.18396653 0.17827331
v -0.21291016 -0.20980296 0.40975267
v -0.21147828 -0.20593438 -0.46328893
v -0.20231926 -0.18769363 -0.20859796
v -0.21128134 -0.23106167 -0.01877843
v -0.20706019 -0.18344344 0.16923061
v -0.22188929 -0.1847375 0.17645282
v -0.20798174 -0.1883011 -0.45994934
v -0.21381071 -0.18752259 0.42250472
v -0.21937263 -0.17762306 -0.01766615
v -0.20071411 -0.13059103 -0.42636099
v -0.20955232 -0.1259988 0.38663691
v -0.20578648 -0.09261199 -0.40471619
v -0.21681511 -0.10182627 0.37554669
v -0.20825793 -0.00939455 0.30837733
v -0.20160384 -0.00197004 -0.32260028
v -0.21244952 0.06495807 0.21288848
v -0.20423386 0.06292553 -0.27921283
v -0.20790645 0.11851113 0.18464223
v -0.2043068 0.09350479 0.21404022
v -0.19905362 0.14349788 -0.21181011
v -0.20814709 0.19241841 0.05809584
v -0.2122467 0.21302554 -0.03133987
v -0.18264371 -0.33461538 -0.37716007
v -0.18917738 -0.32061881 -0.40488043
v -0.1753365 -0.31042835 -0.27210385
v -0.19765182 -0.31748724 0.07695632
v -0.18805087 -0.30782855 0.05395328
v -0.17849235 -0.28980741 0.12344517
v -0.16769513 -0.2418091 -0.21499205
v -0.1891475 -0.24456239 -0.01474664
v -0.20100462 -0.20422687 -0.44298145
v -0.2037923 -0.19468771 0.41902569
v -0.19210333 -0.18106247 -0.01932351
v -0.20644771 -0.17408426 -0.02592621
v -0.204625 -0.10661709 -0.43088004
v -0.20255432 -0.10783224 0.3936936
v -0.19310799 -0.03362998 -0.35325953
v -0.19137453 -0.02315069 0.31113857
v -0.20375097 -0.01149436 0.28144401
v -0.20301802 -0.00773949 -0.34723809
v -0.19861604 0.01878408 0.29465213
v -0.19583067 0.03340356 0.26928794
v -0.20167722 0.068153 0.24545828
v -0.21071924 0.07941805 0.22935772
v -0.20117374 0.17269403 0.11696645
v -0.20903207 0.19153041 0.07620039
v -0.20340247 0.2124998 -0.12000709
v -0.20889403 0.2072085 0.02246026
v -0.18627869 0.24022816 -0.04969639
v -0.18770175 -0.3374956 0.34207016
v -0.1839207 -0.31889042 0.36509746
v -0.1947446 -0.31259868 -0.42796597
v -0.17306016 -0.30174667 0.09772272
v -0.19226888 -0.28925037 -0.25058755
v -0.16845064 -0.23717982 0.15522578
v -0.18924271 -0.21441017 0.17434573
v -0.18607719 -0.20341048 -0.20830597
v -0.19280896 -0.19149631 -0.44460553
v -0.18876044 -0.17231175 0.41004518
v -0.18838643 -0.14672787 0.39500928
v -0.19256093 -0.17318749 -0.44844019
v -0.18567494 -0.06291791 -0.38853505
v -0.18849729 -0.07417376 0.35938799
v -0.1685393 -0.04115418 -0.37227914
v -0.19544476 0.02272241 -0.33439019
v -0.19057091 0.04130889 -0.31672266
v -0.17047924 0.12341456 0.24213026
v -0.16652268 0.14196739 -0.27452084
v -0.18918727 0.16347232 0.15905045
v -0.17870951 0.15681651 0.18943296
v -0.19878507 0.19130638 0.10644199
v -0.19663274 0.20865938 0.04977352
v -0.18937026 0.2299248 0.07553084
v -0.18134436 -0.34892479 -0.34605268
v -0.17622143 -0.34530312 -0.31958827
v -0.17989457 -0.31190184 -0.10959556
v -0.18138972 -0.29779792 -0.42036974
v -0.18665507 -0.29383415 -0.16243277
v -0.16585319 -0.25632909 -0.05017857
v -0.13825756 -0.28063253 -0.07754221
v -0.17713448 -0.23517025 0.17552899
v -0.19468416 -0.19580422 0.40258488
v -0.17919937 -0.17191346 -0.43871054
v -0.1870757 -0.15838286 -0.01333145
v -0.18449005 -0.14504434 -0.01984871
v -0.18479624 -0.16254368 -0.02502264
v -0.18684405 -0.12333386 0.38273832
v -0.17563845 -0.10784929 -0.41114122
v -0.1779532 -0.07747493 -0.40952018
v -0.18495938 -0.08861103 0.37879851
v -0.17070368 -0.04468492 0.33775157
v -0.18913773 0.0425958 0.28469014
v -0.19773011 0.074075 -0.30592316
v -0.19656381 0.07035249 0.26823145
v -0.19261101 0.06545384 -0.31635937
v -0.1769928 0.11511786 -0.28719506
v -0.1855765 0.09216118 0.24613793
v -0.19755223 0.17797029 -0.20195584
v -0.18214799 0.19240177 0.12426926
v -0.17765652 0.21575497 0.09775876
v -0.19200389 0.21679583 -0.10261533
v -0.17701362 0.25211307 -0.03287414
v -0.18066351 0.2592662 0.01008149
v -0.17050299 -0.33528531 -0.35796678
v -0.17960221 -0.34676123 0.29826942
v -0.15672319 -0.32654664 -0.31089577
v -0.16865152 -0.33205497 0.35328132
v -0.16100529 -0.28458855 0.21075577
v -0.16462573 -0.27713475 -0.4271743
v -0.14718063 -0.23937163 -0.43426269
v -0.17696014 -0.2249673 0.16272192
v -0.18583141 -0.19756207 -0.43739611
v -0.16725931 -0.18927136 0.16835342
v -0.16065842 -0.16382597 0.38659689
v -0.18321145 -0.14924085 -0.43432346
v -0.17499276 -0.10241946 0.36947092
v -0.18380906 -0.0190719 -0.34712416
v -0.18300122 0.00934583 0.29668599
v -0.179452 0.03667 -0.32813501
v -0.17008269 0.05612711 0.29329285
v -0.18114516 0.07856714 -0.33245417
v -0.18465337 0.09183319 -0.32296824
v -0.18135725 0.10458009 0.26379865
v -0.17945489 0.08802502 0.28969628
v -0.18005131 0.12441199 -0.30795112
v -0.17929336 0.18301995 0.17179041
v -0.18135715 0.16401429 -0.21615243
v -0.17410049 0.19737767 0.16321856
v -0.18477273 0.19811933 -0.19761349
v -0.18159677 0.20552458 -0.1861923
v -0.16746883 0.21841124 -0.15991148
v -0.15922266 0.25867498 0.05804515
v -0.18109883 0.24070512 -0.10882378
v -0.15424612 0.27325842 0.02848843
v -0.1624496 -0.33418056 -0.33290315
v -0.16185932 -0.3214229 -0.39715555
v -0.15858543 -0.2961359 0.07443544
v -0.16739839 -0.30422628 0.37934789
v -0.14359014 -0.27161965 -0.15640949
v -0.17243724 -0.23277088 -0.02054216
v -0.14278224 -0.19049104 -0.19996251
v -0.15256795 -0.24216346 0.3976647
v -0.16716702 -0.17797244 -0.43069482
v -0.17931746 -0.18785414 -0.01979858
v -0.16715132 -0.18482977 -0.02472133
v -0.16982228 -0.18874693 -0.01432542
v -0.16169608 -0.1335135 -0.00986116
v -0.17228965 -0.07128831 0.36702523
v -0.15967064 -0.01781049 0.32590336
v -0.16828769 0.10799767 -0.35633039
v -0.16691177 0.11779089 -0.3491331
v -0.16936332 0.11033545 -0.32104313
v -0.17819186 0.16396832 -0.28792825
v -0.1683905 0.17195143 0.18119739
v -0.16993213 0.1923103 -0.20250392
v -0.16668195 0.2043937 0.15211873
v -0.16935445 0.23454553 -0.12808722
v -0.16290334 0.26013684 -0.08893017
v -0.15322025 -0.33439925 0.28955182
v -0.15602611 -0.31560519 0.34225902
v -0.15261313 -0.29922518 0.36336133
v -0.12769774 -0.27938601 -0.11868572
v -0.14648359 -0.29548544 0.05569813
v -0.14242102 -0.30523017 0.23560677
v -0.14127207 -0.28596908 -0.13699281
v -0.12495231 -0.26285571 0.11380923
v -0.15003933 -0.24272336 0.1808314
v -0.1307393 -0.2318477 -0.17870523
v -0.16787666 -0.22388044 -0.0116605
v -0.14260633 -0.21191165 0.15464513
v -0.15357846 -0.21717705 -0.02876332
v -0.12964135 -0.22839114 -0.43194908
v -0.12955724 -0.19626972 -0.00918848
v -0.14791843 -0.15881963 -0.42171937
v -0.15158817 -0.13549438 -0.02475479
v -0.15148069 -0.1216932 -0.01962037
v -0.14641556 -0.11834849 0.37198681
v -0.15447007 -0.07672647 0.35812408
v -0.1595559 -0.05735518 -0.39728424
v -0.14595148 0.00288669 0.32809561
v -0.15760948 0.0738497 -0.33694035
v -0.16675709 0.10901388 0.28467879
v -0.16930453 0.11307274 0.30728215
v -0.17795847 0.14674401 0.2526201
v -0.16733027 0.13563076 -0.30774021
v -0.15639693 0.15483165 0.23231515
v -0.14673291 0.17628235 -0.26768214
v -0.16732106 0.17696446 -0.28540704
v -0.15220429 0.23123142 0.12896493
v -0.16492495 0.22783458 -0.17368205
v -0.14326376 0.27279446 0.07589331
v -0.16162147 0.28406021 -0.05277941
v -0.15694404 -0.32390761 -0.36677641
v -0.13639273 -0.29685119 -0.26607001
v -0.14169586 -0.3001222 -0.39346793
v -0.12090641 -0.27022463 0.04618267
v -0.13286604 -0.22726804 -0.0001725
v -0.14188904 -0.18043105 0.1599648
v -0.12990828 -0.1921204 0.38814259
v -0.11890616 -0.17539127 -0.02650495
v -0.147415 -0.07559475 -0.39541957
v -0.14163125 0.07708081 0.30850241
v -0.15014954 0.02800537 -0.35904893
v -0.14702778 0.09772556 -0.34924388
v -0.1584796 0.09183513 0.31069946
v -0.14954145 0.11826496 0.32451409
v -0.1515191 0.1128591 -0.34540188
v -0.15657227 0.12391967 0.30789018
v -0.15194234 0.10628055 0.29359084
v -0.15428576 0.13013799 0.32904798
v -0.16105065 0.13392378 -0.35741848
v -0.15391833 0.11686571 -0.36542594
v -0.14659925 0.12892771 -0.3122924
v -0.15142709 0.12525561 0.27566737
v -0.16065919 0.13782224 -0.29404411
v -0.15988609 0.15699871 0.25986984
v -0.16112913 0.17702986 0.24052565
v -0.13663845 0.20884331 -0.23298356
v -0.15645643 0.20387533 0.16112211
v -0.15901037 0.21882795 0.14678212
v -0.14466074 0.27552873 0.06211503
v -0.13907924 0.28546712 -0.09651646
v -0.1475953 0.29381758 0.00192808
v -0.14077558 0.30124938 -0.06605046
v -0.1429615 -0.3157905 0.27054122
v -0.13529371 -0.27992836 -0.41039252
v -0.13172352 -0.27441028 0.10615484
v -0.1339224 -0.2546584 -0.42069986
v -0.12595923 -0.22260112 0.14419942
v -0.14686738 -0.27119696 0.38087457
v -0.14900893 -0.22691935 -0.0427095
v -0.12590042 -0.20501646 -0.19006421
v -0.13775173 -0.18100971 0.1699083
v -0.11248516 -0.21414335 -0.21798876
v -0.11422943 -0.15232018 -0.20973197
v -0.15340024 -0.04001071 0.35114938
v -0.15143359 -0.04182615 -0.38903475
v -0.15022957 -0.02607476 -0.37549835
v -0.1397375 -0.01468475 0.3377867
v -0.13666102 0.08531753 -0.34819618
v -0.14606583 0.09827418 0.30777091
v -0.13816403 0.10906377 -0.33857077
v -0.14179575 0.13739043 0.32399222
v -0.15357825 0.14560845 0.24655433
v -0.13966119 0.16354802 0.24094865
v -0.1405008 0.18939191 0.2135769
v -0.14608772 0.1795696 0.2383025
v -0.15063629 0.1645726 0.26441395
v -0.15722035 0.17435524 0.29674372
v -0.1477471 0.1898797 0.27098793
v -0.14617366 0.22878589 -0.18812658
v -0.14465004 0.24969858 -0.16819771
v -0.14239845 0.25192738 -0.15172988
v -0.12004229 -0.30317187 0.32743412
v -0.13499919 -0.28031012 0.21591699
v -0.10319357 -0.25385368 -0.23697041
v -0.13353246 -0.24143557 -0.05042784
v -0.13586931 -0.23012282 0.39341903
v -0.11510985 -0.13354583 -0.01201846
v -0.14067192 -0.06283298 0.35126731
v -0.14023325 -0.03088275 -0.38063133
v -0.13628688 0.1289112 0.32010901
v -0.1257838 0.16335176 -0.30127615
v -0.14079314 0.13863461 0.26426238
v -0.138684 0.12827742 0.28661454
v -0.14155182 0.1598752 0.27742112
v -0.13993852 0.131161 -0.33192322
v -0.14617346 0.18319269 -0.35039216
v -0.14498189 0.14457093 -0.36818135
v -0.14319308 0.16826181 -0.38596037
v -0.15345807 0.18351018 0.31112048
v -0.13362731 0.20595568 0.19498444
v -0.14537553 0.19745706 0.22898485
v -0.1445251 0.20471019 0.29463038
v -0.13685091 0.22793071 0.16169374
v -0.14264567 0.24875449 0.14172262
v -0.1359694 0.30898604 -0.0456746
v -0.09923818 -0.30146414 -0.36111709
v -0.09134813 -0.30066377 -0.30453229
v -0.11096656 -0.29175019 0.23304474
v -0.10797253 -0.27205724 0.06671104
v -0.11246815 -0.26726499 0.08635604
v -0.11807754 -0.25928637 -0.07194301
v -0.09017522 -0.2213297 0.01029252
v -0.10972559 -0.20739067 -0.03243592
v -0.11213228 -0.11613148 -0.02022785
v -0.11131409 0.03227074 -0.3829551
v -0.13726613 0.10958528 0.29915062
v -0.13555658 0.13623063 0.33485621
v -0.13353795 0.15815458 -0.40194237
v -0.13564149 0.17640835 -0.32347229
v -0.13028389 0.18030986 0.3614603
v -0.1357097 0.17329407 0.27230981
v -0.13968132 0.2000116 -0.34451872
v -0.12994473 0.2137997 -0.37869987
v -0.13185111 0.21242467 -0.25629842
v -0.12665272 0.20700127 0.20966923
v -0.13342753 0.20381142 0.27187011
v -0.13811065 0.21893997 0.21924613
v -0.13296019 0.20885378 0.27392882
v -0.12930675 0.21414033 0.30578288
v -0.12931916 0.22262426 0.20630443
v -0.1254655 0.22992495 0.2888912
v -0.13260718 0.23121515 -0.24030875
v -0.12522922 0.23042546 -0.22038744
v -0.12263442 0.27167141 0.1160197
v -0.12235762 0.27053306 -0.16468492
v -0.13110261 0.30064854 0.0459193
v -0.0910179 0.37349162 -0.01424751
v -0.11661744 -0.31169233 -0.3222338
v -0.10477424 -0.30883038 0.30182323
v -0.08564699 -0.19357032 -0.42557254
v -0.1149895 -0.1294696 -0.02548957
v -0.10022967 -0.05881755 -0.39835379
v -0.10269073 -0.06280603 0.357629
v -0.11799689 -0.02654447 -0.38561359
v -0.11364751 0.06662173 -0.37122068
v -0.12781118 0.04260625 0.33098525
v -0.117133 0.10554066 0.32181007
v -0.11292711 0.09378956 -0.36214206
v -0.12111479 0.1103766 -0.36148268
v -0.11889242 0.13284372 -0.39307398
v -0.12680256 0.19191766 -0.4067302
v -0.12533097 0.20262752 0.22268954
v -0.12654091 0.19381593 0.28509548
v -0.12925601 0.20729013 -0.33441556
v -0.10998565 0.20868167 -0.26299948
v -0.13222335 0.21484268 0.32119742
v -0.12656668 0.22919136 0.21702683
v -0.11876307 0.25243041 0.14990525
v -0.10867546 0.28163931 0.1273918
v -0.119477 0.32435539 -0.07400118
v -0.10187685 -0.2834737 -0.25758663
v -0.10294742 -0.27798384 0.35703659
v -0.10110124 -0.26545084 -0.13778397
v -0.09171445 -0.23618312 -0.0577428
v -0.08739097 -0.22070697 0.18199468
v -0.11195818 -0.15042667 -0.19964252
v -0.09243385 -0.18788734 -0.00900123
v -0.11215915 -0.14818315 0.16972868
v -0.10296458 -0.14214441 0.37922442
v -0.10125713 -0.01509292 0.3521359
v -0.10290549 0.07308204 0.34596223
v -0.09353632 0.09236643 0.33174881
v -0.12183923 0.16726694 -0.30752861
v -0.11215474 0.17739926 0.26384816
v -0.11470876 0.16479304 0.37247255
v -0.10566282 0.1868853 0.25265968
v -0.12063871 0.17715326 0.27457929
v -0.10544021 0.17281474 -0.41962472
v -0.11448849 0.21275239 0.21175803
v -0.11802071 0.20168035 0.29421058
v -0.11749422 0.22489172 0.28345928
v -0.11678828 0.23239091 -0.35186678
v -0.11654429 0.21756727 0.30302671
v -0.11058014 0.23580514 0.34862292
v -0.09739068 0.25668848 -0.37410212
v -0.09699556 0.25429404 -0.23113362
v -0.10375334 0.34782857 0.0427215
v -0.09302718 -0.305374 0.27101544
v -0.09995735 -0.26990324 -0.40134802
v -0.07930705 -0.28241572 -0.37967637
v -0.10350238 -0.26657319 0.10016711
v -0.08497975 -0.26613581 0.21008438
v -0.11117212 -0.26216984 -0.08619615
v -0.0999499 -0.2437336 -0.41558781
v -0.10091583 -0.23998894 0.11048703
v -0.0888131 -0.23341033 0.38037178
v -0.07926106 -0.19053133 -0.17529753
v -0.08855193 -0.15158392 -0.42293978
v -0.1054345 -0.15147617 0.15997002
v -0.10649487 0.07081314 -0.39304981
v -0.10054193 0.18664084 -0.31192681
v -0.10444888 0.19001836 0.28439423
v -0.10840093 0.23250981 -0.39984751
v -0.08391184 0.26387793 0.18790077
v -0.10072148 0.205011 0.31723881
v -0.10227991 0.21767777 0.31646827
v -0.0939331 0.22543362 -0.41608807
v -0.10919224 0.21789442 -0.3393856
v -0.10732269 0.22969319 0.31164774
v -0.093188 0.25912967 0.32816643
v -0.09886274 0.29659769 -0.1672755
v -0.10514802 0.32317859 -0.11358487
v -0.09116914 -0.31149524 -0.32766443
v -0.09515143 -0.24251996 0.19117676
v -0.07566007 -0.19918038 0.38609821
v -0.09543234 -0.19679521 0.1459062
v -0.0994814 -0.15755206 0.17058009
v -0.09331245 -0.13387994 -0.20056418
v -0.08837746 0.11315002 0.33922443
v -0.08688426 0.14569643 -0.39988852
v -0.09283127 0.18790542 -0.30360726
v -0.09224288 0.20615384 -0.42165226
v -0.08460671 0.21989705 -0.27259567
v -0.09183521 0.20141394 0.38176635
v -0.08643124 0.23448262 0.21929893
v -0.09234418 0.22535822 0.37476316
v -0.10166272 0.23388733 -0.34987992
v -0.09583992 0.27751109 0.15177993
v -0.09468354 0.32972547 0.08546787
v -0.08647399 0.37139007 -0.07159605
v -0.09958138 -0.30348381 0.33032396
v -0.07014222 -0.28979906 0.25609714
v -0.09181336 -0.24628244 -0.12439584
v -0.09229461 -0.25341356 0.06931741
v -0.09108813 -0.24602176 0.09120291
v -0.06842729 -0.25676528 -0.24004887
v -0.07773817 -0.24511087 -0.0821315
v -0.08768909 -0.23762119 -0.13829102
v -0.06833616 -0.19858469 -0.20426354
v -0.09022724 -0.15237221 -0.20692706
v -0.09170885 -0.12743166 0.16230708
v -0.07976434 -0.09134602 0.37161693
v -0.08515733 -0.0124283 -0.39657176
v -0.09445068 -0.04020557 0.35943764
v -0.08177216 0.00628826 0.35583511
v -0.09903128 0.04728344 0.34683263
v -0.09505805 0.05998107 -0.39421633
v -0.10003692 0.08049384 -0.40274468
v -0.09215035 0.06547323 -0.38099459
v -0.09371086 0.08753517 -0.3938356
v -0.08404674 0.10846789 -0.37359872
v -0.08679933 0.154267 0.36336163
v -0.09733442 0.19626652 -0.33297902
v -0.0962257 0.20341513 -0.36496684
v -0.07424197 0.26579261 0.35180557
v -0.08981898 0.25284117 -0.35869703
v -0.06347052 0.3538073 0.12627761
v -0.09556854 0.35733554 -0.08614995
v -0.10253067 0.35819322 0.06343085
v -0.0979827 0.36584079 -0.10379402
v -0.09494253 0.38064489 0.04731655
v -0.07394139 -0.29799613 0.29124394
v -0.07819936 -0.28676701 0.33345646
v -0.07488387 -0.27997005 -0.26904485
v -0.07997733 -0.27845925 0.2266522
v -0.08395755 -0.27511764 -0.40026
v -0.07615641 -0.25131556 -0.40631804
v -0.07270849 -0.1598874 -0.18580334
v -0.07623444 -0.17520502 -0.02416565
v -0.07314536 -0.18250622 0.14991349
v -0.0761859 -0.13637747 -0.19363275
v -0.08053195 -0.14009583 0.15284036
v -0.08689988 0.07482942 -0.40411115
v -0.08495779 0.07742063 0.36364502
v -0.08380923 0.09427196 -0.41368872
v -0.0844782 0.09621299 -0.40473258
v -0.08310551 0.10302205 0.34071508
v -0.08192945 0.09437457 0.36377335
v -0.08766059 0.16782859 -0.40567619
v -0.08429724 0.17942442 0.3732146
v -0.08865864 0.18159704 -0.41475758
v -0.08542664 0.18450879 0.27518943
v -0.0767752 0.17233644 0.29233271
v -0.09441217 0.20030937 -0.39082336
v -0.07967421 0.17410977 0.31363457
v -0.09329309 0.20787859 0.3476446
v -0.08303627 0.24219669 -0.36806092
v -0.07963457 0.22598118 0.38210893
v -0.07403039 0.25641149 -0.25528485
v -0.07821789 0.2570819 0.31887153
v -0.081905 0.25537956 -0.40075934
v -0.0506464 0.29662135 -0.23319799
v -0.08389281 0.35115868 -0.12679978
v -0.07955708 0.38667712 0.02185265
v -0.0942655 0.38334823 -0.08793572
v -0.07659584 0.38171747 -0.11588103
v -0.08729392 0.40218893 0.03377561
v -0.04715468 -0.28710434 -0.32351002
v -0.07882299 -0.26926649 0.36268577
v -0.05733046 -0.20648286 0.02229002
v -0.05375855 -0.15696725 -0.19792683
v -0.06990544 -0.17084923 0.3869637
v -0.06748902 -0.14631318 -0.02466615
v -0.07824066 -0.04152745 -0.40861359
v -0.06790388 -0.06477044 -0.40710309
v -0.06761178 0.03306017 0.34237078
v -0.08677332 0.05243737 0.3494581
v -0.08069605 0.05702864 0.3431251
v -0.06887294 0.09010921 -0.37574032
v -0.06539637 0.1146071 0.331817
v -0.07244483 0.15957899 -0.37588999
v -0.06150007 0.15663069 -0.34748307
v -0.08246051 0.17725155 0.35644805
v -0.05752617 0.14013788 0.32262033
v -0.0766966 0.18059422 -0.31777701
v -0.07765921 0.20004357 0.37562376
v -0.05115194 0.20391601 -0.31570706
v -0.03712391 0.24229574 0.24665606
v -0.08180777 0.22986393 -0.41333443
v -0.07876865 0.2288357 -0.40536886
v -0.07817429 0.22038659 0.36492458
v -0.07459327 0.23393589 0.3640933
v -0.06507146 0.26145536 0.336564
v -0.07866529 0.26962054 -0.36335441
v -0.06297843 0.28265858 -0.37920398
v -0.07436227 0.37465242 0.08052135
v -0.08258956 0.40689617 -0.07016125
v -0.07376365 0.39574644 -0.05830011
v -0.05871926 -0.27677554 0.23579793
v -0.06353348 -0.27522025 0.21305972
v -0.07491646 -0.24374653 0.1908109
v -0.04196765 -0.24894591 0.36292675
v -0.05788748 -0.22207151 0.0428179
v -0.0461503 -0.23389289 -0.22244817
v -0.04998396 -0.21603385 -0.4176001
v -0.06377514 -0.15741287 -0.00675361
v -0.0606095 -0.19244361 0.1642123
v -0.05373655 -0.19296494 -0.42934078
v -0.04585604 -0.14266862 -0.18363582
v -0.0411682 -0.13431311 -0.42526788
v -0.05678096 -0.13490817 -0.01942143
v -0.07207613 -0.13734558 0.15377153
v -0.06630813 -0.14716797 0.16089767
v -0.06382665 -0.02138989 0.35890603
v -0.06100444 -0.03169441 -0.40184778
v -0.07267603 0.08281024 0.35949099
v -0.07743301 0.08163544 0.33793905
v -0.07488791 0.09943499 0.34342399
v -0.05787678 0.12648851 -0.36638054
v -0.02268378 0.22478475 0.27306691
v -0.04258689 0.26348385 -0.26609433
v -0.06334194 0.22775725 0.38601592
v -0.07466926 0.22400779 0.36821929
v -0.07315432 0.23599777 0.37954152
v -0.07444872 0.24345364 -0.40121439
v -0.07160438 0.23214516 0.3708927
v -0.05561058 0.27464679 -0.37642193
v -0.06911395 0.26528051 0.32172126
v -0.05241514 0.28650466 0.20248507
v -0.0579333 0.28796032 0.32397735
v -0.06163696 0.37305948 -0.15131897
v -0.05324554 0.41595384 -0.09341153
v -0.07490396 0.42136556 -0.06311894
v -0.07237726 0.42183009 0.02101695
v -0.06451232 -0.30257237 0.27337423
v -0.04779502 -0.2792314 -0.36290538
v -0.04684952 -0.28380036 -0.29432234
v 0.00512587 -0.26050514 0.32232511
v -0.06039521 -0.27400178 -0.2498647
v -0.05350752 -0.25245124 -0.40270117
v -0.05334892 -0.21830237 -0.12110239
v -0.04084177 -0.20586757 -0.07484135
v -0.05341949 -0.20713651 0.10537311
v -0.04750981 -0.21254817 0.3807964
v -0.05672476 -0.19224341 0.39608896
v -0.05364731 -0.14666815 0.14470577
v -0.06084035 0.06996275 -0.38003787
v -0.05996174 0.08001555 0.33444798
v -0.06785247 0.17628479 0.30418819
v -0.05811962 0.18183473 0.28523007
v -0.06436124 0.25798514 0.22304168
v -0.06984262 0.25064537 0.3536939
v -0.05017036 0.27558091 0.21121585
v -0.06428929 0.25984737 0.34898815
v -0.0377694 0.29667279 -0.3635641
v -0.05352799 0.28802657 0.33995605
v -0.0499735 0.35866922 -0.17681062
v -0.04619839 0.42384958 -0.13430397
v -0.06703371 0.38181189 0.09238981
v -0.06786458 0.39087981 0.07530694
v -0.06695662 0.40028211 0.08982025
v -0.05100257 0.43199822 -0.04811989
v -0.06156283 0.41368729 0.00847798
v -0.04372378 0.42992294 0.04372691
v -0.04038373 -0.28713161 0.2756432
v -0.04397822 -0.21579394 -0.08792273
v -0.03589341 -0.17584591 -0.04830205
v -0.00138805 -0.15791896 -0.14844109
v -0.04178428 -0.17886564 0.01265348
v -0.03907438 -0.17805424 0.39035907
v -0.04090511 -0.16217305 0.13212273
v -0.05436409 -0.13931075 -0.19167502
v -0.04394869 -0.14209527 0.15310284
v -0.03396624 -0.08846641 -0.42194799
v -0.03750798 0.00524265 -0.40005234
v -0.04144338 0.10478259 -0.37042415
v -0.04972627 0.10423981 0.33084241
v -0.05664118 0.14210586 -0.36219245
v -0.0556808 0.15880945 0.30424768
v -0.04886923 0.18043199 -0.33298746
v -0.0572424 0.18333861 0.29923394
v -0.05198909 0.24357894 0.37893441
v -0.04929437 0.28196669 -0.24893555
v -0.04441027 0.30286545 -0.36600739
v -0.03678291 0.30398241 -0.36006656
v -0.04686707 0.40866092 0.11166623
v -0.04349785 0.43957323 0.00253583
v -0.0295596 -0.28033826 -0.32691252
v -0.0447464 -0.26795569 -0.26701996
v -0.04737134 -0.26048118 0.21304385
v -0.02325058 -0.27652949 0.25403118
v -0.03740432 -0.25413322 0.35470644
v -0.03979305 -0.21290168 0.07297285
v -0.03302121 -0.22230123 0.18061478
v -0.03467996 -0.19992541 -0.20770863
v -0.01355829 -0.1867858 -0.43011275
v -0.0371003 -0.14763518 -0.02554687
v -0.01757775 -0.14801252 0.3939482
v -0.02431239 -0.02220771 0.37172329
v -0.0129037 0.00693368 0.37202871
v -0.04045008 0.25837514 0.39045048
v -0.02296732 0.39154908 0.14937629
v -0.0418605 0.39697787 -0.16954674
v -0.03988472 0.44971728 -0.06079391
v -0.01798506 -0.23636191 0.18525811
v -0.02799029 -0.20010279 0.03702245
v -0.03688861 -0.18957888 0.38829747
v -0.03062636 -0.18120399 0.11058523
v -0.0327059 -0.14516191 0.15353331
v -0.02707737 -0.13801436 -0.18680158
v -0.03988557 -0.13992579 0.14544506
v -0.01960505 -0.06062841 0.38055494
v -0.00873817 -0.01809649 -0.41743734
v -0.03926328 0.14566113 0.31422293
v -0.04075429 0.18388066 0.29052338
v -0.0360398 0.29584554 0.32666215
v -0.0276214 0.31808054 -0.25062892
v -0.02662904 0.33189672 0.18912558
v 0.00068122 0.48596513 -0.12819681
v -0.01186692 0.46590611 0.07404737
v -0.02196928 0.47333667 0.01582233
v -0.02916011 -0.28544602 -0.2989836
v 0.01258796 -0.23806652 -0.39288095
v -0.02188135 -0.24269627 -0.23745134
v -0.03210479 -0.23162532 -0.2169046
v -0.0198775 -0.21256371 -0.21425602
v 0.00668313 -0.17165245 -0.09889837
v -0.01009583 -0.18702194 -0.08426677
v -0.02449009 -0.16974454 0.00181149
v -0.01136386 -0.1370156 0.13319609
v -0.03415952 0.14810047 -0.35317376
v -0.00132555 0.24862778 -0.30435041
v -0.0237736 0.30139613 0.21443024
v -0.02830815 0.30671263 -0.36647993
v -0.03905778 0.31559932 0.20938046
v -0.00763732 0.365922 -0.22188298
v 0.00867129 0.38277701 0.18559265
v -0.01780277 0.42030251 0.13261227
v -0.02632151 0.43844703 0.11331455
v -0.020723 0.46310937 0.09284516
v -0.02611266 0.4523173 -0.08503184
v -0.0210601 0.47101176 -0.02487631
v -0.03079685 0.45738617 -0.06404445
v -0.01184514 -0.27501944 -0.29805192
v -0.00539866 -0.20850553 -0.41831776
v -0.00837604 -0.22034276 0.37472996
v 0.00046844 -0.17862274 0.04286257
v -0.00672753 -0.181594 -0.07063303
v -0.01756912 -0.17281148 0.39887747
v -0.02174278 -0.18558082 0.3981384
v -0.0065742 -0.16047038 -0.04927644
v -0.00657799 0.04164324 -0.40082499
v 0.01838009 0.13095494 0.33385053
v 0.02354485 0.19207345 0.30980927
v 0.01834928 0.29674202 0.24642727
v -0.01067124 0.31134507 -0.25732788
v -0.00847391 0.35024807 -0.24490288
v -0.0155157 0.33650172 0.2017695
v -0.01982946 0.40379569 -0.18482938
v -0.02599166 0.44134581 -0.15686601
v -0.00895922 0.48488387 -0.00150107
v 0.02673678 -0.25360736 -0.35768995
v 0.02116438 -0.19492075 -0.2049143
v 0.01047039 -0.21832253 0.18335997
v -0.00179317 -0.16672322 0.09886567
v -0.00959512 -0.188904 0.39089826
v 0.01000699 -0.18039092 0.15809155
v -0.00841513 -0.13078038 -0.17602892
v 0.00580036 -0.13486913 -0.03615964
v -0.0275048 -0.12445372 -0.01916153
v -0.00268672 -0.13549843 0.14177898
v 0.00451269 0.08440893 0.35002312
v 0.00230864 0.23219758 -0.32400024
v -0.00972954 0.4191635 0.15355499
v 0.00940218 0.50793165 0.03193291
v 0.01207967 0.51539665 -0.06795654
v 0.01826335 -0.23060499 -0.23994064
v 0.02364248 -0.22997612 0.20217775
v 0.00784184 -0.23726788 0.35751635
v 0.00071698 -0.15318795 0.00886614
v 0.01585536 -0.17332199 0.03180859
v 0.02785635 -0.1253209 -0.45034578
v 0.01039944 -0.09474447 0.40069577
v 0.00660856 -0.08676457 -0.43654609
v -0.00288529 -0.02172766 0.3832204
v 0.01241442 -0.06649445 0.4063817
v 0.00504343 -0.00632685 -0.41901216
v 0.05206742 0.12129855 -0.3854335
v 0.01350331 0.26285478 0.26737282
v 0.04010551 0.31485614 -0.28734007
v 0.0078518 0.46419308 -0.15756349
v 0.01984784 0.46378648 0.13331527
v 0.00840294 -0.21115364 0.39073423
v 0.04475237 -0.135423 0.06790279
v 0.00377477 -0.16942507 0.40187788
v 0.03952812 -0.15743676 -0.45918885
v 0.00301359 -0.03503712 -0.43189061
v 0.02386835 0.07766904 -0.39824048
v 0.02497388 0.28872699 -0.29700515
v 0.0065123 0.34872258 -0.24641876
v 0.0265023 0.41402176 0.17744237
v 0.02368985 0.45298326 0.1598783
v 0.01529161 0.49207678 0.0983367
v 0.01915479 0.50523776 0.08089677
v 0.0448544 -0.25093067 0.25859812
v 0.02759094 -0.21460943 -0.22245054
v 0.01760764 -0.23385914 -0.4036392
v 0.01460369 -0.22913393 0.37007359
v 0.04947789 -0.2147321 -0.45724946
v 0.01593474 -0.17473024 -0.08320674
v 0.01296926 -0.17288531 -0.06312624
v 0.02046989 -0.15014392 -0.12510699
v 0.01207195 -0.16029984 0.11413118
v 0.02701235 -0.15146308 -0.06125965
v 0.01188856 -0.13395566 0.12977943
v 0.02287575 -0.12667847 -0.16942565
v 0.03288789 -0.13920151 0.41455853
v 0.03348531 -0.12949872 -0.17753154
v 0.01394689 -0.10793868 -0.02046212
v 0.02548574 0.00247716 0.38260806
v 0.0390629 0.01686775 -0.42196938
v 0.01591442 0.20423476 -0.33987755
v 0.02382536 0.21649571 0.30050486
v 0.0059068 0.38202772 -0.24106379
v 0.00469399 0.37045181 0.20621245
v 0.02976228 0.51728117 -0.12595771
v 0.01790105 0.52543461 -0.02119452
v 0.02577057 0.53730011 -0.03470549
v 0.040791 -0.25346255 -0.32183778
v 0.04901867 -0.24403802 -0.28214371
v 0.0365434 -0.24880677 0.32957232
v 0.03578593 -0.14798398 0.04032047
v 0.02493575 -0.1307466 0.13751191
v 0.0241517 -0.1127221 0.41040346
v 0.02658642 -0.08200192 -0.45668495
v 0.02505547 -0.03794795 0.40025413
v 0.02260453 0.24616811 -0.31737229
v 0.03364376 0.23385569 0.29218751
v 0.02335946 0.37117225 0.20719543
v 0.01899992 0.40028 0.19945498
v 0.02851639 0.41401979 -0.22088692
v 0.02877808 0.53241611 0.06074686
v 0.03707113 0.55309808 -0.00453139
v 0.01998234 0.52736843 0.02233243
v 0.05840524 -0.21521778 0.4252893
v 0.02664647 -0.13644566 0.11399323
v 0.03789955 -0.14869528 0.14512263
v 0.03135657 -0.10917363 -0.44978684
v 0.02949327 -0.09578045 0.42290542
v 0.0331891 -0.0537663 -0.44605377
v 0.04568939 0.04106714 -0.41620502
v 0.05135029 0.02842101 0.38361844
v 0.03158552 0.07766815 0.36241913
v 0.05453561 0.05613548 -0.42005059
v 0.02345643 0.20647287 0.30806848
v 0.0211041 0.37105888 -0.24546431
v 0.02502344 0.41302103 -0.23830949
v 0.02554672 0.44788331 -0.2005716
v 0.02393168 0.52815306 0.07380369
v 0.04654114 -0.25377458 0.30422169
v 0.0336681 -0.24926428 -0.3750371
v 0.0527469 -0.24979648 -0.43772545
v 0.05704814 -0.2590571 0.39122775
v 0.03254636 -0.15176785 -0.08593281
v 0.03336141 -0.14341369 0.02587261
v 0.04490004 -0.11732852 0.00133524
v 0.04781427 -0.1110542 0.12711796
v 0.03457485 -0.11924359 0.42866161
v 0.04380348 -0.10381829 -0.45883149
v 0.03235364 0.22160231 0.35440105
v 0.03215094 0.23476219 0.34407037
v 0.05911888 0.26350883 0.28879058
v 0.03777072 0.42969194 0.18679541
v 0.02753692 0.47915074 -0.17068116
v 0.03578162 0.47621417 -0.20337535
v 0.03376205 0.48977944 0.13011247
v 0.04671124 0.56891513 -0.10723545
v 0.04687347 0.58485043 -0.07103265
v 0.02724005 0.55332601 -0.02171706
v 0.05874551 -0.25264677 -0.3335824
v 0.05461295 -0.26934969 -0.40255451
v 0.06134052 -0.27154255 0.36284739
v 0.05346179 -0.21353105 -0.22445299
v 0.06038654 -0.2032273 0.17753869
v 0.09605543 -0.1807511 0.17778173
v 0.06366407 -0.16864133 0.43325895
v 0.0419285 -0.13941224 -0.47193286
v 0.06919774 -0.10737315 -0.04460922
v 0.04211031 -0.10335667 -0.16269138
v 0.04022538 -0.12977202 0.42749178
v 0.04345601 -0.10452774 0.41993102
v 0.04509966 -0.06677821 0.41135904
v 0.07144893 0.01652711 0.39460787
v 0.06368668 0.1534493 0.32916945
v 0.04082461 0.19737804 -0.35592905
v 0.0548061 0.18110488 -0.35479128
v 0.02427628 0.21235883 -0.35529459
v 0.03888697 0.19652668 0.31178057
v 0.04194282 0.22299919 -0.40159476
v 0.02332634 0.22251534 -0.37374085
v 0.02655394 0.23324856 -0.4039894
v 0.03998152 0.22360931 -0.3557488
v 0.04269288 0.22479537 -0.34439981
v 0.03825498 0.24221395 -0.42581698
v 0.04019 0.2376644 -0.38991189
v 0.03854262 0.22584695 0.30317989
v 0.02849113 0.23805542 0.3664597
v 0.03400189 0.24956162 -0.42045316
v 0.04080496 0.25568393 0.37875956
v 0.04245599 0.25128618 0.39466229
v 0.04948584 0.29125953 -0.30592832
v 0.05405671 0.29229572 0.26928481
v 0.05761078 0.32168868 0.25524607
v 0.06776081 0.35676906 -0.2836692
v 0.03594016 0.39164823 0.20914614
v 0.04124005 0.41225949 -0.2417585
v 0.03964004 0.43270794 -0.22915407
v 0.05611159 0.42133147 0.20916454
v 0.0268671 0.45109302 -0.22121611
v 0.03956489 0.45951721 0.19176483
v 0.03896742 0.5013088 0.15468615
v 0.05329839 0.48314735 0.18511687
v 0.04474218 0.54364544 0.07897706
v 0.0525231 0.58172268 -0.03161984
v 0.07456867 -0.25234178 0.41848108
v 0.05046701 -0.21886875 -0.24297102
v 0.06790292 -0.18436709 -0.47551632
v 0.06714387 -0.17266218 -0.20310445
v 0.08509837 -0.10683868 -0.05956498
v 0.05652936 -0.11198107 0.13534805
v 0.05146419 -0.07918672 -0.45619047
v 0.06681409 0.06214839 0.37681058
v 0.08826975 0.11782345 0.34843245
v 0.04992414 0.21921514 -0.37811655
v 0.04986709 0.20213404 0.31874073
v 0.05153834 0.22926283 0.34240732
v 0.04878895 0.23938538 0.38478521
v 0.04280813 0.25575739 -0.42025116
v 0.0408508 0.26160893 -0.43535301
v 0.03598453 0.26102269 0.39373919
v 0.05304685 0.27907655 -0.31851089
v 0.05594463 0.2744405 0.39470765
v 0.05703304 0.26570982 0.40713158
v 0.07736749 0.37250218 0.24400212
v 0.05556381 0.40798116 -0.27116835
v 0.04876604 0.46747708 -0.24051444
v 0.06016272 0.4526037 0.20483188
v 0.06264632 0.53176439 -0.19724412
v 0.06272762 0.53201163 -0.16439883
v 0.04863169 0.58072686 0.05497345
v 0.08893376 -0.21568021 0.21672656
v 0.07715044 -0.24371333 0.26107755
v 0.06364105 -0.21809779 0.19606879
v 0.05945123 -0.15094216 0.43092027
v 0.06001056 -0.14305621 -0.47032741
v 0.09039515 -0.10507704 -0.09164252
v 0.08098064 -0.1140796 0.03041596
v 0.05084492 -0.12489089 0.43119755
v 0.08718125 -0.08423642 -0.13355057
v 0.07566226 -0.09470873 0.09372472
v 0.05969599 -0.07113502 -0.01936396
v 0.07262708 0.20101874 0.31718349
v 0.05913187 0.20545407 -0.35649014
v 0.05568754 0.21797407 0.34928942
v 0.06082812 0.2152736 0.31145433
v 0.05211649 0.22945347 -0.39884102
v 0.05202461 0.24765554 -0.42886847
v 0.0559698 0.24987023 0.37431344
v 0.05289364 0.25823599 -0.44469547
v 0.05509803 0.25001305 -0.41843614
v 0.05639129 0.25561139 -0.42161801
v 0.05167816 0.268141 -0.4349505
v 0.05002137 0.27246976 -0.44798726
v 0.05796631 0.33142516 -0.29740331
v 0.05008167 0.36701059 -0.33513194
v 0.05152516 0.38001564 -0.35889468
v 0.05101049 0.32176685 -0.33498833
v 0.04994832 0.31879473 0.28238326
v 0.05167263 0.38001606 0.32215568
v 0.05470895 0.35774648 0.27577907
v 0.05607792 0.41123688 0.22944582
v 0.08522326 0.456227 -0.25981155
v 0.05181 0.47336331 0.20268042
v 0.08361856 0.52381206 -0.23584947
v 0.08313555 0.52233976 0.19405085
v 0.05625589 0.53047949 0.1517081
v 0.07211132 0.54599398 0.13321333
v 0.0569359 0.60055012 0.03226732
v 0.05510465 0.59396285 -0.10761942
v 0.06252959 0.60233688 0.00409847
v 0.08368497 -0.28026175 0.33514169
v 0.07498863 -0.26496112 -0.43571541
v 0.07615878 -0.2679106 -0.35366011
v 0.0579429 -0.14486392 0.44318199
v 0.08557352 -0.15024745 0.15929298
v 0.05792503 -0.12769778 0.44246319
v 0.08005455 -0.11689702 -0.47522727
v 0.06217357 -0.11020844 0.42767134
v 0.08268937 -0.07787753 -0.00274204
v 0.08169059 -0.01401137 0.40532762
v 0.07550503 -0.0231064 -0.44533226
v 0.07034919 0.02015809 -0.43517175
v 0.06499786 0.04108249 0.39545754
v 0.07187246 0.1915265 -0.35072917
v 0.07117889 0.23798454 0.3002798
v 0.05894941 0.22094974 0.34976652
v 0.05708194 0.2275721 0.35270634
v 0.05750035 0.24149147 0.37867782
v 0.06361932 0.25312024 0.40235677
v 0.06462869 0.25247931 -0.33262798
v 0.06224967 0.27933002 -0.46321762
v 0.06125901 0.26643121 -0.4528262
v 0.05721913 0.27327314 -0.44125304
v 0.07447248 0.2600117 -0.33983725
v 0.0678626 0.28980324 -0.45854405
v 0.06444377 0.28823224 0.31779715
v 0.0575723 0.32271826 0.32865459
v 0.06720962 0.33573624 -0.39040926
v 0.06145018 0.319911 -0.38169423
v 0.06975063 0.33147499 -0.37272429
v 0.05694902 0.33798 -0.35685137
v 0.06321036 0.36490783 0.33386385
v 0.06206511 0.3875106 -0.32448205
v 0.05943154 0.38629395 -0.37534273
v 0.0572792 0.39925945 0.31536433
v 0.05806805 0.40343618 -0.36051747
v 0.0709757 0.42151237 -0.39114282
v 0.06353975 0.40305543 0.34417853
v 0.07107411 0.4915176 -0.25885081
v 0.07129811 0.53935456 0.17477229
v 0.07288697 0.55450737 0.11000794
v 0.07174698 0.56457347 0.15896104
v 0.0557326 0.58893746 0.07080784
v 0.05839727 0.61276734 -0.05144903
v 0.0809429 0.62400043 -0.02406299
v 0.06320287 0.60921198 -0.07031028
v 0.06653629 0.6254769 0.02303404
v 0.07387496 -0.25576451 0.29829073
v 0.09877719 -0.23281854 -0.29079562
v 0.08950986 -0.19977163 0.19024658
v 0.0771867 -0.2040803 -0.22622545
v 0.09091755 -0.13378297 -0.19592935
v 0.06933087 -0.15370649 0.45284742
v 0.07601097 -0.12272201 0.04710001
v 0.09039103 -0.08201852 -0.04460998
v 0.11002535 0.01279715 -0.43400294
v 0.09847142 0.08062564 -0.40324023
v 0.07842846 0.19110394 0.31048092
v 0.06973234 0.20631586 -0.37926179
v 0.0715056 0.21472478 0.35346171
v 0.06742559 0.21449764 -0.35956743
v 0.06620473 0.22192079 -0.38605109
v 0.0764399 0.22357853 -0.34307581
v 0.06680934 0.22156475 0.34190661
v 0.06680574 0.22416781 0.35005888
v 0.06884338 0.22792678 0.3663297
v 0.06715403 0.25955603 -0.43279701
v 0.07564809 0.27218297 0.41004458
v 0.07136732 0.26509011 -0.41699487
v 0.08248704 0.26903805 0.42080668
v 0.06898712 0.2761865 -0.43868887
v 0.07693093 0.28350627 0.328275
v 0.08870007 0.26838329 0.32490817
v 0.07069982 0.30371463 -0.38571557
v 0.06123463 0.31744468 0.345397
v 0.06723528 0.30812031 0.3618539
v 0.06218314 0.32712704 0.37179056
v 0.07154284 0.33322152 -0.42020231
v 0.07253655 0.33002687 0.3389405
v 0.06970701 0.32971478 0.35374764
v 0.06998266 0.34670648 -0.36807153
v 0.07423685 0.35729575 -0.29402477
v 0.07207398 0.35064086 0.38538009
v 0.08832104 0.37397468 0.2525076
v 0.07964467 0.40783176 0.29053965
v 0.07914384 0.42834792 0.31975621
v 0.06932285 0.42427421 0.34253493
v 0.08425826 0.45690709 0.24201569
v 0.07326017 0.43099135 -0.27888191
v 0.09150574 0.47252771 0.22435673
v 0.07407786 0.48907241 0.22175984
v 0.07279082 0.56418234 -0.19743934
v 0.09479313 0.63463426 0.07574385
v 0.08170591 0.63239318 -0.03616289
v 0.08500803 0.63300705 0.05111301
v 0.08639251 -0.28349492 -0.40508842
v 0.08685356 -0.24565823 -0.46301752
v 0.09353673 -0.19657493 -0.23184234
v 0.09047443 -0.19245709 0.44962367
v 0.08646263 -0.1695832 0.4630459
v 0.08240081 -0.17022887 -0.49851558
v 0.08399288 -0.15221271 0.44900665
v 0.08169135 -0.04299754 -0.01671856
v 0.0956352 0.12577835 -0.3780897
v 0.09860513 0.15856625 -0.35926023
v 0.07721534 0.21982856 -0.40623334
v 0.07406515 0.22345404 0.31270182
v 0.08185381 0.2241929 0.34831306
v 0.08108066 0.23259112 0.36472407
v 0.0759467 0.23288806 0.38713086
v 0.08054704 0.25714019 -0.41079116
v 0.07288525 0.2753084 0.42329732
v 0.08975798 0.27129546 -0.43903375
v 0.09092084 0.27555653 -0.46076918
v 0.08547779 0.27203259 -0.35967487
v 0.08277413 0.29341727 -0.47235849
v 0.08082059 0.33481207 0.40443006
v 0.08046017 0.34125847 -0.43952826
v 0.07329381 0.34253806 -0.41516799
v 0.07451728 0.35551974 0.40763506
v 0.07658101 0.34977952 0.33257544
v 0.09753974 0.38279364 -0.30232131
v 0.09738769 0.38774836 0.26854444
v 0.09484156 0.38796735 -0.2929458
v 0.08025298 0.40421897 -0.39639759
v 0.07868408 0.37978804 0.34564343
v 0.08359735 0.43624124 -0.37619781
v 0.08228044 0.42049566 -0.34359127
v 0.09567622 0.47526798 -0.26384178
v 0.07985559 0.50865459 0.21399173
v 0.07947729 0.55450583 -0.22238421
v 0.08185935 0.55681884 -0.17489116
v 0.09355469 0.57865286 -0.15750174
v 0.10226309 0.60088986 0.11230972
v 0.06973397 0.60907316 -0.12023813
v 0.08308086 0.62764239 -0.1022042
v 0.07664286 0.61404383 0.08976651
v 0.09157534 0.65384793 0.01127994
v 0.0775515 0.62587416 -0.12193166
v 0.08180612 0.64927322 -0.06006129
v 0.09056085 -0.28167075 0.36717817
v 0.099764 -0.28401971 -0.37352583
v 0.09828115 -0.22422954 -0.4823209
v 0.08764945 -0.18912074 -0.50178355
v 0.09063992 -0.08353993 -0.18015793
v 0.0805756 -0.09047716 0.13703087
v 0.11236478 -0.08567042 0.44127634
v 0.11537338 -0.11469298 -0.49033952
v 0.09484491 -0.09956206 -0.48098624
v 0.11133287 -0.07734058 0.05768872
v 0.09837527 -0.0634211 -0.16094343
v 0.09982352 -0.02113492 -0.45344317
v 0.08884022 0.00708139 0.40757692
v 0.08663867 0.03444547 0.38700336
v 0.10089226 0.10880537 0.35576785
v 0.10259283 0.14318193 0.32956117
v 0.08410914 0.20252423 0.31027648
v 0.08974137 0.22113179 -0.38289577
v 0.0830868 0.21834135 0.34263888
v 0.084934 0.22592278 -0.37758633
v 0.08355594 0.22313234 0.37325978
v 0.08848552 0.24050936 -0.41756877
v 0.09113681 0.23886432 -0.43843773
v 0.08639104 0.22434081 -0.41400945
v 0.07870223 0.23176742 -0.40158272
v 0.09180881 0.25296292 -0.38460127
v 0.08926983 0.2383725 0.37914303
v 0.08345778 0.24426928 0.39595172
v 0.08526236 0.28421211 0.41838244
v 0.08773525 0.28889665 -0.44816217
v 0.0884394 0.28935036 0.43067235
v 0.08341309 0.29780093 0.34420371
v 0.08194628 0.30744025 -0.39283711
v 0.08499631 0.30945957 0.34496284
v 0.08925139 0.32303232 0.33068585
v 0.08477515 0.33928636 0.38176617
v 0.09516066 0.34790754 -0.41103593
v 0.09404845 0.33459827 -0.35322717
v 0.08451581 0.3533287 -0.43874061
v 0.09250233 0.35069308 0.40527326
v 0.08518912 0.3574205 0.40067291
v 0.08209933 0.37684774 0.42738539
v 0.09169143 0.38900575 0.42314768
v 0.09240846 0.37292767 -0.37469423
v 0.08772177 0.42826784 0.37423265
v 0.10423235 0.41932434 0.25340563
v 0.08852981 0.44545326 -0.40928948
v 0.11675513 0.43597719 -0.3032237
v 0.09616552 0.45435017 -0.29900926
v 0.09973405 0.45136401 0.34898168
v 0.09133011 0.45791978 -0.29069039
v 0.09278546 0.45086524 0.36927408
v 0.1093567 0.54812831 -0.23707578
v 0.09172573 0.56687391 0.19523226
v 0.08084412 0.58027059 -0.21286634
v 0.08067132 0.57432944 -0.19750269
v 0.10439715 0.58496553 0.14693534
v 0.08631103 0.58836281 0.16726708
v 0.09142952 0.66733074 0.03028688
v 0.11099774 -0.28557491 0.33698124
v 0.11279914 -0.27399105 0.30701542
v 0.10404392 -0.26969367 -0.43157017
v 0.11274609 -0.25140488 -0.319864
v 0.11423532 -0.24566194 0.27533254
v 0.09421523 -0.25426891 -0.47943211
v 0.11253843 -0.2247912 0.45741773
v 0.08971171 -0.19050403 0.4677968
v 0.10189693 -0.18385302 0.47684887
v 0.09223288 -0.07231773 -0.46732968
v 0.1125686 -0.02874389 -0.00640772
v 0.10355215 0.07388472 0.36941412
v 0.11335234 0.19171128 -0.33023003
v 0.08828416 0.20320193 -0.34335363
v 0.111689 0.19913153 0.28943849
v 0.09206114 0.22373861 0.35583428
v 0.09520149 0.2382039 0.35721284
v 0.09158207 0.22612104 0.35920319
v 0.09758015 0.23810776 -0.40980905
v 0.0981779 0.24352396 0.41802487
v 0.09797513 0.26535863 0.35071021
v 0.0928111 0.25332737 0.41229013
v 0.09439575 0.28420693 -0.47787896
v 0.09408338 0.29432678 0.33585107
v 0.09831683 0.29079941 -0.47338286
v 0.09783016 0.3087258 -0.37873355
v 0.0930685 0.32231292 -0.40298128
v 0.09079611 0.32443997 -0.3887361
v 0.08983444 0.34449276 0.40693972
v 0.1006392 0.32265452 -0.34982756
v 0.10052592 0.34984568 -0.45099398
v 0.09342137 0.35728025 -0.46662191
v 0.09038599 0.36828938 0.42924714
v 0.09271829 0.39362773 0.43963626
v 0.10574538 0.39653578 0.27923575
v 0.09756789 0.41400024 -0.3311747
v 0.09968188 0.43463609 -0.41955981
v 0.10086571 0.5097236 -0.27864867
v 0.0927429 0.50546706 0.23837158
v 0.09779821 0.54254138 -0.25727791
v 0.09564102 0.54296112 0.21952109
v 0.09933387 0.54715031 0.1909658
v 0.09475467 0.57517898 -0.23903376
v 0.10163448 0.58842725 -0.24640651
v 0.09427855 0.60629588 -0.2081334
v 0.09604666 0.60933858 0.18188787
v 0.09870595 0.60730684 -0.23725986
v 0.10212627 0.6268084 -0.13768351
v 0.11235397 0.64438409 -0.12686411
v 0.10815118 0.68227422 -0.08328305
v 0.0974327 0.66886955 0.05090355
v 0.12405278 0.70389426 -0.06083662
v 0.12005998 -0.28185669 -0.39471829
v 0.12054555 -0.27973831 0.38455036
v 0.10350124 -0.25347453 0.43231276
v 0.10785872 -0.26252723 -0.45877248
v 0.10083304 -0.19464636 -0.49410316
v 0.10496528 -0.1898019 -0.52221817
v 0.10695805 -0.20699039 -0.51982832
v 0.12168853 -0.15825123 -0.21943134
v 0.1098104 -0.17094758 0.46359077
v 0.14122231 -0.11161134 0.46813369
v 0.11370599 -0.07727975 -0.09396501
v 0.13535734 -0.0405724 0.03187475
v 0.11843937 -0.063426 0.07407413
v 0.11709543 -0.0511982 0.10323359
v 0.12421501 -0.02059764 -0.02828285
v 0.11420245 0.09618767 0.35964999
v 0.10361294 0.14385781 0.35101971
v 0.10873673 0.13499436 -0.3841694
v 0.10996966 0.20806381 0.29907569
v 0.10831536 0.21966599 -0.38400707
v 0.10238899 0.21411774 0.33179674
v 0.09614047 0.23144816 -0.41810501
v 0.10574261 0.22776544 -0.40256456
v 0.0982297 0.23160598 0.36503682
v 0.10298918 0.24440104 0.4026908
v 0.107659 0.25725356 0.43291247
v 0.09904936 0.27710834 -0.37313181
v 0.10707845 0.33304313 0.31441429
v 0.10110005 0.35439396 0.3139191
v 0.10501407 0.36723599 -0.45234576
v 0.09932 0.37635443 -0.47295925
v 0.11219673 0.3894833 0.33464804
v 0.09912362 0.37547565 0.42941362
v 0.10303701 0.41018555 -0.40219477
v 0.13378067 0.40745428 -0.37998635
v 0.10904964 0.4199217 0.37659755
v 0.10584134 0.41659337 0.4462336
v 0.10356548 0.40707117 0.45027828
v 0.11885818 0.43372649 -0.42484838
v 0.11943969 0.42494929 0.30618086
v 0.10477383 0.44788292 -0.43106741
v 0.10114931 0.45019636 0.39277193
v 0.09954324 0.4596163 -0.41751257
v 0.10867959 0.47243452 -0.27616778
v 0.11049008 0.48616147 0.23420867
v 0.10553552 0.53503025 -0.27859697
v 0.10970236 0.51865667 0.24579594
v 0.11246841 0.5437628 0.20097351
v 0.11017309 0.55786908 -0.23701636
v 0.11514427 0.59745526 -0.19253734
v 0.10324633 0.60130852 0.20730272
v 0.10863785 0.63027251 -0.22886752
v 0.11266372 0.65505111 -0.01200713
v 0.09806055 0.66167837 0.07300054
v 0.11811475 0.69905382 0.02002318
v 0.11998463 -0.27500907 -0.35046509
v 0.11489726 -0.25594202 -0.48515213
v 0.13270399 -0.2063376 -0.27254274
v 0.11077692 -0.20486563 -0.5324074
v 0.13535498 -0.18261276 -0.24942639
v 0.10709405 -0.20379643 0.48233318
v 0.1116161 -0.19293809 0.46481881
v 0.10650512 -0.19534789 0.48545268
v 0.10905483 -0.17385966 -0.50565279
v 0.15730996 -0.10244954 -0.22271265
v 0.11332102 -0.07125406 -0.07294418
v 0.11086609 -0.05036569 -0.1531415
v 0.12042309 0.00128632 0.4049457
v 0.136951 0.03323269 -0.42086414
v 0.12329219 0.05145238 0.37526512
v 0.11496021 0.1115704 -0.39799592
v 0.10666116 0.20376672 -0.33536771
v 0.12135959 0.23100467 0.36948761
v 0.11095812 0.24193828 0.37482232
v 0.11080201 0.24921659 0.4206984
v 0.10833266 0.26046228 0.41883078
v 0.12775017 0.28168538 -0.3888191
v 0.10873395 0.31679389 0.34072357
v 0.10918944 0.33731458 -0.34309298
v 0.10697426 0.34707084 -0.42107186
v 0.1093603 0.36495763 -0.34750596
v 0.10605751 0.36958319 -0.48107755
v 0.10481555 0.3869479 -0.4804123
v 0.10758197 0.39616162 0.44031805
v 0.11833141 0.41411573 -0.31068021
v 0.11903659 0.40315947 -0.32828656
v 0.11538208 0.42940792 0.26678568
v 0.10277022 0.45057425 0.25538674
v 0.11845712 0.45772862 -0.38541394
v 0.11186517 0.45373625 0.26861274
v 0.11101836 0.46318096 -0.45023617
v 0.12874824 0.47828397 0.38034889
v 0.11316441 0.47421694 0.39956284
v 0.1091782 0.47544202 0.24477632
v 0.12884362 0.56584263 0.24423602
v 0.11344296 0.55978543 -0.27088505
v 0.11762061 0.55540645 -0.24727224
v 0.12563387 0.57257617 0.22311093
v 0.12851462 0.60991591 0.15640207
v 0.11624841 0.59814382 -0.263666
v 0.11359437 0.64327449 0.19813971
v 0.11414067 0.63953996 0.10832524
v 0.11448499 0.64831406 0.08115944
v 0.12904376 0.67623031 -0.03865448
v 0.12403894 0.68096644 0.00623786
v 0.11142857 0.67295021 0.0548796
v 0.1304325 0.70355028 -0.04865615
v 0.13682236 0.72166115 0.0248206
v 0.12780452 -0.2793431 0.34402052
v 0.12828642 -0.24928507 -0.51089382
v 0.1141231 -0.21809343 0.49099377
v 0.12265187 -0.21713805 0.50491422
v 0.10707099 -0.20840712 0.49131763
v 0.11507555 -0.20205767 0.48094589
v 0.11396887 -0.20828794 0.49820593
v 0.11396887 -0.21046513 0.49910507
v 0.11884126 -0.19438598 -0.51240748
v 0.1128418 -0.19596925 0.48736185
v 0.1201094 -0.20034201 -0.53268951
v 0.14336234 -0.18372625 0.21352932
v 0.11363534 -0.19256809 0.47552529
v 0.1224052 -0.1917654 0.47262847
v 0.13750373 -0.09425926 0.1706007
v 0.13955824 -0.05015537 -0.18996945
v 0.13493648 -0.08894739 -0.48757145
v 0.12475962 -0.03575286 0.1308196
v 0.12614596 -0.03318859 -0.46529409
v 0.14585668 -0.01486199 0.02001274
v 0.12751162 -0.01149003 -0.44988751
v 0.12049248 -0.01922758 0.41496065
v 0.12214569 -0.00301889 -0.44241515
v 0.11802203 0.07791024 0.3772456
v 0.12893984 0.06758941 -0.41169515
v 0.11856371 0.11520473 0.34331214
v 0.1190346 0.12492092 -0.36863002
v 0.13591941 0.20332511 -0.31180009
v 0.12187104 0.21887149 -0.36927
v 0.11988312 0.25262111 -0.46822819
v 0.12146553 0.25399199 -0.44815713
v 0.1257342 0.26635826 -0.46363485
v 0.11552034 0.26492873 -0.42170882
v 0.11805146 0.26772305 0.38072824
v 0.11820792 0.27100402 0.43568373
v 0.13221972 0.29369175 0.3482987
v 0.11989769 0.3172535 -0.39341155
v 0.11697942 0.33679128 -0.34645283
v 0.1156421 0.33670086 0.30267468
v 0.11791954 0.35143173 0.29443771
v 0.11415807 0.36994943 -0.46597055
v 0.11474171 0.37655315 0.30437672
v 0.11941568 0.38182494 -0.48645115
v 0.11978576 0.39574733 -0.48151955
v 0.12026305 0.39280826 -0.36010143
v 0.12230754 0.40261588 -0.49984366
v 0.1155853 0.38490564 0.27645397
v 0.11667796 0.40939412 0.27880979
v 0.14137787 0.42749068 -0.40697244
v 0.12414705 0.40924948 -0.33300775
v 0.1165604 0.41906211 0.44877225
v 0.1184214 0.42079455 0.46210313
v 0.1199939 0.43590769 0.46581987
v 0.12908642 0.44698077 -0.36432245
v 0.13163489 0.44260371 0.32255319
v 0.1279121 0.47220853 -0.32155219
v 0.12532307 0.4544903 -0.45751175
v 0.11194937 0.476733 -0.44588894
v 0.11759301 0.47814092 0.25461277
v 0.11466949 0.46124926 0.41252187
v 0.1215774 0.48222509 -0.47672415
v 0.11477069 0.48069927 -0.30986559
v 0.12265262 0.49385628 -0.30332342
v 0.1211423 0.49301052 -0.27319744
v 0.11996873 0.52855396 -0.28606573
v 0.13213654 0.56968337 0.20879434
v 0.13189533 0.58532548 0.22531016
v 0.1174318 0.63130939 -0.27209169
v 0.12293867 0.63542688 -0.21933027
v 0.12389456 0.62659913 0.14063269
v 0.1166274 0.63010913 0.17723246
v 0.12223982 0.62997025 0.23733985
v 0.12752421 0.67534703 -0.24729155
v 0.12071367 0.67390907 -0.10291152
v 0.13260412 0.70144653 0.00757998
v 0.1328555 0.70834863 0.04037059
v 0.13113679 -0.28761527 -0.44436955
v 0.12840475 -0.26534835 0.29674467
v 0.12664552 -0.21738768 0.49800336
v 0.13023467 -0.21760464 -0.54778802
v 0.1248723 -0.21388704 -0.53039587
v 0.12298018 -0.21191695 0.49176365
v 0.12050869 -0.20828794 0.49910507
v 0.14193201 -0.21377154 -0.53243405
v 0.14213979 -0.20492172 0.23372254
v 0.12182879 -0.20379975 0.49124515
v 0.14278923 -0.15972599 0.19626048
v 0.1494111 -0.13750464 0.48196465
v 0.15138802 -0.1285504 0.18404807
v 0.12817796 -0.0711256 -0.08793998
v 0.13547915 -0.05794815 0.06168845
v 0.13163882 -0.05042221 -0.10820886
v 0.13607652 -0.01763574 -0.04391718
v 0.12885658 -0.02518449 -0.1644381
v 0.14432038 -0.00178291 -0.15524878
v 0.12732115 0.09248369 -0.39256462
v 0.12350023 0.12019376 -0.3798781
v 0.13822016 0.21005882 0.27597129
v 0.14513625 0.19765373 0.26610801
v 0.13372336 0.21134815 -0.32072955
v 0.13969409 0.23038766 0.36173531
v 0.12409993 0.26579219 0.43172079
v 0.13426371 0.27417871 -0.48698077
v 0.12892602 0.25681835 -0.47546276
v 0.12247527 0.26510742 0.44203821
v 0.12930842 0.27692315 0.45204362
v 0.13053013 0.28431752 0.35793298
v 0.12316807 0.27744824 0.44247356
v 0.1324427 0.36243406 -0.36974752
v 0.13151951 0.36324936 0.32691675
v 0.13286951 0.35497168 0.34729186
v 0.12465736 0.34967852 -0.3282167
v 0.13903888 0.35711291 0.29537976
v 0.12073186 0.39081717 -0.32464051
v 0.12055764 0.3863644 0.29253876
v 0.12714203 0.40039939 0.27637932
v 0.12116733 0.39714929 0.32563081
v 0.12461366 0.40392086 -0.33530524
v 0.12900472 0.40948203 0.29820803
v 0.13231668 0.41067058 -0.48960114
v 0.1319489 0.41841641 0.36107108
v 0.12616432 0.42485526 0.28235725
v 0.12985946 0.43625501 0.26958597
v 0.12899663 0.4489935 0.46220082
v 0.12061249 0.4572117 0.27053189
v 0.12339415 0.46855295 -0.47189447
v 0.14039226 0.48858163 -0.44138065
v 0.12352666 0.48713276 0.27186358
v 0.12843205 0.48625258 0.44337556
v 0.13403755 0.49390292 -0.28670952
v 0.13440029 0.4928109 0.23892418
v 0.143903 0.49339402 0.24612917
v 0.12635398 0.49716568 -0.47581083
v 0.14107311 0.50251597 0.43074471
v 0.14014931 0.52118927 -0.28052104
v 0.13431454 0.55709058 -0.29223809
v 0.13452807 0.54638809 0.25301668
v 0.14094642 0.56630075 0.25570223
v 0.12690559 0.57888287 -0.25587365
v 0.13176154 0.6202963 0.24891135
v 0.13439351 0.6259498 -0.19126631
v 0.13631056 0.61138219 0.16501746
v 0.12783779 0.63916987 -0.29063907
v 0.11457252 0.65225923 -0.14554287
v 0.13807605 0.68052244 -0.23161361
v 0.12181376 0.64941263 0.10465575
v 0.1301105 0.6675272 0.13238172
v 0.1380237 0.6600768 0.08592392
v 0.13555579 0.67974287 -0.03316473
v 0.12485225 0.67111558 0.06191797
v 0.1226185 0.68469661 0.05568843
v 0.13561657 -0.28178653 -0.37939927
v 0.16831625 -0.29787681 0.3581022
v 0.1398903 -0.2933237 -0.4872317
v 0.14258917 -0.26925254 0.31239054
v 0.13722995 -0.28949323 0.44859138
v 0.13239518 -0.254792 0.48223484
v 0.15251788 -0.24686499 -0.31780517
v 0.13799752 -0.23612754 -0.30242795
v 0.14077011 -0.24675277 0.27667978
v 0.15415683 -0.18448545 -0.53848976
v 0.16009372 -0.14018539 -0.52728552
v 0.13791879 -0.0626682 -0.47192654
v 0.15626524 -0.06678697 0.16881137
v 0.14052843 -0.04120307 0.42332345
v 0.15884098 -0.01596272 -0.1169186
v 0.12769794 8.047E-05 -0.45303738
v 0.1388133 0.00124941 -0.4541274
v 0.13568991 0.01153262 -0.43974531
v 0.15196332 0.00345116 0.39249492
v 0.14165926 0.06113468 0.36462125
v 0.14493529 0.06769658 -0.39761704
v 0.1338055 0.10870365 -0.37459263
v 0.15199591 0.12688318 0.29791459
v 0.1538347 0.18692273 -0.29849151
v 0.15793206 0.23783647 0.30088368
v 0.1571362 0.23549828 -0.33585089
v 0.14412934 0.23184222 0.32013929
v 0.14332271 0.23332345 -0.41180375
v 0.12742954 0.24357568 0.38935518
v 0.14151025 0.26109499 0.41264012
v 0.13674773 0.26865843 -0.46001041
v 0.1373809 0.27780059 0.44347292
v 0.14373279 0.28486386 -0.42200133
v 0.1402224 0.28176549 0.40196571
v 0.13394044 0.28926069 0.45056567
v 0.15441966 0.31965667 -0.40183455
v 0.16007353 0.34301174 0.36307943
v 0.136014 0.33539775 -0.39196885
v 0.16057165 0.38341504 -0.33621243
v 0.13492146 0.3862544 0.28219518
v 0.13507938 0.40301362 -0.49635592
v 0.13053025 0.41729593 -0.50446063
v 0.12868004 0.41573811 -0.34565371
v 0.13517755 0.41383305 -0.34403533
v 0.13020104 0.41423663 0.29468158
v 0.13074356 0.43252155 0.46043351
v 0.14647153 0.45530197 -0.31519771
v 0.13913126 0.44423583 0.4729968
v 0.13788368 0.4543367 0.47508487
v 0.14314832 0.44934472 0.40997344
v 0.14266829 0.48101515 0.28085196
v 0.13397788 0.50026125 -0.32378542
v 0.12144544 0.48948473 0.26181266
v 0.13996355 0.50956464 0.2816714
v 0.13800424 0.50624138 -0.49714547
v 0.12843299 0.50446182 0.26505607
v 0.14070536 0.50832897 0.24109662
v 0.15044102 0.5853917 -0.27646026
v 0.13644157 0.61659318 -0.20165077
v 0.1335517 0.65992832 -0.27620786
v 0.13702475 0.67946231 -0.17967661
v 0.14690277 0.65156144 0.17972209
v 0.13892503 0.66953224 0.21313623
v 0.13046551 0.66456068 -0.30780116
v 0.14876278 0.6695925 -0.1265281
v 0.13659321 0.67246664 -0.00813502
v 0.14569195 0.68033969 0.2012801
v 0.13683805 0.70052147 0.0620843
v 0.14376917 0.72761858 -0.07926918
v 0.14127751 0.72138125 0.00673317
v 0.14496949 0.71220666 0.06129422
v 0.15238549 -0.31339708 -0.47867411
v 0.15262645 -0.3058894 -0.44279885
v 0.14251591 -0.28026131 -0.51605344
v 0.13731478 -0.26130423 -0.53174603
v 0.14069784 -0.28508982 -0.5355708
v 0.1414063 -0.2807942 0.50630552
v 0.15101944 -0.28319803 0.48757142
v 0.14865914 -0.20038642 0.50059974
v 0.16321184 -0.17656834 0.50693715
v 0.16140687 -0.11749396 -0.53382027
v 0.13714647 -0.04432145 -0.08048461
v 0.1533234 0.01233128 0.11092863
v 0.13699321 -0.03126666 0.42522138
v 0.15409355 0.02467305 0.00426253
v 0.14088199 -0.01750177 0.42563426
v 0.14294584 -0.01719678 -0.44098347
v 0.13972144 -0.00241824 -0.43974316
v 0.14168645 0.01175973 -0.03092432
v 0.14809699 0.01534259 -0.44245896
v 0.1577059 0.00763574 -0.42353091
v 0.16545162 0.08548091 0.33871922
v 0.14563824 0.10758503 0.32403237
v 0.15977322 0.15541278 -0.308292
v 0.15194897 0.15238106 0.2778658
v 0.14577003 0.2326128 -0.35854176
v 0.15137006 0.23439862 -0.39140284
v 0.13976564 0.26353106 -0.46445206
v 0.14166036 0.26832485 -0.48270795
v 0.15489975 0.29001045 -0.4654654
v 0.14402595 0.28618914 0.45812663
v 0.14841135 0.28659576 0.37166402
v 0.15521334 0.36669931 0.36282521
v 0.14468063 0.38030887 -0.36817729
v 0.14512001 0.373932 0.31900692
v 0.15447973 0.39974624 -0.33711112
v 0.14325978 0.41746601 -0.37192851
v 0.14799343 0.41742536 -0.50550127
v 0.15318199 0.43358287 -0.50592363
v 0.14268006 0.43137798 0.32368749
v 0.15667017 0.44201532 -0.32442674
v 0.14047667 0.43681848 0.3003695
v 0.15471664 0.45578471 0.29795524
v 0.16120589 0.45368174 0.27886084
v 0.14119919 0.45077008 0.46198323
v 0.15449707 0.4569864 -0.38247201
v 0.15220964 0.4639537 0.43964985
v 0.15167782 0.46784571 -0.48756394
v 0.14551833 0.48767897 -0.50222063
v 0.15523039 0.47108868 0.27443859
v 0.14872693 0.50246322 0.25112113
v 0.14085613 0.50073636 0.45119113
v 0.14312704 0.51403755 -0.48392695
v 0.14599329 0.60000336 0.24447989
v 0.15418345 0.61387223 -0.29916662
v 0.14788623 0.64790761 -0.32233953
v 0.14691621 0.6247927 0.17618127
v 0.16996759 0.66011465 -0.20542732
v 0.14259799 0.64656711 0.27567601
v 0.15552162 0.66568661 0.2328901
v 0.14808482 0.67601901 0.25463206
v 0.13521953 0.68382984 -0.30817366
v 0.15056548 0.671278 -0.28343776
v 0.15486911 0.70404994 -0.09979998
v 0.14686295 0.70081061 0.11994229
v 0.15108839 0.67636412 0.09333142
v 0.13953136 0.68907923 -0.25561234
v 0.14035547 0.69355524 -0.24285777
v 0.1557063 0.71111894 -0.14997689
v 0.14113356 0.68791699 -0.32861865
v 0.1486969 0.69840866 -0.04983269
v 0.1447417 0.73414266 0.01355042
v 0.14700207 0.73603648 -0.04853654
v 0.15033044 -0.31444833 -0.50707161
v 0.15618576 -0.32654664 -0.50396192
v 0.1393335 -0.32312894 -0.49279553
v 0.15711737 -0.31491166 0.43829566
v 0.139787 -0.32159054 0.45237613
v 0.15126562 -0.31545812 0.46740562
v 0.16809207 -0.30226529 -0.4121958
v 0.16663259 -0.30818194 0.38720542
v 0.15961827 -0.23568821 0.25798887
v 0.1616749 -0.22160959 0.24425818
v 0.15136126 -0.2119644 -0.54686385
v 0.15090939 -0.22695392 -0.55373073
v 0.15656359 -0.22070253 -0.28099364
v 0.16143596 -0.17993708 -0.25849083
v 0.15913381 -0.14086622 -0.23819102
v 0.16192421 -0.07108026 -0.21567214
v 0.17399982 -0.08586183 0.18186219
v 0.16888042 -0.00081877 0.05682027
v 0.14554039 0.00805191 0.13357365
v 0.15195957 -0.01879384 0.4060213
v 0.15977292 0.01157149 -0.19247895
v 0.14726348 0.00707009 -0.43834335
v 0.15082711 0.02806404 -0.16843839
v 0.17271039 0.0467762 0.01143881
v 0.16294469 0.04710146 0.36349526
v 0.16392179 0.10817965 -0.36850536
v 0.15540718 0.11264998 -0.35203609
v 0.15695603 0.12056199 -0.33852488
v 0.16067719 0.24193713 -0.33889076
v 0.16282532 0.24992855 -0.45367986
v 0.14816378 0.27749729 -0.47070917
v 0.16800989 0.29478678 -0.46185672
v 0.15774596 0.28108519 -0.39801869
v 0.15249772 0.28261262 -0.38003218
v 0.14649695 0.28808203 0.34703156
v 0.15144479 0.38293701 -0.39097533
v 0.17427084 0.39394489 -0.34591946
v 0.15773743 0.38522586 0.34228581
v 0.16136597 0.39446607 0.29170927
v 0.14381039 0.41351742 0.29663995
v 0.15629104 0.43193877 0.34792465
v 0.14888664 0.4299857 -0.51662588
v 0.1498742 0.44594032 -0.37580007
v 0.16695133 0.43999144 0.3710134
v 0.1502849 0.45247266 -0.46085703
v 0.16754571 0.44202906 -0.42044374
v 0.15367393 0.46060038 0.4802452
v 0.15728165 0.45985755 0.27260995
v 0.15418375 0.46980041 0.47359222
v 0.15925899 0.46224785 0.35327488
v 0.14911972 0.47919339 -0.31833962
v 0.15661927 0.48203522 0.45944765
v 0.15085295 0.50769883 -0.50933933
v 0.15686965 0.52768844 -0.28749293
v 0.15182211 0.51884741 0.25153199
v 0.15734108 0.54148859 0.27872112
v 0.15294355 0.55674952 -0.31329656
v 0.15905493 0.53484547 0.25567618
v 0.16148828 0.63178867 0.16568424
v 0.15899161 0.65240073 -0.21744284
v 0.16177636 0.6855256 -0.34810492
v 0.17165509 0.67992657 0.16971868
v 0.14817701 0.67332447 0.28078949
v 0.15459731 0.67820781 -0.27091569
v 0.15374146 0.69126529 -0.29752165
v 0.16698423 0.69017464 -0.13158518
v 0.16613185 0.71031499 -0.02372224
v 0.16174933 0.69692701 0.07358928
v 0.15314832 0.68640757 0.26780728
v 0.15057994 0.72148162 -0.31741172
v 0.15151164 0.70093411 0.00601152
v 0.1638155 0.70622909 0.06811745
v 0.17519394 0.71087307 0.15333955
v 0.17148942 0.73075122 0.13347638
v 0.14578547 0.69453245 0.21248573
v 0.15883766 0.71342701 -0.18185726
v 0.15237424 0.72094554 -0.0902063
v 0.15227333 0.7340278 -0.07817969
v 0.15046333 0.73019403 -0.06063038
v 0.16196172 -0.32617781 0.46961081
v 0.15898314 -0.30854872 -0.52474672
v 0.14680393 -0.3332305 -0.52354574
v 0.1673695 -0.30756187 0.50736392
v 0.14425126 -0.32314727 0.48514488
v 0.15479954 -0.28216833 -0.53903496
v 0.15718359 -0.27757317 0.5023784
v 0.15520768 -0.26409289 -0.54244888
v 0.16175193 -0.25907955 -0.337861
v 0.15257132 -0.2499205 0.49985161
v 0.15826452 -0.23389752 -0.54118001
v 0.16241087 -0.24290743 -0.30022907
v 0.14974499 -0.22017144 -0.55897009
v 0.16534458 -0.19708502 -0.28150889
v 0.17152919 -0.16731021 0.20642243
v 0.16577274 -0.11709939 0.49476743
v 0.15366854 -0.09840363 0.4631438
v 0.16624303 -0.04152669 -0.45618868
v 0.15669008 -0.02952149 0.41087231
v 0.16850156 -0.00381529 -0.43116575
v 0.16693479 0.00300956 -0.08505606
v 0.1576605 0.03057285 -0.04110511
v 0.15791579 0.04660276 0.14356978
v 0.1886116 -0.00686035 0.1800649
v 0.16126652 0.02689785 0.3822287
v 0.16762744 0.07348937 -0.380072
v 0.16506213 0.11284004 0.32714513
v 0.15416782 0.10992877 0.31037578
v 0.1618074 0.12576786 0.29085886
v 0.17208004 0.15105206 0.25336051
v 0.15523429 0.24433404 -0.37112704
v 0.15441866 0.24450611 -0.34658432
v 0.16136044 0.24896069 0.31326991
v 0.17981084 0.2448485 0.33953059
v 0.1740151 0.25690573 0.41984883
v 0.16728476 0.28760752 0.44207063
v 0.15375413 0.28272009 0.34556475
v 0.16798341 0.29285082 0.43067697
v 0.15745996 0.36541945 -0.40117952
v 0.15285023 0.38478521 0.30878034
v 0.16838521 0.42354101 0.34020993
v 0.15932782 0.42066467 -0.35825115
v 0.15441035 0.43288785 -0.38744783
v 0.16064815 0.44013187 -0.3608124
v 0.16891138 0.44407934 0.31434378
v 0.15966259 0.44915426 -0.34450996
v 0.15863515 0.44335744 -0.52125275
v 0.15878233 0.45987096 0.30808052
v 0.16426189 0.49192941 -0.44427454
v 0.17981158 0.49406508 0.40876991
v 0.15621731 0.49677783 -0.33112329
v 0.16287199 0.5104537 0.29321939
v 0.17561664 0.51134068 0.42859367
v 0.15921502 0.51068306 0.46207172
v 0.15409176 0.52105802 -0.33162138
v 0.16567616 0.5214349 0.4496741
v 0.16887048 0.53621691 -0.50636357
v 0.16445962 0.53302717 -0.49757674
v 0.15870637 0.55459559 -0.29933766
v 0.15595439 0.55535984 -0.29173234
v 0.16401163 0.55768806 0.25859234
v 0.16662918 0.60352725 0.25160095
v 0.16358808 0.59543741 -0.28106707
v 0.15534568 0.59125757 0.18292122
v 0.16791557 0.60239768 0.17311372
v 0.16506352 0.63329095 0.27871573
v 0.16171679 0.64554173 -0.212722
v 0.16915174 0.665048 0.29950401
v 0.17089279 0.6849975 -0.2267023
v 0.15882066 0.70432472 0.23530208
v 0.17173757 0.71841812 -0.24539204
v 0.1651129 0.72469568 -0.34188446
v 0.17231363 0.73031271 -0.1608153
v 0.15655442 0.71644139 0.01590213
v 0.15661265 0.71690834 -0.05947508
v 0.15749802 0.72339392 0.03130554
v 0.165105 0.73403764 0.05366318
v 0.15852733 0.73641169 0.01008328
v 0.15307197 0.74360561 0.01583214
v 0.16496478 -0.32613188 -0.53536409
v 0.1637333 -0.34806523 -0.53155595
v 0.16297588 -0.34503475 0.49510682
v 0.16881853 -0.33203891 0.43039963
v 0.16902354 -0.31148398 -0.55404174
v 0.19798629 -0.2930842 -0.37868103
v 0.18183364 -0.27484804 -0.35792941
v 0.17428422 -0.27814221 0.32179618
v 0.16842595 -0.24894676 0.27139843
v 0.17232651 -0.25404289 0.29187852
v 0.17081799 -0.23323122 0.51645941
v 0.16665867 -0.23747005 -0.56516182
v 0.16719364 -0.22060949 -0.29709268
v 0.17575203 -0.21981558 -0.55940741
v 0.16398561 -0.21489555 0.52314585
v 0.17048006 -0.19349559 0.52267122
v 0.18279725 -0.15868081 -0.26123536
v 0.18328446 -0.1152889 0.19929639
v 0.18807057 -0.10981932 -0.5224179
v 0.19279666 -0.05745077 -0.47008595
v 0.17823291 -0.0836359 0.45310155
v 0.17369017 -0.04674838 0.42217463
v 0.16061108 -0.00073865 -0.13608232
v 0.17240834 -0.01199058 0.39540118
v 0.17057653 0.03675473 0.09474213
v 0.16026245 0.03847863 -0.15373948
v 0.15677635 0.04346285 -0.18345731
v 0.16697682 0.02894175 0.10713096
v 0.17318904 0.04661933 -0.17134753
v 0.17534007 0.03566948 -0.39655313
v 0.18763261 0.04219662 -0.38413608
v 0.16924295 0.06776976 -0.17875211
v 0.17240307 0.07483722 -0.20588082
v 0.17043523 0.10395008 0.2912741
v 0.16313039 0.13997214 0.27536669
v 0.17088841 0.1560507 -0.32545924
v 0.17921592 0.19598593 -0.29443747
v 0.16436115 0.25359049 -0.37986407
v 0.15631294 0.26735276 -0.36272362
v 0.1733072 0.26428342 -0.4749417
v 0.16547671 0.26794684 -0.3417286
v 0.16013636 0.26710981 -0.38133341
v 0.16832434 0.28538173 0.30906463
v 0.1621253 0.26281485 0.33138263
v 0.1624272 0.26136598 0.29791579
v 0.19819154 0.26370427 0.35343164
v 0.18750174 0.27938828 0.44863597
v 0.15934813 0.30517733 0.34798753
v 0.16809206 0.29286683 -0.48855296
v 0.16923682 0.31066722 -0.39706728
v 0.16239391 0.33697587 -0.39559403
v 0.17641458 0.40765432 0.37276253
v 0.16420461 0.41099188 -0.34559879
v 0.17650485 0.41259685 0.29600266
v 0.16496508 0.43025324 -0.51388329
v 0.17258394 0.45180744 0.35878697
v 0.18941575 0.45946777 -0.46089104
v 0.18327214 0.4516879 -0.43557477
v 0.16467038 0.48199284 0.30001685
v 0.16359435 0.498402 -0.51123828
v 0.16816144 0.48268327 0.27886894
v 0.1735145 0.50321221 0.46939471
v 0.16554074 0.50478125 -0.3353073
v 0.16264437 0.5273037 -0.48723021
v 0.16889949 0.51969093 -0.33897209
v 0.17607972 0.52233976 -0.5183242
v 0.17310086 0.53557205 0.29793978
v 0.17268404 0.55570364 0.266579
v 0.16007924 0.56281328 -0.32810843
v 0.1768363 0.57374883 -0.29400146
v 0.19565575 0.58918554 0.26193798
v 0.16838764 0.59837264 0.20096441
v 0.16733721 0.66513407 0.18434142
v 0.17233472 0.67023867 0.25057608
v 0.17391537 0.64754719 -0.28081998
v 0.17703435 0.68274307 -0.19830385
v 0.17072578 0.69568926 0.19905093
v 0.16026416 0.69916904 0.29129952
v 0.16356707 0.70700675 0.10934537
v 0.17004327 0.69521266 0.09765436
v 0.17917924 0.70996213 -0.26264223
v 0.17522429 0.7305519 -0.00308658
v 0.17309308 0.72363448 0.28533858
v 0.16310389 0.71292025 0.01459241
v 0.17413855 0.72770649 -0.30416077
v 0.18415281 0.73616195 0.21865229
v 0.17758743 0.74027628 0.04176642
v 0.17614937 -0.37462512 0.46912709
v 0.17475559 -0.41242325 0.46422836
v 0.16186038 -0.38184923 0.49034199
v 0.17077351 -0.41548923 0.50468946
v 0.16564755 -0.37092617 0.52130687
v 0.16448207 -0.39327812 -0.52143407
v 0.16165021 -0.37121722 -0.54264057
v 0.1757226 -0.37239939 -0.5079754
v 0.16968408 -0.35828891 0.48182932
v 0.16348258 -0.34308895 -0.55631983
v 0.17065805 -0.33221027 0.5263676
v 0.173823 -0.33340701 -0.45499769
v 0.1727093 -0.3171384 0.54462981
v 0.16601232 -0.30598772 0.53309309
v 0.17273837 -0.27902597 -0.5600279
v 0.17260243 -0.27720383 -0.33970627
v 0.17597458 -0.24798267 -0.55989105
v 0.17888869 -0.24097553 -0.31926242
v 0.18319699 -0.16480079 0.22505887
v 0.17738064 -0.13582899 0.49517667
v 0.17576787 -0.1671786 -0.55562985
v 0.17685112 -0.13785112 -0.23540449
v 0.18201186 -0.11965279 -0.23879059
v 0.18411231 -0.11210522 0.49525028
v 0.20121878 -0.08468454 -0.4919607
v 0.19546285 -0.10335387 0.47527978
v 0.17263113 -0.02319824 0.4249675
v 0.17145047 -0.00014853 0.38121781
v 0.17430857 0.02021849 -0.11510976
v 0.18117549 0.03995985 0.04632665
v 0.17722435 0.04657565 -0.01666553
v 0.16873549 0.05892488 -0.15269572
v 0.21558574 0.08241679 -0.02902691
v 0.18514758 0.07580665 0.12165041
v 0.17686804 0.09758181 -0.20558314
v 0.17992234 0.07947335 0.32237807
v 0.17992109 0.09206933 -0.35976747
v 0.17504469 0.11920567 -0.33043063
v 0.16728792 0.09606455 -0.34088919
v 0.17097469 0.15651439 0.27767554
v 0.17309569 0.13181947 0.2752983
v 0.17187694 0.1450607 0.28749734
v 0.17330256 0.1668023 -0.31447113
v 0.17234139 0.15381376 -0.30820501
v 0.1687431 0.14121379 -0.30715442
v 0.17054555 0.16644384 -0.28179413
v 0.1807045 0.17174125 0.24094588
v 0.18440522 0.20423011 0.2550008
v 0.19494621 0.24864113 0.35052165
v 0.19801322 0.25148004 -0.4431299
v 0.19958216 0.25504431 -0.40991285
v 0.18135519 0.22526465 0.2929925
v 0.17842998 0.26596791 -0.33364782
v 0.17059098 0.25447518 0.30411816
v 0.17844173 0.29130441 -0.49685434
v 0.17597823 0.30240205 -0.37071407
v 0.19062284 0.2879642 -0.43367979
v 0.18280147 0.29423106 0.42440575
v 0.1734619 0.30312377 -0.4824858
v 0.17362583 0.33528915 0.35497883
v 0.1784388 0.33142892 0.33136454
v 0.18926774 0.34226912 -0.41259426
v 0.1746655 0.37152663 0.37305343
v 0.17356078 0.39447623 -0.41468036
v 0.18027109 0.40914971 -0.38717332
v 0.18245693 0.40341803 0.29928198
v 0.17277026 0.40399051 0.34895653
v 0.18657221 0.41959897 -0.40923694
v 0.17804721 0.41687778 -0.37297454
v 0.16974169 0.43573394 -0.52318138
v 0.1745031 0.44444171 -0.52937025
v 0.17252262 0.444141 -0.51410437
v 0.17105275 0.45259747 -0.5218963
v 0.17562486 0.45472798 0.40041101
v 0.17379874 0.47516277 -0.34228641
v 0.17297977 0.4676857 -0.35293937
v 0.17853862 0.47350883 0.27679387
v 0.18497907 0.46590668 -0.42833778
v 0.18577504 0.47088328 -0.31675181
v 0.17616074 0.47527429 0.44953158
v 0.17672394 0.49220836 -0.44919083
v 0.18439655 0.47820973 0.39493164
v 0.19453865 0.50287694 -0.31211388
v 0.190431 0.54150766 0.46141312
v 0.17652795 0.58967501 -0.3177371
v 0.18364958 0.59653425 -0.32924053
v 0.16407108 0.58047009 0.18889144
v 0.16767788 0.60870367 -0.28867495
v 0.18000133 0.60792273 -0.27903175
v 0.17469987 0.63449359 -0.31758144
v 0.16914091 0.608419 -0.21364732
v 0.16283612 0.60318893 -0.22362061
v 0.17446208 0.61476558 0.257173
v 0.1700321 0.64162982 -0.23923245
v 0.18096183 0.63042408 0.20924163
v 0.17374101 0.67403495 -0.34607109
v 0.17021649 0.65173113 -0.26221612
v 0.17687666 0.64213371 0.24328639
v 0.17777333 0.64816904 0.22790015
v 0.17214027 0.67459232 -0.29827347
v 0.17176181 0.67535961 -0.26397616
v 0.17119777 0.6946826 0.23547883
v 0.1771256 0.70727003 0.26442209
v 0.17861168 0.70126832 0.3076387
v 0.17213245 0.71029663 -0.18525128
v 0.17967044 0.70236427 -0.14426066
v 0.18225615 0.72639298 -0.259868
v 0.18048663 0.72675705 0.20265767
v 0.1955311 0.73349202 -0.24843399
v 0.1755064 0.74171126 -0.04567312
v 0.16967326 0.7273711 -0.08388185
v 0.17428602 0.7278564 -0.06405839
v 0.17608495 0.74352843 0.108733
v 0.19066344 0.75878227 -0.32656127
v 0.1790811 -0.4232755 -0.56264579
v 0.1852212 -0.44486824 -0.54671246
v 0.17150921 -0.40739694 -0.5083853
v 0.17464921 -0.38588828 -0.57415915
v 0.1831746 -0.42559254 0.53306675
v 0.17634848 -0.3388876 -0.57876027
v 0.18354639 -0.34936127 0.42476377
v 0.17738308 -0.35400987 0.54880762
v 0.18582721 -0.35256112 -0.45446524
v 0.17323169 -0.32544473 0.56005663
v 0.18544613 -0.36129695 0.57868785
v 0.18023439 -0.35508594 -0.59273952
v 0.17637464 -0.31876397 -0.58311903
v 0.17400421 -0.32199124 -0.5965423
v 0.17688636 -0.30951694 -0.59119284
v 0.17684825 -0.31391093 -0.5855642
v 0.18265142 -0.30954558 -0.57531798
v 0.18199655 -0.31782508 -0.60243595
v 0.18055052 -0.29610783 0.52836609
v 0.19839533 -0.30734727 -0.40029624
v 0.18915944 -0.24280517 0.53353143
v 0.19024062 -0.26145029 -0.57560933
v 0.18079905 -0.27442518 0.29738614
v 0.17845351 -0.22758488 0.26996404
v 0.17516929 -0.22432442 0.53261822
v 0.18591799 -0.19703342 0.24903275
v 0.18806012 -0.18754329 -0.28485814
v 0.19321828 -0.19042809 -0.56657344
v 0.19008303 -0.13585976 -0.53784591
v 0.18059069 -0.14282164 -0.24993783
v 0.18871638 -0.12318391 -0.53636986
v 0.18846746 -0.02540025 -0.23092091
v 0.18276921 -0.02361419 0.42194307
v 0.17848685 -0.01166476 -0.45140225
v 0.18864107 0.00158812 -0.40984014
v 0.18489064 0.0456647 0.06585827
v 0.18695104 0.04914614 -0.22326489
v 0.19289485 0.01053611 -0.21984847
v 0.18044029 0.03972094 -0.08367464
v 0.18122922 0.05288791 -0.11802729
v 0.17875141 0.00936568 0.36806655
v 0.17583552 0.09107778 0.17764339
v 0.19808313 0.0712385 -0.06399994
v 0.18543467 0.04808105 0.11179818
v 0.18483233 0.09044065 -0.15793553
v 0.19451541 0.07071368 -0.35460573
v 0.18233156 0.08694357 0.29404444
v 0.17460826 0.10874792 -0.3054606
v 0.17588526 0.10726313 0.27209935
v 0.18796447 0.11980164 0.22588581
v 0.17882974 0.15452726 -0.31744382
v 0.18090609 0.15806206 0.26024351
v 0.18341143 0.17388728 0.26801118
v 0.18828841 0.23224753 -0.34871864
v 0.17880537 0.25505322 -0.35618582
v 0.19845124 0.25436798 0.40527081
v 0.19072083 0.25585467 -0.39610597
v 0.1889236 0.27001953 -0.34825045
v 0.17779885 0.26669288 0.33178484
v 0.18394196 0.27314651 0.30467513
v 0.1770183 0.29047528 -0.34300911
v 0.17151324 0.29278055 -0.35050964
v 0.20518051 0.27812317 0.38809901
v 0.17279722 0.33243018 -0.3500452
v 0.17842525 0.30834472 -0.34068155
v 0.18075563 0.31136933 0.45115316
v 0.18283276 0.30274653 0.45952749
v 0.18531764 0.34726393 -0.39420468
v 0.2063127 0.37156561 -0.42305857
v 0.17268546 0.35250691 0.47864768
v 0.17198126 0.34691164 0.48566046
v 0.17733119 0.37677762 0.50104976
v 0.18071307 0.39412206 0.51148701
v 0.18431233 0.38747409 0.49942312
v 0.18985182 0.41050935 -0.34881461
v 0.19833928 0.41069248 0.30442598
v 0.18179235 0.4305236 -0.36643854
v 0.19805241 0.42794836 -0.35232905
v 0.17777395 0.44167492 -0.37326601
v 0.17994258 0.44226596 -0.52265775
v 0.17571513 0.44903114 -0.53176779
v 0.18616642 0.46213689 -0.5324865
v 0.18495765 0.46500698 0.38839644
v 0.18727154 0.46679321 0.429764
v 0.18585621 0.48212948 -0.49408013
v 0.17819311 0.48576593 0.32243967
v 0.18004279 0.49779195 0.27424946
v 0.19533546 0.51946133 0.31270015
v 0.18853845 0.53048646 -0.47920629
v 0.18954843 0.53680164 -0.33236328
v 0.18260197 0.52928036 0.46813858
v 0.18546684 0.52615732 0.29914716
v 0.19429377 0.55405945 -0.49089471
v 0.1992245 0.57354826 0.30253264
v 0.18239294 0.61531532 0.19012436
v 0.18111098 0.61426055 0.20208398
v 0.17439783 0.61550564 -0.27778226
v 0.1815291 0.62008095 -0.30382475
v 0.18366875 0.62355715 -0.24644285
v 0.1826548 0.60843724 0.24783711
v 0.1760923 0.62886488 -0.25237548
v 0.182221 0.6563254 0.29185855
v 0.18219098 0.64137989 -0.29491755
v 0.18544097 0.68536603 -0.24109393
v 0.18176624 0.67884558 0.21301837
v 0.18321563 0.70761704 0.2295513
v 0.18851849 0.68060988 0.30631933
v 0.18388702 0.72854561 -0.11637987
v 0.18431512 0.72897613 0.07070422
v 0.1845879 0.71003073 0.11151423
v 0.18405125 0.71747565 0.20257729
v 0.19100507 0.73373699 0.23128162
v 0.19086672 0.71114075 -0.35560104
v 0.18211059 0.73472869 -0.17950565
v 0.17837632 0.73570484 -0.08015138
v 0.18806441 0.73718911 0.05435502
v 0.18301524 0.72280234 0.11277364
v 0.1849332 0.74970001 0.01463158
v 0.18708633 -0.43699372 0.47773302
v 0.19014612 -0.45143285 0.51216257
v 0.18833467 -0.43423343 -0.50711071
v 0.18983772 -0.40474281 -0.49373356
v 0.19413733 -0.42235902 -0.59341478
v 0.18740872 -0.37759635 0.56026423
v 0.19254224 -0.40671432 0.45229754
v 0.19071431 -0.38404441 0.57904696
v 0.18678126 -0.33459315 0.57075512
v 0.18183292 -0.35557729 -0.61249042
v 0.18635739 -0.33704272 -0.61191136
v 0.19818792 -0.33517796 -0.43038189
v 0.19312978 -0.31670883 0.55445379
v 0.18470818 -0.31059256 -0.59342414
v 0.18485452 -0.31107447 -0.58525002
v 0.20083767 -0.29647538 0.34135133
v 0.19611326 -0.28658998 0.31382713
v 0.19825979 -0.27143344 -0.34888688
v 0.18578865 -0.24404462 -0.57937473
v 0.19745624 -0.23736486 -0.31951913
v 0.19383961 -0.19587889 0.52653652
v 0.2236321 -0.16483331 0.5319128
v 0.19570015 -0.06265567 -0.23026527
v 0.18814735 -0.05619321 0.4296777
v 0.19300792 -0.02307594 -0.42744616
v 0.19733877 0.03704071 -0.39912978
v 0.17806572 0.05455357 0.08576656
v 0.19518204 0.07240511 0.20404375
v 0.20457266 0.06392643 -0.08552045
v 0.19091789 0.03421069 0.34664151
v 0.18927465 0.06155479 0.33562449
v 0.19633465 0.09107917 0.11260372
v 0.19406332 0.06220674 0.308449
v 0.19218197 0.04846044 0.32059222
v 0.19076051 0.075166 -0.33196026
v 0.19709969 0.08424397 -0.30203083
v 0.18850693 0.08844478 -0.24788082
v 0.18632396 0.12416485 0.18418099
v 0.1871976 0.09070843 0.21615629
v 0.18576974 0.08950051 0.27771762
v 0.17889749 0.10645683 0.27859026
v 0.1892848 0.11248852 -0.19644618
v 0.18964697 0.13743004 -0.22694097
v 0.18867072 0.14044744 0.27676836
v 0.20079283 0.13847473 -0.27097932
v 0.18589179 0.1542469 -0.26743644
v 0.18497354 0.17275779 -0.30572787
v 0.19143069 0.1754133 0.24887842
v 0.20784719 0.18679149 -0.27118438
v 0.19341753 0.19328025 0.24574691
v 0.20569402 0.19865213 -0.30130634
v 0.19685774 0.2648955 -0.39542994
v 0.1866135 0.29442856 -0.34283328
v 0.20354947 0.29406253 0.31525153
v 0.18631694 0.31231618 -0.48677751
v 0.19107375 0.31143191 -0.3722676
v 0.18725759 0.31990674 -0.50888413
v 0.18813638 0.33057976 -0.37521115
v 0.18332729 0.33835787 0.47603801
v 0.19753665 0.32879439 0.48167807
v 0.19816607 0.35485658 0.34356263
v 0.18798713 0.34344625 0.48380408
v 0.18815784 0.35511935 0.48784781
v 0.19402246 0.41972825 -0.41700402
v 0.20003574 0.42736587 0.37180725
v 0.18504718 0.43067229 -0.37580636
v 0.19427948 0.43030319 0.34197417
v 0.20366982 0.4344478 0.29999506
v 0.19169946 0.45680395 -0.53732318
v 0.18489145 0.4523623 -0.52260256
v 0.19064279 0.46025184 0.32662249
v 0.18389243 0.46163142 -0.36126956
v 0.19932425 0.48217365 -0.46972007
v 0.18250239 0.49740347 -0.35233301
v 0.21025361 0.52178079 0.30051365
v 0.18718038 0.51753598 -0.31975481
v 0.19141057 0.5226351 0.47235891
v 0.2107317 0.5586462 -0.32324699
v 0.19912469 0.55279666 -0.33648106
v 0.19795001 0.59163219 0.28610536
v 0.21216278 0.58540916 -0.34356633
v 0.19448772 0.5813514 -0.30269682
v 0.19190484 0.62606692 -0.22472577
v 0.1855486 0.62553078 0.2109174
v 0.18029362 0.62151575 0.25006995
v 0.18670408 0.64900994 -0.31593233
v 0.19696848 0.67826891 0.29144067
v 0.18830323 0.66674095 -0.33017203
v 0.1942959 0.63858855 0.17163794
v 0.19586866 0.67430246 0.16397747
v 0.19287176 0.67268682 0.27477485
v 0.18808001 0.69633788 0.16507484
v 0.18770958 0.70000297 -0.3121452
v 0.18633394 0.70126003 -0.23751277
v 0.1983062 0.70792782 0.26629502
v 0.19050607 0.70489222 -0.25159782
v 0.19087152 0.70974803 -0.17024289
v 0.1963782 0.72957659 -0.30618799
v 0.19416796 0.73456705 -0.16608663
v 0.20044415 0.73651451 0.09405917
v 0.18538773 0.72311121 0.13717926
v 0.21064393 0.73824322 0.31102225
v 0.18998672 0.74192691 -0.30557427
v 0.19104016 0.74092245 -0.0917828
v 0.20823447 0.74050552 -0.02165177
v 0.19342746 0.74578488 0.10542943
v 0.18729146 0.74942327 0.11245795
v 0.20648503 0.74727136 0.29849321
v 0.20385718 0.74852324 0.2786687
v 0.20259944 0.74407148 0.03907958
v 0.20736694 0.76259303 -0.34369567
v 0.19974457 0.76500601 -0.07684019
v 0.20523934 0.77318943 -0.0031351
v 0.20165513 -0.77012974 -0.47999522
v 0.19259004 -0.76518393 -0.49171349
v 0.18745244 -0.78537786 -0.47487488
v 0.20009737 -0.77588314 -0.50337392
v 0.2015065 -0.46917522 0.54019791
v 0.20717148 -0.46651223 -0.58892888
v 0.20806788 -0.43943018 -0.51186013
v 0.20100197 -0.43159029 0.46601015
v 0.20237768 -0.42381579 -0.49337688
v 0.2026033 -0.40448692 -0.61189801
v 0.21415614 -0.40789908 0.41950822
v 0.20816132 -0.41773695 0.57559341
v 0.19472729 -0.36857894 -0.62566328
v 0.19800237 -0.3955633 -0.62633789
v 0.2154036 -0.34549022 0.38807625
v 0.1932876 -0.31730819 -0.59472352
v 0.19872835 -0.30423358 -0.59211969
v 0.20502983 -0.2909593 0.55594683
v 0.2025279 -0.26212233 -0.58588183
v 0.20709628 -0.24841772 0.54922515
v 0.21787316 -0.26102051 0.30062526
v 0.20136063 -0.21515158 -0.57762736
v 0.23956789 -0.21524556 0.28341106
v 0.20630604 -0.22447301 0.54404467
v 0.21736088 -0.13849299 0.24270861
v 0.20590769 -0.10024673 -0.2529797
v 0.23458213 -0.12142638 0.51745498
v 0.20792808 -0.08315888 0.20957151
v 0.211867 -0.08248025 0.45106015
v 0.19541669 -0.05619859 0.18623991
v 0.2044041 -0.05029432 -0.45885047
v 0.19739228 -0.04104976 0.42086878
v 0.20677136 0.00278808 0.36057821
v 0.21533698 0.01637591 0.2159398
v 0.20077966 0.06866206 0.06599643
v 0.20157212 0.07936239 -0.11774727
v 0.21135664 0.0863775 0.0312933
v 0.20663355 0.06508849 0.27338183
v 0.19838136 0.07968746 0.29551071
v 0.20092823 0.09918922 0.24119927
v 0.19737421 0.1054654 -0.17454612
v 0.19542225 0.10832237 0.22984751
v 0.20011044 0.12019173 -0.27609459
v 0.18741232 0.09879774 -0.26933825
v 0.18859626 0.13694589 -0.26591712
v 0.19710138 0.14861482 0.20251331
v 0.19466804 0.15997876 0.25681797
v 0.19537795 0.17461917 0.26591134
v 0.20934859 0.18313585 0.22769369
v 0.19570351 0.20298491 0.25692859
v 0.20789859 0.22732528 0.3166616
v 0.21261886 0.27396193 -0.47722903
v 0.20459145 0.27149466 0.43771157
v 0.19687614 0.25546259 -0.37024909
v 0.20062311 0.29044577 -0.50316679
v 0.20521367 0.27866042 -0.4217442
v 0.19531436 0.28150186 0.31419435
v 0.20785145 0.29194078 0.33450884
v 0.19282523 0.29062355 -0.35566801
v 0.19992186 0.29959461 -0.38044173
v 0.21071723 0.31640962 -0.39873299
v 0.20024145 0.30463243 0.44383478
v 0.20219877 0.32133797 0.32881182
v 0.20754811 0.33152625 0.48450375
v 0.20396073 0.34082103 -0.51298857
v 0.21768554 0.3347837 -0.34072074
v 0.19583164 0.3464303 0.47734463
v 0.20281361 0.35221487 -0.37268746
v 0.20277126 0.35347289 0.35733134
v 0.19401947 0.34906554 0.48604161
v 0.20650913 0.35811624 -0.41659251
v 0.19108506 0.3876318 0.50602376
v 0.20549576 0.3813003 0.38579935
v 0.22911909 0.40179083 0.39291087
v 0.19433105 0.40473917 0.52150792
v 0.19010861 0.41294459 0.50875425
v 0.19659068 0.42918822 0.32905394
v 0.20218696 0.42351937 0.35514972
v 0.1974791 0.42747599 0.51820153
v 0.20559105 0.46855074 -0.53355104
v 0.20005192 0.46261925 -0.3820768
v 0.20005804 0.48681602 -0.37377909
v 0.20952718 0.47183296 -0.34642446
v 0.19503935 0.47182563 0.40961978
v 0.1944478 0.47975349 -0.54561412
v 0.20002036 0.47847718 -0.36560008
v 0.20366353 0.48554647 0.33520219
v 0.21653041 0.50300187 -0.31762093
v 0.19865176 0.49983981 0.45703822
v 0.20700668 0.50844765 -0.47583342
v 0.20045152 0.492865 0.27790594
v 0.19916992 0.5001685 0.41556886
v 0.18893546 0.50159001 0.27432969
v 0.21011713 0.50333977 0.28241825
v 0.20844109 0.51153558 0.33373159
v 0.18855935 0.52697498 -0.34278822
v 0.21172875 0.51048082 -0.33185261
v 0.20310389 0.53132969 -0.35894904
v 0.20319781 0.54559624 0.30089813
v 0.20623653 0.56341559 -0.51850957
v 0.19990504 0.5695259 -0.49891749
v 0.20827463 0.58982396 0.27092424
v 0.20768435 0.618747 -0.31580243
v 0.20488438 0.61465293 -0.29847774
v 0.19205515 0.64166826 0.20072734
v 0.20328856 0.6698519 -0.21425326
v 0.19926664 0.70013356 -0.3367441
v 0.19884703 0.72948217 -0.26003194
v 0.19996923 0.69892561 0.15337299
v 0.19237526 0.71073645 0.1263404
v 0.20469004 0.73699081 -0.35631162
v 0.19509663 0.72814339 0.20011801
v 0.2003554 0.73527211 0.26820827
v 0.1999907 0.74296945 -0.25496632
v 0.20563225 0.76256144 -0.03486439
v 0.2138404 0.7706393 0.06397716
v 0.19816637 0.75930709 -0.05770978
v 0.20900016 0.75583136 0.0234838
v 0.21217895 0.77569044 -0.04436444
v 0.20686512 0.77225757 0.0141629
v 0.20732899 -0.78175056 -0.48237148
v 0.19531386 -0.78452098 0.44523218
v 0.19163622 -0.77505469 0.44511083
v 0.20153958 -0.77403229 0.43797183
v 0.20415471 -0.77454621 0.46517766
v 0.20335814 -0.74941272 0.46743992
v 0.20321026 -0.74646688 -0.51426655
v 0.20627676 -0.7461645 0.4886018
v 0.20228752 -0.45988131 0.50460041
v 0.20726387 -0.45940089 -0.5399124
v 0.2143126 -0.44549054 0.56403863
v 0.21108636 -0.40822124 -0.45953396
v 0.20309924 -0.37323248 0.41362125
v 0.19825 -0.36842507 0.58601505
v 0.20455143 -0.39118639 -0.63235152
v 0.20101485 -0.33156329 0.56599426
v 0.20272271 -0.33862022 -0.60997319
v 0.20880449 -0.29122254 -0.36067441
v 0.2311316 -0.16788647 -0.30367211
v 0.21502873 -0.20374668 -0.31116453
v 0.24304499 -0.13086441 0.51486164
v 0.21499908 -0.1122639 -0.54666466
v 0.22593617 -0.10453773 0.50544971
v 0.20368707 -0.06835475 0.20215891
v 0.21200201 -0.06632663 -0.48026162
v 0.20695828 -0.06107504 0.43967053
v 0.21507631 -0.04227872 -0.25492871
v 0.2119863 -0.00459706 -0.24765788
v 0.21218455 -0.02497326 -0.41089964
v 0.20375098 0.01443975 -0.38353854
v 0.20196153 0.0469173 -0.34584734
v 0.21832897 0.01084194 -0.26470599
v 0.20656884 0.06965756 -0.26976213
v 0.2123616 0.09027337 0.05370112
v 0.20481195 0.09740173 -0.25705034
v 0.21307458 0.09539809 0.08180141
v 0.20574671 0.08987939 0.20884253
v 0.23567323 0.14014544 0.12975109
v 0.20042801 0.16898833 -0.26081368
v 0.20042801 0.1635423 -0.25544748
v 0.21364419 0.15716195 -0.2366821
v 0.20603497 0.19130297 0.24440941
v 0.21750252 0.193725 -0.28071499
v 0.20791882 0.21123473 -0.34805566
v 0.19823866 0.25397053 -0.3888478
v 0.20803325 0.22991699 -0.37130576
v 0.19986568 0.25546089 -0.39667878
v 0.20035739 0.25462613 -0.39579204
v 0.21478164 0.26306522 -0.35954794
v 0.19858442 0.2739751 -0.3640542
v 0.20880055 0.26629674 0.34373555
v 0.22525971 0.29726717 -0.47337931
v 0.22095117 0.28719425 0.41848063
v 0.20129959 0.30904445 -0.34534886
v 0.2102626 0.32959634 -0.52769792
v 0.20404787 0.33075541 -0.37813944
v 0.19976431 0.33749071 -0.52014875
v 0.2071919 0.33929077 0.33695152
v 0.21619394 0.35913873 -0.39430651
v 0.20919536 0.34510976 0.49504203
v 0.20455523 0.35608158 0.36942691
v 0.21679868 0.34851384 0.48003075
v 0.21006367 0.40384996 -0.42854881
v 0.20845588 0.41684306 0.5143714
v 0.19764403 0.43157744 -0.39687869
v 0.20377405 0.43205056 -0.41387689
v 0.2210824 0.44151509 -0.38104579
v 0.21464403 0.4732483 -0.35616916
v 0.19976963 0.48952729 -0.54238725
v 0.2146216 0.5015046 0.44086713
v 0.21614163 0.51510513 -0.36011553
v 0.21276954 0.51069754 0.27073294
v 0.21205592 0.53455597 -0.51515365
v 0.21104594 0.51889032 -0.30876055
v 0.19956711 0.52680844 0.28229162
v 0.20753843 0.51982427 0.27048829
v 0.21402662 0.53281182 0.46993008
v 0.21315432 0.55679816 -0.3136791
v 0.20159537 0.54137224 -0.33918971
v 0.22867632 0.56563151 0.44439802
v 0.21830103 0.58632243 -0.5098806
v 0.2128177 0.60988706 -0.3032614
v 0.20234475 0.62169665 0.24725033
v 0.21248363 0.62864715 -0.33334795
v 0.21878213 0.65371644 0.22897793
v 0.20862359 0.64525265 -0.26010555
v 0.20462543 0.64193517 -0.22504815
v 0.21235296 0.65954351 0.17878835
v 0.22064027 0.70864803 0.29787615
v 0.21187465 0.70299876 -0.1959831
v 0.21944164 0.72217876 0.31370071
v 0.21140659 0.71931887 -0.32493934
v 0.21034436 0.72137982 -0.3502889
v 0.21252489 0.73715103 -0.16998145
v 0.20348714 0.73575211 0.22132632
v 0.20879757 0.74386835 -0.25744992
v 0.20082255 0.74420631 0.22283433
v 0.21171424 0.76775706 -0.11305006
v 0.21796396 0.75796598 0.19780131
v 0.21230441 0.76110691 -0.08842804
v 0.21486393 -0.77674258 0.44946459
v 0.20602699 -0.75752079 -0.52327126
v 0.21540424 -0.74521786 -0.49702844
v 0.21387729 -0.71332723 0.50768346
v 0.22208907 -0.48096761 -0.57238406
v 0.2193906 -0.47518918 0.54131788
v 0.22329815 -0.4339242 0.43946755
v 0.21644039 -0.42315528 -0.6198054
v 0.21878749 -0.41966593 -0.64140481
v 0.20850758 -0.41979343 -0.63294238
v 0.20465571 -0.41666478 0.59786308
v 0.21198364 -0.35253763 -0.62200111
v 0.21086076 -0.3640359 0.58464807
v 0.22815 -0.31915858 0.35929164
v 0.2184732 -0.26709178 -0.59864646
v 0.21621838 -0.3150174 -0.40203479
v 0.21687222 -0.31459302 -0.38383287
v 0.21076432 -0.300363 -0.37595564
v 0.22141431 -0.27641231 0.3200216
v 0.22909248 -0.26933703 0.56529778
v 0.2230375 -0.22592878 -0.59567869
v 0.21688092 -0.14584276 -0.28160343
v 0.2169577 -0.10302529 0.23197973
v 0.22715236 -0.1129927 0.5148105
v 0.22083718 -0.071823 -0.25275779
v 0.20701568 -0.01948522 0.20750991
v 0.21334858 -0.04798473 0.21566053
v 0.21500365 -0.03082195 0.37409422
v 0.21292959 -0.01421421 -0.39649537
v 0.21428806 -0.00572456 0.34267053
v 0.21660221 0.00913571 -0.36029628
v 0.21621926 0.05621177 -0.29977813
v 0.22647285 0.08721542 -0.097964
v 0.20534506 0.07102144 0.220585
v 0.20833273 0.07925441 0.24433419
v 0.21451667 0.10546433 0.22392608
v 0.21882744 0.11867932 -0.15795504
v 0.21130614 0.10977666 0.20426433
v 0.20980576 0.13671246 0.21449877
v 0.20793894 0.16898833 -0.25544748
v 0.20828794 0.16911125 -0.25533652
v 0.20582934 0.19204162 0.27381638
v 0.22274067 0.18502277 -0.32908639
v 0.21927698 0.25074512 0.34803799
v 0.21004623 0.25288761 -0.40455979
v 0.20685312 0.25285929 0.37367845
v 0.21426293 0.26381069 0.39027599
v 0.20482208 0.26326823 -0.4053984
v 0.20828794 0.26096871 -0.39692608
v 0.22230446 0.26280525 -0.38710198
v 0.22262909 0.26661351 -0.44718286
v 0.21442978 0.28795722 -0.38331473
v 0.2096649 0.28643945 0.32169858
v 0.21516317 0.29401708 0.3507106
v 0.22979763 0.27273092 0.35742903
v 0.22292373 0.28825432 0.45211798
v 0.22121915 0.3026866 0.46708298
v 0.22611551 0.31698328 -0.5219118
v 0.22651532 0.30057633 -0.50624782
v 0.23962875 0.3000977 0.32788217
v 0.22347899 0.30031586 -0.3934702
v 0.22074047 0.33029154 0.47627425
v 0.21054989 0.33916217 -0.41723391
v 0.20574661 0.33101448 0.34288746
v 0.21408218 0.35286322 -0.53602272
v 0.21222392 0.35351217 0.32964334
v 0.20858914 0.34936821 0.3624351
v 0.20729215 0.35942256 0.3577778
v 0.22132558 0.36038217 0.49376789
v 0.2096545 0.38186789 0.35385856
v 0.22967564 0.35667026 0.38403401
v 0.20536141 0.4185431 0.37785175
v 0.21873902 0.44255042 0.36312413
v 0.2192596 0.46118698 -0.4150328
v 0.20852862 0.46240896 0.34955016
v 0.22541325 0.46401724 0.32216537
v 0.20903215 0.48181883 -0.55101597
v 0.20987681 0.48633382 -0.38877055
v 0.20873174 0.49135992 -0.55616128
v 0.21262239 0.4991146 -0.54558861
v 0.21396309 0.50452167 0.42642516
v 0.21586382 0.51633608 -0.49280182
v 0.20540023 0.50449514 -0.40637055
v 0.22336039 0.50272584 -0.435305
v 0.20612872 0.48934296 -0.40557587
v 0.2241863 0.49349257 -0.34824193
v 0.20952576 0.50679219 -0.55339086
v 0.21003953 0.52411032 0.42293867
v 0.22215959 0.53289181 -0.36879608
v 0.21482997 0.53518307 -0.48667747
v 0.2110697 0.5269013 0.32027775
v 0.21724825 0.5430581 -0.3374103
v 0.22534211 0.56224763 0.27062392
v 0.21685621 0.56038105 0.27948961
v 0.21484812 0.55664325 -0.49069348
v 0.21836944 0.55095607 -0.35425738
v 0.21209681 0.55076796 0.46836269
v 0.21985634 0.58594012 -0.49255341
v 0.22135673 0.59167063 0.26631659
v 0.21938999 0.59994686 0.30708596
v 0.21844548 0.61847323 -0.31013376
v 0.22478983 0.60907084 -0.35527095
v 0.22967747 0.64742678 -0.28177932
v 0.213809 0.64075351 -0.24032785
v 0.20888083 0.66814184 -0.23528998
v 0.21340896 0.68485153 0.16500635
v 0.2076496 0.67812186 0.19953929
v 0.21099129 0.67918104 0.20748603
v 0.21969058 0.72532463 0.15121053
v 0.21336956 0.73374963 -0.1770076
v 0.21296003 0.73447192 0.13590446
v 0.21223736 0.73147857 0.26376659
v 0.20809191 0.73642004 -0.25356159
v 0.2117635 0.74189675 -0.15039156
v 0.23156045 0.75094938 0.10629673
v 0.20303707 0.73887497 -0.06107443
v 0.21940099 0.73575294 -0.07394544
v 0.21582465 0.75243551 -0.08448699
v 0.22094122 0.75049353 0.21273856
v 0.21937267 0.75777 -0.3060759
v 0.23577537 0.76847535 0.28018567
v 0.22789671 0.7814557 -0.10066511
v 0.21554527 0.74771559 -0.05009623
v 0.22073351 0.76094097 -0.00768933
v 0.21951596 0.7793985 0.00766493
v 0.21998025 -0.77469295 -0.50142014
v 0.22350194 -0.76360995 -0.49195322
v 0.21989062 -0.74752259 0.45513988
v 0.21556488 -0.74810541 0.50127721
v 0.22005145 -0.71085823 -0.5263046
v 0.23107874 -0.71735036 0.4727174
v 0.20997107 -0.72492957 -0.53561848
v 0.21970564 -0.73617429 -0.55386865
v 0.21805763 -0.70546281 0.49575639
v 0.22426717 -0.68911672 -0.58057642
v 0.21919419 -0.690853 -0.55676925
v 0.21744755 -0.4723863 0.5003075
v 0.23255447 -0.47524607 -0.52654046
v 0.22308385 -0.45123196 -0.61558276
v 0.2241895 -0.43161443 0.58844787
v 0.22688749 -0.43261313 -0.47508585
v 0.21078444 -0.43138829 0.59735316
v 0.22461647 -0.40923473 0.59994817
v 0.22154559 -0.39474666 -0.63258135
v 0.22127353 -0.39419922 0.59585321
v 0.2468567 -0.39870414 -0.42600402
v 0.22421716 -0.37349394 -0.43678066
v 0.23769009 -0.3649947 0.38874316
v 0.24248122 -0.32963076 -0.40789685
v 0.21465221 -0.31582186 0.34357181
v 0.23485015 -0.29673401 0.34007049
v 0.22498159 -0.27786711 -0.36403817
v 0.22165442 -0.25656009 0.57327461
v 0.2186026 -0.24860254 0.5734483
v 0.22641577 -0.24787614 -0.60900778
v 0.2314596 -0.20743085 0.55110389
v 0.23234262 -0.15704766 -0.57141691
v 0.21552646 -0.09987668 -0.26399928
v 0.21640268 -0.10346357 -0.5188269
v 0.22456354 -0.10040577 -0.52979749
v 0.23295434 -0.10583029 0.48481438
v 0.2291694 -0.05915106 0.22770143
v 0.24602291 -0.0720401 -0.45234212
v 0.22861651 -0.03569437 0.2210778
v 0.22009559 0.00568521 -0.38225046
v 0.21657465 -0.01203155 0.21744369
v 0.21380371 0.04104159 0.28685477
v 0.22214308 0.01684342 -0.31551585
v 0.23298883 0.10422608 -0.08314136
v 0.23129024 0.10719798 -0.10218022
v 0.22762504 0.14505397 -0.18617097
v 0.24082558 0.15762436 0.15560494
v 0.25233051 0.18239284 -0.22999884
v 0.22014339 0.18381377 0.28277877
v 0.22646831 0.17710747 0.25133845
v 0.2200558 0.18795472 0.23516929
v 0.21978937 0.21304992 0.3308363
v 0.22695169 0.22561538 0.32874292
v 0.22931471 0.23590723 0.32028529
v 0.23623726 0.2469335 0.37352061
v 0.2106521 0.26653373 -0.39787117
v 0.22403751 0.26305506 -0.41235906
v 0.21760936 0.27406818 0.42568004
v 0.23748675 0.28345639 0.37253782
v 0.21560949 0.2713387 0.39273944
v 0.21055415 0.28489763 -0.39937204
v 0.21146393 0.27659512 -0.40599337
v 0.22451051 0.28078038 -0.37339684
v 0.23183827 0.28197604 -0.44906741
v 0.2332183 0.31765482 -0.4998475
v 0.23062031 0.31064788 0.33498612
v 0.22086529 0.30911374 0.34833661
v 0.22959162 0.33177918 -0.34951288
v 0.22941855 0.34124556 0.33370891
v 0.2132408 0.34908399 0.36888307
v 0.23065037 0.34461811 -0.3625038
v 0.21722504 0.35846326 -0.37554005
v 0.21941422 0.36403978 -0.53091848
v 0.22464195 0.36235869 0.3657659
v 0.2125857 0.36244485 0.36215195
v 0.23957172 0.38466328 0.4060027
v 0.2199133 0.39541477 0.36967024
v 0.2160328 0.38911903 0.35740256
v 0.21832705 0.39804575 0.36543867
v 0.23034738 0.41212258 0.38166839
v 0.21478245 0.41001618 -0.41584542
v 0.22789983 0.45281586 0.38108781
v 0.23524421 0.44387004 0.39057574
v 0.22430475 0.45169365 -0.42136964
v 0.2295052 0.45450199 -0.39245453
v 0.22359683 0.45552233 -0.38337934
v 0.2191792 0.49707595 -0.55058467
v 0.22778565 0.48157781 0.32610762
v 0.22361672 0.47908267 -0.39017743
v 0.22298639 0.49148872 -0.41561747
v 0.22783218 0.52012879 -0.37365419
v 0.21830285 0.51047122 -0.56418562
v 0.22597618 0.51750815 -0.39274088
v 0.24127701 0.53514469 0.45184082
v 0.23184738 0.52960265 0.420784
v 0.23028584 0.52466947 0.3364076
v 0.22708189 0.53388417 -0.31042653
v 0.24807151 0.55870372 0.42898667
v 0.22004931 0.56909853 0.2928279
v 0.22024836 0.57149422 -0.33998576
v 0.23035829 0.59220278 0.30514324
v 0.23201385 0.60044658 -0.49516359
v 0.22012395 0.58617473 0.2728436
v 0.2225394 0.60889685 0.27271262
v 0.23370431 0.64007801 0.29582864
v 0.2246992 0.63737458 -0.32643089
v 0.2168894 0.65810668 -0.25055763
v 0.21438405 0.68105781 -0.23215158
v 0.23494849 0.69229966 0.17718557
v 0.22545497 0.68656838 -0.25454286
v 0.22444242 0.69071501 0.2015253
v 0.22698624 0.72497845 0.2725741
v 0.22421223 0.74779737 -0.04978855
v 0.2352414 0.75808465 0.19974336
v 0.22418879 0.7466104 0.26144698
v 0.22137114 0.75574732 -0.03612396
v 0.23492692 0.74691874 0.02568936
v 0.22781333 0.77364105 0.04200007
v 0.21883647 0.76005644 0.20696224
v 0.22634925 0.7757681 -0.32976109
v 0.22398542 -0.76002699 -0.53233212
v 0.23098277 -0.76684457 -0.51398802
v 0.23046096 -0.76655614 0.47921592
v 0.23796107 -0.71816647 -0.51174849
v 0.22627819 -0.71650642 0.53231305
v 0.22763495 -0.68604666 0.49659768
v 0.22065303 -0.68879652 0.5287829
v 0.24245641 -0.64505285 -0.54695272
v 0.2251873 -0.48278353 -0.58812559
v 0.23264103 -0.49056569 0.5237689
v 0.24152039 -0.45774224 -0.49364173
v 0.2305534 -0.42461663 -0.63937736
v 0.23752397 -0.43916041 -0.45536482
v 0.24097335 -0.40589696 0.39194363
v 0.23220196 -0.33535483 -0.63838506
v 0.26185021 -0.35968214 -0.42141786
v 0.22800873 -0.3168585 0.59275132
v 0.23319668 -0.31158209 -0.39141986
v 0.25314641 -0.25422522 0.31642726
v 0.22678024 -0.24556267 0.57287049
v 0.23652899 -0.23214281 -0.333628
v 0.23030299 -0.18431142 0.26929766
v 0.23494172 -0.12929897 -0.54945803
v 0.23376042 -0.12061667 -0.29329467
v 0.23399375 -0.13676932 -0.29947352
v 0.2339011 -0.10257419 -0.55012459
v 0.2320213 -0.10102717 -0.27801266
v 0.2315916 -0.10893006 0.25038856
v 0.22987324 -0.09488163 0.21801281
v 0.23103704 -0.09748451 0.23657385
v 0.24178177 -0.09158265 -0.48643407
v 0.22503203 -0.07034093 -0.46884891
v 0.23205516 -0.06378981 0.417732
v 0.22774565 -0.01559552 -0.2917136
v 0.22892924 -0.02744555 -0.38722706
v 0.22299632 0.01337063 -0.29832289
v 0.22550558 -0.00378639 0.2520777
v 0.22998856 -0.00684924 0.30207911
v 0.22305709 0.01415286 0.27372134
v 0.24250337 0.09951946 -0.02319053
v 0.24421334 0.10867889 -0.03937636
v 0.24473508 0.12709375 0.08613584
v 0.2460774 0.18653685 0.19970718
v 0.22598769 0.20055385 0.32608178
v 0.24057014 0.2237018 -0.36613989
v 0.23148611 0.23737483 -0.3950558
v 0.23009437 0.26876187 0.40449357
v 0.24057667 0.27748805 -0.36724347
v 0.23247802 0.27910241 -0.43639675
v 0.24137715 0.28220075 -0.37499547
v 0.22726201 0.29096934 -0.48468304
v 0.23515968 0.28657424 -0.43626368
v 0.23182483 0.29268733 0.43496227
v 0.23512754 0.29689181 -0.41796529
v 0.22813755 0.31187856 0.36057433
v 0.2451137 0.31582218 0.45862705
v 0.24000505 0.30434439 -0.39884192
v 0.23018636 0.32658318 0.36234972
v 0.22849698 0.33792791 -0.38051671
v 0.24312443 0.36079428 -0.53187388
v 0.2275096 0.33677804 0.47928703
v 0.24086887 0.35215813 -0.53967696
v 0.23942052 0.34687066 -0.41993162
v 0.23418209 0.38127059 -0.54274863
v 0.22543582 0.37990049 -0.39826059
v 0.2378397 0.39924699 0.40335873
v 0.25291413 0.39298022 -0.44553542
v 0.23410392 0.38341784 -0.41138527
v 0.23517969 0.39118555 -0.40301234
v 0.25109136 0.40174198 -0.40927649
v 0.23335344 0.44230011 0.31216639
v 0.23776342 0.4643257 0.32901034
v 0.22006468 0.48671827 0.35386613
v 0.21874964 0.47767618 0.36471429
v 0.23527624 0.49138486 -0.39692941
v 0.22736017 0.49419159 0.3686024
v 0.22643901 0.50409079 0.35417393
v 0.23329259 0.4989678 -0.43377408
v 0.23632427 0.50076509 -0.36012203
v 0.23033729 0.49317881 0.32810304
v 0.22704136 0.50310767 0.34228432
v 0.22648168 0.52317929 -0.55970544
v 0.22494394 0.52548623 -0.42485037
v 0.23123254 0.52436 -0.38333055
v 0.23656562 0.54884577 0.26899585
v 0.24064659 0.55469412 0.28868952
v 0.23538947 0.52916509 0.32000577
v 0.22486557 0.56014109 -0.49982432
v 0.22949895 0.57978326 -0.50965118
v 0.24671389 0.56504357 0.46573859
v 0.22581179 0.56624931 -0.33450347
v 0.22878422 0.57354403 -0.31023106
v 0.24276677 0.56287545 -0.31136122
v 0.2381822 0.58309251 0.45211709
v 0.23466298 0.58695138 -0.49148619
v 0.22538291 0.58765358 -0.31069517
v 0.2261273 0.60202038 0.26671267
v 0.24383317 0.63497579 -0.35470948
v 0.24133375 0.62628907 0.2620399
v 0.23018867 0.63579249 0.28215939
v 0.24985485 0.66323483 -0.33685932
v 0.22519375 0.66716063 -0.25530696
v 0.23484388 0.67429966 0.21621156
v 0.24149664 0.73234695 -0.19653855
v 0.26961586 0.75541776 0.1571795
v 0.24493271 0.74745727 0.26271495
v 0.24707255 0.76003385 -0.34982273
v 0.22799087 0.74688792 -0.16051205
v 0.2489512 0.76946133 0.12352037
v 0.23740134 0.77427852 -0.12947863
v 0.237158 0.77039087 -0.0810868
v 0.24425355 0.77382457 0.09447258
v 0.23029284 0.77236027 -0.31524026
v 0.2340046 -0.75881588 0.46189192
v 0.23861186 -0.73388398 0.52711558
v 0.23849398 -0.70635056 -0.58862984
v 0.23324101 -0.62386817 0.54288864
v 0.23293407 -0.62890887 0.55582649
v 0.23878415 -0.62802446 0.5723387
v 0.24472739 -0.67091864 0.56834996
v 0.23043406 -0.63388044 -0.57853401
v 0.23520084 -0.63528657 -0.60658938
v 0.23944014 -0.6309849 0.5177055
v 0.23651043 -0.50978148 -0.57373685
v 0.23208895 -0.49149784 -0.6114189
v 0.23364422 -0.50490147 0.55869776
v 0.23442374 -0.47227362 0.5870837
v 0.24100512 -0.46047184 -0.64061427
v 0.23340945 -0.4251492 0.60066253
v 0.24580194 -0.44141164 0.42938405
v 0.23732516 -0.4018003 0.61891156
v 0.23057251 -0.39973843 -0.64098376
v 0.24963999 -0.38896269 -0.66715991
v 0.23568189 -0.34989706 0.60950303
v 0.24376804 -0.25580156 0.56739146
v 0.26627505 -0.23284638 0.31006774
v 0.23411524 -0.23170345 0.56252617
v 0.24164948 -0.21459378 -0.31807658
v 0.23025636 -0.19245262 -0.31889263
v 0.25206468 -0.12097096 0.27187225
v 0.24470714 -0.10666975 0.51383305
v 0.2429781 -0.11183624 -0.52624696
v 0.23466349 -0.09546455 -0.26301256
v 0.23087098 -0.04831097 -0.27411529
v 0.24351209 -0.08235981 0.43844485
v 0.23557708 -0.09216437 0.23758452
v 0.24367318 -0.06920787 -0.46739325
v 0.23553833 -0.03832082 0.25587448
v 0.23991033 -0.04613903 0.36738965
v 0.24679938 -0.04629479 0.34162089
v 0.24903663 -0.04221453 -0.35980728
v 0.23987974 -0.00388999 -0.30829734
v 0.24012361 -0.01309096 0.26729926
v 0.24673308 0.1682578 -0.29586408
v 0.23137167 0.20017262 -0.36704507
v 0.23166713 0.21287967 -0.36393231
v 0.24906373 0.21148452 0.3459416
v 0.24636936 0.2285798 0.34553018
v 0.24181688 0.25522462 -0.41944292
v 0.24886365 0.26237154 -0.37475425
v 0.22569405 0.28198314 0.39370254
v 0.24285202 0.30151802 0.3365078
v 0.23817943 0.31973943 -0.51512474
v 0.24114859 0.31753787 0.48145458
v 0.24300882 0.34915373 0.48420057
v 0.24179374 0.3355284 0.48858315
v 0.25306049 0.36643705 -0.40894598
v 0.23887354 0.35819551 0.33754188
v 0.24064404 0.3632015 -0.37817588
v 0.23403205 0.37998259 -0.5473575
v 0.22974902 0.40565202 -0.55108786
v 0.23265772 0.39811617 0.3658025
v 0.24551435 0.37827182 0.3724218
v 0.25528029 0.4047448 -0.43817404
v 0.22944516 0.40553245 0.37829363
v 0.27560395 0.42738056 -0.42312384
v 0.25009069 0.46502981 0.37190253
v 0.23779736 0.47428438 -0.43320936
v 0.23347211 0.4760305 -0.41478547
v 0.24304856 0.48934284 0.34223366
v 0.23498012 0.51845682 -0.35944256
v 0.24270877 0.50132465 0.3303602
v 0.23395027 0.53667647 -0.45410824
v 0.23411301 0.51699913 -0.38826802
v 0.2377546 0.53283507 0.27288297
v 0.23588182 0.54241604 -0.4396047
v 0.23743953 0.52873081 -0.41204706
v 0.24788044 0.55295783 -0.38170624
v 0.24137141 0.57116896 -0.33826214
v 0.24773081 0.57302225 -0.36360538
v 0.24072817 0.579763 0.46251029
v 0.231198 0.59145504 -0.33571666
v 0.24448821 0.57310075 0.26743487
v 0.24158174 0.59706861 0.28826582
v 0.24268652 0.61019719 -0.35351387
v 0.23697868 0.62668008 0.30507442
v 0.2516031 0.63474685 -0.3021861
v 0.24743539 0.64015251 -0.29426551
v 0.24604207 0.65363449 0.24049872
v 0.23665462 0.6731298 -0.25264308
v 0.24421127 0.68308985 0.20542538
v 0.24130154 0.70034122 -0.24513777
v 0.24655944 0.69193512 -0.22934668
v 0.24141197 0.71197718 0.18615295
v 0.25374994 0.71841997 0.16487867
v 0.24873048 0.74837661 -0.31677487
v 0.2532801 0.76381248 -0.17369604
v 0.23258783 0.76086408 -0.0418479
v 0.23779012 0.76458073 0.20560418
v 0.24409547 0.78074348 -0.0194981
v 0.2584399 0.77011424 -0.30743521
v 0.24270186 0.78410363 -0.08863961
v 0.25309774 0.79519719 0.06557862
v 0.25168633 -0.74988115 -0.52531135
v 0.24435149 -0.74397635 -0.50868994
v 0.2503812 -0.73367184 -0.56508458
v 0.25627261 -0.67169029 -0.52937287
v 0.2465625 -0.68011802 0.48688385
v 0.25572902 -0.57981479 0.51674992
v 0.24385148 -0.54438519 0.5402742
v 0.23931129 -0.54848069 -0.59572101
v 0.24135284 -0.58524323 -0.57287204
v 0.24068783 -0.55028945 0.55517954
v 0.24320944 -0.54164201 -0.62330967
v 0.24692678 -0.55025059 -0.56701237
v 0.24282408 -0.53632015 0.578053
v 0.24822977 -0.51281601 -0.63800019
v 0.25238517 -0.53343743 0.59961438
v 0.23899341 -0.47494099 -0.67395645
v 0.24839397 -0.49620876 -0.6691618
v 0.23507635 -0.46865344 -0.66026622
v 0.25189167 -0.48874095 0.48713818
v 0.25563648 -0.46876392 0.45595133
v 0.23290005 -0.4365845 -0.65217352
v 0.24317551 -0.44406888 0.60489112
v 0.23718159 -0.45244843 0.62046432
v 0.23267408 -0.42655596 0.61707467
v 0.23994935 -0.40016437 -0.65726691
v 0.24200386 -0.42967963 0.63001716
v 0.2416517 -0.4675217 0.63492554
v 0.24591136 -0.43614778 0.40696326
v 0.26154467 -0.34365326 0.37423387
v 0.26321265 -0.29045048 -0.62862945
v 0.24844567 -0.34255058 -0.65694553
v 0.25763097 -0.32083121 -0.39471471
v 0.2565048 -0.30444068 -0.39016062
v 0.24445422 -0.25268301 -0.60280472
v 0.25427482 -0.21902645 -0.60197443
v 0.26781085 -0.23541774 0.56207681
v 0.2483931 -0.16909046 -0.30818543
v 0.26026398 -0.13727197 -0.56759292
v 0.24978194 -0.16209222 0.27441615
v 0.25692207 -0.1178045 -0.56951225
v 0.246912 -0.1132049 0.26292941
v 0.2446674 -0.11371832 -0.27718166
v 0.24438938 -0.11415625 0.24663535
v 0.25350204 -0.10647229 -0.54996848
v 0.23634295 -0.09464125 -0.28658924
v 0.24830644 -0.08475063 0.26257688
v 0.2473823 -0.05297913 -0.31619909
v 0.26162595 -0.05384295 -0.38713104
v 0.24323158 -0.04069102 0.27846447
v 0.23867279 -0.02316182 -0.32348898
v 0.26261041 0.13298112 -0.10531055
v 0.26785171 0.15785663 -0.15931636
v 0.24230629 0.19082254 -0.36406931
v 0.26091328 0.17375222 0.2431781
v 0.26606321 0.17213486 0.26323301
v 0.24858649 0.19300191 0.22464354
v 0.25826156 0.1935547 0.3185927
v 0.25314507 0.19944532 -0.375112
v 0.25220776 0.23393077 0.30607489
v 0.23579302 0.26378918 0.3553752
v 0.24778719 0.26389214 0.39527586
v 0.25278419 0.27656877 0.41852292
v 0.24502896 0.27422535 -0.37451223
v 0.24543141 0.28824976 -0.37213033
v 0.23671651 0.29217267 0.42063159
v 0.24508338 0.29663759 0.45562214
v 0.24071498 0.3007496 -0.38713267
v 0.2416704 0.30300957 0.38834259
v 0.25024441 0.33998585 0.47698051
v 0.260104 0.36090112 -0.39421049
v 0.25324059 0.3722479 0.34913868
v 0.24050149 0.39166021 -0.55352294
v 0.23943929 0.41316932 -0.54781681
v 0.24280165 0.41057941 0.37592858
v 0.26279694 0.43563944 0.39270055
v 0.24633437 0.49505651 -0.39256242
v 0.25457963 0.4799923 0.37394208
v 0.24312577 0.511518 -0.40897542
v 0.23795584 0.51652116 0.3545174
v 0.23979254 0.51711208 -0.45556286
v 0.26175264 0.51498449 0.3668313
v 0.25943536 0.54210353 -0.38364291
v 0.25244883 0.54415572 -0.4289051
v 0.25500444 0.52701551 -0.46487984
v 0.24739127 0.53771967 -0.31891796
v 0.2500928 0.55848175 0.29760146
v 0.24216411 0.59964865 -0.49500883
v 0.25081125 0.58685505 0.26177442
v 0.24436158 0.60783416 -0.48158756
v 0.24312963 0.61005235 -0.31294638
v 0.24483933 0.59900999 -0.30230057
v 0.24383143 0.61746496 0.30317682
v 0.24761012 0.62719166 -0.35665643
v 0.25321564 0.64606935 0.27328828
v 0.25963229 0.67341512 -0.28228194
v 0.24978827 0.6784305 -0.26387903
v 0.25355288 0.72007096 0.19398335
v 0.27859753 0.73184061 -0.20669675
v 0.24656227 0.74427384 -0.34065229
v 0.24891001 0.76267582 -0.15252914
v 0.24283555 0.75773215 -0.14341228
v 0.24155088 0.7567659 -0.06306833
v 0.26147231 0.76424539 0.02478049
v 0.24648635 0.76344943 0.26107284
v 0.26077709 0.75904912 0.30995709
v 0.26310334 0.78037053 0.28816891
v 0.27288342 0.78274387 -0.34078592
v 0.25323251 -0.73948014 0.47449374
v 0.25327799 -0.74803406 0.49718314
v 0.25818753 -0.72844839 0.53097951
v 0.26189268 -0.70569164 -0.52101243
v 0.25205424 -0.66314107 -0.61683214
v 0.2636334 -0.62151545 0.50355667
v 0.25457001 -0.60759485 0.59453696
v 0.25457636 -0.60669637 -0.63395542
v 0.26532415 -0.61077338 -0.54428965
v 0.25560412 -0.51023006 -0.54302555
v 0.26457205 -0.5026769 0.49028078
v 0.25757542 -0.53462249 0.5141257
v 0.25565225 -0.46924296 -0.67921096
v 0.24915972 -0.46777233 -0.6495747
v 0.25941035 -0.47021154 0.61701864
v 0.25299639 -0.49628508 0.6320492
v 0.2453943 -0.46980992 0.62343532
v 0.25052238 -0.4535816 0.61059856
v 0.25345945 -0.44749627 -0.46737748
v 0.25554249 -0.40564361 0.63101518
v 0.248366 -0.30503201 0.59547144
v 0.27787381 -0.27247736 0.33349031
v 0.25050434 -0.19324037 0.29537168
v 0.25870964 -0.1719832 -0.32579026
v 0.25461122 -0.13332146 -0.31424376
v 0.25726736 -0.13427193 0.53010386
v 0.25251165 -0.11106867 0.25173387
v 0.25598526 -0.12740858 0.51095438
v 0.26160431 -0.1125261 0.52500528
v 0.25870034 -0.1282455 -0.54715317
v 0.25107586 -0.10623715 0.24239741
v 0.24894686 -0.10735134 -0.30310726
v 0.26782921 -0.08973756 -0.48794243
v 0.26358011 -0.07787553 0.39566007
v 0.25573498 -0.07507039 0.43189615
v 0.26834005 -0.08274134 0.31759131
v 0.26083541 -0.05000386 0.3564156
v 0.29410648 0.14538702 0.0289984
v 0.25504172 0.14439753 0.13447742
v 0.2545892 0.16951407 -0.19378728
v 0.25749686 0.20829011 -0.37481523
v 0.24370581 0.22092199 -0.34629157
v 0.26916462 0.24247076 -0.3937178
v 0.24686788 0.23510908 -0.34285641
v 0.24790302 0.22315335 0.32113168
v 0.25823912 0.23926604 -0.41331911
v 0.26255286 0.24888903 -0.42889243
v 0.25785783 0.24776042 0.30602303
v 0.24698445 0.28159535 -0.44052055
v 0.24721773 0.26944888 0.36097157
v 0.24997072 0.27818307 0.38046512
v 0.26086733 0.29074183 -0.37423593
v 0.25385937 0.28941223 0.43079796
v 0.25131741 0.29723403 -0.39580008
v 0.25577366 0.29442257 0.3813788
v 0.25796935 0.2988584 0.36376405
v 0.26373062 0.31432 0.41458046
v 0.26460057 0.32091936 -0.40177277
v 0.27782813 0.34431714 0.36453646
v 0.26079872 0.35262024 0.49505752
v 0.25158811 0.36554098 0.35110933
v 0.2527476 0.36341277 0.49551451
v 0.27290335 0.37930483 0.39162973
v 0.26571393 0.40000963 0.38934082
v 0.25401735 0.46708214 -0.39317012
v 0.26553819 0.48056051 0.39145723
v 0.24862358 0.49431702 0.33439931
v 0.24801914 0.50637406 -0.37064201
v 0.26845947 0.50635481 0.37399465
v 0.2560851 0.52167577 -0.43022445
v 0.26214901 0.53366226 -0.43366808
v 0.2550486 0.55086213 0.43561336
v 0.25338814 0.55088556 -0.47108826
v 0.25223616 0.54425955 0.3334927
v 0.25939599 0.5442251 0.32420871
v 0.25299433 0.56884927 -0.31970143
v 0.24319625 0.5721643 0.28126034
v 0.2419308 0.59038043 0.29460704
v 0.2596404 0.59562176 0.43855825
v 0.25348401 0.59045368 0.30402929
v 0.26334631 0.60001588 0.44866773
v 0.27181149 0.63483328 -0.35079965
v 0.25160998 0.6133002 0.26697659
v 0.26199222 0.63566709 -0.31275111
v 0.25924107 0.62902594 -0.30281743
v 0.26465815 0.65342557 -0.31309548
v 0.253411 0.62796879 0.26551399
v 0.26745033 0.66297615 0.28627649
v 0.26120666 0.64847833 0.31001079
v 0.26129684 0.665429 -0.23781835
v 0.2541413 0.70426917 0.19590318
v 0.24621503 0.67631394 0.19632129
v 0.2461292 0.69093132 0.17946973
v 0.2609891 0.72172338 0.18453677
v 0.26844713 0.74820393 0.29838657
v 0.25498044 0.73626393 0.11300308
v 0.24849319 0.73217982 0.10523644
v 0.25652894 0.74471039 0.09517083
v 0.24991587 0.74645835 -0.14811328
v 0.26804328 0.76348978 0.25561389
v 0.25101945 0.76546633 -0.06565706
v 0.26355076 0.78294647 0.01110141
v 0.26414129 0.78894955 0.03175667
v 0.26555809 0.78392923 -0.32358569
v 0.25932083 -0.70064032 0.55663091
v 0.27148816 -0.68908083 -0.60613585
v 0.26864684 -0.69087511 0.48783231
v 0.26770815 -0.60886699 -0.64371884
v 0.25677362 -0.57286024 -0.64271873
v 0.26014531 -0.59125513 -0.65286469
v 0.26172826 -0.46669391 -0.65919763
v 0.25883442 -0.47356248 0.62913078
v 0.26359686 -0.50176769 0.64235747
v 0.25636351 -0.46023571 0.64085108
v 0.26763576 -0.48092937 -0.50430274
v 0.25780478 -0.4541491 0.61933696
v 0.26420251 -0.47837746 -0.48787206
v 0.2569848 -0.41808394 -0.67123884
v 0.27514938 -0.42525533 -0.44052637
v 0.26766154 -0.43797663 0.41747573
v 0.25774494 -0.43047294 0.63300157
v 0.27775815 -0.36835298 -0.67074609
v 0.26755393 -0.34863496 -0.41046488
v 0.26673105 -0.33909139 0.62088895
v 0.26676902 -0.29610091 0.60692918
v 0.27946934 -0.31729802 0.36371911
v 0.27581528 -0.28100777 0.58641964
v 0.27392146 -0.23266259 -0.59980798
v 0.26771533 -0.21275708 0.56385225
v 0.26095489 -0.20423305 -0.33039853
v 0.26523897 -0.18135144 0.28689802
v 0.26535633 -0.10130837 0.2931124
v 0.28705713 -0.11358105 0.48156542
v 0.26281199 -0.09545951 -0.32807872
v 0.26978129 -0.08055575 -0.42054346
v 0.27501887 -0.09169309 0.43388027
v 0.25587302 0.11873426 -0.02484122
v 0.2680375 0.12479202 -0.00424701
v 0.269676 0.1486391 0.10567774
v 0.28366932 0.16556908 -0.31635639
v 0.28226486 0.19042405 -0.35505766
v 0.26564798 0.16886261 -0.2625567
v 0.26315311 0.18398841 -0.24719886
v 0.26003429 0.18869662 0.19795887
v 0.26690567 0.22202122 0.34410346
v 0.26398781 0.22225873 -0.31533733
v 0.2632584 0.24342783 0.30838776
v 0.26460859 0.23936692 -0.36120987
v 0.26427269 0.24311171 0.33581948
v 0.25709563 0.24771725 0.28570282
v 0.24896666 0.26727307 0.29138064
v 0.26004341 0.2568045 0.30734754
v 0.26291904 0.25731763 0.31836998
v 0.25611818 0.26486728 -0.43337744
v 0.26677158 0.25075403 -0.40944877
v 0.25779665 0.26405641 -0.40696299
v 0.25663993 0.26023281 -0.38498548
v 0.24711393 0.27335903 0.30263472
v 0.25434583 0.27747455 0.40208295
v 0.25726491 0.30172578 0.32236636
v 0.27196175 0.27343452 0.309531
v 0.26312527 0.284437 0.41958457
v 0.25603908 0.30709565 -0.44785824
v 0.28213596 0.30515999 0.31093985
v 0.2667906 0.30509496 0.42772028
v 0.26671046 0.30971992 -0.38122851
v 0.25650963 0.32833567 0.47755605
v 0.2989203 0.32053271 0.35527524
v 0.2741954 0.34631738 -0.41399747
v 0.25743124 0.35588208 0.4845517
v 0.26815218 0.37321335 -0.43615946
v 0.27217209 0.36661148 -0.39556375
v 0.26826537 0.38360858 -0.40373522
v 0.2792367 0.38513586 0.3645536
v 0.27316555 0.38554749 0.35728863
v 0.2683982 0.40554771 0.36848971
v 0.27858147 0.39864492 0.40771431
v 0.27870372 0.39904532 -0.45300451
v 0.27493891 0.47086075 0.40445998
v 0.26441115 0.4755432 -0.43541831
v 0.26569697 0.48345917 -0.41297647
v 0.26479265 0.48610947 -0.43416095
v 0.26124206 0.47711647 -0.40175277
v 0.27294251 0.49340248 -0.40853968
v 0.26330966 0.49982724 -0.37175596
v 0.26302522 0.51080716 0.32995665
v 0.26499352 0.51503503 -0.36455342
v 0.25787416 0.50705624 0.32098666
v 0.24970615 0.52175504 0.32565299
v 0.24668701 0.51586986 0.31432375
v 0.26806146 0.51402688 0.35092625
v 0.26635888 0.53108615 0.35599053
v 0.26563993 0.54019469 0.32658619
v 0.27132589 0.55491906 0.3545489
v 0.26482403 0.56308192 -0.4360905
v 0.27179173 0.59299874 -0.45534697
v 0.27010235 0.58252448 -0.3563565
v 0.26141039 0.59164792 -0.30246228
v 0.27556267 0.60533661 0.27961934
v 0.26885167 0.58656883 0.45685482
v 0.26913702 0.61177057 0.29520154
v 0.27906215 0.61789608 -0.29715857
v 0.26387033 0.63688582 0.28009328
v 0.26061484 0.62511742 0.30704698
v 0.26575696 0.63956553 0.31581452
v 0.27173102 0.656573 0.2515626
v 0.28544977 0.6719135 0.30079815
v 0.25357753 0.67018473 0.19901004
v 0.27474385 0.69704169 0.2097128
v 0.26795349 0.74677849 0.27850303
v 0.27360907 0.76244223 -0.34017017
v 0.25680608 0.7373504 -0.14112937
v 0.27867204 0.77166116 -0.05880231
v 0.26602614 0.76702785 -0.04957285
v 0.26838532 0.78935724 -0.12641387
v 0.26644796 0.78698355 -0.07136709
v 0.29137063 0.79507542 -0.00426649
v 0.27236062 0.79422963 -0.03817147
v 0.26798415 0.78610712 0.08598837
v 0.26730931 -0.73229325 -0.55206978
v 0.27987266 -0.71429205 -0.53820378
v 0.27396452 -0.72184885 0.4948006
v 0.27726609 -0.72226238 0.52151686
v 0.28911486 -0.69603866 -0.5953033
v 0.27385813 -0.64868909 0.59076387
v 0.28559053 -0.63391203 0.49788773
v 0.2635836 -0.55019963 -0.65180117
v 0.27505639 -0.55330402 -0.54403889
v 0.26957038 -0.54692423 0.61521339
v 0.27913857 -0.4826296 0.46167693
v 0.27128419 -0.47770873 0.44207072
v 0.26303682 -0.44344351 0.62160516
v 0.2647481 -0.44424209 -0.6608901
v 0.2738122 -0.41154474 0.62575006
v 0.28496957 -0.38550493 0.3763938
v 0.27697313 -0.34351832 -0.65799612
v 0.27484974 -0.28332162 0.6007387
v 0.27493969 -0.27103776 -0.37655467
v 0.26276803 -0.2476209 -0.35398325
v 0.27695286 -0.2613799 0.31459939
v 0.26949224 -0.2155472 -0.35263979
v 0.28405532 -0.20436664 -0.60018551
v 0.26878366 -0.19908875 -0.34985539
v 0.26662576 -0.15850545 0.29389182
v 0.26798984 -0.13176198 -0.56557405
v 0.2750085 -0.12638478 -0.3418358
v 0.27039292 -0.13174437 0.53203607
v 0.2781561 -0.11894789 0.29868189
v 0.27935451 -0.09605505 -0.50213218
v 0.27879184 -0.09170444 0.45651108
v 0.26379323 -0.08044516 -0.36105272
v 0.2656638 -0.08215746 0.35375401
v 0.27076295 -0.07004683 0.3694838
v 0.30119169 0.14816746 -0.05953319
v 0.27304715 0.16565779 0.13767579
v 0.27839857 0.16980849 0.20283253
v 0.28791752 0.16339396 0.24257056
v 0.28733599 0.18564779 -0.20825952
v 0.27602765 0.20795858 -0.37772501
v 0.26737654 0.19803056 0.32233539
v 0.28652763 0.21604906 -0.3655127
v 0.28503153 0.21400897 -0.33771506
v 0.27483246 0.24185637 -0.32884276
v 0.26040488 0.2400271 0.35934511
v 0.27485821 0.2575005 0.36174646
v 0.27271041 0.26870197 -0.45178515
v 0.26741216 0.27017808 -0.40312675
v 0.27170557 0.29858169 -0.46333057
v 0.28580377 0.27995977 0.38669351
v 0.26936874 0.29299477 0.41543791
v 0.27067623 0.31557792 -0.45477995
v 0.26431641 0.37097687 0.49020106
v 0.26631021 0.36529896 0.50149131
v 0.2579591 0.37603462 0.50146401
v 0.26330739 0.3733463 0.49279323
v 0.27866849 0.38271502 0.492066
v 0.26788762 0.38673609 0.49973008
v 0.27378875 0.4051882 -0.44447729
v 0.28263593 0.4105745 0.40016097
v 0.2848098 0.50071418 -0.435296
v 0.27139327 0.50779825 -0.40377754
v 0.27279472 0.52903289 0.31450921
v 0.2749213 0.53281808 -0.33985272
v 0.2609629 0.5264675 -0.3547979
v 0.2579765 0.53809673 -0.34956083
v 0.27889055 0.55628413 -0.47252452
v 0.27108118 0.56748146 -0.4759782
v 0.26624563 0.55175304 -0.36219341
v 0.28160891 0.55151564 -0.33700234
v 0.26572776 0.56100857 0.33283514
v 0.28394902 0.58082181 0.34919932
v 0.26818448 0.56030947 0.30954891
v 0.26776075 0.57285607 0.43561745
v 0.2761125 0.58080798 0.44746852
v 0.27312776 0.5760324 -0.38290048
v 0.27564636 0.59240431 -0.44448179
v 0.26534721 0.59188735 -0.33403069
v 0.27037117 0.59139049 -0.31213939
v 0.26797524 0.59170794 0.43363464
v 0.27213037 0.6438123 -0.30117789
v 0.2941646 0.66926402 -0.29058364
v 0.27121666 0.67355531 -0.32561022
v 0.2808409 0.70676178 -0.26172948
v 0.26742208 0.68940192 -0.25570011
v 0.29182929 0.69203204 0.18425936
v 0.29206902 0.71629024 0.16270143
v 0.27007306 0.73414415 -0.15769406
v 0.27752295 0.75645167 -0.32413527
v 0.27259001 0.75983614 -0.12044553
v 0.29853135 0.77190661 -0.30472785
v 0.26574683 0.75966287 -0.15223069
v 0.26706928 0.7637015 0.11621022
v 0.27746126 0.78691536 -0.15612029
v 0.27263123 0.77732939 0.12607534
v 0.27003667 0.77417332 0.26003531
v 0.28566369 0.77666575 0.30197957
v 0.28483182 0.80586392 -0.08598901
v 0.28805777 -0.63678741 -0.63737047
v 0.28124779 -0.58944577 0.61234611
v 0.27501068 -0.56746018 -0.65606481
v 0.29555088 -0.53058684 0.49273509
v 0.28331834 -0.44593176 -0.45987692
v 0.28189692 -0.47374356 -0.47921243
v 0.27137241 -0.41736844 -0.66216838
v 0.28583708 -0.41304809 0.39201877
v 0.29004443 -0.39610374 -0.42622733
v 0.27985412 -0.37075379 0.63322157
v 0.28223178 -0.30335388 -0.64840847
v 0.30153927 -0.27585948 0.58109891
v 0.28542361 -0.21493472 0.32131115
v 0.2686657 -0.18648361 0.31229097
v 0.29393983 -0.1817351 -0.36983836
v 0.29456976 -0.15837866 -0.58658057
v 0.28797013 -0.13884506 -0.57460153
v 0.27362576 -0.13796939 0.51727045
v 0.27272519 -0.09219013 -0.35254213
v 0.28935328 -0.09963653 -0.46184194
v 0.28643236 -0.10547827 -0.39901721
v 0.26988965 -0.09009328 0.31266084
v 0.27582073 -0.09395218 0.37094525
v 0.30068171 0.15348293 -0.07843128
v 0.31282595 0.16385274 0.09090433
v 0.29397225 0.16051964 -0.25869781
v 0.27372551 0.21533889 0.32214603
v 0.27940038 0.20170926 0.31243986
v 0.27621758 0.21521024 -0.31570897
v 0.28079477 0.24989413 0.30252802
v 0.26950562 0.23311025 0.28605732
v 0.28510791 0.25009722 0.34012893
v 0.28045249 0.24906388 0.36737397
v 0.28358051 0.24692963 0.27779335
v 0.27916759 0.25409323 0.2827079
v 0.28057253 0.2658819 -0.44146639
v 0.2678394 0.27376679 -0.42115954
v 0.28634006 0.27310959 0.34409258
v 0.27853885 0.28252795 -0.45402068
v 0.27160168 0.27724001 -0.35612124
v 0.26193494 0.28646556 -0.35560837
v 0.25719869 0.27806419 -0.34873611
v 0.27338487 0.29327872 -0.34471574
v 0.28929186 0.27527002 -0.33219573
v 0.29219818 0.30921993 0.37280348
v 0.29380798 0.31547669 -0.48545602
v 0.29486391 0.31437096 -0.42524284
v 0.28170946 0.33754429 -0.39119643
v 0.27228564 0.36505058 0.49302369
v 0.27894256 0.37317386 0.49150273
v 0.26838565 0.37360948 0.49066415
v 0.2710515 0.36965984 0.50138366
v 0.27733418 0.38386509 0.50500333
v 0.27646941 0.39400214 -0.42207038
v 0.29045662 0.44918475 0.39739096
v 0.29422417 0.45414299 -0.43062708
v 0.29564804 0.47663569 0.37272522
v 0.28892925 0.51453376 0.32541445
v 0.27574378 0.54326504 -0.45765966
v 0.28180113 0.53015351 -0.36980036
v 0.27781516 0.55215782 0.32197934
v 0.28591251 0.57973099 -0.34755367
v 0.2769002 0.5609678 0.32449377
v 0.27395061 0.55493391 0.32680073
v 0.28799328 0.56944984 -0.39244446
v 0.28134704 0.55292886 0.29420152
v 0.27968538 0.57437241 -0.36415842
v 0.27920389 0.58291793 -0.43934083
v 0.27943873 0.61735678 0.25738537
v 0.27284738 0.64941257 0.2857306
v 0.29007208 0.65330392 0.30602449
v 0.28693014 0.65825921 -0.35244727
v 0.27602899 0.66608119 -0.3504293
v 0.27064034 0.65632188 0.27898169
v 0.28829253 0.68033266 0.23859231
v 0.28774139 0.68700171 -0.2320721
v 0.28392914 0.73627776 0.1059755
v 0.28414631 0.75265563 -0.19795386
v 0.2809065 0.75660348 -0.16779359
v 0.27340487 0.74738574 0.1296282
v 0.29795662 0.76137489 0.26698428
v 0.2774283 0.76699013 0.08083434
v 0.28846437 0.77451456 0.13234539
v 0.27121776 0.77617288 -0.06429299
v 0.28886613 0.77659106 0.03279844
v 0.28354403 0.78510517 -0.3119207
v 0.29224256 0.80629444 -0.02849135
v 0.29723296 0.80522919 -0.04138276
v 0.28820544 0.80487704 0.06901841
v 0.28431654 0.8057813 -0.11083077
v 0.29314798 0.80252433 0.04368784
v 0.29624256 -0.70152527 -0.56037277
v 0.2969752 -0.68124253 0.56412727
v 0.28724468 -0.66265082 -0.53651935
v 0.29766706 -0.61766773 0.6050818
v 0.29108053 -0.5792886 0.50174135
v 0.29337451 -0.59125704 -0.54049653
v 0.28707784 -0.48136237 -0.66936105
v 0.29894581 -0.52771026 -0.52994072
v 0.29381284 -0.49280211 -0.50839478
v 0.29883397 -0.51318121 0.63088477
v 0.28676826 -0.46867427 0.62964356
v 0.28715158 -0.47816107 -0.49289575
v 0.28969258 -0.42983958 -0.66795492
v 0.28024882 -0.39434564 -0.66678238
v 0.2826488 -0.41567209 -0.68253565
v 0.28559044 -0.38864645 0.6250152
v 0.28497776 -0.30614689 0.61149788
v 0.29514933 -0.27292112 -0.63615549
v 0.29293045 -0.31080565 -0.40704697
v 0.29574969 -0.27330625 -0.61800855
v 0.286309 -0.25395656 -0.35624829
v 0.29065326 -0.24374545 0.33152807
v 0.28589392 -0.22404602 0.5565635
v 0.29396194 -0.1889707 0.33498144
v 0.30515715 -0.18713249 0.5531373
v 0.29847011 -0.15072964 0.54081672
v 0.29452643 -0.14726985 -0.5594694
v 0.30067649 -0.11528278 -0.52292383
v 0.28442734 -0.12293433 -0.36054018
v 0.28480744 -0.11446413 0.32384732
v 0.28889635 -0.1050529 0.36666474
v 0.28385124 -0.08477401 0.32683429
v 0.29275572 0.15150635 -0.02014472
v 0.29691485 0.16331698 -0.14291658
v 0.29373044 0.17268528 -0.23919576
v 0.27153617 0.18206772 -0.25350058
v 0.29081485 0.16901696 0.26250061
v 0.29443485 0.18168877 -0.1928717
v 0.28147069 0.18761775 0.18927078
v 0.28658271 0.19251059 -0.2530345
v 0.29448873 0.1864012 0.16091458
v 0.29006577 0.18995108 0.30070382
v 0.28333071 0.223674 -0.30814102
v 0.30617651 0.23579434 0.3244648
v 0.28687751 0.21376574 0.28282353
v 0.27978036 0.21828297 0.27612263
v 0.29626945 0.22551796 0.29401565
v 0.29161456 0.24787329 -0.31596598
v 0.29703847 0.24202083 -0.34400588
v 0.29398742 0.24896805 -0.3735888
v 0.28111708 0.27474329 0.31756836
v 0.30130821 0.28424373 0.33856905
v 0.28626671 0.27989107 -0.42614281
v 0.29357123 0.27453661 0.36673915
v 0.28417572 0.29023668 -0.36370713
v 0.2830101 0.29510987 0.31850064
v 0.28492007 0.27990296 -0.45204687
v 0.28951958 0.30088639 -0.37579831
v 0.30578533 0.29824045 0.42999423
v 0.29718867 0.31229496 -0.3763575
v 0.27431309 0.32508922 -0.36178479
v 0.28300911 0.331682 -0.35469663
v 0.2804006 0.30598432 -0.34826517
v 0.30113992 0.33223575 0.44099426
v 0.28524816 0.35760364 -0.40924114
v 0.2783694 0.38447195 -0.40872943
v 0.28806025 0.38635814 0.50180405
v 0.27885631 0.39710957 0.49915776
v 0.28556862 0.402594 -0.41404518
v 0.27954194 0.51428992 0.34148088
v 0.28682083 0.51979417 -0.3700496
v 0.28750917 0.5165565 0.31779099
v 0.28920132 0.51560307 0.35454872
v 0.28245351 0.52108735 0.3418881
v 0.28666842 0.54096633 -0.36121619
v 0.28620705 0.57359195 -0.44211268
v 0.28399605 0.55103654 0.35707453
v 0.28732261 0.57227325 0.32310951
v 0.2925716 0.59030962 -0.37299004
v 0.29731673 0.59576404 0.29931465
v 0.29661334 0.60842836 0.43975618
v 0.29337928 0.61264807 -0.33441609
v 0.2890358 0.61256278 0.4423959
v 0.29017642 0.61025614 0.29464793
v 0.29263476 0.611404 0.43112972
v 0.29289436 0.6506027 -0.29706568
v 0.28664529 0.64865202 -0.34048143
v 0.2940571 0.63698137 0.24177513
v 0.2841942 0.66547924 -0.32235759
v 0.29367641 0.6680519 0.30748993
v 0.30043364 0.68806523 -0.33527416
v 0.28999513 0.69181895 -0.28162992
v 0.29260033 0.68769884 0.20223042
v 0.31007802 0.75446606 -0.12063622
v 0.28315908 0.74614912 0.0849276
v 0.28994721 0.73969632 0.09608138
v 0.29272321 0.73664266 0.14940031
v 0.28588903 0.7585057 0.15526639
v 0.30207044 0.77363509 -0.19031987
v 0.28516218 0.77456546 0.01981636
v 0.29031822 0.77741849 0.14128686
v 0.28701884 0.77995211 -0.17282587
v 0.28749031 0.79180521 -0.11830647
v 0.29009914 0.78446919 -0.06613494
v 0.28301102 0.78762263 0.07905433
v 0.28569946 0.79764616 -0.0727443
v 0.29917184 0.80035144 0.00965185
v 0.29737085 -0.70132244 0.51935494
v 0.29959428 -0.67588067 -0.54617006
v 0.30418736 -0.65727687 0.50376201
v 0.29957968 -0.57033741 -0.65924335
v 0.29048425 -0.46141565 0.44006759
v 0.30517057 -0.42812872 -0.43493551
v 0.29285637 -0.36082539 -0.6562376
v 0.30412155 -0.33661675 0.36664435
v 0.29808423 -0.26880312 0.5966267
v 0.29067975 -0.26022542 -0.37718731
v 0.29674169 -0.22043921 -0.58874464
v 0.30324185 -0.1641262 0.32619312
v 0.29750887 -0.15350221 -0.37804508
v 0.29762015 -0.14896999 0.52252048
v 0.28823459 -0.14126197 0.31739923
v 0.29351619 -0.10596998 -0.36175963
v 0.28967786 -0.09287674 -0.3617003
v 0.30106738 -0.11014094 0.33642104
v 0.30033591 -0.101069 0.34803724
v 0.29667225 -0.10342308 0.41539511
v 0.30407277 0.16231006 -0.12843244
v 0.30019158 0.18511775 -0.26336616
v 0.29738533 0.17637908 0.19289456
v 0.31670406 0.1919931 -0.22089936
v 0.28476611 0.18779939 0.2409218
v 0.2900084 0.19189848 0.22065538
v 0.28570089 0.19299014 0.26191232
v 0.29515904 0.21145141 -0.36292276
v 0.29913053 0.20985496 0.23891178
v 0.29400936 0.23003151 0.27150708
v 0.28574836 0.21757959 0.29135588
v 0.29830164 0.25847992 -0.3258369
v 0.29226732 0.24572073 0.34621426
v 0.29309666 0.26211944 -0.37592974
v 0.30054641 0.27310577 0.29601964
v 0.28059405 0.27950406 -0.44105279
v 0.30181172 0.26835665 -0.36376244
v 0.29847178 0.29031667 0.32468709
v 0.30042568 0.3084268 -0.36302957
v 0.29873854 0.27947396 -0.33126214
v 0.30957714 0.31011975 0.45020226
v 0.30613863 0.31277424 0.35460913
v 0.29157946 0.31918421 0.44841743
v 0.30123198 0.32929218 -0.46818846
v 0.3120138 0.31511644 -0.34517619
v 0.28759786 0.34334105 -0.38727483
v 0.28561911 0.31507096 0.31895137
v 0.29248613 0.32985801 0.3124052
v 0.29372963 0.34510851 0.31835473
v 0.29866117 0.36475733 -0.41109404
v 0.30124289 0.36492479 -0.39363682
v 0.29104847 0.40652481 -0.44281006
v 0.29588616 0.37144256 -0.42400596
v 0.28889859 0.40211934 0.49548545
v 0.30150795 0.39897418 0.36539745
v 0.29384133 0.40091294 0.50349736
v 0.29578707 0.41893098 -0.43320665
v 0.29552677 0.41843325 0.50430059
v 0.32356638 0.42823184 0.37226096
v 0.2936956 0.4416669 0.38442117
v 0.27571759 0.4617739 0.3218998
v 0.28283778 0.44425249 0.32487965
v 0.29575107 0.44592813 0.30597857
v 0.29125625 0.47372606 0.33123001
v 0.29071987 0.49030793 -0.45212144
v 0.30954793 0.49851528 -0.41307691
v 0.29781812 0.50167978 0.40561783
v 0.3059535 0.51641297 0.36607146
v 0.29413223 0.53343481 0.33683532
v 0.28665748 0.54203576 0.31101349
v 0.30435753 0.53975546 0.35197908
v 0.30655834 0.54314381 -0.38457739
v 0.3018294 0.58334666 -0.45119807
v 0.28308004 0.56396323 0.32413775
v 0.29095206 0.59886992 -0.46579066
v 0.29432759 0.59272504 0.33598027
v 0.29244441 0.59401685 -0.43533751
v 0.30263335 0.61322916 -0.44532615
v 0.29828912 0.61497116 -0.30142534
v 0.29740846 0.62054962 -0.29244396
v 0.28723976 0.66893637 0.29265526
v 0.29693985 0.68137002 -0.34483007
v 0.3065241 0.6818065 -0.33090955
v 0.29484537 0.72129208 -0.22186564
v 0.31399456 0.72363234 -0.24621405
v 0.29434258 0.71538419 0.19925901
v 0.30622956 0.74634778 -0.19651327
v 0.31042531 0.74925166 0.11727239
v 0.30005974 0.74334311 -0.16809918
v 0.30495268 0.75764972 -0.11293241
v 0.29073763 0.75528741 0.0729631
v 0.30737457 0.77257735 0.29074827
v 0.30338374 0.78096598 -0.3402825
v 0.29237604 0.78344655 -0.160695
v 0.29678124 0.78414822 0.05265918
v 0.29316154 0.77905279 -0.10320482
v 0.31177649 0.7993111 0.2808896
v 0.30572531 -0.64535242 -0.6280005
v 0.31354758 -0.61877763 -0.54733926
v 0.29533833 -0.43510458 -0.46131277
v 0.29644388 -0.40637222 -0.66604042
v 0.29561853 -0.35468119 0.61605424
v 0.29742423 -0.31085202 -0.63876528
v 0.30428791 -0.34333292 -0.41417435
v 0.30497754 -0.30956963 0.59881586
v 0.30939624 -0.288975 -0.40749705
v 0.3136903 -0.27073562 0.57026261
v 0.29821318 -0.2324093 -0.37645769
v 0.31972373 -0.20507252 0.54055983
v 0.30434594 -0.20990092 0.32994771
v 0.30255482 -0.13045956 0.35060355
v 0.3176901 -0.11548481 -0.45097697
v 0.3106856 -0.10439938 0.47578377
v 0.30365673 0.16607739 0.21694015
v 0.29836109 0.18715803 -0.33476278
v 0.31179297 0.17672484 -0.31031954
v 0.31607166 0.19173317 0.15653269
v 0.30548027 0.18914446 0.19491601
v 0.32012355 0.20114732 -0.25260544
v 0.29810372 0.19041432 0.18118162
v 0.31013408 0.17927349 0.26266026
v 0.30629325 0.19055957 0.2831099
v 0.29317474 0.20106608 -0.32194284
v 0.30630189 0.20231915 0.22047913
v 0.3059715 0.23233718 -0.31868175
v 0.3096824 0.22394587 0.25250483
v 0.30241817 0.22855613 0.280729
v 0.30572301 0.24032699 0.30731875
v 0.30401132 0.26983461 -0.35105667
v 0.32016972 0.28272748 -0.41682476
v 0.31536993 0.29922476 0.30913275
v 0.30749732 0.30791521 -0.48553038
v 0.3178879 0.29245338 -0.37583873
v 0.30854347 0.30108389 -0.34874547
v 0.30624613 0.3047083 -0.38717172
v 0.29890344 0.32779145 -0.48746076
v 0.3289519 0.32104036 0.38717562
v 0.30877239 0.32453376 -0.37242898
v 0.30301654 0.33274367 -0.36556908
v 0.30403277 0.33519509 0.32871047
v 0.32449812 0.353957 0.36904186
v 0.31058314 0.36640644 -0.39434576
v 0.30186802 0.40466973 0.4030357
v 0.32269698 0.41249406 -0.44398618
v 0.32676029 0.42998356 0.38607022
v 0.33126256 0.4373776 0.39875504
v 0.31283775 0.42754218 -0.42179069
v 0.29649618 0.43108025 0.31912374
v 0.31434363 0.48742524 0.31591597
v 0.30806234 0.46452495 0.34314471
v 0.31267169 0.4880926 0.3598913
v 0.30982736 0.50114363 0.41636866
v 0.30647409 0.50740814 0.3961834
v 0.30091727 0.51599926 -0.45389363
v 0.30674428 0.52929902 0.35502407
v 0.30807707 0.53422952 -0.39214382
v 0.30068311 0.54927969 -0.33740839
v 0.30508667 0.55290353 0.31359735
v 0.30772325 0.56471968 0.28842616
v 0.2995598 0.57092196 0.28756082
v 0.3088904 0.56938297 -0.32069963
v 0.30620793 0.58594483 0.34960595
v 0.29896533 0.59095979 0.32324445
v 0.30311322 0.61881685 0.27395636
v 0.30117705 0.62189656 0.42608318
v 0.30110115 0.64593631 -0.28604209
v 0.30177563 0.67079282 0.24105696
v 0.30427021 0.67663777 -0.28465167
v 0.31174219 0.68566173 0.19659396
v 0.31590906 0.71760565 -0.2664544
v 0.31089929 0.70092088 0.23290619
v 0.29875934 0.71006101 0.20749892
v 0.30392972 0.74885279 0.08093146
v 0.31161654 0.76054168 -0.1760141
v 0.30536413 0.76947343 0.13182122
v 0.31432876 0.77021724 0.24178496
v 0.30154985 0.76381588 -0.03738577
v 0.29054531 0.77435243 -0.03251518
v 0.29313064 0.77238148 0.00500507
v 0.28724802 0.77798259 -0.00356723
v 0.3129032 0.7894069 -0.30442306
v 0.3187874 0.78405917 -0.18183586
v 0.30650327 0.789855 -0.0599318
v 0.30340445 0.8054769 -0.10319044
v 0.30480352 0.79892796 -0.02652156
v 0.29634398 0.79877853 0.06695296
v 0.32148284 0.80255759 -0.33366287
v 0.29651198 0.79685527 -0.08655913
v 0.30061358 0.79281878 -0.07449316
v 0.32291451 -0.5526579 0.62189049
v 0.31306034 -0.5210135 -0.66854548
v 0.31213757 -0.44444498 -0.67251992
v 0.3252829 -0.48454311 -0.50608766
v 0.31964323 -0.46209386 -0.48694271
v 0.33344236 -0.49630681 0.47317916
v 0.32630849 -0.44778275 0.63285404
v 0.30455306 -0.44024622 0.42638603
v 0.32434201 -0.46275511 0.44668636
v 0.31551155 -0.42854428 0.40212783
v 0.32125664 -0.39992309 0.3850663
v 0.31580895 -0.30896083 0.3760854
v 0.31646061 -0.28053334 0.36603212
v 0.32773626 -0.33111778 -0.63881457
v 0.31525105 -0.22164653 0.35122344
v 0.3218587 -0.28537154 -0.61587101
v 0.31234169 -0.19720477 -0.59400189
v 0.31159747 -0.21314459 -0.58119249
v 0.31126049 -0.2039568 0.33615357
v 0.3123731 -0.19295387 0.35413384
v 0.30140951 -0.13315564 -0.37588397
v 0.31162775 -0.11271575 -0.49887225
v 0.30775416 -0.1096914 -0.3980864
v 0.33436304 -0.12850352 0.4473702
v 0.30362812 0.16776535 -0.30105317
v 0.3101466 0.16937377 0.24575101
v 0.30738869 0.17323649 -0.20707643
v 0.35172504 0.18471974 -0.1548505
v 0.30278015 0.18834622 -0.31762472
v 0.30160376 0.20255162 -0.30551869
v 0.30487657 0.19020303 -0.27394411
v 0.3215915 0.1973573 0.18836494
v 0.30769876 0.19267824 0.20147787
v 0.30293456 0.22002463 -0.33456463
v 0.30585182 0.226494 0.28285247
v 0.30722731 0.23367731 0.27146721
v 0.30845773 0.23220129 0.28715998
v 0.32015094 0.24270211 0.27281898
v 0.31579804 0.2747364 -0.38281637
v 0.31316459 0.29245746 -0.45972794
v 0.314091 0.3447217 -0.38255909
v 0.31364179 0.33925581 -0.48972794
v 0.31235892 0.32638115 0.46452674
v 0.3146413 0.34163541 0.31855777
v 0.31332317 0.44072321 -0.44444895
v 0.31309241 0.42181876 -0.42146033
v 0.31857684 0.44996849 0.3079924
v 0.32094941 0.47989979 -0.44390166
v 0.31128848 0.46865615 0.40354121
v 0.31068587 0.48785105 0.34980378
v 0.30431342 0.499477 -0.40693063
v 0.31239721 0.50879228 -0.46567416
v 0.3155224 0.52516973 -0.40627092
v 0.31342012 0.54821789 0.33372924
v 0.30847085 0.59669596 -0.46049494
v 0.31688496 0.57545519 0.31995472
v 0.31733078 0.59410614 -0.38462865
v 0.30888921 0.59919012 -0.33353779
v 0.32072183 0.61107063 0.32886678
v 0.30454278 0.61374938 -0.43559158
v 0.31654975 0.61063105 -0.42844486
v 0.31741208 0.60731345 0.27643102
v 0.30822545 0.64879912 -0.27809882
v 0.32189253 0.65044194 0.24725208
v 0.31095624 0.64698434 0.23007905
v 0.30739501 0.65651089 0.22656557
v 0.30824882 0.6779843 -0.34239516
v 0.30953711 0.68408465 0.20458972
v 0.31372824 0.70503169 -0.23177026
v 0.30237812 0.72637194 0.16117321
v 0.30882743 0.72612089 0.17652944
v 0.30565044 0.74042511 0.14731744
v 0.30405483 0.73242873 0.17459127
v 0.3079631 0.77064514 0.13685153
v 0.30498764 0.77425367 -0.17287
v 0.32522216 0.77150106 0.05326376
v 0.31013113 0.77566874 -0.10178175
v 0.3029235 0.78968877 -0.08599352
v 0.30827028 0.7944029 0.03977131
v 0.31998807 0.79227024 0.294202
v 0.31503052 0.77859384 0.00998749
v 0.33312362 0.80775481 -0.32167798
v 0.3144151 -0.66798222 -0.60054713
v 0.3316035 -0.64637619 0.55888522
v 0.33034357 -0.63700461 -0.56926143
v 0.32932833 -0.60730004 0.59810597
v 0.33732539 -0.59076846 0.51699746
v 0.32192746 -0.56996018 0.50350827
v 0.31564444 -0.60310537 -0.64648062
v 0.33433816 -0.50215924 -0.51897913
v 0.32194561 -0.41061488 -0.44037294
v 0.33610272 -0.42434037 -0.66915256
v 0.32729173 -0.41730699 0.62899411
v 0.31999353 -0.27809048 -0.41102687
v 0.3242175 -0.22917439 0.54163545
v 0.33882338 -0.21973965 -0.41701761
v 0.32187358 -0.17801826 -0.39927611
v 0.32727849 -0.17489022 0.36685351
v 0.31358567 -0.16760658 -0.58012807
v 0.31339392 -0.17022996 0.53885752
v 0.31659043 -0.17093392 -0.56537402
v 0.32231233 -0.15595934 -0.38970768
v 0.31266525 -0.16071412 0.52212006
v 0.31258786 -0.13739134 -0.40224302
v 0.32181597 -0.1301606 -0.53269595
v 0.31656608 -0.13679296 0.49518386
v 0.32142279 -0.12499493 -0.41930515
v 0.32359529 -0.10631171 -0.5159564
v 0.3195661 -0.11733434 0.36713785
v 0.32545415 -0.12535526 0.40033904
v 0.33590361 0.17326924 -0.10727594
v 0.31279057 0.17364269 -0.26513121
v 0.30940369 0.17799009 -0.27676925
v 0.32001647 0.18315229 0.20206583
v 0.31849527 0.19127165 -0.1982912
v 0.32408646 0.18302199 0.17315882
v 0.31687638 0.18031491 0.22139317
v 0.32165527 0.20923254 0.22002913
v 0.32329524 0.21710902 -0.32599872
v 0.31080762 0.21783163 -0.28193468
v 0.32251272 0.22340053 -0.31325439
v 0.32597974 0.23133621 -0.30704543
v 0.31496257 0.22512801 -0.28003827
v 0.31450623 0.24176365 -0.31663114
v 0.31664577 0.2529051 -0.34601387
v 0.31258321 0.26117846 -0.369183
v 0.3166666 0.2857587 -0.34774336
v 0.31656483 0.27185583 0.28156587
v 0.32525802 0.29704666 0.28449583
v 0.32580814 0.30500254 0.32512164
v 0.35209876 0.31762391 -0.42599595
v 0.31243724 0.33148375 -0.50310034
v 0.31554693 0.32201445 0.31901082
v 0.31259188 0.33947334 0.46242419
v 0.32498235 0.42098343 0.37294653
v 0.33307317 0.43718183 -0.45098969
v 0.31479782 0.41095167 -0.41475981
v 0.30105898 0.39969677 -0.40842605
v 0.30747464 0.39931792 -0.40019962
v 0.3191894 0.40542912 0.40059599
v 0.33289441 0.44772062 -0.43650809
v 0.34163481 0.44969895 -0.42495349
v 0.32380342 0.4505401 0.32398179
v 0.31943628 0.45801181 0.38258484
v 0.314316 0.48845986 -0.4035514
v 0.31537887 0.48840708 -0.38412273
v 0.31945193 0.50915241 -0.38685298
v 0.31434944 0.4964321 0.3830277
v 0.32302973 0.51550889 -0.43057135
v 0.32168576 0.53433865 -0.38885543
v 0.31576094 0.54106367 0.32624987
v 0.30882844 0.56071448 -0.35880682
v 0.31656584 0.57008344 -0.38576773
v 0.31772968 0.56265664 -0.32345587
v 0.31726891 0.59613341 -0.35942981
v 0.3227565 0.59811646 0.31659126
v 0.33790854 0.61900216 -0.36996493
v 0.31159487 0.61145175 -0.30253091
v 0.31097534 0.65771919 -0.30070537
v 0.31771767 0.64419788 -0.29705659
v 0.3193785 0.65472496 -0.2834363
v 0.31796387 0.66815656 -0.29209796
v 0.31597868 0.68893182 0.23027188
v 0.31331739 0.68248725 0.21052581
v 0.31391084 0.69710261 -0.27647942
v 0.31758583 0.71320927 -0.22840348
v 0.31507382 0.71950418 0.16233243
v 0.33068803 0.72199708 0.21539463
v 0.31236279 0.72850758 0.15563418
v 0.31226045 0.72627753 0.16651447
v 0.30935019 0.73910552 0.15265931
v 0.30494714 0.73490274 0.1611284
v 0.31357604 0.73346919 0.15512079
v 0.31318641 0.74854439 0.16815245
v 0.31390798 0.76032478 -0.18483302
v 0.33480927 0.76390892 0.12549992
v 0.32810572 0.77720857 -0.32066447
v 0.32742748 0.78207642 -0.30661717
v 0.31173417 0.7748493 -0.04911516
v 0.31846446 0.78281873 -0.1769727
v 0.31815404 0.78499448 0.24775377
v 0.32729456 0.79665321 -0.33800837
v 0.32730505 0.80517513 -0.0749643
v 0.31771913 0.79721689 -0.0433338
v 0.32696828 0.79841536 0.00908703
v 0.3326672 0.81256115 0.01878628
v 0.32471076 -0.65694356 -0.57845253
v 0.33154234 -0.64360267 0.53333712
v 0.32861736 -0.60937893 -0.6379981
v 0.32947901 -0.5432936 -0.5374825
v 0.32663655 -0.55740571 -0.65774494
v 0.32988727 -0.50143909 0.62936056
v 0.33186898 -0.44132271 0.43153477
v 0.33270335 -0.43585965 -0.46803892
v 0.33763641 -0.36718374 -0.4199228
v 0.33724034 -0.31559214 0.58940393
v 0.33895802 -0.36833227 0.61306876
v 0.32817835 -0.30380353 -0.40586013
v 0.32586694 -0.24294412 -0.58453423
v 0.33411515 -0.24919313 -0.41450176
v 0.32329327 -0.16825436 0.51872754
v 0.32482919 -0.14593357 0.3771134
v 0.33386537 -0.13322754 0.47430882
v 0.34809479 -0.14290336 -0.50755394
v 0.33269715 0.15562837 -0.06319057
v 0.32272515 0.16544664 -0.04252638
v 0.33091941 0.16798139 0.02913157
v 0.34712768 0.17893165 -0.02663377
v 0.33944553 0.17935771 0.00861187
v 0.33153293 0.19569424 -0.27384943
v 0.32861608 0.19939828 -0.26018828
v 0.32377875 0.20878917 0.26226148
v 0.32754454 0.20654382 -0.31908652
v 0.33144781 0.21398965 -0.25713947
v 0.32129675 0.22468162 0.24751003
v 0.35034481 0.27070695 -0.33568791
v 0.34355018 0.25512877 -0.32002836
v 0.33112752 0.26069543 0.28471634
v 0.34054953 0.28938153 -0.4333086
v 0.32501358 0.28577521 0.27423561
v 0.32830703 0.29091439 0.37056577
v 0.34211081 0.29670841 0.39513361
v 0.32812703 0.30482709 0.35777187
v 0.32964641 0.29176462 -0.38704255
v 0.33695826 0.30213812 -0.39819193
v 0.3181254 0.3183935 -0.3648963
v 0.31808987 0.31064591 0.31840396
v 0.31963032 0.32087722 0.31849787
v 0.32682729 0.33214858 -0.50988263
v 0.34524596 0.3205103 -0.44587553
v 0.32915604 0.32466644 0.33637488
v 0.32945365 0.34886834 0.47542751
v 0.32093316 0.34677246 -0.51269889
v 0.32509819 0.36427954 0.3250832
v 0.32017729 0.3599377 0.33239701
v 0.31219038 0.34803176 0.32561439
v 0.32529891 0.3749738 -0.41295484
v 0.33043963 0.37279862 0.33702865
v 0.33958283 0.38334432 0.37059268
v 0.3234745 0.38266295 -0.3928346
v 0.33158621 0.3886421 -0.40438068
v 0.32944092 0.39655945 -0.40795338
v 0.33552679 0.40566385 -0.39275706
v 0.33494708 0.42432696 -0.40939677
v 0.33037555 0.4359701 -0.43224964
v 0.33331925 0.46069664 0.31675598
v 0.31802228 0.44060647 -0.36105546
v 0.30955458 0.4603847 -0.3712067
v 0.31729001 0.45473364 -0.35550863
v 0.3270781 0.48048517 0.31246591
v 0.3184444 0.48338038 -0.36550578
v 0.32705709 0.47218037 0.3443692
v 0.31919247 0.48753336 0.36584014
v 0.32604024 0.5225957 0.32008752
v 0.33000794 0.52245766 0.34483868
v 0.31995556 0.5202837 0.35786694
v 0.32995346 0.53636575 -0.44856498
v 0.32920954 0.53371125 0.40846518
v 0.32071555 0.53985596 -0.46211022
v 0.3239615 0.54343146 -0.47793755
v 0.33127278 0.53352821 -0.48650941
v 0.332645 0.55946463 -0.36984941
v 0.31952465 0.54187691 0.3415322
v 0.31783721 0.56558287 0.31184998
v 0.32673907 0.57189661 0.34180987
v 0.33008021 0.57835728 0.28832233
v 0.33583602 0.5763101 -0.36237082
v 0.32945195 0.58519006 0.27819985
v 0.32480618 0.59288949 0.29943532
v 0.31930864 0.59575158 -0.30712652
v 0.32164878 0.59669203 -0.4373385
v 0.33188075 0.61240226 -0.46669796
v 0.32149893 0.63360941 -0.28993416
v 0.32021236 0.6451605 -0.28110939
v 0.33391914 0.65311724 -0.2802788
v 0.33225158 0.65850109 -0.31541714
v 0.3264263 0.63434303 -0.31373292
v 0.31912851 0.66351193 -0.2794373
v 0.32117572 0.67066044 0.2138516
v 0.31794113 0.67700338 -0.2693156
v 0.32343337 0.68268412 -0.24466123
v 0.31107545 0.68093157 -0.232714
v 0.3189162 0.66678065 -0.23635556
v 0.32054749 0.67966163 -0.22345042
v 0.3236531 0.69161868 0.2002082
v 0.32630363 0.70999247 -0.21713904
v 0.3260982 0.70950794 0.20428924
v 0.32890481 0.71331877 -0.26507697
v 0.324294 0.72141892 -0.23656395
v 0.3236075 0.71398813 0.18227823
v 0.32429269 0.728306 -0.22425167
v 0.31820214 0.73642659 0.14521395
v 0.33600432 0.7545045 -0.20622846
v 0.32539436 0.74051178 0.1523508
v 0.33248001 0.76083422 -0.15198576
v 0.32496494 0.75210422 -0.1719868
v 0.3167372 0.7504223 0.14570852
v 0.32104433 0.75412899 -0.18582366
v 0.33782303 0.77069372 -0.10235386
v 0.3400695 0.77035844 -0.04307956
v 0.33441705 0.77328581 -0.01811741
v 0.3281835 0.80131739 -0.08991622
v 0.31797922 0.79043394 -0.04783805
v 0.32932177 0.79195297 -0.05550049
v 0.32752937 0.79710215 0.04211959
v 0.33921444 -0.61328053 0.58498162
v 0.34627205 -0.60585499 -0.62183803
v 0.34495738 -0.60701174 0.53207588
v 0.34216949 -0.50109017 -0.66452408
v 0.32579568 -0.48398712 -0.67002344
v 0.34412146 -0.40533683 -0.45582685
v 0.33358604 -0.41181266 0.40114883
v 0.33517963 -0.37081704 -0.65275598
v 0.33075792 -0.35778245 -0.64987338
v 0.34177274 -0.33952415 0.3731702
v 0.3354311 -0.31772259 0.36840391
v 0.32904702 -0.3159219 -0.40900025
v 0.33179119 -0.29571494 0.36694056
v 0.33517826 -0.24978745 0.37540618
v 0.32975411 -0.28023696 0.38254982
v 0.34249175 -0.20620233 -0.559901
v 0.34409755 -0.17633997 -0.55006742
v 0.33843842 -0.15666105 -0.42570156
v 0.3390947 -0.13288189 -0.51871586
v 0.34343532 0.17388496 -0.1421518
v 0.33893535 0.19418514 0.14989708
v 0.33570847 0.2076617 -0.28903034
v 0.33681852 0.20773372 0.25196502
v 0.32998043 0.21624087 0.26497337
v 0.33330917 0.2285641 -0.27637345
v 0.34047014 0.25262374 0.26926729
v 0.33621544 0.28917626 -0.40738127
v 0.34945449 0.29316226 -0.36067063
v 0.3566047 0.31776685 -0.48009279
v 0.34471121 0.31058902 0.31077415
v 0.35946798 0.322864 0.44740018
v 0.32939368 0.32591048 0.32475835
v 0.33001128 0.34299919 -0.38191551
v 0.35250011 0.32564941 -0.36975396
v 0.35503718 0.32929295 0.4070476
v 0.36199945 0.34355271 0.43883789
v 0.32647368 0.35871458 -0.51054811
v 0.33533227 0.34423858 0.32611492
v 0.34015915 0.34872025 0.31853744
v 0.33090049 0.35608554 0.46552691
v 0.34047273 0.37003684 -0.37043121
v 0.32350114 0.37247732 0.34425786
v 0.35360119 0.42791373 0.39605024
v 0.34054345 0.44768214 0.39163497
v 0.33192956 0.45600554 -0.37028241
v 0.32789034 0.48667902 -0.38756412
v 0.3384451 0.49866423 0.41623759
v 0.33024266 0.51190996 -0.46675247
v 0.34014022 0.52249736 0.37646964
v 0.32769787 0.53809726 0.31924435
v 0.32430935 0.55583608 0.31987324
v 0.33623657 0.5687176 -0.34535009
v 0.32885557 0.57532907 0.32761347
v 0.32702938 0.58892077 -0.31463289
v 0.33556685 0.60253155 0.32866299
v 0.3341749 0.60005456 -0.46213409
v 0.34319937 0.60223472 -0.35974807
v 0.33207479 0.63367832 -0.44973096
v 0.33357841 0.62619925 -0.42994314
v 0.34107307 0.63440752 0.271009
v 0.32618678 0.64058363 -0.28875247
v 0.32737324 0.63680649 -0.29090703
v 0.34322819 0.65624094 0.25406137
v 0.32993901 0.66693455 -0.28123057
v 0.35474643 0.66418117 0.22379847
v 0.32678005 0.69111627 -0.26371524
v 0.33454147 0.70722967 -0.241963
v 0.33296716 0.70439613 0.22093521
v 0.33209124 0.70991325 0.19525845
v 0.34324205 0.71745533 0.16549358
v 0.33684984 0.72831023 -0.24005656
v 0.32995549 0.7295177 0.17419294
v 0.32811856 0.73624605 0.17983153
v 0.3366172 0.75316823 0.14457296
v 0.34062949 0.76354623 0.15073849
v 0.34639964 0.76710397 0.06509264
v 0.34568864 0.77362525 0.08525025
v 0.32707384 0.771945 0.24414609
v 0.33539924 0.78214961 0.23948053
v 0.33299944 0.79076093 -0.09586312
v 0.32854158 0.77990758 0.0272983
v 0.34431848 0.80551863 0.02531722
v 0.35465953 -0.54137367 -0.55512589
v 0.34889236 -0.54044706 0.61269742
v 0.34685087 -0.52716899 0.49851331
v 0.34033218 -0.49052393 -0.67883784
v 0.34650266 -0.46845153 -0.68026602
v 0.33893028 -0.48869392 -0.49504626
v 0.33951011 -0.47478679 0.44470984
v 0.34291661 -0.48738295 0.64174211
v 0.34078878 -0.41770914 0.63544482
v 0.34793711 -0.41228476 0.42642584
v 0.34124345 -0.33903304 -0.65314049
v 0.34169459 -0.32112023 -0.41130871
v 0.33405668 -0.3054595 -0.42833826
v 0.338148 -0.26067993 0.54696107
v 0.34482458 -0.2367619 -0.56338501
v 0.34241429 -0.21521968 0.38168868
v 0.34588173 -0.19500846 -0.42821798
v 0.33629623 -0.17033078 0.3839823
v 0.34116289 -0.15196732 0.5026148
v 0.34709212 -0.14719729 0.38107029
v 0.35471806 -0.13166544 0.4783442
v 0.35002699 -0.15079156 -0.47102299
v 0.34598187 -0.14388868 0.46409559
v 0.3490428 0.17823952 0.05595379
v 0.35909471 0.18040444 0.10737313
v 0.34221113 0.19996932 0.17158118
v 0.34369087 0.21351619 -0.24925973
v 0.34122223 0.2252136 0.24055991
v 0.33749312 0.22761722 0.25788808
v 0.33411077 0.23863138 0.26664752
v 0.3303158 0.25273526 0.26077849
v 0.36322159 0.26318184 -0.31354588
v 0.33083361 0.25188574 -0.27805063
v 0.33823484 0.2701309 -0.29159802
v 0.33163217 0.2621111 -0.27431613
v 0.33020553 0.27085161 0.28596899
v 0.34932321 0.30813572 0.29400471
v 0.34987718 0.31134835 0.384821
v 0.36018756 0.30854779 0.41534099
v 0.34930348 0.32780513 0.31430387
v 0.33870414 0.34512264 -0.49564949
v 0.34156159 0.34584406 0.33659199
v 0.34951758 0.34936771 0.47552669
v 0.33001384 0.36024407 -0.52292907
v 0.34403053 0.35700199 0.35739091
v 0.33853912 0.36563167 0.47556573
v 0.33842495 0.37321243 -0.51892513
v 0.34800977 0.36294812 0.34696913
v 0.32627484 0.38311395 0.35758591
v 0.34025797 0.38790461 0.35011324
v 0.3471716 0.42395255 -0.43296751
v 0.34577039 0.46309003 -0.446531
v 0.34386638 0.45082337 -0.35424483
v 0.35286844 0.47095975 -0.34661722
v 0.36720619 0.49328092 -0.43572339
v 0.34518564 0.50323641 -0.38653323
v 0.34571612 0.49439585 -0.44265682
v 0.33451527 0.50375307 -0.45110691
v 0.34145334 0.51041347 -0.41204074
v 0.34353951 0.52717364 0.42662108
v 0.33799449 0.51104569 -0.41825664
v 0.34212062 0.51182115 0.30987236
v 0.35363266 0.52662456 -0.36996052
v 0.33886153 0.52309364 -0.4382259
v 0.33388597 0.58826518 -0.32325479
v 0.33567774 0.58981174 0.32892528
v 0.34592411 0.59358996 -0.37243551
v 0.34841368 0.61134428 -0.45053372
v 0.34729582 0.61221069 -0.37521395
v 0.3432247 0.60576218 -0.30597436
v 0.34337562 0.63123405 -0.28950262
v 0.35004926 0.62004298 0.29710516
v 0.34244823 0.60723078 0.3210842
v 0.35226357 0.64620221 -0.46761304
v 0.34446362 0.64175391 -0.44266021
v 0.33517829 0.64199346 -0.29036415
v 0.34795165 0.64614016 -0.27821267
v 0.34731352 0.68087506 -0.30286393
v 0.35414752 0.67418414 -0.26833999
v 0.33494881 0.68605298 -0.2417078
v 0.33849558 0.68599647 -0.23169552
v 0.3461521 0.70416462 -0.22067407
v 0.34177646 0.6918512 -0.26114798
v 0.3390781 0.70573694 -0.25036329
v 0.34438109 0.7354781 -0.21482784
v 0.33970204 0.73857069 0.18912552
v 0.34669912 0.75089175 -0.21160859
v 0.35501939 0.7342484 0.13987197
v 0.3422482 0.74437648 0.13362807
v 0.33714631 0.7668947 0.10633442
v 0.33612496 0.7761237 -0.05741277
v 0.34196168 0.77089512 0.04462083
v 0.3507171 0.79020762 0.26386029
v 0.34596425 0.79722297 0.25604263
v 0.34608361 0.79597962 0.28637907
v 0.3455205 0.80716747 -0.34141552
v 0.343077 0.7997008 -0.31328386
v 0.35149202 0.8128466 0.26980284
v 0.33854443 0.81160474 0.28811151
v 0.35337377 -0.60268182 -0.59272063
v 0.36234853 -0.57830691 0.57415706
v 0.3657307 -0.54090893 -0.56909138
v 0.3618893 -0.53331071 -0.64356452
v 0.36062565 -0.55025512 0.59853452
v 0.34906566 -0.49501792 0.62186772
v 0.35121992 -0.49297968 0.48106873
v 0.34740591 -0.49720252 -0.50535154
v 0.34892991 -0.49816743 -0.52156895
v 0.34795779 -0.49621472 0.46249101
v 0.34778109 -0.39361253 -0.6714043
v 0.34165475 -0.38022149 -0.66564065
v 0.34999374 -0.37023628 0.6271624
v 0.344661 -0.37191901 -0.65493643
v 0.34933981 -0.36526158 -0.64027202
v 0.35581023 -0.36342344 0.3925654
v 0.344879 -0.35732484 -0.42234236
v 0.34215647 -0.34395641 -0.63983655
v 0.34910399 -0.35743612 0.60412097
v 0.35461107 -0.32540172 0.38558036
v 0.33624533 -0.29646158 0.38482341
v 0.35052425 -0.2809293 0.39883339
v 0.33962947 -0.30587432 0.39378294
v 0.34967667 -0.28180322 -0.44125095
v 0.35900986 -0.29935253 -0.59764564
v 0.34626856 -0.25146383 -0.56900656
v 0.35290152 -0.24883297 0.51804411
v 0.34040976 -0.21600664 0.52468568
v 0.35975051 -0.19046651 0.50810575
v 0.35367841 -0.15498181 0.42314267
v 0.3543739 0.20351541 0.18637541
v 0.33716986 0.22535606 0.2198202
v 0.34526652 0.23647137 -0.32343611
v 0.34976098 0.25352132 0.26026386
v 0.35661975 0.27257296 -0.3603538
v 0.34742925 0.2706604 -0.27641201
v 0.35476777 0.27669632 0.30491269
v 0.34483746 0.28916958 0.2728245
v 0.37276402 0.33206809 -0.49147385
v 0.35393903 0.35698473 -0.38688037
v 0.34646061 0.34874111 -0.51527691
v 0.3415449 0.36135474 -0.5250504
v 0.34267923 0.35753179 -0.50752401
v 0.34969777 0.34975806 -0.49996319
v 0.34089944 0.35969749 -0.38085648
v 0.35704783 0.3886821 -0.53689617
v 0.3498826 0.37755215 0.35618037
v 0.3493064 0.39479741 -0.53326565
v 0.34384316 0.40424061 -0.42131886
v 0.35305086 0.38692239 -0.36889482
v 0.3501654 0.3856343 -0.38890401
v 0.35029334 0.42342636 -0.44011328
v 0.36034051 0.4431226 0.37180671
v 0.35823876 0.4275153 0.36400145
v 0.34190661 0.43622568 0.37575766
v 0.34410948 0.44192183 0.37549016
v 0.36219722 0.4675099 -0.35789141
v 0.37067235 0.48031455 0.3860909
v 0.34506708 0.48704475 0.3199091
v 0.35598645 0.50692737 0.35319173
v 0.35468253 0.51021868 -0.36259881
v 0.34625825 0.48563299 0.3119899
v 0.35492873 0.49953318 0.3731744
v 0.3587684 0.51037991 0.38652015
v 0.34444353 0.51624054 -0.44805697
v 0.34828743 0.50800312 -0.43578219
v 0.34793738 0.53506565 0.37824607
v 0.36206922 0.54490626 0.30285579
v 0.36682114 0.55770743 -0.46400943
v 0.34483117 0.55683875 -0.4914498
v 0.35059527 0.56155533 -0.48119214
v 0.34365088 0.58035642 -0.35404551
v 0.35124484 0.5897094 0.31951702
v 0.33319443 0.59533912 -0.34326944
v 0.35111147 0.58747673 0.28112787
v 0.35815549 0.59319717 0.27142662
v 0.3406246 0.60595751 -0.33349088
v 0.35594195 0.61994445 0.31755558
v 0.3561354 0.63755703 -0.44400814
v 0.34530014 0.64742136 -0.31085923
v 0.36410815 0.68236369 -0.30643365
v 0.37065089 0.70004982 0.20208508
v 0.34162959 0.70300531 -0.23968638
v 0.35460758 0.7186594 -0.20632462
v 0.34769624 0.71235013 0.19400004
v 0.35211951 0.72839057 -0.19790374
v 0.35319099 0.72661126 0.176108
v 0.35461822 0.74342442 0.16791262
v 0.36686999 0.76559234 0.16363686
v 0.34967408 0.76322603 -0.17091933
v 0.35968584 0.77526033 -0.14463507
v 0.36363938 0.77038378 -0.11314745
v 0.35028431 0.77155161 -0.06938225
v 0.34931871 0.77432668 -0.08656926
v 0.34633225 0.77446687 0.0094305
v 0.3561818 0.8055861 -0.33171618
v 0.36114013 0.80390161 -0.08913481
v 0.34863251 0.80847239 0.29240558
v 0.36308292 -0.57772762 0.55466247
v 0.35558167 -0.47660422 -0.67090982
v 0.35614285 -0.44595072 -0.48354572
v 0.35704175 -0.47492766 0.63334143
v 0.35121545 -0.40621611 0.63355851
v 0.36970773 -0.36357078 0.42989981
v 0.35967019 -0.34694305 -0.44959092
v 0.34806609 -0.35177213 -0.65934682
v 0.3466441 -0.3542673 -0.65477085
v 0.35872921 -0.35120016 0.61789846
v 0.35782117 -0.35876772 -0.63496578
v 0.35452172 -0.32859251 -0.42257372
v 0.3673293 -0.33380762 -0.61631149
v 0.356213 -0.33128253 -0.45499864
v 0.34937033 -0.32320285 0.4040601
v 0.36214104 -0.28775188 0.41925415
v 0.36911678 -0.33088464 0.57499385
v 0.36204189 -0.27030313 -0.4385964
v 0.35532165 -0.25929749 -0.42372444
v 0.35381761 -0.24559614 0.37276167
v 0.34897506 -0.23831686 -0.41198924
v 0.35812491 -0.22717474 -0.56231081
v 0.36015937 -0.20543005 0.38615704
v 0.3528963 -0.17575836 0.40385196
v 0.36465138 -0.15324067 -0.51975757
v 0.36153534 -0.1778093 -0.45750806
v 0.35348839 -0.1432596 -0.52033788
v 0.36575034 0.18451619 -0.09414684
v 0.36087301 0.17513996 -0.06083127
v 0.36019963 0.1725572 0.02737039
v 0.36164489 0.18802163 -0.11886369
v 0.36703825 0.19188355 0.0863788
v 0.38156953 0.2050228 -0.23473169
v 0.36642358 0.22066931 -0.26346913
v 0.35294151 0.27079391 -0.29790524
v 0.36758035 0.26566371 -0.27881548
v 0.36146986 0.255135 0.27976477
v 0.35265309 0.29047713 0.24331601
v 0.33696735 0.27407089 0.23988551
v 0.34604535 0.26687956 0.23141339
v 0.34652677 0.28959996 0.30487931
v 0.37057048 0.28217831 0.2609832
v 0.36469972 0.29040214 0.28437591
v 0.36604062 0.30729851 -0.42710209
v 0.35798314 0.32563365 -0.46601355
v 0.36327219 0.33764905 -0.33283639
v 0.34223661 0.32004157 -0.33456755
v 0.34941861 0.32447419 -0.34272471
v 0.35427904 0.34192953 -0.50679582
v 0.3580845 0.34960303 -0.50718307
v 0.34697002 0.36476764 -0.51763225
v 0.36518937 0.34751803 0.31174117
v 0.38628578 0.3553572 0.32570782
v 0.36431691 0.35940248 0.45715526
v 0.36130914 0.37083918 0.48168308
v 0.35718787 0.38430405 -0.52939141
v 0.35750437 0.38772485 0.34167469
v 0.36795726 0.40096247 -0.40837595
v 0.36229369 0.43617734 0.37226716
v 0.35109684 0.44072819 0.37767369
v 0.36250168 0.44863394 0.37477663
v 0.3683337 0.4530122 -0.44558886
v 0.3660568 0.4688912 -0.43743241
v 0.3560715 0.50401443 -0.3499296
v 0.35348991 0.49179801 0.30436295
v 0.34986991 0.51369894 -0.42216179
v 0.36978808 0.53794551 -0.45875746
v 0.35757139 0.54450142 -0.49548721
v 0.35987395 0.55744034 0.41668651
v 0.36404592 0.57746577 -0.35828835
v 0.36975852 0.58144343 0.30153748
v 0.36235592 0.58639556 -0.35004085
v 0.36623639 0.61266983 0.26387957
v 0.36016941 0.60854614 -0.34668782
v 0.36058837 0.63405222 -0.47425026
v 0.3637881 0.66787583 -0.45204169
v 0.37211165 0.67737955 -0.29528123
v 0.36361432 0.68602276 -0.29292941
v 0.38027006 0.68283677 0.21195336
v 0.36245635 0.71430516 -0.24875441
v 0.35234642 0.71870357 -0.23408855
v 0.35312581 0.7225709 0.1864185
v 0.36493352 0.75403482 0.17894924
v 0.37233096 0.76419109 0.09944694
v 0.36580944 0.78562528 0.05899492
v 0.35781223 0.79968971 -0.07251067
v 0.35057375 0.81270671 -0.31816337
v 0.35976902 0.82465035 -0.34272584
v 0.37069654 0.83772403 -0.33034405
v 0.38150588 0.84205544 0.26988265
v 0.35684308 -0.48738489 -0.50734633
v 0.3627159 -0.46375045 -0.51148605
v 0.37447771 -0.468788 -0.64502347
v 0.37299356 -0.44798109 -0.66166043
v 0.35888794 -0.44793361 0.44739902
v 0.36051497 -0.43434393 -0.67183977
v 0.37312892 -0.41199449 0.45927691
v 0.36572284 -0.39936861 -0.483372
v 0.35724229 -0.36319026 -0.66323757
v 0.36818698 -0.39692619 0.44390571
v 0.36215883 -0.33976042 0.60476738
v 0.36224371 -0.3357279 -0.64252758
v 0.36089864 -0.32964113 0.4164609
v 0.35980684 -0.28887239 -0.45939079
v 0.36027279 -0.26414287 -0.55653852
v 0.36284381 -0.24553129 -0.55414647
v 0.36100757 -0.22958457 -0.42094445
v 0.35941806 -0.2395394 0.51216274
v 0.36208713 -0.20409434 -0.42975411
v 0.35931098 -0.17094606 -0.49212942
v 0.37177983 -0.16251183 -0.4943423
v 0.37612924 -0.19013128 -0.48331556
v 0.35649076 -0.16304143 0.45793846
v 0.36321881 -0.13825403 -0.50142914
v 0.3614178 -0.13325104 0.46366322
v 0.36281952 0.190671 0.00886044
v 0.37800208 0.19122185 -0.15904549
v 0.37141275 0.21644117 0.20192006
v 0.38490877 0.22966114 -0.35175785
v 0.37729332 0.21882807 -0.30647761
v 0.37610722 0.22308289 0.26658976
v 0.37466136 0.2307325 0.30238733
v 0.35690191 0.24370781 0.28218102
v 0.36325729 0.24777319 -0.33134231
v 0.3685745 0.25431943 -0.30582663
v 0.38071007 0.27013877 -0.27056906
v 0.36253217 0.26229087 0.25052422
v 0.37685448 0.27323142 0.22933577
v 0.36667642 0.29047179 -0.29372546
v 0.37659973 0.31018963 -0.4449912
v 0.35851294 0.30466726 0.3196981
v 0.35950714 0.32402888 -0.43379292
v 0.35940829 0.31979033 -0.32529092
v 0.3592484 0.32391563 0.30453691
v 0.37166533 0.33085415 -0.48083341
v 0.3530263 0.33508784 -0.42814356
v 0.36737847 0.33849892 -0.43846998
v 0.36789384 0.33560199 -0.42699927
v 0.35852125 0.34443191 -0.50495893
v 0.3613233 0.34969157 -0.43820286
v 0.36365873 0.34831578 -0.34165603
v 0.36800358 0.34612435 -0.49322644
v 0.36919305 0.35559484 0.4663724
v 0.36099604 0.37141895 -0.36965567
v 0.36615077 0.38592222 0.35507941
v 0.36303324 0.38786194 0.47561535
v 0.38482139 0.40909478 0.36464339
v 0.36630881 0.41365656 -0.54037923
v 0.36075848 0.41870278 -0.52843308
v 0.3555876 0.39532667 -0.3768743
v 0.35797867 0.4237127 -0.41666952
v 0.35546058 0.41224208 -0.36979216
v 0.36207771 0.4223102 -0.38615346
v 0.36729097 0.4174234 0.30777359
v 0.35388947 0.43400207 0.31493011
v 0.35960537 0.41666195 0.31870195
v 0.35679734 0.41901895 -0.43155974
v 0.36793157 0.44354922 -0.41029784
v 0.3717193 0.46672571 -0.34440207
v 0.3572585 0.49790153 0.31479299
v 0.36586568 0.50445616 0.40200046
v 0.35175323 0.51462829 0.32248539
v 0.37222314 0.5113315 -0.43242043
v 0.35857782 0.51558274 0.31054795
v 0.36301762 0.51606327 0.35247001
v 0.36123011 0.52017605 0.4038693
v 0.36714712 0.52234989 0.30235416
v 0.36489516 0.54712313 0.41962752
v 0.37743482 0.54448301 -0.47974417
v 0.36331108 0.53434217 0.37841672
v 0.36855683 0.55409336 0.37837771
v 0.38970885 0.58972937 0.39515322
v 0.36264738 0.60787404 0.32079038
v 0.36907807 0.62874347 -0.33516732
v 0.36568412 0.62909967 -0.32365742
v 0.37146947 0.63568336 -0.46766573
v 0.36620152 0.63634264 -0.28949782
v 0.37860984 0.63331234 -0.30418304
v 0.39251763 0.69369328 -0.43874356
v 0.37030104 0.67351878 0.24062386
v 0.36889628 0.69239682 -0.26181763
v 0.37081516 0.70065486 -0.25984186
v 0.37823725 0.70998025 0.1946024
v 0.36702704 0.72619241 0.17280409
v 0.35918802 0.75549644 -0.19499989
v 0.3565152 0.73912519 -0.18050496
v 0.35509333 0.75536776 -0.16721033
v 0.36925521 0.75767481 0.15394108
v 0.35743493 0.76964897 0.15178885
v 0.3717002 0.76561892 -0.08053115
v 0.36481598 0.76424843 0.04763341
v 0.36058393 0.8067587 0.27349204
v 0.36839187 0.83351016 0.28499711
v 0.37745029 -0.53347784 -0.61163211
v 0.374455 -0.51336783 0.52543104
v 0.37156728 -0.45905495 -0.51976228
v 0.36875898 -0.45424327 0.47048134
v 0.36721414 -0.36778679 -0.46996143
v 0.38761955 -0.37662998 0.60458666
v 0.40344578 -0.38402715 -0.62947762
v 0.37158489 -0.34074423 -0.64368254
v 0.36705342 -0.35042128 0.59039187
v 0.37007314 -0.32414496 -0.47755113
v 0.36447757 -0.28427142 -0.47100163
v 0.37123266 -0.2381199 0.39115942
v 0.3670443 -0.27318585 0.50430489
v 0.36842901 -0.2083386 -0.54235959
v 0.37253425 -0.21637873 -0.53506523
v 0.37249866 -0.19195832 0.4889929
v 0.37350154 -0.21732229 0.40565851
v 0.37064922 -0.20426071 0.44092506
v 0.37129569 -0.14462447 0.44860876
v 0.37561098 -0.15078744 0.46462908
v 0.37970459 0.18768977 -0.06576436
v 0.38034156 0.19713813 -0.05118261
v 0.37406757 0.19064751 0.0427392
v 0.36991048 0.18542282 0.05611267
v 0.39903912 0.18775259 0.17405853
v 0.37458733 0.19573402 0.13327099
v 0.3784883 0.23866056 -0.35647357
v 0.37849498 0.2427769 0.31503859
v 0.37120244 0.28468999 -0.32241145
v 0.37474227 0.28359824 -0.27578321
v 0.36803228 0.29138094 -0.34608081
v 0.37216431 0.29095516 -0.31422651
v 0.38220006 0.32341257 -0.35755637
v 0.3727237 0.30744839 -0.32549882
v 0.37408543 0.32132477 -0.32868555
v 0.370684 0.32014838 0.4190734
v 0.3737866 0.3279148 0.32489431
v 0.3738867 0.34358782 -0.49888572
v 0.366761 0.34112349 -0.35067269
v 0.36614415 0.34914264 -0.42837986
v 0.38892767 0.36650982 -0.38237646
v 0.37666914 0.3767902 0.47422573
v 0.36766702 0.38217795 -0.38035735
v 0.37347746 0.36903685 -0.34815001
v 0.37973955 0.38846231 -0.37975168
v 0.36084422 0.3866666 0.48352844
v 0.37125435 0.38082349 -0.38738421
v 0.35863945 0.39230713 0.30272213
v 0.37705383 0.38713685 0.32402202
v 0.36705154 0.37331426 0.30213949
v 0.36982727 0.41967538 -0.52730471
v 0.377186 0.41949403 -0.35659501
v 0.37793228 0.43787965 -0.38437197
v 0.38190189 0.43456882 0.33020505
v 0.38962963 0.43950772 -0.43786916
v 0.37073568 0.43804374 -0.41585615
v 0.36895186 0.44032648 0.30613339
v 0.36809063 0.44603729 0.31785405
v 0.3875863 0.44952446 0.35140631
v 0.37273446 0.44423375 0.37349179
v 0.37956369 0.43851987 0.39725426
v 0.37991396 0.46208861 0.38962388
v 0.37047893 0.49078834 -0.33814439
v 0.36585268 0.48823389 0.31179154
v 0.36614433 0.48336205 0.3028928
v 0.36729661 0.51416147 0.30651629
v 0.37785828 0.53667021 -0.35830364
v 0.3662647 0.50889206 0.38185757
v 0.3633464 0.52776235 0.39118981
v 0.37901497 0.5391075 -0.41604644
v 0.36803475 0.53921127 0.31782293
v 0.36186996 0.53057677 0.33760664
v 0.36788478 0.55385923 0.32617101
v 0.37579697 0.57839304 -0.50159907
v 0.37435958 0.5629158 -0.50011671
v 0.38386142 0.60359442 -0.48927507
v 0.38778275 0.59999847 0.29854137
v 0.36793867 0.58873981 -0.34320602
v 0.38267583 0.62135148 0.26412031
v 0.37085128 0.64021671 0.27043897
v 0.37716773 0.65836108 -0.46997744
v 0.37034139 0.74387318 -0.20660283
v 0.36559758 0.72754908 -0.19694333
v 0.37771085 0.72839367 0.14737605
v 0.37692165 0.75887698 -0.04494711
v 0.37570363 0.77637631 -0.12225689
v 0.3892872 0.75825518 -0.01967155
v 0.37488103 0.78346288 0.06156971
v 0.38233379 0.83241719 -0.33839819
v 0.37341946 0.83250469 -0.32552183
v 0.37909928 0.82515389 0.28209326
v 0.37894294 -0.51671582 0.57760817
v 0.39028111 -0.47906148 -0.57317793
v 0.37519041 -0.46930987 0.60071611
v 0.38183755 -0.44706672 0.61208463
v 0.38577601 -0.42881054 0.4830654
v 0.37817764 -0.40759721 -0.50482333
v 0.38372275 -0.38987565 -0.47608453
v 0.38232213 -0.35056648 -0.48040673
v 0.3760379 -0.33256033 0.44325238
v 0.37553412 -0.3375155 0.60181057
v 0.37691674 -0.32638651 -0.62825054
v 0.37533644 -0.32851708 0.585298
v 0.36892429 -0.33018011 0.5941838
v 0.37977961 -0.33730865 0.56567365
v 0.37604076 -0.33252075 -0.60530221
v 0.37697357 -0.30938876 -0.52399153
v 0.37257203 -0.29186639 0.47205839
v 0.38261661 -0.32753733 0.54241395
v 0.3887254 -0.34943232 -0.59469891
v 0.37061891 -0.27563059 -0.52076948
v 0.38926494 -0.34127074 -0.56620544
v 0.36798522 -0.26967722 -0.48552614
v 0.36950791 -0.27071264 0.48284978
v 0.37265986 -0.25891104 -0.45649812
v 0.37250054 -0.25525898 0.4340961
v 0.38051176 -0.25760132 0.49370486
v 0.37629703 -0.23508811 0.47757643
v 0.37008241 -0.21782862 -0.4545311
v 0.37810683 -0.23126449 -0.50039911
v 0.37968823 -0.16028348 -0.502361
v 0.37545577 -0.18254289 0.45881861
v 0.37612203 -0.14469089 -0.50362617
v 0.39697978 0.18760248 -0.11197443
v 0.40919557 0.21224788 -0.0246459
v 0.37182179 0.19542007 0.0162733
v 0.39397117 0.19171546 0.18053114
v 0.38809586 0.19622149 -0.18668981
v 0.37765017 0.21505557 0.18655601
v 0.38604486 0.2225446 -0.247631
v 0.36579311 0.22660947 -0.20951211
v 0.3670117 0.23020215 -0.19769622
v 0.38216394 0.22469443 -0.19404671
v 0.3876763 0.24337012 -0.19911401
v 0.38151461 0.2459749 0.28076959
v 0.37358215 0.25271958 0.22571741
v 0.37291622 0.24890895 0.26058537
v 0.36101088 0.25544751 0.26249772
v 0.38625252 0.27082014 0.27557439
v 0.38746589 0.27282232 0.28583303
v 0.39182067 0.29472709 0.28989792
v 0.38249815 0.29601547 -0.28906628
v 0.38453412 0.31701365 -0.45707294
v 0.37246171 0.32601437 -0.32658833
v 0.39344245 0.32476267 0.33325303
v 0.38128337 0.32735935 -0.4540996
v 0.37224728 0.31570637 0.29285508
v 0.37657738 0.32683235 0.31211233
v 0.38072702 0.33886445 -0.34764832
v 0.38808966 0.3322753 0.2785235
v 0.37434795 0.35353696 -0.33670735
v 0.37286836 0.36746368 -0.35254398
v 0.37920851 0.38942695 -0.35510868
v 0.38132277 0.37498042 0.33815444
v 0.37462255 0.40512288 0.48507896
v 0.39365703 0.38799974 0.31162336
v 0.37645522 0.3981927 0.32183862
v 0.35725409 0.40111887 0.34485909
v 0.38457215 0.41242734 -0.42308465
v 0.39948756 0.41625884 0.32620922
v 0.36011624 0.41341832 0.35094675
v 0.39436495 0.42990232 0.3106291
v 0.38325956 0.43040454 0.36619785
v 0.37626293 0.44089681 -0.52985978
v 0.37379527 0.43336314 -0.40076759
v 0.36967635 0.4440856 0.36548638
v 0.37569287 0.45456141 0.37331942
v 0.39217189 0.46079648 0.37624204
v 0.38755566 0.46930918 0.37779626
v 0.38711011 0.46271896 -0.42911926
v 0.38715112 0.47710431 -0.41573086
v 0.37763664 0.49636096 0.29417887
v 0.38421965 0.51759362 -0.37298346
v 0.38201112 0.50414646 0.31178898
v 0.38594174 0.53415471 0.37520698
v 0.3762551 0.50904471 0.39541873
v 0.38826102 0.53722936 -0.42968997
v 0.38116029 0.55197579 -0.46120176
v 0.37013435 0.54021531 0.33746696
v 0.37362063 0.57260579 -0.3540529
v 0.39842504 0.55772012 0.28875989
v 0.38333625 0.61212063 0.27947623
v 0.38188478 0.6167202 -0.34431061
v 0.38994053 0.64037108 0.2936632
v 0.3798646 0.64789134 -0.31672448
v 0.39134628 0.64062786 -0.28384885
v 0.39773363 0.68793565 -0.4386639
v 0.39200005 0.66774035 -0.25020629
v 0.39228967 0.68587852 0.21959424
v 0.39162475 0.73214072 -0.22605298
v 0.37396762 0.75376004 -0.14342977
v 0.3774586 0.77235544 -0.13490243
v 0.38203669 0.83681422 -0.34344047
v 0.38802555 -0.49138802 0.55611163
v 0.3804124 -0.47346103 -0.54445016
v 0.38347337 -0.45957631 0.49909762
v 0.38304824 -0.48352927 0.52166504
v 0.38748023 -0.45177755 0.58214718
v 0.38244608 -0.4078449 0.44858176
v 0.38792107 -0.38575187 -0.49262047
v 0.38134795 -0.38759562 0.43709353
v 0.39197353 -0.38420975 0.46236765
v 0.38528839 -0.36285731 0.43889174
v 0.40684167 -0.35398796 -0.61663711
v 0.38393253 -0.31892011 -0.61438537
v 0.38643461 -0.32249087 0.56854612
v 0.37837368 -0.18035564 -0.49966922
v 0.39478824 0.19781145 -0.1525691
v 0.38368231 0.19146831 -0.0901427
v 0.39224085 0.19529881 0.10054214
v 0.39404911 0.1983033 -0.21796456
v 0.38594186 0.20769562 0.03231169
v 0.39923033 0.20749262 0.12219353
v 0.39227179 0.22049668 0.19650085
v 0.3800098 0.22700557 0.16573092
v 0.40932259 0.23343548 0.32485357
v 0.38047078 0.23690373 -0.21292157
v 0.3871578 0.23525502 0.33136508
v 0.38585246 0.24804917 -0.35373119
v 0.41906556 0.2467714 0.29781488
v 0.39326981 0.2889486 0.24636081
v 0.38159567 0.29325095 -0.30788016
v 0.37767303 0.30654302 -0.3171216
v 0.39723831 0.32320297 -0.34524938
v 0.38939562 0.31517094 -0.33522579
v 0.38388506 0.31211373 -0.4450008
v 0.38675359 0.32474247 -0.32222435
v 0.38085091 0.33629724 -0.33390665
v 0.38120621 0.34976652 -0.35054177
v 0.38054845 0.36982015 -0.35013813
v 0.40603337 0.35866064 0.309861
v 0.39117569 0.38040927 -0.36245158
v 0.39191636 0.38728768 -0.35337016
v 0.3821944 0.39278045 -0.38804984
v 0.38601109 0.41620716 -0.38809881
v 0.38436812 0.42318344 0.33530495
v 0.3968834 0.43728912 -0.36419094
v 0.39488965 0.44361556 -0.40907979
v 0.38692731 0.44740492 0.3275359
v 0.39583218 0.49190357 -0.34577841
v 0.39344892 0.49136195 -0.42656577
v 0.39283171 0.49614352 -0.3360844
v 0.39944282 0.50058323 0.30271983
v 0.39558282 0.52915275 -0.43289137
v 0.4243716 0.55322313 -0.39464822
v 0.39963314 0.53590393 0.34935421
v 0.38389674 0.54974639 -0.34442285
v 0.38863882 0.56604177 0.31593561
v 0.41366717 0.56611973 -0.46981105
v 0.38496089 0.56175673 0.41997272
v 0.39692497 0.57800937 0.32525989
v 0.38208491 0.57390922 -0.33107564
v 0.39129627 0.60013831 0.40794706
v 0.39695722 0.61049128 0.27058047
v 0.39324608 0.62410718 0.31988516
v 0.38615158 0.64188153 -0.32596329
v 0.3959991 0.64963806 0.30787501
v 0.40283549 0.6668098 0.25894198
v 0.39031094 0.70700723 -0.24566889
v 0.39159575 0.71740884 0.18775906
v 0.37726539 0.74223578 -0.19396289
v 0.40051892 0.73022038 -0.17482339
v 0.39109743 0.76299322 -0.19680269
v 0.38842914 0.76643354 -0.11043746
v 0.38441879 0.7621302 0.05488516
v 0.38508952 0.76806915 0.0804259
v 0.39297682 0.84868693 0.27548718
v 0.38592589 0.84770828 -0.32261357
v 0.38575089 0.85052931 -0.32786915
v 0.37982509 0.85246676 -0.31769851
v 0.39859691 0.86372042 -0.31548041
v 0.39360911 -0.46534997 0.54037493
v 0.39758536 -0.45550638 -0.58804005
v 0.40069565 -0.47135818 -0.54806024
v 0.39341033 -0.43852705 -0.61335409
v 0.39318475 -0.4412339 -0.633524
v 0.40101114 -0.42188698 0.5883562
v 0.39686352 -0.42796129 -0.52558959
v 0.38975441 -0.39619184 0.44656163
v 0.39144269 -0.36153257 0.46184936
v 0.40308321 -0.40452203 -0.52015412
v 0.39595085 -0.37207159 -0.51557177
v 0.38942948 -0.34956461 0.5449509
v 0.39483872 -0.35546383 0.56223863
v 0.39632207 -0.36507225 0.54424733
v 0.39520186 -0.32250223 -0.60592133
v 0.38982469 -0.34507677 0.50379413
v 0.39413086 -0.35159045 -0.54348528
v 0.39949533 -0.32481739 0.56765658
v 0.39366096 0.19913873 0.04372961
v 0.40884045 0.20106721 0.18139341
v 0.40921018 0.22936732 0.03836639
v 0.41878679 0.20084167 0.17075007
v 0.39010566 0.21343549 0.1535438
v 0.39643291 0.23069397 -0.22804934
v 0.40675992 0.22496575 -0.21747781
v 0.40069082 0.21859124 0.14321458
v 0.41421112 0.22614001 0.2402357
v 0.38593596 0.24824715 -0.37917709
v 0.40552959 0.24692316 0.21208677
v 0.3962445 0.250438 0.24206474
v 0.39108959 0.25529289 0.34202093
v 0.39454594 0.25967434 -0.38535699
v 0.40068746 0.24738032 -0.29677898
v 0.39271528 0.25717449 0.21202908
v 0.41231501 0.25491998 -0.27257425
v 0.4073354 0.26811317 0.21660164
v 0.41108909 0.27446598 -0.27468199
v 0.40700713 0.28716928 0.23559713
v 0.3874875 0.28446418 0.27204338
v 0.3913081 0.30371919 0.25356779
v 0.39812434 0.33108687 0.25602767
v 0.37306064 0.30813912 0.25573918
v 0.41272154 0.31531453 0.29777527
v 0.38623741 0.3331295 -0.47529617
v 0.40613171 0.31516829 -0.43302247
v 0.38564697 0.33021641 0.26537335
v 0.39927995 0.32583866 0.27874318
v 0.40473643 0.33563206 0.33461797
v 0.40672368 0.36407682 -0.36063147
v 0.38912988 0.34208068 -0.35704559
v 0.38991463 0.37225172 -0.35549587
v 0.38906616 0.3733463 -0.35211751
v 0.39926472 0.37427735 -0.32570773
v 0.39321747 0.43394074 0.37035233
v 0.39505628 0.42455703 -0.40060535
v 0.39579502 0.44240406 0.31235236
v 0.40963733 0.46271378 -0.41891989
v 0.40039667 0.48305878 0.39929202
v 0.40545368 0.51954913 0.38610536
v 0.41145113 0.52275902 0.31041735
v 0.40572926 0.53529555 0.29306629
v 0.40978006 0.56851101 0.34088346
v 0.39675826 0.57180339 -0.46150109
v 0.39524132 0.58410859 0.42558661
v 0.40113971 0.59449106 -0.31827936
v 0.39330348 0.61375612 -0.48624218
v 0.41025433 0.60399473 -0.32739854
v 0.38658842 0.66196424 -0.31003585
v 0.4013088 0.65194136 -0.25953695
v 0.39527199 0.67597139 -0.45751637
v 0.39904103 0.67348218 -0.3175475
v 0.39294416 0.68687618 -0.3088468
v 0.3990564 0.69753689 -0.45207834
v 0.38930258 0.68750572 -0.24780284
v 0.37403762 0.69481295 -0.23090407
v 0.40419394 0.68627536 -0.23572204
v 0.39909512 0.68817174 0.21007028
v 0.39995122 0.69793177 0.18433958
v 0.40209699 0.71330667 -0.22848967
v 0.41370922 0.74171692 0.17361017
v 0.40031233 0.73600465 -0.182514
v 0.38775715 0.72911298 0.13915357
v 0.39253423 0.74864453 0.14812273
v 0.40062556 0.73231649 0.12107229
v 0.39139917 0.75865215 0.04300396
v 0.40058804 0.7530297 0.07852388
v 0.39803931 0.84100276 0.27003062
v 0.40485078 0.85757357 -0.31061989
v 0.39751428 -0.474884 0.51194942
v 0.40071559 -0.47616503 0.51975095
v 0.39917135 -0.44274962 0.49251086
v 0.39949352 -0.41781783 0.56524682
v 0.40347981 -0.41554171 0.48810542
v 0.40691507 -0.3790516 0.57915789
v 0.40502036 -0.38141641 0.48890403
v 0.393976 -0.3712081 0.51209855
v 0.40580058 -0.35060915 0.56800139
v 0.39975417 -0.37720159 0.55655468
v 0.40763071 -0.3508828 0.51447517
v 0.39632469 -0.36520168 -0.58862913
v 0.39608642 -0.33973616 -0.55705065
v 0.42815164 0.19190797 0.08427173
v 0.40416417 0.20144236 -0.0713333
v 0.39903295 0.2086889 -0.20050694
v 0.40473405 0.21686167 -0.05589424
v 0.41916275 0.22104292 0.00037167
v 0.39985439 0.20486586 0.1417826
v 0.40474704 0.20861863 -0.23872487
v 0.41155896 0.22071339 -0.30377311
v 0.41868469 0.23196775 -0.26338786
v 0.39387208 0.25357461 -0.21295062
v 0.42133871 0.2477708 0.15674675
v 0.406939 0.23989999 0.17812599
v 0.40152445 0.24610262 -0.39039677
v 0.4184404 0.24472192 -0.33497208
v 0.40265882 0.24980962 -0.24729434
v 0.40974912 0.25038829 0.35655808
v 0.39327455 0.25489652 -0.39009145
v 0.41491294 0.28936344 -0.29543969
v 0.4276993 0.30537191 -0.31336117
v 0.40997297 0.31196484 -0.31783074
v 0.40689895 0.30736578 -0.44010907
v 0.3986752 0.32770291 -0.31155863
v 0.41618365 0.32251522 0.25563353
v 0.4154475 0.34020063 0.31032509
v 0.41306883 0.32691017 0.29076734
v 0.40671325 0.34178597 -0.45875648
v 0.39500502 0.36106682 -0.32249784
v 0.40665537 0.34239286 0.32413366
v 0.3931106 0.35289791 -0.48045871
v 0.39184237 0.35163885 -0.4931531
v 0.39880794 0.37611672 -0.49689192
v 0.40440074 0.37264901 -0.33670089
v 0.4119935 0.39385772 0.32297435
v 0.40813497 0.40191153 -0.35200754
v 0.40741217 0.43688539 -0.41470224
v 0.39552119 0.43633309 0.38405177
v 0.40191206 0.44835302 -0.44742447
v 0.41247529 0.4754779 0.40018022
v 0.41254354 0.48823199 0.34907889
v 0.40978658 0.48341125 0.36586142
v 0.40711555 0.48378888 0.38864073
v 0.39896491 0.50439858 0.29275587
v 0.39655349 0.49775469 0.38930351
v 0.41193691 0.51609683 -0.33032688
v 0.40207183 0.50083888 0.3938376
v 0.40654483 0.52922648 -0.34590086
v 0.42338249 0.55138117 0.37827176
v 0.41073453 0.56789917 0.38384986
v 0.41808632 0.56830877 0.39477479
v 0.40735146 0.59782314 -0.47010207
v 0.4110916 0.59735614 0.42741778
v 0.42413563 0.59675592 -0.49674183
v 0.42558053 0.61637551 -0.49957627
v 0.40036952 0.59585273 0.28402987
v 0.40986067 0.58304328 0.26483402
v 0.40250677 0.61041838 0.29319254
v 0.40436986 0.63073057 0.28624538
v 0.42126623 0.62620878 -0.3221606
v 0.40898132 0.64665592 0.25719428
v 0.403882 0.66592181 -0.31091461
v 0.39603895 0.65936869 -0.28428265
v 0.39779779 0.67152238 -0.2980043
v 0.40363842 0.68530214 0.19435626
v 0.41346315 0.6792888 0.25648284
v 0.43962809 0.73205447 -0.12446442
v 0.40197304 0.7331295 0.13318115
v 0.41290653 0.76351839 -0.17257994
v 0.41935918 0.74617642 -0.09991629
v 0.41227582 0.74940878 -0.03989302
v 0.41571012 0.77008599 -0.1822684
v 0.40154526 0.79039425 0.02166668
v 0.38971066 0.80899316 -0.00577618
v 0.39778143 0.78518432 -0.02930049
v 0.39552137 0.80696034 -0.04636757
v 0.39623216 0.8108843 0.01557336
v 0.39939588 0.84641558 -0.03209144
v 0.39852035 0.83949071 -0.00156656
v 0.40005827 0.85124558 0.26200807
v 0.40347046 -0.44327837 -0.54531044
v 0.40405422 -0.44336572 0.5021612
v 0.4048335 -0.42766115 0.51906419
v 0.40003172 -0.39841536 -0.59990764
v 0.40705332 -0.38967818 -0.61323655
v 0.4006789 -0.39511392 0.52231908
v 0.4026365 -0.38348061 -0.56972724
v 0.40182444 -0.38575152 0.53579879
v 0.40586478 -0.35364282 -0.6005463
v 0.40611508 -0.36363125 -0.57845861
v 0.40591413 -0.33514893 -0.55977935
v 0.41232932 -0.34386984 -0.55293584
v 0.40929186 -0.35768515 0.53486866
v 0.42656648 0.21070613 -0.18430021
v 0.42624992 0.21734032 -0.16209254
v 0.40975764 0.22707209 0.04654164
v 0.40641195 0.21780792 -0.20083016
v 0.42251587 0.22266001 0.22154322
v 0.41323376 0.2345017 -0.36354169
v 0.40873966 0.22901785 0.28714758
v 0.42456639 0.23254167 -0.20226862
v 0.41270933 0.25591704 -0.19888848
v 0.43085599 0.24783175 0.22109005
v 0.42076463 0.25942075 -0.40570012
v 0.40899321 0.26641026 -0.39072123
v 0.41591313 0.25609273 0.19660978
v 0.42845491 0.25255606 0.31919923
v 0.40443787 0.26556495 -0.40543398
v 0.40894189 0.26195434 -0.26159313
v 0.40870923 0.27387545 0.37133113
v 0.41310418 0.29302466 0.2505382
v 0.40613723 0.29081309 0.26390877
v 0.41536924 0.31027272 0.27204517
v 0.41326356 0.34405366 -0.48382199
v 0.41530794 0.34924924 -0.29839304
v 0.40499294 0.33793792 0.27803421
v 0.40495172 0.35527399 0.44882637
v 0.39664298 0.33291334 0.42626202
v 0.40140915 0.32125145 0.42129743
v 0.40740567 0.35327941 -0.32500383
v 0.40950513 0.35946178 0.26441744
v 0.41774142 0.37994853 0.32078919
v 0.40432906 0.37244403 -0.50853509
v 0.40600368 0.38808742 -0.50852597
v 0.40538314 0.39391464 0.31094706
v 0.41643369 0.41163498 0.30479231
v 0.40948793 0.45942944 0.38546872
v 0.40849248 0.45298159 -0.41561362
v 0.41120464 0.47179359 -0.43154499
v 0.4314926 0.47438666 -0.38031158
v 0.40783986 0.4941403 -0.41588426
v 0.41972846 0.51489168 0.36982223
v 0.40478599 0.49910507 0.38917086
v 0.41524911 0.5101977 -0.33365509
v 0.41707656 0.54116935 -0.43288782
v 0.41925937 0.56133842 -0.42485136
v 0.42503422 0.57612628 -0.47864652
v 0.41828012 0.56328344 -0.33055189
v 0.42004794 0.55028802 0.30812016
v 0.42379791 0.57505739 0.31016752
v 0.40766999 0.58239907 0.29184934
v 0.40766037 0.60837203 0.39477068
v 0.41946685 0.61825228 0.42485559
v 0.41223246 0.63054824 0.40698192
v 0.41215819 0.6136058 -0.30022532
v 0.41343567 0.64435446 0.31066322
v 0.41527531 0.64912444 -0.27180201
v 0.37998909 0.64738423 0.23115262
v 0.42111096 0.64846784 0.22513175
v 0.42823896 0.65086967 0.21134117
v 0.4189803 0.65804595 0.23898531
v 0.4054442 0.65731382 0.28142434
v 0.41297725 0.66111737 0.20873654
v 0.40341076 0.66677231 0.23156832
v 0.40635741 0.68764681 -0.30247706
v 0.41023511 0.69543624 -0.44568649
v 0.41714826 0.69917184 -0.31300282
v 0.41011113 0.71297097 -0.43050697
v 0.41878316 0.72382951 -0.2187999
v 0.42101726 0.73163706 0.11362234
v 0.39619005 0.74798614 0.13894591
v 0.43714646 0.73131227 0.08738658
v 0.40263376 0.75670224 0.14185047
v 0.41381347 0.75884014 0.12603363
v 0.41209954 0.84064579 -0.05955195
v 0.41885135 0.82516509 0.03105451
v 0.45889363 0.19384354 0.06936137
v 0.43242118 0.1888999 0.17056155
v 0.43416166 0.19277182 0.19351986
v 0.42687061 0.20429881 -0.23961645
v 0.43402755 0.21200885 -0.22905061
v 0.44164228 0.21274988 -0.08535699
v 0.42650849 0.21703902 0.04951808
v 0.42898145 0.22423527 -0.04890406
v 0.42858154 0.22762007 -0.23413648
v 0.42940617 0.22825965 0.20115136
v 0.42086515 0.24109653 -0.25354221
v 0.41740829 0.23530199 -0.11701917
v 0.40466768 0.24365546 -0.10067939
v 0.41355747 0.22759357 -0.10068306
v 0.42299423 0.24489434 -0.08465496
v 0.41329351 0.24032862 0.06692013
v 0.42581314 0.25084135 0.05476392
v 0.44280463 0.25571588 -0.30809179
v 0.42435122 0.26336521 -0.21862954
v 0.43051362 0.25065413 0.27594921
v 0.42566323 0.26298887 -0.24370976
v 0.42285174 0.27614528 -0.41830125
v 0.42046502 0.28552863 -0.41369316
v 0.42923972 0.29025334 0.19753779
v 0.4196122 0.28878418 0.20885636
v 0.41098458 0.27969855 0.36161143
v 0.43773594 0.26729405 0.33518177
v 0.42370465 0.29166362 -0.2854929
v 0.44416472 0.28421795 0.21737359
v 0.41581026 0.30966994 0.3929894
v 0.42080435 0.31091812 0.40834183
v 0.42430222 0.31895453 0.2669349
v 0.41775751 0.32049477 0.27901062
v 0.41798726 0.33880314 -0.46069548
v 0.41667071 0.33205256 -0.30590591
v 0.41419291 0.31519377 0.40509045
v 0.42351374 0.34042215 -0.32519692
v 0.41527393 0.35464916 0.45674548
v 0.42042702 0.35312772 0.25341511
v 0.42036697 0.34335929 0.2972278
v 0.42188859 0.36076489 -0.47147346
v 0.41927311 0.36303225 0.28031757
v 0.44291052 0.37955114 0.43859214
v 0.42930585 0.36194703 -0.35446548
v 0.41628274 0.38352734 0.46089435
v 0.42473885 0.38716316 -0.33162108
v 0.4430061 0.41904148 -0.51724881
v 0.42522207 0.41139469 -0.51131803
v 0.42161348 0.42678198 0.30509108
v 0.41544381 0.45785525 -0.43632331
v 0.43253881 0.46508592 0.31417131
v 0.42413673 0.45331597 -0.36224172
v 0.42139891 0.48706061 0.33745918
v 0.41622913 0.49155936 -0.44315502
v 0.42174342 0.48032385 -0.44853783
v 0.41383341 0.48272619 0.39096996
v 0.41496736 0.49921891 0.40745491
v 0.42247054 0.50038618 0.39751559
v 0.41961172 0.52554739 0.29476938
v 0.42074075 0.55444884 -0.36837584
v 0.42000145 0.54577577 0.28753972
v 0.42061779 0.54750293 0.35207605
v 0.44547224 0.59090406 -0.32453331
v 0.42200005 0.57986325 0.41339284
v 0.41728389 0.59906244 -0.30849281
v 0.42275485 0.62766355 -0.48712674
v 0.43046033 0.63123375 0.29128909
v 0.43295082 0.63736969 0.30349487
v 0.43400437 0.6513049 -0.31058815
v 0.42221928 0.65461147 0.25959554
v 0.42831555 0.64760089 -0.24224663
v 0.43349203 0.65291286 -0.24716091
v 0.42159188 0.65903306 0.29382172
v 0.41723073 0.68175304 -0.27292863
v 0.42003796 0.67968148 0.27141908
v 0.41254413 0.67221546 0.20759159
v 0.42138118 0.68023711 -0.29159951
v 0.42406908 0.70953763 0.16558698
v 0.42948902 0.70575845 0.21527904
v 0.41341132 0.71465552 -0.44237688
v 0.43317971 0.7069394 0.20074467
v 0.41577789 0.72304738 -0.42356274
v 0.43220842 0.72772831 -0.17032844
v 0.43619379 0.73886663 0.15085909
v 0.43255275 0.77022171 -0.18474254
v 0.42613253 0.74771547 -0.01017284
v 0.42309508 0.76536638 0.13367188
v 0.42886648 0.75084829 -0.01581359
v 0.4212462 0.79397935 -0.07433704
v 0.41802803 0.76946241 -0.05121858
v 0.41492307 0.79963273 0.03451312
v 0.42358413 0.84362221 0.02430888
v 0.42291281 0.86007738 0.01168651
v 0.41698095 0.86649382 -0.02551745
v 0.44985163 0.19620211 -0.12348848
v 0.43502507 0.19275734 -0.10793114
v 0.4528684 0.19951147 0.05958415
v 0.44867107 0.21663721 0.11324846
v 0.43467665 0.21437049 -0.14625062
v 0.42369276 0.23723678 -0.33129117
v 0.43869066 0.25324294 -0.36342019
v 0.42902243 0.24557869 -0.34890395
v 0.42824361 0.23485446 0.07593782
v 0.42305005 0.24028026 0.08037049
v 0.44175059 0.22990355 0.15158732
v 0.42332348 0.24592358 -0.32031041
v 0.43014726 0.25587189 -0.1169688
v 0.42232922 0.25734842 -0.36111206
v 0.44153956 0.26698092 -0.09029868
v 0.44950992 0.26270464 0.15574837
v 0.42879343 0.26936933 0.37066156
v 0.43795657 0.28998044 -0.40421736
v 0.40937659 0.30053803 0.21793659
v 0.42295271 0.30628651 0.24070051
v 0.42483887 0.32138184 0.22497034
v 0.42961755 0.30761105 0.26777941
v 0.43568605 0.32621312 -0.32386935
v 0.4286446 0.34149009 -0.33628032
v 0.42327106 0.33675355 -0.28995174
v 0.43538952 0.32962653 -0.29654449
v 0.43009269 0.33872339 0.27199858
v 0.42680395 0.35197094 -0.47507757
v 0.43545598 0.31492531 0.41038316
v 0.42538786 0.33474916 0.25673053
v 0.44198874 0.39803258 -0.50709462
v 0.43203604 0.39359313 -0.48946539
v 0.43010509 0.38287151 -0.3285149
v 0.42813239 0.38053018 -0.31861553
v 0.42832053 0.37775731 0.27072114
v 0.42416319 0.38490659 0.46796918
v 0.42598227 0.38763005 -0.35768464
v 0.42342752 0.40293515 -0.35405973
v 0.4265627 0.40306512 0.29958943
v 0.43071935 0.48878297 -0.43984526
v 0.42354497 0.50775921 -0.32685009
v 0.4368937 0.52449065 0.30061954
v 0.44035542 0.55119258 0.380476
v 0.42518649 0.56847626 0.29849982
v 0.44121167 0.57473487 0.32710084
v 0.42436579 0.59915072 -0.46789688
v 0.42509109 0.61176312 0.39244583
v 0.43612236 0.63929892 0.39493653
v 0.43391821 0.61616755 0.26186764
v 0.42663857 0.66299516 0.24568909
v 0.43795294 0.67199093 -0.25754258
v 0.42120767 0.67820233 0.19181567
v 0.44528404 0.66029286 -0.23134014
v 0.42639846 0.68942827 0.19993269
v 0.43021169 0.70140058 -0.21265028
v 0.44094831 0.69488347 0.23649165
v 0.42079541 0.71829462 -0.43561298
v 0.42275015 0.72011447 -0.42689455
v 0.421058 0.73182642 -0.42615896
v 0.42092529 0.73632652 -0.41543919
v 0.43699637 0.7351867 -0.16739316
v 0.43587911 0.73916805 0.11435797
v 0.43472615 0.74254757 -0.19868715
v 0.42228276 0.74406153 -0.02588457
v 0.43688783 0.74968755 0.00798774
v 0.43753177 0.2180509 -0.24756186
v 0.45172411 0.22261526 0.14429416
v 0.45090693 0.23902465 -0.31486019
v 0.44198281 0.23063551 0.18663672
v 0.44549292 0.23782778 0.23713104
v 0.42893103 0.23353235 -0.25793213
v 0.43041229 0.23973686 -0.24439926
v 0.45363113 0.24623848 0.02659178
v 0.45128536 0.24319679 0.1822437
v 0.42182675 0.23998365 0.29810265
v 0.42379686 0.25266069 0.18466602
v 0.4427754 0.24814382 0.28807777
v 0.43771416 0.25337875 0.33394861
v 0.45490006 0.26332349 -0.37643015
v 0.44377515 0.25048986 -0.26674595
v 0.43495464 0.2601577 -0.19309436
v 0.45013258 0.25388375 -0.07259896
v 0.44677168 0.27453148 0.08456893
v 0.43069226 0.25022206 0.19216342
v 0.44681257 0.24785466 0.23309882
v 0.45066753 0.25478947 0.26064095
v 0.44026512 0.26974279 -0.36997277
v 0.43128353 0.27942333 -0.26388642
v 0.42035493 0.29649168 -0.25881889
v 0.41407222 0.29369926 -0.24523506
v 0.43763644 0.28790045 -0.25875381
v 0.43241793 0.29574984 -0.24170884
v 0.42180002 0.30035633 0.21120678
v 0.44947174 0.30690724 -0.29772916
v 0.4348948 0.31223691 -0.2556186
v 0.43473837 0.31437254 0.21242335
v 0.4187164 0.32169056 -0.28388524
v 0.43332592 0.30576968 -0.27930662
v 0.43674228 0.31473488 -0.26977387
v 0.42353663 0.34102234 0.24136056
v 0.43039179 0.3363277 -0.31614852
v 0.44352847 0.34641027 0.27721649
v 0.437222 0.33743951 0.4101046
v 0.43068156 0.33251664 -0.32612503
v 0.42856312 0.35200325 0.24135222
v 0.43381801 0.33224279 0.25094408
v 0.44800958 0.36310917 -0.32626432
v 0.45223635 0.37196231 0.25431517
v 0.44817433 0.37367952 0.30249888
v 0.43988755 0.37902802 -0.48645604
v 0.43994948 0.37147805 0.45758468
v 0.43443 0.41489682 0.32955733
v 0.42836577 0.39685267 0.45980546
v 0.43394575 0.41531998 0.46771327
v 0.44970158 0.4199456 0.45617664
v 0.44169816 0.41976714 -0.49910444
v 0.44105497 0.40886572 0.47261152
v 0.42700514 0.4192217 0.30888718
v 0.41725978 0.42249507 0.32580116
v 0.44171128 0.43972203 0.3070997
v 0.43927416 0.5171476 -0.40030345
v 0.44187033 0.51215005 0.33011964
v 0.44872397 0.54340106 -0.30570427
v 0.43575171 0.52791494 -0.41613668
v 0.42947304 0.52921736 0.28200263
v 0.43751344 0.52524823 0.29071212
v 0.43161151 0.59167063 0.25994709
v 0.43269959 0.59131032 0.28529823
v 0.44711411 0.57690549 0.31799158
v 0.44506821 0.61530209 0.40874401
v 0.44036299 0.62046653 0.42285451
v 0.43587184 0.60762048 -0.28913516
v 0.45026746 0.59748822 -0.30075449
v 0.44356841 0.63889718 -0.29250562
v 0.44687772 0.65021169 0.21566793
v 0.43307281 0.65461022 0.24829108
v 0.43734339 0.67696124 0.23504247
v 0.43105012 0.68393242 -0.2585597
v 0.43785745 0.6815359 0.26001468
v 0.42816749 0.69595408 -0.26412192
v 0.43330243 0.71170104 -0.19889843
v 0.42966723 0.73351836 -0.41607952
v 0.42876074 0.74367309 -0.41843051
v 0.4375405 0.71505767 0.11245846
v 0.43459281 0.75005299 -0.40692493
v 0.43930119 0.73629218 -0.03930244
v 0.44368923 0.74200237 -0.05719132
v 0.44509384 0.74246836 0.00599928
v 0.43825439 0.77710402 -0.15455833
v 0.44533867 0.76431161 0.09944533
v 0.43567187 0.75844347 0.10625888
v 0.45577741 0.75196451 0.0307192
v 0.44884038 0.75294769 -0.06369478
v 0.43680385 0.79137063 -0.07791433
v 0.44269365 0.85449493 -0.06416937
v 0.44047657 0.8357355 0.02557828
v 0.4471797 0.19793569 0.18441071
v 0.46328297 0.21087487 0.05964717
v 0.47294351 0.19895375 0.07744921
v 0.45700121 0.227226 -0.18391214
v 0.4446207 0.2271395 -0.03564312
v 0.44248787 0.21860862 -0.2441096
v 0.4686203 0.22311278 -0.10285216
v 0.47127482 0.22983047 -0.11580683
v 0.43689206 0.232526 0.04592262
v 0.46057588 0.23690717 0.27076194
v 0.46897814 0.23999758 -0.08322999
v 0.46615613 0.24313253 0.06594063
v 0.45056614 0.23972964 0.290452
v 0.43760955 0.26136783 0.05810014
v 0.46513867 0.25875801 -0.2807194
v 0.44454929 0.24462622 -0.20440671
v 0.45850149 0.26041862 0.14700411
v 0.45014077 0.27081996 -0.20440911
v 0.42953297 0.27408081 -0.17829388
v 0.43905169 0.2590422 -0.17988437
v 0.43920413 0.26937819 0.19329754
v 0.44087094 0.26842284 0.35653946
v 0.45445657 0.27278301 -0.24074255
v 0.44266203 0.28726968 -0.14986494
v 0.42485717 0.29587588 -0.18947026
v 0.4320249 0.29535073 -0.27125126
v 0.4474321 0.28197077 -0.19100587
v 0.43533236 0.30166748 -0.20235415
v 0.44480905 0.31583661 0.38182598
v 0.44007003 0.31968987 -0.19859083
v 0.45103574 0.31286713 0.25843057
v 0.44848421 0.31287172 -0.21258691
v 0.4523854 0.332057 0.2732662
v 0.43861413 0.34926975 -0.33309406
v 0.44521299 0.35589251 0.28698066
v 0.45023718 0.37330669 -0.33225319
v 0.44547307 0.37778205 0.28403282
v 0.45401987 0.39111111 0.45881665
v 0.44358972 0.39337969 0.2690953
v 0.44888687 0.4030239 -0.36758724
v 0.43613374 0.41107866 0.29671925
v 0.45295286 0.40084618 0.44747368
v 0.44624248 0.40563425 0.29665142
v 0.43895143 0.43427256 -0.51730698
v 0.45157284 0.45890602 -0.50693566
v 0.44721261 0.41725224 -0.35354599
v 0.44363976 0.43928191 0.32521629
v 0.44110489 0.50088465 -0.37091151
v 0.43700203 0.51648164 0.25954798
v 0.42861965 0.5165416 0.27017686
v 0.43510816 0.50189906 0.26451594
v 0.43623739 0.51573807 0.28115559
v 0.44731742 0.51175898 -0.31329241
v 0.4527663 0.53812379 0.35990185
v 0.44464305 0.53526682 0.27123788
v 0.45543227 0.5377965 0.3097713
v 0.45411533 0.55391306 -0.42674589
v 0.45226955 0.54967511 -0.34109306
v 0.44414446 0.55810338 0.27578762
v 0.43830511 0.56792951 0.3070395
v 0.45768043 0.55561948 0.33905274
v 0.44471067 0.56252855 0.37276509
v 0.4490681 0.56229603 -0.42040962
v 0.44168475 0.57399917 0.29224613
v 0.45088091 0.62731999 -0.48941836
v 0.44077393 0.61146671 -0.47296998
v 0.44930518 0.6384331 -0.47315955
v 0.4412407 0.64147294 -0.49184358
v 0.44283125 0.63087964 0.39423028
v 0.44544086 0.66565585 0.23099419
v 0.44018105 0.66124868 0.27626464
v 0.44077933 0.66457671 0.2415459
v 0.44215316 0.67652559 0.25088498
v 0.44034448 0.66061664 -0.30108342
v 0.43298838 0.69915259 -0.25008696
v 0.44561741 0.70574474 -0.26714075
v 0.44029492 0.71354324 -0.24441043
v 0.4457303 0.71740007 0.13795498
v 0.4405877 0.7273078 -0.1602335
v 0.44358769 0.73279023 -0.14943537
v 0.45238498 0.72405887 0.08297016
v 0.45269138 0.73264092 -0.08556665
v 0.4400104 0.7421338 -0.01269408
v 0.44203055 0.76851141 0.12323231
v 0.44613576 0.75363892 -0.15146385
v 0.43594167 0.7514292 -0.03616029
v 0.43679255 0.80787075 0.02946341
v 0.45611075 0.86269379 0.01949804
v 0.45593846 0.87718558 -0.05048893
v 0.46500787 0.88816816 0.00051248
v 0.47399449 0.22219115 -0.05673954
v 0.45521054 0.23622239 -0.22548783
v 0.44653434 0.23921688 -0.26976162
v 0.4637765 0.23996654 -0.20733206
v 0.44486067 0.23508897 -0.05492621
v 0.49015054 0.2426099 -0.01585328
v 0.46338758 0.24046646 0.22671993
v 0.45855239 0.23840812 -0.29599515
v 0.47637388 0.24324346 0.06217848
v 0.45794183 0.24788818 -0.31917629
v 0.4444311 0.25263792 -0.12044212
v 0.46224752 0.25922906 -0.18147674
v 0.45596474 0.28054059 -0.40405381
v 0.44928938 0.26790154 -0.36329135
v 0.43525848 0.26461372 -0.12024269
v 0.43968049 0.27599904 -0.13041435
v 0.46315476 0.26480326 -0.13243796
v 0.44414356 0.27028733 0.34274027
v 0.44461182 0.27067199 0.35197911
v 0.45160517 0.27891016 -0.15206714
v 0.4516618 0.28496343 -0.02230939
v 0.44505173 0.27215582 -0.01065056
v 0.45375136 0.27224344 -0.02886067
v 0.4444302 0.27695993 0.34725523
v 0.45018274 0.28464648 0.36647063
v 0.45452631 0.28974211 -0.24758366
v 0.4547585 0.29627979 -0.41267473
v 0.44599369 0.30167904 -0.16587026
v 0.45736453 0.30559197 -0.24895045
v 0.46030009 0.32347041 -0.29111102
v 0.44261283 0.33564484 -0.2241731
v 0.45124 0.31139895 0.39273512
v 0.44712585 0.33734277 0.41848749
v 0.45386615 0.34150088 -0.33003777
v 0.45594069 0.35418919 0.39793915
v 0.4607195 0.33452094 0.25879195
v 0.45907184 0.33175129 -0.27462766
v 0.45810464 0.35909942 -0.29398665
v 0.44752613 0.34402218 0.41174662
v 0.44587094 0.34986493 0.41925555
v 0.47035471 0.38277227 -0.31864589
v 0.44716594 0.37196252 0.18396026
v 0.43908 0.37484649 0.17416248
v 0.43982574 0.39095569 0.1889877
v 0.45805028 0.38724387 -0.34136885
v 0.45526713 0.38141248 0.16664529
v 0.46064416 0.40429983 0.18188392
v 0.44862705 0.40753964 -0.49617723
v 0.45069036 0.42879602 -0.49926069
v 0.45012522 0.41602957 0.29287204
v 0.45194077 0.43883103 0.47542438
v 0.44488722 0.44319141 0.46771067
v 0.45787856 0.49796546 0.33199504
v 0.457744 0.50736171 0.26692384
v 0.44677249 0.51785141 -0.3296085
v 0.44487441 0.55250669 -0.37012717
v 0.46736404 0.56030422 -0.32020238
v 0.45481363 0.57400447 -0.32877716
v 0.46459934 0.59151942 -0.31593373
v 0.44803178 0.59721494 0.28038219
v 0.46176773 0.6355921 -0.28969461
v 0.44991156 0.64691746 0.41696146
v 0.46537131 0.66554856 0.40636325
v 0.45589617 0.65328819 0.20187108
v 0.44915497 0.68936598 -0.28158772
v 0.44889072 0.66765571 0.24407648
v 0.45034927 0.67986405 -0.26631325
v 0.4530353 0.70703477 -0.24258614
v 0.44496283 0.69699681 0.14968561
v 0.44900757 0.70090884 0.21309707
v 0.47333482 0.70650482 -0.16074039
v 0.4519079 0.72949791 0.12178732
v 0.45533663 0.73618233 0.02527858
v 0.45451939 0.74181682 0.08523139
v 0.45942804 0.72962499 0.11247817
v 0.44125897 0.74299109 -0.13219367
v 0.44485521 0.76205885 -0.11884335
v 0.46100453 0.74692154 -0.10529106
v 0.45146891 0.75808269 -0.16906402
v 0.46781906 0.75688189 -0.07065552
v 0.45144317 0.82182014 -0.06448939
v 0.47772756 0.20734388 -0.11646919
v 0.46480957 0.2228522 -0.24169491
v 0.47862265 0.23082617 -0.26197276
v 0.46734169 0.24594733 -0.2298626
v 0.4534615 0.24393322 -0.07189537
v 0.46066162 0.25178963 -0.05581297
v 0.46046707 0.24820575 0.25438175
v 0.46257344 0.2523582 0.30937165
v 0.49095306 0.25382009 -0.26089844
v 0.45507756 0.26504827 0.08911318
v 0.46587589 0.25719091 0.18743792
v 0.4598324 0.2581434 0.22410569
v 0.46251363 0.2637848 0.28087774
v 0.45827395 0.28038958 -0.10490105
v 0.45499352 0.26104468 -0.01969634
v 0.45842978 0.27864361 0.101734
v 0.46570092 0.27580127 0.17375584
v 0.47307891 0.27916399 -0.35995224
v 0.45423767 0.28736091 -0.13299863
v 0.46545455 0.29655403 -0.01120629
v 0.45073152 0.2718448 0.13241324
v 0.44819269 0.28111166 0.11843644
v 0.44653931 0.28632328 0.14357744
v 0.4529295 0.29898983 0.11255687
v 0.45794865 0.2866554 0.09499761
v 0.45124918 0.2966117 0.12232011
v 0.48382592 0.3183983 0.14076193
v 0.45046672 0.31070343 0.15605113
v 0.46578261 0.30555949 0.18075798
v 0.4656128 0.3258571 -0.30438271
v 0.46948013 0.32999843 -0.17223763
v 0.45686969 0.33985552 -0.23380509
v 0.46065876 0.34430003 0.39950693
v 0.45181045 0.37012357 0.43996513
v 0.46298733 0.36586845 -0.32928389
v 0.46179903 0.35906863 0.1682851
v 0.46139899 0.38798815 0.2963779
v 0.4704521 0.3927626 0.25626561
v 0.46212655 0.3955411 0.31086007
v 0.45817441 0.41146168 0.46251348
v 0.45544139 0.44410986 -0.51457185
v 0.4744643 0.43071699 -0.36827615
v 0.4626224 0.44021827 0.32169041
v 0.45728645 0.43668577 0.46284252
v 0.46290743 0.43412286 -0.35051709
v 0.46184105 0.45638797 0.30662096
v 0.45461059 0.46673527 0.46907651
v 0.4676984 0.46201217 -0.34647378
v 0.48348489 0.47354126 0.29960814
v 0.4520328 0.49889874 -0.36863101
v 0.45328113 0.50986081 -0.36620829
v 0.46109104 0.52146202 0.33077854
v 0.45535088 0.52284104 -0.37704727
v 0.4653379 0.51953351 0.25814679
v 0.46015427 0.53188086 0.27639723
v 0.46443439 0.54692376 0.29365441
v 0.47592348 0.55593306 -0.41797048
v 0.45940346 0.55740571 0.37839597
v 0.46698073 0.54820675 -0.34144256
v 0.46741328 0.54990488 0.31791219
v 0.46265262 0.5803166 -0.2950201
v 0.47299019 0.65701616 -0.4779754
v 0.46600297 0.6319055 0.26197284
v 0.46109018 0.6513086 -0.49039015
v 0.46704412 0.66702586 -0.47111726
v 0.45645916 0.65865308 -0.28424254
v 0.45600477 0.64811605 -0.23367542
v 0.46699485 0.65702486 -0.22185126
v 0.45929965 0.65291595 0.20866382
v 0.47641969 0.67410308 -0.24049418
v 0.45580229 0.66869813 -0.26933697
v 0.45872882 0.69935167 -0.25791341
v 0.46185315 0.69147605 0.14961269
v 0.45115456 0.71648008 0.12190866
v 0.45459837 0.71455628 -0.25234568
v 0.45726198 0.72383851 0.09618615
v 0.46943039 0.70640278 -0.03016823
v 0.45368442 0.73841041 -0.15543488
v 0.45918402 0.72221059 -0.11956431
v 0.45340639 0.74407762 0.12598859
v 0.45235577 0.73874527 -0.04138563
v 0.4613336 0.73237568 -0.06641048
v 0.45818457 0.74397308 -0.14922546
v 0.47005269 0.74862468 0.03487571
v 0.4594557 0.75842237 0.07485888
v 0.4527418 0.76739407 -0.12505312
v 0.46250576 0.75972676 0.10335375
v 0.46784577 0.76407677 0.02802276
v 0.4727211 0.89070052 -0.03032594
v 0.4752526 0.19241144 0.05336907
v 0.43043563 0.19378039 0.04688966
v 0.44786435 0.18739915 0.04070171
v 0.46837345 0.20166925 0.04960492
v 0.48207885 0.21775432 -0.13437402
v 0.47601768 0.21649493 0.09310798
v 0.46603549 0.2160698 -0.09745991
v 0.49257275 0.21723662 -0.06967304
v 0.48581368 0.22602776 -0.10951467
v 0.48411295 0.23042545 0.14860013
v 0.49987373 0.25798649 0.0168881
v 0.48196089 0.23943309 0.20145483
v 0.46954131 0.24887581 -0.27247983
v 0.48520333 0.24785565 -0.11765115
v 0.46546826 0.26759565 -0.35683876
v 0.47460434 0.26929331 -0.32016793
v 0.46576917 0.26818484 0.03539881
v 0.46742076 0.27893186 0.15497118
v 0.46966499 0.27356929 -0.00824928
v 0.45591846 0.26954249 0.32289779
v 0.45980546 0.27083978 0.3344242
v 0.45948678 0.27882093 0.33417165
v 0.46447578 0.2897346 -0.23179995
v 0.47236106 0.28692281 -0.20006098
v 0.47277069 0.28829935 0.06619824
v 0.46501738 0.29537106 -0.38914976
v 0.46682277 0.29700452 -0.11495882
v 0.47317362 0.29016787 -0.0268458
v 0.47585413 0.28794113 0.17141959
v 0.46655706 0.2993347 -0.41401225
v 0.46773288 0.29618078 -0.02541202
v 0.46451008 0.30747351 -0.40890142
v 0.46577933 0.30976918 -0.20056824
v 0.48013842 0.34155461 0.21736041
v 0.46619886 0.33236498 -0.29539138
v 0.47098374 0.35025787 -0.31043983
v 0.47213763 0.35448539 -0.22073372
v 0.47408962 0.33452654 -0.19891757
v 0.46367374 0.41020998 0.2994197
v 0.45956314 0.39345309 0.22496805
v 0.45637557 0.39588711 0.2117721
v 0.45567247 0.41199034 0.22769913
v 0.46712372 0.42875749 -0.35622999
v 0.45971626 0.45440367 -0.50622457
v 0.4601053 0.47609621 -0.28721377
v 0.45856559 0.46713951 -0.29853612
v 0.45015734 0.47772789 -0.30246928
v 0.45468566 0.49653 -0.30924442
v 0.4638156 0.51263487 -0.2917873
v 0.46996713 0.49543804 -0.37163827
v 0.47996017 0.50834608 -0.31700134
v 0.49231553 0.51933038 -0.32536432
v 0.46667764 0.54510039 -0.2902714
v 0.47427958 0.57096112 0.25600612
v 0.47331434 0.56291431 -0.42440611
v 0.47679156 0.56452137 -0.38585752
v 0.47375807 0.5766508 0.35689929
v 0.47354892 0.57863772 -0.42300603
v 0.4716804 0.57702011 0.37452784
v 0.47377306 0.58661187 0.27093637
v 0.46641445 0.64389396 0.40822807
v 0.47052568 0.66107112 0.41128644
v 0.46893859 0.66019011 0.17998567
v 0.46983635 0.67585003 0.23016478
v 0.47479981 0.67589515 -0.2007563
v 0.45468518 0.73768383 -0.01405816
v 0.47281522 0.72939408 0.09214951
v 0.47303796 0.72799647 -0.14577934
v 0.46891508 0.7274164 -0.04801287
v 0.4779585 0.74504054 -0.12933731
v 0.47009477 0.73375165 -0.0483433
v 0.48111176 0.74967462 -0.06098816
v 0.46761513 0.76461202 -0.10359257
v 0.47376889 0.77353477 0.06627128
v 0.48110327 0.76976174 0.07312118
v 0.46743989 0.77497804 0.01482668
v 0.46274671 0.81324726 0.00063538
v 0.46632802 0.83909899 0.00399234
v 0.47612137 0.86845863 -0.05828683
v 0.46927345 0.85809451 0.01396014
v 0.47801852 0.19910179 0.03249581
v 0.47383809 0.22410315 -0.08781242
v 0.49921456 0.22929828 0.05453276
v 0.47723126 0.24628797 0.18732658
v 0.47131172 0.24836239 -0.20763266
v 0.48147064 0.25293779 0.27576047
v 0.48430568 0.25347626 0.29514021
v 0.47896656 0.25789657 0.23234797
v 0.4761129 0.26070526 0.27254367
v 0.49167231 0.26192394 0.07858955
v 0.46938241 0.27236855 0.30729556
v 0.46353129 0.27116731 0.33404669
v 0.46757787 0.27108389 0.33330035
v 0.48930728 0.27904063 -0.08502655
v 0.46344733 0.27892449 0.32626951
v 0.46766537 0.27212775 0.33404669
v 0.47520673 0.28562129 0.34277844
v 0.47695187 0.29446277 -0.40384454
v 0.48946789 0.30035499 0.33791527
v 0.49091944 0.29124454 -0.36800677
v 0.47827104 0.28958595 -0.04347499
v 0.47287822 0.29289189 -0.0525633
v 0.46057805 0.2951636 -0.04331636
v 0.47788239 0.30814484 -0.05273535
v 0.47293672 0.30715707 -0.03146003
v 0.48699471 0.33134806 0.11606567
v 0.47210228 0.31383631 0.16698547
v 0.48131311 0.33186746 -0.22118692
v 0.48532513 0.30925378 -0.15041636
v 0.4696472 0.33460128 0.1553549
v 0.47025526 0.33100948 0.16022661
v 0.48140469 0.3525373 -0.25574264
v 0.47848442 0.36779419 0.17238235
v 0.47690836 0.3669872 0.16495059
v 0.48054069 0.38885638 0.17619197
v 0.477947 0.38568646 0.18685791
v 0.46489942 0.3998324 0.19570495
v 0.49432933 0.4299261 -0.35406888
v 0.4824467 0.42893204 0.18626451
v 0.47425017 0.41600502 0.24005213
v 0.47766644 0.4055374 0.27198622
v 0.47418323 0.42282814 0.30750233
v 0.48202464 0.41640061 -0.29246137
v 0.47153643 0.42501113 -0.26694101
v 0.47146499 0.40134206 -0.26845679
v 0.48008433 0.43946052 -0.34436405
v 0.47696048 0.45408821 0.31074619
v 0.50477654 0.50945354 -0.36079374
v 0.47846338 0.50889093 0.26493606
v 0.48503634 0.54424345 -0.38044861
v 0.4780755 0.54357594 0.34146449
v 0.47073287 0.55708891 0.33547854
v 0.47955933 0.57375473 0.38055539
v 0.48032364 0.58996129 -0.41254315
v 0.47927499 0.60310763 -0.2905595
v 0.48190522 0.67018819 -0.2675125
v 0.47478172 0.67475337 -0.4762516
v 0.47469401 0.65845311 0.18963367
v 0.47806272 0.67739886 0.20962822
v 0.48056662 0.67998409 0.39280692
v 0.48458797 0.68289357 -0.17212056
v 0.48228642 0.70077163 0.12520854
v 0.49110463 0.7041074 -0.01658568
v 0.4829239 0.69936299 -0.02906091
v 0.49360284 0.71738023 -0.09492564
v 0.47977051 0.7288385 0.05267728
v 0.47830132 0.72106934 -0.13413332
v 0.46539062 0.7356301 0.08927502
v 0.47300625 0.74111968 0.09633235
v 0.48273879 0.7506305 -0.11592793
v 0.47585481 0.77585012 -0.02353286
v 0.46414754 0.80308342 -0.04243814
v 0.47359812 0.83997941 -0.03730204
v 0.48985532 0.88178325 0.01246036
v 0.49355856 0.23154064 -0.08196291
v 0.47368741 0.24341813 -0.21112768
v 0.49982154 0.23294353 -0.059478
v 0.48765796 0.25611541 -0.28060487
v 0.51395333 0.25597328 -0.03277844
v 0.49691975 0.25335377 -0.12180108
v 0.50577128 0.27336213 -0.05497123
v 0.48996139 0.26326573 -0.19373612
v 0.49975765 0.27240494 -0.153118
v 0.4950147 0.26045868 0.17387122
v 0.48353565 0.27520993 -0.36412594
v 0.50815707 0.2816371 -0.02040717
v 0.49265212 0.27236608 0.10107483
v 0.48362219 0.25933301 0.14315704
v 0.48218438 0.27340758 0.22388908
v 0.4928062 0.27490357 0.32770357
v 0.49042118 0.27676526 0.28419757
v 0.49149132 0.28415564 0.33817834
v 0.49933606 0.29818505 0.31099907
v 0.48865953 0.31170687 -0.2047029
v 0.47611782 0.31119213 -0.11590953
v 0.48537877 0.31211197 -0.00137045
v 0.48719135 0.31752372 -0.42085573
v 0.48715016 0.32961598 -0.20695436
v 0.48894665 0.33610523 0.1250558
v 0.48948294 0.32424983 -0.24962875
v 0.48428938 0.35440269 -0.23145293
v 0.49082956 0.35404274 0.16913573
v 0.49907011 0.36895457 -0.26578945
v 0.46900076 0.35593554 0.16400249
v 0.49403062 0.35611317 0.22016966
v 0.47593468 0.4092716 0.20406519
v 0.47038668 0.40391409 0.25962752
v 0.49446431 0.39945754 -0.28291541
v 0.47951579 0.4236832 0.23507915
v 0.48692986 0.43333578 0.25718087
v 0.48608366 0.44693056 -0.35596415
v 0.49130398 0.46190044 -0.33368319
v 0.49756673 0.50483835 -0.30243686
v 0.47583494 0.48191652 -0.28388682
v 0.4674086 0.47672924 0.21542929
v 0.47691685 0.49538091 0.20301123
v 0.46758834 0.49541596 0.22433886
v 0.47747228 0.4787654 0.22301596
v 0.47946906 0.54020107 -0.28650802
v 0.48487365 0.53124321 -0.36856863
v 0.48954454 0.51837194 0.33643305
v 0.49383023 0.54010999 0.28352281
v 0.50665861 0.549586 0.2424556
v 0.4964532 0.55616146 0.36329857
v 0.48309785 0.56551546 0.37805191
v 0.49682006 0.58685601 -0.30049315
v 0.49386257 0.60536844 -0.42106873
v 0.48107913 0.59364998 -0.30961737
v 0.49440819 0.6144138 0.25407258
v 0.50037974 0.64791459 0.24125296
v 0.48726389 0.66947854 0.22901778
v 0.48681936 0.67231333 0.3943634
v 0.49155945 0.66577107 0.17085841
v 0.47983098 0.6805371 -0.4623245
v 0.48554042 0.71012819 -0.0498241
v 0.47877181 0.74695259 -0.10362604
v 0.4766371 0.75729251 0.06505237
v 0.48375863 0.75972503 -0.05274295
v 0.48068178 0.84702975 -0.01548762
v 0.50590575 0.89078987 -0.04615829
v 0.50754285 0.20434994 0.06812297
v 0.4867354 0.2105116 0.05192676
v 0.48271948 0.20828794 0.08232704
v 0.49788779 0.22087924 -0.11200945
v 0.48955995 0.22129034 0.08093461
v 0.49768645 0.22400247 0.09976204
v 0.4922792 0.22912012 -0.24304655
v 0.50083202 0.24448037 -0.2139826
v 0.49471807 0.24118043 0.16008493
v 0.50357151 0.25722545 0.20916732
v 0.49160236 0.25484043 -0.31751275
v 0.48962656 0.25672644 -0.21863215
v 0.4924224 0.24820808 -0.11664636
v 0.49459887 0.27515048 -0.33163452
v 0.49139145 0.27306816 -0.29533118
v 0.50913018 0.29325527 0.03298072
v 0.48793408 0.27246049 0.17157675
v 0.50504971 0.28599122 0.20723474
v 0.49870834 0.28914186 -0.32318231
v 0.50367707 0.29528254 0.29867473
v 0.49810049 0.28752592 -0.38264889
v 0.49142948 0.2962155 -0.10261012
v 0.49271241 0.31162798 -0.22805676
v 0.507649 0.32708016 -0.12916906
v 0.48120153 0.32126153 -0.09938498
v 0.49834752 0.31217819 -0.098632
v 0.49447259 0.33047751 -0.41199994
v 0.48553604 0.32541245 -0.01292843
v 0.51102728 0.31481999 0.0791478
v 0.50841248 0.347743 0.18708684
v 0.49784145 0.35614228 0.14691034
v 0.49859482 0.36125118 0.15876776
v 0.50019944 0.37078205 0.23394282
v 0.49725008 0.39316761 -0.29589039
v 0.50592643 0.39597681 0.23901521
v 0.49011827 0.39180183 0.21979403
v 0.4868975 0.39617714 0.19946802
v 0.49788073 0.41750142 -0.32523179
v 0.49969953 0.4189963 -0.262858
v 0.49560022 0.42832968 0.17369282
v 0.50077361 0.4266412 0.27779573
v 0.48968643 0.43188018 -0.30129948
v 0.49119481 0.43737465 -0.28769326
v 0.49176252 0.44309589 -0.36195788
v 0.50374955 0.45333737 0.29779607
v 0.48872715 0.4767732 -0.33880651
v 0.48159787 0.4670952 -0.23705247
v 0.48336577 0.46235183 -0.24686286
v 0.47567949 0.48269764 -0.25376803
v 0.50181103 0.48257422 0.20807894
v 0.49070224 0.5126062 0.24495503
v 0.49325857 0.55018747 -0.27457413
v 0.5025773 0.5467757 0.30049017
v 0.49581215 0.55701715 -0.35673472
v 0.48900184 0.5702225 -0.29007813
v 0.50146931 0.5799033 -0.42504874
v 0.49847072 0.58062768 -0.38304356
v 0.49001929 0.59257805 0.24804315
v 0.5062958 0.62028128 0.25130469
v 0.49474102 0.61288416 -0.27796164
v 0.48784611 0.66412532 0.17903857
v 0.48435101 0.67223531 0.4044002
v 0.48248741 0.6728934 -0.46725622
v 0.49132431 0.67247945 -0.21394339
v 0.49270567 0.68750453 -0.24292463
v 0.48664093 0.68550491 -0.46634951
v 0.47756323 0.7004441 0.14882877
v 0.49278435 0.68725902 0.39359725
v 0.48367226 0.68291646 -0.18901932
v 0.48651212 0.7026965 -0.18081613
v 0.4875026 0.6911025 -0.17330526
v 0.48557073 0.70886743 -0.15950324
v 0.49159473 0.70613986 0.12188726
v 0.4917345 0.71516186 -0.03406312
v 0.49745202 0.72310096 0.07342004
v 0.50071341 0.74050868 0.02522694
v 0.50529361 0.20461494 0.03260808
v 0.50582308 0.20957968 0.07513201
v 0.51060241 0.22897549 0.05197473
v 0.50568801 0.2449781 -0.19257361
v 0.50219202 0.23785345 -0.07015205
v 0.50269204 0.24451043 -0.26167697
v 0.49372339 0.24941261 -0.20625128
v 0.49537334 0.2567834 -0.20800857
v 0.49455878 0.26727101 0.28228694
v 0.50693983 0.2850529 0.22490475
v 0.51356244 0.2775183 0.17728494
v 0.49547532 0.30414054 -0.04932198
v 0.50645518 0.2876325 -0.00248997
v 0.50435704 0.30690232 0.34860158
v 0.4980354 0.31668577 -0.03794307
v 0.52850622 0.32663256 -0.02765486
v 0.50930953 0.31396991 -0.38311347
v 0.49111792 0.32444519 -0.08199774
v 0.49293464 0.3202835 -0.0434176
v 0.49873379 0.33017486 -0.42260423
v 0.49492055 0.34141862 -0.11452042
v 0.50430191 0.3358708 -0.03523127
v 0.49155781 0.33974621 -0.09233847
v 0.50441509 0.34647942 0.1752665
v 0.49568319 0.3456451 -0.26353654
v 0.49233633 0.34936449 -0.20924807
v 0.50262231 0.37847751 -0.24455629
v 0.48435268 0.3648378 -0.24864493
v 0.50488287 0.40893567 0.23129316
v 0.51418465 0.42070869 0.17190818
v 0.50012529 0.43873 0.24587883
v 0.49712813 0.45766234 -0.34709111
v 0.50005937 0.45397252 -0.23509027
v 0.49052125 0.49002329 -0.26243925
v 0.50370282 0.48574829 0.20083177
v 0.49381024 0.50216079 -0.23277633
v 0.50421757 0.49033597 -0.226852
v 0.49556687 0.50813687 0.24086492
v 0.51566458 0.50086933 0.22290163
v 0.48653555 0.49943107 -0.253975
v 0.49229193 0.50120598 -0.27022997
v 0.50094593 0.51027721 -0.28974566
v 0.50230366 0.5121727 0.26844233
v 0.50088543 0.52678519 0.33579332
v 0.49941373 0.54922736 0.34154922
v 0.50072527 0.59521633 -0.42744142
v 0.49693826 0.61004263 0.21314995
v 0.4899849 0.61356944 0.1837921
v 0.4870947 0.64357793 0.20985284
v 0.48934048 0.64018112 0.16979064
v 0.51496357 0.65109527 -0.26183012
v 0.49311137 0.68366939 -0.19971889
v 0.50314361 0.68861312 0.18612437
v 0.49478191 0.68238509 -0.17278661
v 0.49915832 0.68886161 -0.16345216
v 0.50328273 0.70486343 -0.18125047
v 0.50377202 0.70635021 -0.04591202
v 0.51034844 0.72813225 -0.13086684
v 0.49641427 0.71344906 -0.1528959
v 0.50433886 0.72375929 -0.03996831
v 0.50456542 0.72121227 0.04419306
v 0.50845516 0.73975891 -0.02599981
v 0.49532756 0.8705796 -0.05186454
v 0.51135433 0.87286597 -0.04347827
v 0.51115769 0.8789404 0.0052276
v 0.50951517 0.22283322 0.03289854
v 0.51173574 0.22755429 -0.07599742
v 0.5128988 0.22737435 -0.0656685
v 0.50286728 0.23322864 -0.10855481
v 0.50414723 0.25822347 0.14784971
v 0.50063902 0.26320916 -0.29667518
v 0.51786238 0.27804345 0.22282149
v 0.52314794 0.26646835 0.09738059
v 0.51530999 0.28454953 0.31285003
v 0.5046578 0.28365505 -0.30502546
v 0.50792021 0.30108431 -0.37697425
v 0.49867031 0.30648252 0.05414197
v 0.50567222 0.32700726 -0.42126411
v 0.50601709 0.32837322 -0.23799752
v 0.51351798 0.3160767 -0.00235331
v 0.51788074 0.33381933 -0.14532709
v 0.51049161 0.35266739 -0.23164748
v 0.50829339 0.34192654 -0.00552291
v 0.51712799 0.36396939 -0.17918707
v 0.51483256 0.35533139 -0.07367398
v 0.51048273 0.33628905 -0.08208538
v 0.50144684 0.33981174 0.04538817
v 0.50642323 0.32911965 0.05546695
v 0.5009656 0.33146802 0.01912685
v 0.51186401 0.36172527 -0.07730947
v 0.50662649 0.36304235 0.12725498
v 0.52059668 0.37328798 -0.21749367
v 0.50811899 0.362499 -0.25724825
v 0.50698066 0.39621392 -0.27845478
v 0.50735623 0.42194644 -0.30684668
v 0.52186376 0.41836548 0.19230203
v 0.52225655 0.41555154 0.21282715
v 0.51768428 0.42766377 0.19741315
v 0.50529104 0.42744812 0.23088257
v 0.51093072 0.45725575 -0.33594275
v 0.50206053 0.45584211 -0.32585645
v 0.49666938 0.44838902 0.26382616
v 0.5059166 0.47148055 0.29556692
v 0.51928312 0.48207837 -0.3310582
v 0.5030449 0.48077905 0.28657207
v 0.52356273 0.50764591 0.30697221
v 0.50582904 0.52221662 -0.25737712
v 0.50171077 0.52923644 -0.26979157
v 0.50545233 0.52188534 -0.24656081
v 0.5023424 0.52583742 -0.27972341
v 0.49813023 0.52135307 -0.22815725
v 0.50402564 0.52206981 0.19578777
v 0.50736046 0.5260514 0.22734529
v 0.50651824 0.53737855 0.20792134
v 0.51311791 0.55078393 -0.37439308
v 0.51471794 0.53470677 0.28668255
v 0.53279763 0.56783825 -0.38976496
v 0.51816893 0.55943722 0.31242153
v 0.51007843 0.57492113 0.24484268
v 0.52533478 0.57860208 0.32811123
v 0.50994515 0.59375566 0.38560641
v 0.51960027 0.62227988 0.37881166
v 0.49690738 0.58712894 0.16891058
v 0.50377488 0.60808223 0.18372855
v 0.52172565 0.62013203 0.36300567
v 0.51874715 0.60836619 -0.29064184
v 0.50424296 0.62513918 0.16070233
v 0.50055265 0.59634936 -0.20293236
v 0.49493495 0.61642027 -0.20610756
v 0.49404392 0.62751049 -0.17397429
v 0.5127244 0.60915792 0.22768933
v 0.5166465 0.64573443 0.21241589
v 0.51364845 0.65823448 -0.18285629
v 0.49829316 0.65217638 0.17024928
v 0.50991225 0.64670724 0.18413629
v 0.4954192 0.67113602 -0.0300528
v 0.49299189 0.66739309 -0.01800899
v 0.50386816 0.65357125 -0.01635002
v 0.50913346 0.67030805 0.17312995
v 0.50220597 0.68909508 -0.25155067
v 0.51010162 0.66060412 -0.16961725
v 0.50609893 0.68511194 0.14059129
v 0.51231927 0.68762815 0.19677509
v 0.50089902 0.69390815 -0.01693283
v 0.50951314 0.69624966 -0.17554645
v 0.50226414 0.6869899 0.11528321
v 0.51597989 0.70610422 0.08353905
v 0.50310045 0.70746583 -0.16858897
v 0.50379217 0.70620644 -0.09855367
v 0.50120676 0.69902986 -0.06765554
v 0.49989623 0.71032661 0.12937914
v 0.54507029 0.88869214 -0.00259416
v 0.53113663 0.89418644 0.00311573
v 0.52926153 0.90250093 -0.01177156
v 0.52555954 0.22866984 -0.12506011
v 0.51142079 0.22767043 0.06291941
v 0.52755517 0.23638135 0.06659089
v 0.52113473 0.24678682 -0.22579476
v 0.51611948 0.23976906 0.16471551
v 0.50986677 0.24612346 -0.10410818
v 0.51656604 0.26027104 -0.25094488
v 0.50954312 0.25424075 -0.20825259
v 0.517331 0.25514993 -0.10789162
v 0.52435988 0.26021716 -0.00538129
v 0.51538754 0.27766091 -0.32569513
v 0.51690751 0.27863955 -0.31038973
v 0.54620028 0.25803834 0.13840529
v 0.51962173 0.27250031 -0.19547774
v 0.53415126 0.26464289 -0.15914829
v 0.52233249 0.25712565 -0.13314632
v 0.51548928 0.28856248 0.30115113
v 0.51133454 0.28973413 -0.3333264
v 0.53487539 0.30302766 -0.07228098
v 0.52894974 0.31808931 0.34559441
v 0.51807833 0.3367171 0.34674188
v 0.5149799 0.3130036 -0.09494751
v 0.51333445 0.32839394 0.04400374
v 0.51586443 0.34367827 -0.41210711
v 0.51562351 0.34809452 -0.23854524
v 0.51410908 0.35962358 -0.0255888
v 0.50443983 0.34145516 0.01777731
v 0.50180256 0.35454273 0.07511051
v 0.51693267 0.35120514 0.07149711
v 0.53029484 0.36337423 0.02888852
v 0.50248373 0.35758281 0.06795868
v 0.534895 0.35605317 0.09366695
v 0.51613241 0.3638837 0.17585604
v 0.51705045 0.37061068 0.18605071
v 0.49734217 0.37634802 0.07904556
v 0.50959641 0.38455081 0.08800569
v 0.48603353 0.37867877 -0.17315939
v 0.5101707 0.37776613 -0.15134913
v 0.5154044 0.3818883 -0.17606616
v 0.50714552 0.39291891 -0.14574297
v 0.51058143 0.40538251 -0.17348562
v 0.51252699 0.4003832 -0.18447851
v 0.51961046 0.42225227 -0.27401131
v 0.51623046 0.45175648 0.28052431
v 0.50371391 0.45986113 -0.31769043
v 0.52477264 0.4795143 -0.34362975
v 0.52344394 0.48192999 -0.32706457
v 0.51612544 0.48748329 -0.24771422
v 0.51542133 0.49460223 -0.27278319
v 0.52025628 0.50788921 -0.35525563
v 0.52446353 0.49068946 -0.33288541
v 0.51578528 0.49981043 -0.22000088
v 0.50746959 0.51214343 -0.28161153
v 0.51501536 0.53346515 0.19218798
v 0.51745969 0.56435597 -0.25445041
v 0.52993798 0.5752461 0.3643049
v 0.52135879 0.59042418 -0.27462128
v 0.51035416 0.58866698 0.16337778
v 0.51533061 0.60985887 0.15458189
v 0.5135901 0.635225 -0.41120312
v 0.49949494 0.62000293 -0.2249717
v 0.51891077 0.59829736 -0.20300566
v 0.5113169 0.62157482 -0.42329687
v 0.51087081 0.63289672 -0.22683604
v 0.5081327 0.65694076 -0.2069464
v 0.52366823 0.63566482 0.2495314
v 0.51517004 0.66361761 0.1461127
v 0.50828779 0.65629691 -0.03331694
v 0.51784718 0.66181493 -0.00509834
v 0.51456875 0.65270048 0.21526736
v 0.5134719 0.67984504 -0.20192525
v 0.51558554 0.67767256 -0.1867705
v 0.52419186 0.68663132 -0.00217546
v 0.50841343 0.67569238 -0.08720985
v 0.51050419 0.69187921 0.1252802
v 0.52119964 0.70238435 -0.12451319
v 0.52155572 0.71413225 -0.10726104
v 0.51575911 0.72346008 0.06154434
v 0.52050108 0.71010792 -0.02194511
v 0.55466771 0.88685161 -0.02350082
v 0.51988959 0.88839203 -0.04856629
v 0.52571052 0.21984917 0.05813131
v 0.5415318 0.2402934 -0.17059803
v 0.52695417 0.23562029 -0.10860844
v 0.52354753 0.25278628 -0.24050957
v 0.52892274 0.24461646 -0.07064077
v 0.52674407 0.25144157 0.0649469
v 0.5256958 0.24204516 0.14303172
v 0.52321368 0.24901319 0.17089228
v 0.53045678 0.26066297 -0.18911552
v 0.52140462 0.26295263 0.16040547
v 0.53563964 0.27457863 -0.23478881
v 0.52559477 0.26261118 -0.18286599
v 0.52786511 0.30319268 0.03394011
v 0.53349292 0.29240984 -0.31857046
v 0.51907259 0.27030051 -0.03241864
v 0.52875024 0.29083264 0.18968226
v 0.52895766 0.30431628 -0.31181824
v 0.52024424 0.31090912 -0.38685304
v 0.53560495 0.3027899 0.01165882
v 0.52104872 0.3133066 0.3161853
v 0.53119856 0.33549133 -0.40840715
v 0.52559203 0.33321124 0.35774821
v 0.52529329 0.34238338 -0.39520869
v 0.5207538 0.35663447 -0.03379913
v 0.5296526 0.37034169 -0.10993285
v 0.52906764 0.37009674 -0.09890606
v 0.52205622 0.36771733 0.05300174
v 0.52938443 0.37418821 0.15195093
v 0.53050232 0.3849583 -0.23364994
v 0.526842 0.37837499 -0.1695389
v 0.52780861 0.38689011 0.07419138
v 0.5250625 0.39557275 0.22774199
v 0.53415918 0.41671675 0.22552329
v 0.52176982 0.43472108 -0.27315876
v 0.5275678 0.44829801 0.21424529
v 0.53219754 0.43441096 0.23446476
v 0.52681684 0.45992011 -0.28702071
v 0.5199272 0.46340513 0.26270384
v 0.52108461 0.46847495 0.20544042
v 0.51309568 0.46994328 0.19671489
v 0.5125764 0.48131996 0.19841251
v 0.52451056 0.4737286 0.12934309
v 0.51408929 0.48047623 0.13807194
v 0.51628596 0.46664169 0.15500005
v 0.51888621 0.48823512 0.19459933
v 0.52351797 0.47957915 0.2911835
v 0.52097404 0.49405393 -0.25210202
v 0.51916212 0.49114525 0.20322196
v 0.52201545 0.4911029 0.28335646
v 0.54206669 0.50787598 -0.3423928
v 0.53168219 0.5185594 -0.20991668
v 0.52954537 0.50908756 0.22796617
v 0.53942358 0.5242067 -0.2923305
v 0.50387019 0.5378148 -0.23027052
v 0.5365836 0.52990973 0.25284848
v 0.53109264 0.53353995 -0.24042165
v 0.52882493 0.53253162 -0.21097557
v 0.51637721 0.51749688 0.20087823
v 0.53375798 0.54134613 -0.25703147
v 0.53420657 0.55004829 -0.22753111
v 0.5130648 0.54357195 0.23019326
v 0.51734829 0.54257113 0.18388097
v 0.51702189 0.56549764 0.21461727
v 0.52657104 0.58721459 0.23111534
v 0.5346055 0.56249291 0.32748911
v 0.52642781 0.60368717 -0.4212172
v 0.52442414 0.61116493 0.16070248
v 0.53625989 0.62424761 -0.38661054
v 0.52350837 0.61070162 -0.23080376
v 0.52251649 0.62466466 -0.25991532
v 0.5267297 0.62568909 -0.17890722
v 0.51908624 0.62599498 -0.16307101
v 0.52478957 0.63705599 -0.15413119
v 0.52461296 0.62719923 0.20813468
v 0.52375412 0.65118885 -0.02130528
v 0.51729769 0.65543908 0.23317982
v 0.52324492 0.67639267 -0.24663401
v 0.52373672 0.67583108 -0.1999979
v 0.51587999 0.68615049 -0.0373828
v 0.51551098 0.69458675 -0.24674174
v 0.52147329 0.68584347 -0.06086935
v 0.52308178 0.67675793 0.10052165
v 0.54478866 0.71126974 -0.20479427
v 0.51921827 0.68274063 -0.08556397
v 0.51543808 0.70463616 -0.0933124
v 0.52305704 0.68412203 -0.04544801
v 0.51724696 0.69989425 -0.00793888
v 0.5269199 0.69484168 0.13119315
v 0.5174641 0.72515863 0.00266188
v 0.51819706 0.71330279 0.02512764
v 0.54524159 0.90072852 -0.04008956
v 0.53465635 0.22498547 0.03939417
v 0.53985202 0.23747747 -0.14979817
v 0.53649545 0.23349965 0.11796084
v 0.52921468 0.25138092 -0.09758711
v 0.55210835 0.27202812 0.01036669
v 0.54494905 0.26373997 0.12674445
v 0.53089571 0.26985258 -0.22028339
v 0.54102033 0.26546255 0.07577094
v 0.55340272 0.29630837 0.03062895
v 0.53882509 0.28095838 0.20200939
v 0.52740335 0.29301897 -0.33089778
v 0.53091604 0.29304716 -0.02740303
v 0.55173385 0.31341231 -0.03589778
v 0.53257221 0.30607736 -0.33148235
v 0.53905851 0.31361943 0.20909508
v 0.53428513 0.31866291 0.32992765
v 0.53246152 0.326859 -0.08760659
v 0.53527546 0.35987964 -0.41378969
v 0.53324223 0.35306066 0.08082981
v 0.52987355 0.35853073 -0.08364598
v 0.52548963 0.3597711 0.00305965
v 0.53455514 0.33489048 -0.01070355
v 0.53179491 0.35773292 0.01604388
v 0.52320391 0.37336159 0.12118831
v 0.54152364 0.39687043 -0.08126524
v 0.52277011 0.36386138 -0.05713113
v 0.52169931 0.36772835 -0.00462977
v 0.52278316 0.37332219 -0.05856919
v 0.52364206 0.37530902 -0.02769485
v 0.52022785 0.38782975 0.12205438
v 0.53031129 0.38529357 0.06541886
v 0.54935199 0.40382904 -0.24387082
v 0.51543778 0.3997927 0.1041835
v 0.53841555 0.40295801 0.13706782
v 0.53287643 0.42896366 -0.25513566
v 0.51637501 0.42013961 -0.2388747
v 0.52326858 0.41317567 -0.23927651
v 0.53081572 0.42297909 0.19833066
v 0.53497213 0.44696981 0.20269571
v 0.53583598 0.4717215 0.26941198
v 0.53133786 0.47666162 -0.31590536
v 0.5266872 0.46416852 0.20041583
v 0.53322959 0.49392071 0.16149558
v 0.52920723 0.47737855 0.20010455
v 0.53345156 0.48256272 0.27278754
v 0.5252369 0.48543337 0.27471814
v 0.54353327 0.49953675 0.27623591
v 0.53556114 0.52373415 -0.24279302
v 0.52249372 0.50913364 0.21773808
v 0.51960826 0.53046352 0.20944977
v 0.53996027 0.53580159 -0.36070547
v 0.54066193 0.53079605 -0.25163218
v 0.53435308 0.53642213 0.27367523
v 0.53421235 0.53144878 0.17813306
v 0.53211176 0.56651127 -0.3663815
v 0.53270191 0.58302236 -0.37010875
v 0.53432637 0.60696197 0.38114429
v 0.52826411 0.63181567 -0.41970447
v 0.54295659 0.62342411 -0.22526024
v 0.52863646 0.62549275 0.14204717
v 0.52561349 0.64723253 -0.40236628
v 0.53391975 0.64882082 0.21276233
v 0.53022194 0.65547264 0.2444731
v 0.52397543 0.65800595 0.19218506
v 0.53729415 0.66147339 0.17693415
v 0.5245347 0.6775372 -0.03671213
v 0.53451711 0.67010766 0.16502346
v 0.52354729 0.70867777 -0.0727962
v 0.53730363 0.70225686 0.1689622
v 0.54224533 0.67929846 -0.10842538
v 0.52431786 0.70115668 0.12201656
v 0.52713889 0.71490163 -0.0750692
v 0.54546893 0.24254592 0.0426827
v 0.55398482 0.2347099 0.09347897
v 0.55295402 0.24101172 0.05291104
v 0.55294728 0.24188103 0.12460142
v 0.54946452 0.25308979 0.15483837
v 0.55124694 0.26550972 -0.20811051
v 0.55893749 0.26999655 -0.11046769
v 0.53853846 0.27374068 0.16168435
v 0.53226167 0.27590856 -0.24252117
v 0.52860367 0.27263752 -0.01831733
v 0.547943 0.2835041 -0.19681047
v 0.5435434 0.30529222 -0.33051714
v 0.52908641 0.29039004 -0.25334427
v 0.52744007 0.28077155 -0.25751895
v 0.54720211 0.28828067 -0.0113686
v 0.54305595 0.29446259 0.19567877
v 0.54532164 0.31090313 0.22592276
v 0.54393476 0.34317967 0.03781525
v 0.53875774 0.34190083 0.33447379
v 0.53553748 0.36453658 -0.03189555
v 0.53592473 0.351533 -0.01864818
v 0.53724062 0.35582334 0.04235397
v 0.54609102 0.36997965 0.34641871
v 0.54391593 0.37003785 -0.14744462
v 0.54916054 0.37017062 -0.12250567
v 0.5244953 0.37068436 -0.0533391
v 0.5385375 0.37278831 0.01451945
v 0.52902979 0.36720392 -0.04945256
v 0.53664094 0.37958115 0.16540676
v 0.54582435 0.39764553 -0.06336469
v 0.53676236 0.38371003 -0.05345161
v 0.54511094 0.38765168 0.0501976
v 0.53813714 0.38745147 -0.17944734
v 0.53957361 0.39203438 -0.15796937
v 0.54429519 0.40554434 0.11115348
v 0.54298598 0.41140738 -0.1905836
v 0.55049914 0.42780244 -0.14564119
v 0.53270078 0.41713709 -0.18703054
v 0.52645278 0.41302824 0.10272948
v 0.55085826 0.42549089 -0.24778864
v 0.54152626 0.41988951 -0.22914286
v 0.54370964 0.43366414 -0.22445323
v 0.5369947 0.44833437 -0.16331863
v 0.53381258 0.43822539 -0.24969128
v 0.53680152 0.44120637 -0.26458049
v 0.52271378 0.46363008 -0.23743868
v 0.54241395 0.44864061 -0.24871311
v 0.53693777 0.46819419 -0.2481482
v 0.53817141 0.44809952 -0.23235472
v 0.55449426 0.48249593 0.15288877
v 0.53241163 0.46926257 0.22261825
v 0.54021364 0.48181275 -0.33254379
v 0.51592189 0.47337291 0.2671589
v 0.54048854 0.48786074 0.28688186
v 0.52653265 0.48373809 -0.33224335
v 0.53038317 0.48420137 -0.34085196
v 0.53701085 0.48119098 0.11971293
v 0.53054476 0.48723578 -0.32618678
v 0.54869604 0.50778794 0.1169543
v 0.53328431 0.49054775 0.27276513
v 0.53156018 0.50978982 0.14201631
v 0.54623073 0.51357013 -0.27459615
v 0.54157084 0.51570034 -0.2576248
v 0.52912891 0.52600497 0.14821821
v 0.53374583 0.51534241 0.16829182
v 0.53145379 0.54213017 0.15546378
v 0.55403751 0.55057615 0.20039603
v 0.55776131 0.5571155 -0.21359588
v 0.53264624 0.54801857 -0.33408889
v 0.54582328 0.56050748 0.15772951
v 0.53993416 0.57598013 -0.36922032
v 0.52438295 0.57153469 -0.17379336
v 0.52605599 0.57656425 -0.15930291
v 0.53227615 0.56541824 -0.15943767
v 0.53494835 0.56493354 -0.17280523
v 0.53592002 0.56633621 0.17579575
v 0.54004198 0.56739265 0.31480065
v 0.52967852 0.58947289 0.20558909
v 0.52937001 0.59884632 -0.24428874
v 0.54428524 0.56854475 -0.22913621
v 0.5324567 0.59785098 0.21808273
v 0.53852654 0.60719466 -0.16294692
v 0.55104959 0.61098516 0.33604825
v 0.53801847 0.60936522 -0.27142328
v 0.53956872 0.60925806 -0.22522809
v 0.5519191 0.61554271 0.19237474
v 0.52561092 0.61276978 0.21214344
v 0.53610736 0.62210572 -0.20511004
v 0.53692079 0.62372023 0.22699991
v 0.54899633 0.63130009 0.16589701
v 0.54294217 0.61797976 0.15397303
v 0.54455179 0.63766915 0.19974564
v 0.54852325 0.63096118 0.20367007
v 0.54113847 0.63214666 0.3792249
v 0.53967631 0.64051133 -0.24467303
v 0.54260862 0.6212064 -0.25139162
v 0.52872908 0.6607706 -0.24668193
v 0.5395779 0.65829766 0.36406019
v 0.53692174 0.65486848 -0.4106774
v 0.54138136 0.67418188 -0.02408497
v 0.5359022 0.67443812 -0.01134608
v 0.54176813 0.6676293 0.22823861
v 0.55158275 0.6870259 0.17120859
v 0.5304389 0.68982869 -0.05311004
v 0.53845263 0.68231761 0.1154678
v 0.54206121 0.70509464 -0.22909302
v 0.53671741 0.70912188 0.00625515
v 0.55120319 0.71606404 -0.21603173
v 0.53865689 0.71005124 0.03386186
v 0.54741859 0.89190596 -0.0416025
v 0.56209838 0.25687391 -0.09117172
v 0.56037134 0.26926816 -0.22408266
v 0.54728782 0.25496379 -0.18077928
v 0.56219834 0.26434308 -0.13414133
v 0.53951889 0.27014261 -0.23854762
v 0.54942548 0.26872119 -0.18393357
v 0.5390873 0.27971151 -0.25426665
v 0.55417031 0.27839223 -0.21410589
v 0.54615784 0.28734493 -0.24032427
v 0.54501349 0.29686511 -0.26509485
v 0.5465737 0.30336019 -0.2459776
v 0.54993415 0.33618101 0.22062394
v 0.53802407 0.31807756 -0.3234576
v 0.54522353 0.33407271 0.34171394
v 0.55085355 0.356877 0.359341
v 0.55184191 0.35723677 -0.3976351
v 0.54153877 0.37746298 -0.40321559
v 0.54986024 0.36774564 -0.38625389
v 0.54354638 0.37527597 0.00705544
v 0.55950737 0.39343977 0.35724378
v 0.544222 0.38122147 0.07323845
v 0.55935168 0.38925362 -0.19815084
v 0.54237795 0.38894281 -0.10423619
v 0.54518533 0.38372117 -0.03454454
v 0.54392254 0.38585496 0.01001395
v 0.54505652 0.38263598 0.04297069
v 0.5606162 0.40145388 -0.00921469
v 0.55887884 0.4030799 0.15271068
v 0.56323761 0.41816992 0.19035354
v 0.5574252 0.41687948 0.21216959
v 0.54496396 0.4186886 -0.25820264
v 0.54639679 0.43515226 0.11246525
v 0.5555619 0.42861316 0.20033167
v 0.54335207 0.45396581 -0.17051855
v 0.54350626 0.45494905 0.21775793
v 0.55025619 0.46887612 -0.21994133
v 0.54077297 0.45925972 -0.1330615
v 0.54597253 0.46646056 -0.15518907
v 0.53425521 0.47145706 -0.1414008
v 0.54091609 0.47292745 -0.12823278
v 0.54626518 0.48428681 0.27874091
v 0.5463438 0.4665485 -0.26926476
v 0.54915178 0.4847419 -0.23764411
v 0.54083568 0.48645967 0.25735432
v 0.53624922 0.49217865 -0.32814261
v 0.55318302 0.51650608 0.3001664
v 0.5468024 0.52576792 0.2288986
v 0.55482209 0.53563273 -0.21065573
v 0.54258585 0.53294611 0.141219
v 0.56434023 0.54340684 0.30941081
v 0.53098136 0.51890594 -0.13656513
v 0.53662133 0.52247387 -0.14619187
v 0.54232055 0.54104698 -0.14208248
v 0.53950447 0.54636425 0.12930733
v 0.57012248 0.55920476 0.17880635
v 0.54622918 0.55081302 -0.24750729
v 0.56632465 0.575149 0.29011622
v 0.55013186 0.56709099 -0.3468439
v 0.54612011 0.57765871 0.33299705
v 0.5404036 0.60050803 0.16228257
v 0.54343677 0.60658777 -0.17033213
v 0.55239809 0.61435485 0.17509721
v 0.54573703 0.61425048 -0.2481972
v 0.54569799 0.63110179 -0.41218343
v 0.54057187 0.61940795 -0.15330927
v 0.54557437 0.62513781 -0.13484871
v 0.54610467 0.64932674 0.24088141
v 0.53730071 0.64801967 -0.19146121
v 0.5377599 0.64032537 0.11943803
v 0.53956604 0.6462667 -0.21486363
v 0.55301404 0.66888928 0.21009417
v 0.54053664 0.6756863 -0.39694127
v 0.54724842 0.65176374 -0.12676238
v 0.55242753 0.67951584 -0.04740633
v 0.54508203 0.65220237 0.10294221
v 0.54158473 0.69198465 0.15965632
v 0.54421133 0.66886652 0.06388441
v 0.54555362 0.6988458 -0.08226009
v 0.54083693 0.70219398 -0.0621505
v 0.54741704 0.90385044 -0.00345073
v 0.54897487 0.23417653 0.038865
v 0.5665859 0.24405108 -0.1166435
v 0.54986709 0.23883109 0.06602219
v 0.5713653 0.25559115 -0.16335954
v 0.55269301 0.26567423 -0.09486291
v 0.55206305 0.2666851 0.13853914
v 0.55229485 0.26744965 0.16811751
v 0.56977856 0.27630359 0.10146889
v 0.55465752 0.28010824 -0.23252621
v 0.56057757 0.28547841 -0.00624879
v 0.55418706 0.30802527 0.20951016
v 0.5537259 0.3172698 -0.25566748
v 0.5499475 0.32738057 -0.32925838
v 0.55090261 0.31696635 -0.33425054
v 0.55215573 0.3693454 -0.08721067
v 0.56060541 0.34700099 -0.07217041
v 0.55293626 0.33874542 -0.02145952
v 0.55011129 0.37959728 -0.41220078
v 0.55829096 0.38804719 -0.02930833
v 0.54903626 0.37779582 -0.08302127
v 0.5634526 0.38872573 -0.11070848
v 0.54784524 0.38209382 -0.0429328
v 0.55351716 0.37444365 0.05077842
v 0.56886923 0.4001106 0.10177927
v 0.54570329 0.39129597 0.03678918
v 0.5520916 0.4029077 0.07157092
v 0.58332348 0.42355222 0.16616106
v 0.56471121 0.41820693 0.14536245
v 0.56442255 0.40681517 -0.15253618
v 0.56277895 0.43314153 -0.20000288
v 0.55810988 0.42568225 0.10559846
v 0.54319882 0.43564573 0.13906053
v 0.55736989 0.43285534 0.2103842
v 0.55776244 0.43903023 0.14821821
v 0.55933058 0.45802858 -0.1544182
v 0.56104553 0.45302773 0.19489345
v 0.55845225 0.45650068 -0.25153038
v 0.55801648 0.45495504 -0.22897762
v 0.55697978 0.47330037 0.2503854
v 0.53880119 0.47744271 -0.18625166
v 0.56203192 0.46318084 0.18650274
v 0.55986911 0.48484141 0.22641093
v 0.55537933 0.49110621 -0.16330838
v 0.55880892 0.49778363 0.13898507
v 0.55020833 0.48608282 0.19753359
v 0.55270338 0.49265361 0.22560422
v 0.55174363 0.4927499 0.25094905
v 0.55687445 0.51304257 -0.33413264
v 0.55463254 0.49429074 -0.18260857
v 0.54834169 0.50469625 -0.14185748
v 0.55504197 0.48760635 -0.12094671
v 0.55269325 0.48703089 0.11281326
v 0.55656666 0.50774854 -0.13219759
v 0.56385756 0.51701808 -0.14002386
v 0.54641038 0.53312778 -0.12425975
v 0.55100602 0.51055473 0.12452794
v 0.5616973 0.49862745 0.14325505
v 0.56245524 0.54255617 0.16903344
v 0.56263649 0.53558195 0.23524891
v 0.55127138 0.54208416 -0.24552147
v 0.56615913 0.56486225 -0.34878224
v 0.55498123 0.56808668 0.31981683
v 0.57221043 0.58120304 -0.32226998
v 0.54828644 0.56980252 0.12169179
v 0.55782312 0.5522806 0.112951
v 0.55717754 0.58494383 -0.15447803
v 0.5533092 0.59074944 -0.38649455
v 0.55169791 0.60339016 -0.39916906
v 0.56056291 0.6035493 0.34817883
v 0.54606682 0.61706632 -0.38349214
v 0.55431181 0.60526824 -0.15710621
v 0.55253935 0.63771653 -0.22095726
v 0.55069351 0.63129276 -0.20730053
v 0.55957061 0.61185598 0.12415961
v 0.55227578 0.63750011 0.34519193
v 0.55240792 0.63969415 -0.16935547
v 0.55348974 0.61576611 0.11600927
v 0.55103248 0.61999357 -0.11852112
v 0.54687405 0.6671015 -0.40419099
v 0.54740185 0.65600258 -0.22239238
v 0.55266237 0.64210266 -0.22400406
v 0.54887885 0.64658171 -0.18413028
v 0.55070496 0.66136324 0.37122053
v 0.55350775 0.66566175 -0.38595772
v 0.54692882 0.67477447 -0.20224991
v 0.54928529 0.65776193 0.02244124
v 0.54670793 0.64804238 0.05832997
v 0.54827565 0.68440127 -0.38493031
v 0.55563879 0.69886136 -0.22093111
v 0.56100804 0.67298466 -0.03104122
v 0.54999042 0.68030834 -0.00754034
v 0.55009151 0.70257288 -0.38111424
v 0.55159557 0.70119131 0.00759872
v 0.58995122 0.91036034 -0.01217761
v 0.55870873 0.25095636 -0.14105262
v 0.56103158 0.25413057 0.0563063
v 0.55316591 0.25757676 0.13772327
v 0.56576848 0.27347621 -0.18598665
v 0.56407481 0.26991621 0.07575396
v 0.56411916 0.29157162 0.15908413
v 0.56001467 0.31109405 -0.25954819
v 0.56415838 0.31305096 -0.24448851
v 0.56062812 0.31666854 0.02606921
v 0.56154448 0.32784832 -0.25100681
v 0.56224471 0.34026888 0.22005351
v 0.56603092 0.32184458 0.01602055
v 0.55856031 0.33488286 0.20865862
v 0.558034 0.33835316 -0.32528117
v 0.56365615 0.33517805 -0.31682032
v 0.56771255 0.3461895 0.00957923
v 0.56045324 0.37177861 0.34051874
v 0.58772987 0.39110839 -0.08493385
v 0.55998415 0.39465454 -0.38976938
v 0.5613572 0.38749111 -0.05236095
v 0.56598479 0.38715401 -0.01392387
v 0.55859578 0.39091441 0.0087341
v 0.56002975 0.39000779 0.02227058
v 0.56427866 0.39428288 0.04683603
v 0.55898249 0.39839143 0.34988719
v 0.5572173 0.40725604 -0.40615562
v 0.55846226 0.39450893 -0.04607635
v 0.56171739 0.39765245 0.00985712
v 0.55471063 0.39676717 0.01817193
v 0.5548715 0.41226968 -0.11064123
v 0.56012928 0.42194009 -0.0956137
v 0.55559283 0.42833719 -0.0558013
v 0.56630665 0.41438863 0.10472707
v 0.5612269 0.42244413 -0.2479836
v 0.56528533 0.45760733 0.11496326
v 0.56431305 0.45491749 0.13351406
v 0.56529438 0.45675549 0.21702148
v 0.57120395 0.46357676 0.22951436
v 0.56320137 0.45855623 -0.25886428
v 0.56963515 0.48302981 -0.25438017
v 0.55906594 0.463595 -0.14233316
v 0.5772875 0.48029101 0.22043148
v 0.5672344 0.50346708 -0.29117352
v 0.57775211 0.4984501 -0.27318487
v 0.5634746 0.53965402 -0.25015396
v 0.57609719 0.54882234 -0.29004565
v 0.55580878 0.54208702 -0.11484205
v 0.57119417 0.53761458 0.22389276
v 0.57168084 0.55578899 -0.22715114
v 0.55283189 0.5502969 0.12380603
v 0.55856264 0.57866347 -0.14696184
v 0.5711273 0.57514352 0.16912016
v 0.56780422 0.61521071 -0.19617605
v 0.54353172 0.59500724 0.09584872
v 0.56129527 0.59058791 0.07856985
v 0.55435401 0.603778 0.08222424
v 0.55391788 0.58360517 0.09341714
v 0.55409324 0.59986478 0.11159488
v 0.56356162 0.60982102 -0.16831113
v 0.54723191 0.62267137 0.09045255
v 0.5578751 0.61981237 0.36304092
v 0.55387455 0.61053199 0.10321643
v 0.55853367 0.60581493 0.02601393
v 0.55563402 0.61298531 0.05643658
v 0.55301625 0.59839797 0.04700539
v 0.56211895 0.62042069 -0.13598852
v 0.55398971 0.62513721 0.08444859
v 0.5467779 0.62952602 0.09928834
v 0.55576855 0.61330628 0.10474832
v 0.55472827 0.65953696 -0.39263684
v 0.5562008 0.64802784 0.09832851
v 0.55116415 0.64300066 0.0163949
v 0.55482978 0.64628589 0.03529083
v 0.55240113 0.65118039 0.06628693
v 0.5563252 0.62708163 0.05385542
v 0.560467 0.66024262 0.01527209
v 0.54329026 0.64996523 -0.00466219
v 0.56507587 0.65712738 0.22012387
v 0.55555439 0.64208287 -0.19193794
v 0.56590867 0.6502198 -0.07970352
v 0.55445641 0.66806984 0.00737221
v 0.55959797 0.66089213 0.07568116
v 0.5583151 0.67200834 0.34668544
v 0.55421621 0.68443894 -0.39737684
v 0.55894411 0.67390847 0.21761462
v 0.55717129 0.70413536 -0.20710485
v 0.56069994 0.67714053 -0.03878083
v 0.5550794 0.69014704 0.35610238
v 0.55607909 0.68576628 -0.06256817
v 0.5636965 0.69391626 -0.38065499
v 0.5580495 0.70601708 -0.38847977
v 0.56376082 0.72054863 -0.38183439
v 0.57280535 0.9078145 -0.03626536
v 0.57021785 0.91651672 -0.02526142
v 0.56848073 0.91559297 -0.01229803
v 0.56076932 0.2660993 0.13806531
v 0.56731039 0.27132592 0.14596368
v 0.56868732 0.28239799 -0.18355717
v 0.57376182 0.27461916 -0.14368175
v 0.5657385 0.27535605 0.12746736
v 0.58163035 0.30069765 0.01100912
v 0.56856114 0.30540636 -0.00261511
v 0.56695724 0.32192546 -0.2596764
v 0.56381816 0.325607 -0.32955465
v 0.57996517 0.34052759 -0.04689185
v 0.56825781 0.34040788 -0.32797921
v 0.56579161 0.33403972 0.01884565
v 0.57344085 0.35310736 -0.02693077
v 0.57477129 0.38211098 0.04804446
v 0.57014441 0.38964579 0.35167247
v 0.56565613 0.39915493 -0.40934533
v 0.57208914 0.39423573 -0.12380447
v 0.57400489 0.3958016 -0.08264992
v 0.58608627 0.40318736 -0.05870807
v 0.56906646 0.40240857 -0.03512964
v 0.56338322 0.39610618 0.01177686
v 0.5733549 0.42108828 -0.23339456
v 0.56296146 0.40490472 0.01483242
v 0.56621695 0.40528196 -0.18606763
v 0.56560278 0.41449618 -0.18736812
v 0.56453758 0.42650914 0.07710356
v 0.58077025 0.43235841 0.0520827
v 0.56116319 0.42610377 -0.11824437
v 0.57179803 0.43149847 -0.19897608
v 0.57347673 0.44353688 -0.23530461
v 0.57072383 0.45725581 -0.18254383
v 0.57721144 0.43788463 -0.14577444
v 0.57031941 0.45532107 0.14833717
v 0.5660919 0.46327049 -0.23546451
v 0.57566422 0.47286808 -0.18047564
v 0.56979328 0.46775186 0.20892483
v 0.56666917 0.49187714 -0.25757608
v 0.56548613 0.48642594 -0.18980484
v 0.58289742 0.46631601 -0.12470441
v 0.56024724 0.46789688 0.09010419
v 0.55852252 0.4809829 0.10718769
v 0.56416029 0.48656011 -0.21670896
v 0.56639946 0.47813228 0.17827505
v 0.57228613 0.49620286 0.09826347
v 0.56716472 0.49359292 0.2396474
v 0.5687511 0.49753103 0.18225932
v 0.55921745 0.49962428 0.2207967
v 0.5605396 0.50029838 0.24036539
v 0.55837673 0.50519896 0.25421891
v 0.56441963 0.5085246 -0.26278076
v 0.56562406 0.51229936 0.24778502
v 0.57660443 0.54041427 -0.13867889
v 0.5718683 0.5402078 0.10233943
v 0.56186366 0.53441352 0.11484831
v 0.57888573 0.54758704 -0.33715034
v 0.57577419 0.54242599 -0.15004545
v 0.56814277 0.54901588 0.11626411
v 0.56066471 0.53715986 -0.08830176
v 0.56198305 0.57688916 -0.09766805
v 0.58026391 0.55394751 0.1620812
v 0.58411157 0.56182104 0.14632984
v 0.56953448 0.5977174 -0.13047697
v 0.56184596 0.58096004 -0.19683249
v 0.57047182 0.58915418 0.12715732
v 0.56899041 0.57742041 0.30257529
v 0.56873327 0.59634364 -0.16071472
v 0.5632357 0.58743083 0.08190855
v 0.56854409 0.61001444 0.15134425
v 0.56251991 0.60742873 0.11418087
v 0.57464015 0.60188818 -0.15798861
v 0.56197202 0.60312033 0.05295284
v 0.56542593 0.59723186 0.07808706
v 0.56566626 0.6036424 0.09711021
v 0.55788815 0.61266798 -0.09175874
v 0.55709159 0.61000013 0.0941836
v 0.55737168 0.60914397 0.10610895
v 0.56716329 0.60034645 0.01100707
v 0.56508529 0.61551189 -0.00962817
v 0.5649122 0.61471176 0.10577051
v 0.57117939 0.62389946 0.08993559
v 0.57251114 0.62173581 0.09971733
v 0.57497931 0.64833641 0.05001896
v 0.56788182 0.66992021 0.34962067
v 0.56946987 0.63281888 -0.14763065
v 0.56499815 0.63591093 -0.17181447
v 0.56652969 0.64990318 0.01817147
v 0.56263155 0.65787685 -0.00045525
v 0.56722361 0.66128612 0.05922906
v 0.56132454 0.67264014 -0.05772347
v 0.56885821 0.68340218 0.35664502
v 0.5617702 0.69432038 -0.38832808
v 0.56283075 0.69500262 0.34358963
v 0.56421429 0.70325106 0.34862593
v 0.5583086 0.71023023 -0.37292063
v 0.5681439 0.73637217 -0.37221032
v 0.57136708 0.72639275 -0.36673331
v 0.5841682 0.24905525 0.07155238
v 0.58869988 0.26307324 -0.10626659
v 0.5964027 0.25582889 0.07938253
v 0.57669455 0.26063555 -0.12478644
v 0.5981701 0.2751441 -0.15453267
v 0.57157701 0.27024788 0.13699515
v 0.58588976 0.27893332 -0.18005471
v 0.58125585 0.2829493 -0.11045638
v 0.56988782 0.39740655 7.065E-05
v 0.57322472 0.39737755 0.08405605
v 0.57607925 0.40518039 -0.04023544
v 0.57016444 0.39761823 0.02041051
v 0.57462901 0.40313095 0.04304642
v 0.57760614 0.40933099 0.33859915
v 0.56896657 0.41256809 0.34362271
v 0.58461392 0.41125968 -0.20014408
v 0.5723033 0.41491306 -0.11017588
v 0.57497352 0.41162443 0.35092124
v 0.57634532 0.42868152 -0.40648288
v 0.57914311 0.42703903 -0.02780473
v 0.57540035 0.41659525 -0.00822691
v 0.58657193 0.41876584 0.08116494
v 0.57127935 0.42134124 -0.3958706
v 0.57762903 0.43321288 -0.23925573
v 0.57642293 0.4243421 0.01301486
v 0.58003843 0.44436353 0.0309867
v 0.5706296 0.4339619 -0.12387199
v 0.56687593 0.43985385 -0.12229682
v 0.58177298 0.45960489 -0.06971875
v 0.57421631 0.43726161 0.19208252
v 0.58634418 0.45244342 -0.09494602
v 0.58804989 0.45236823 0.10286986
v 0.58395308 0.45275521 -0.2363283
v 0.57814455 0.46545175 0.0997892
v 0.57621866 0.46493366 0.20314699
v 0.57167876 0.46599555 -0.14994088
v 0.58782828 0.45894098 0.0528114
v 0.57722479 0.4693954 0.05650637
v 0.57318068 0.45596504 0.07401831
v 0.59067547 0.48414525 -0.25488675
v 0.58130443 0.47228718 -0.14410172
v 0.57599974 0.48169184 0.06557205
v 0.5845812 0.47538489 0.2296222
v 0.56930262 0.48306268 -0.20958126
v 0.57472473 0.49937341 -0.25226116
v 0.57852215 0.48365089 -0.19313076
v 0.57397705 0.49662155 -0.18569322
v 0.59404027 0.51052862 0.19310981
v 0.57948303 0.51589304 -0.14266948
v 0.57129204 0.52637452 0.23083344
v 0.57086837 0.51843923 -0.27790663
v 0.57622904 0.51040518 -0.25061828
v 0.58506548 0.53274798 -0.24722564
v 0.58493543 0.5535537 0.29641104
v 0.57111377 0.57011694 -0.07318258
v 0.57748997 0.56920457 0.10038304
v 0.59052962 0.56799001 0.2954025
v 0.57146496 0.60087377 -0.08240081
v 0.57759893 0.57805663 -0.07355557
v 0.56700897 0.58663046 -0.03629478
v 0.56917119 0.56343973 -0.04911374
v 0.57074499 0.58281112 -0.0294551
v 0.56702334 0.58091104 0.06334075
v 0.57764387 0.56080306 0.07646228
v 0.58034486 0.58487082 -0.3320339
v 0.56550038 0.58792764 -0.00269193
v 0.57870936 0.57747233 -0.00036401
v 0.57213634 0.58933181 0.07770311
v 0.57547128 0.5923894 0.04554015
v 0.5625751 0.59290922 0.06533144
v 0.57960969 0.59245396 -0.18075174
v 0.56898719 0.59975111 0.03472002
v 0.5682556 0.61550504 -0.17549911
v 0.58234763 0.60460293 -0.0522231
v 0.56538916 0.62392962 -0.04617355
v 0.57195717 0.6406709 -0.02262775
v 0.58125216 0.60856843 0.0366314
v 0.57635808 0.6218316 0.1201563
v 0.58312434 0.62230188 -0.14955054
v 0.56575435 0.62925172 -0.0625549
v 0.57505059 0.64350522 -0.13147147
v 0.57311618 0.63623333 -0.11957761
v 0.57379216 0.65554053 -0.03957248
v 0.57430786 0.65875477 -0.05730893
v 0.58514446 0.64681852 0.07198444
v 0.57754898 0.67404842 -0.02671447
v 0.57661074 0.68861103 -0.03636167
v 0.57016879 0.69211859 -0.0223285
v 0.57189447 0.69719666 0.34425211
v 0.56591886 0.70705289 0.33934572
v 0.56944668 0.7055226 0.34769562
v 0.57821673 0.71640313 0.33877835
v 0.59304434 0.91451478 -0.02756057
v 0.5773505 0.91084015 -0.00463737
v 0.58110923 0.27129528 0.05586734
v 0.59615433 0.27216554 0.12091326
v 0.58485067 0.27399492 -0.08273815
v 0.58873594 0.28389272 0.06639161
v 0.60635889 0.28645158 0.09249804
v 0.60505718 0.2865372 0.10091938
v 0.59992039 0.29584181 -0.14401576
v 0.60049671 0.30370432 -0.17187068
v 0.58879465 0.29742 -0.08025882
v 0.58563673 0.31699255 0.00621222
v 0.58204871 0.32016587 0.01942214
v 0.60324794 0.37662205 -0.05925334
v 0.5882259 0.42019576 -0.10954978
v 0.57060987 0.40478599 0.00392996
v 0.57759517 0.4049215 -0.00031434
v 0.5792467 0.41992643 -0.18528113
v 0.57714814 0.41172352 0.00456724
v 0.58624041 0.4188002 -0.00320837
v 0.57889396 0.42890868 0.34091514
v 0.58845145 0.44529605 0.13183425
v 0.58785802 0.42991555 0.14886296
v 0.5824101 0.44877136 -0.19829369
v 0.58511651 0.45741373 -0.04529359
v 0.5818035 0.46018362 -0.11976916
v 0.58664608 0.48921433 0.14673175
v 0.58419049 0.46508268 0.15145905
v 0.58158875 0.47024411 0.18081014
v 0.58173162 0.48404551 0.19302462
v 0.60041267 0.48732966 -0.22030477
v 0.59399366 0.49025157 0.12785752
v 0.59242123 0.48185682 0.16809022
v 0.58425915 0.48313764 -0.117105
v 0.59683138 0.4906269 0.20151007
v 0.58637196 0.49968982 0.08561435
v 0.58424723 0.49843776 0.14036851
v 0.59290665 0.50688946 -0.26813674
v 0.58035302 0.50691175 -0.2562077
v 0.58933336 0.51338565 -0.16126724
v 0.58402169 0.51479387 0.14843965
v 0.58141065 0.5181284 0.21582934
v 0.57534385 0.5138011 -0.28556865
v 0.58506978 0.53089523 0.10016141
v 0.59628725 0.54454821 -0.29397225
v 0.58400673 0.53399521 -0.28642961
v 0.58772177 0.53329438 0.26881418
v 0.5786534 0.53439957 0.23955002
v 0.59234655 0.56174111 -0.23829898
v 0.59240091 0.56250477 -0.11904436
v 0.593651 0.5702638 -0.09724847
v 0.58644378 0.5574289 0.20709871
v 0.5827868 0.58531773 -0.14959617
v 0.58390319 0.57064593 -0.0857337
v 0.57518244 0.56560504 -0.07324535
v 0.5856868 0.55622023 -0.03522832
v 0.59026271 0.55506974 0.13352263
v 0.57998151 0.57323927 -0.03561474
v 0.58963662 0.57286209 0.24347146
v 0.57969618 0.56855303 -0.26034704
v 0.58755136 0.58036429 -0.24548072
v 0.56692761 0.57609737 -0.26743627
v 0.59070224 0.56179059 -0.20516734
v 0.58022577 0.59340996 0.14893383
v 0.58616638 0.5830757 0.29223332
v 0.57926112 0.58593887 -0.07644536
v 0.58141106 0.5826174 0.04939554
v 0.58143127 0.5933997 -0.16776314
v 0.57270366 0.60796005 0.07907524
v 0.58025914 0.62135404 -0.1373194
v 0.58170563 0.61168444 0.12525891
v 0.58362603 0.61578161 -0.06405638
v 0.5852958 0.63955683 -0.13027358
v 0.58153874 0.65267301 -0.1082782
v 0.59065503 0.64756876 0.05748746
v 0.58934504 0.92407042 -0.03070156
v 0.59188724 0.9250533 -0.0082006
v 0.58833516 0.27583173 -0.11632404
v 0.60138822 0.30036968 0.12786472
v 0.60433447 0.28940803 0.12941387
v 0.60824376 0.30016816 -0.17417966
v 0.59537143 0.29604951 0.11940754
v 0.59767729 0.379641 -0.03403034
v 0.60376257 0.39326158 0.01524113
v 0.60555637 0.41990337 -0.07315823
v 0.60469496 0.42473835 -0.0417206
v 0.59178364 0.41294864 -0.01480162
v 0.59153312 0.40981552 0.03758601
v 0.59450954 0.42202395 -0.03271652
v 0.58387947 0.41627455 0.00861346
v 0.59347194 0.42127731 0.02747549
v 0.58934474 0.42669055 0.33429024
v 0.59172595 0.42989802 -0.14367597
v 0.58613539 0.4311215 -0.02512181
v 0.59064281 0.4270713 0.00891329
v 0.59755969 0.43379343 0.05535044
v 0.59666866 0.44694957 -0.18334045
v 0.59353948 0.43973237 -0.10779955
v 0.59318769 0.45051563 0.00701924
v 0.60213423 0.46498081 0.13405289
v 0.59207368 0.4741042 0.09026069
v 0.59685433 0.47517622 -0.24341446
v 0.5940854 0.48084646 -0.23599267
v 0.59887898 0.46808138 -0.15362518
v 0.59292561 0.48732224 0.15836042
v 0.58892626 0.47443411 -0.00287107
v 0.59201449 0.46797457 -0.0123829
v 0.59560579 0.47988117 -0.02187988
v 0.59711587 0.49212134 0.22357541
v 0.5963856 0.49448282 -0.24692026
v 0.61032414 0.49247977 -0.20931549
v 0.58469868 0.51170564 -0.01406647
v 0.60476774 0.50375956 0.1647367
v 0.5981288 0.5091607 0.06437758
v 0.60140526 0.51761627 -0.21954022
v 0.59937286 0.50506639 -0.17766665
v 0.58428413 0.51289958 0.00058147
v 0.59327704 0.50813663 0.14409596
v 0.58991218 0.51882851 -0.26812008
v 0.60478145 0.51161844 0.10083372
v 0.60266906 0.55451107 -0.30737031
v 0.58664328 0.54731768 -0.02907415
v 0.60383028 0.55054295 0.24464604
v 0.58830023 0.52578896 -0.14613733
v 0.58710217 0.533656 -0.16742076
v 0.58566308 0.54257822 -0.01023682
v 0.59985191 0.54412085 0.21182668
v 0.59229374 0.56162745 -0.28731507
v 0.59494317 0.56177902 -0.18392769
v 0.58768559 0.55676425 -0.02424417
v 0.59653699 0.56113124 0.23367931
v 0.61174035 0.57787055 -0.22599173
v 0.59368497 0.55761838 -0.05981725
v 0.59788209 0.56599694 0.18550706
v 0.59510916 0.57389182 0.06700572
v 0.59221482 0.59561628 0.08983435
v 0.59042311 0.58928847 -0.29623535
v 0.58647656 0.57387573 -0.28495371
v 0.58342421 0.58278883 -0.07332437
v 0.58588541 0.56727755 0.02561835
v 0.5781306 0.5887478 -0.2698864
v 0.59449071 0.57640755 -0.08343146
v 0.59501886 0.5990538 0.27368602
v 0.59065634 0.60156196 -0.31568035
v 0.58847201 0.59948361 -0.14105411
v 0.58774894 0.62007684 0.064283
v 0.58575773 0.6194002 0.09535899
v 0.5889101 0.62866366 0.10916689
v 0.59073532 0.62719965 0.04212299
v 0.60108072 0.93878615 -0.01774666
v 0.60743856 0.27370009 0.05840547
v 0.59745431 0.28018638 0.05356739
v 0.60361826 0.28538918 -0.14402525
v 0.6012817 0.29270679 -0.10735743
v 0.60038537 0.30659512 -0.09727544
v 0.58762306 0.31916827 -0.07706563
v 0.60239726 0.32611319 -0.06595255
v 0.61447698 0.40537193 -0.06969518
v 0.61010969 0.44257742 -0.18123813
v 0.60833389 0.43290201 -0.12030169
v 0.61700076 0.42579046 0.02309904
v 0.5894956 0.43421546 0.33953869
v 0.59898162 0.44520423 -0.03932429
v 0.60807127 0.45745236 0.13310269
v 0.62736356 0.45989859 -0.19924822
v 0.60103172 0.44458526 0.00728855
v 0.60604692 0.46433038 0.09410529
v 0.60025233 0.44983149 0.33139992
v 0.59476119 0.44696969 0.32447243
v 0.59636062 0.45782486 -0.19564396
v 0.59904742 0.46496648 0.04426135
v 0.61241192 0.47047365 0.17337114
v 0.60502809 0.44254959 -0.09338249
v 0.61059719 0.46297058 0.01084508
v 0.59340447 0.47445068 0.20096552
v 0.60373759 0.48648319 0.15869099
v 0.59432375 0.48124674 -0.14896153
v 0.59117556 0.4756771 -0.11402577
v 0.60512769 0.4809202 0.21661812
v 0.6065852 0.50371259 -0.12768435
v 0.60157835 0.50400138 -0.08632186
v 0.59286803 0.4940595 0.0615145
v 0.59829378 0.49782118 0.191725
v 0.60657704 0.50811225 0.21533589
v 0.59778732 0.50027829 -0.01549266
v 0.59723347 0.50262046 0.14196783
v 0.60284549 0.51796454 -0.12253343
v 0.5998565 0.50420862 0.00053463
v 0.60066146 0.52232587 -0.13271542
v 0.60041034 0.52040803 -0.03141672
v 0.59977615 0.50671095 0.05938295
v 0.5862754 0.52129626 0.04605418
v 0.59575605 0.52400029 0.01156353
v 0.60453862 0.52369624 0.02663547
v 0.5981071 0.53957182 0.1553044
v 0.59988803 0.52650565 -0.04703598
v 0.60827917 0.54758316 -0.12439965
v 0.61348861 0.54557449 0.10152084
v 0.6045537 0.5240351 0.10742014
v 0.61410642 0.56184155 0.25831336
v 0.60703939 0.55196887 -0.17735675
v 0.60635662 0.55831563 0.2084561
v 0.60569662 0.57642746 -0.01327382
v 0.60204208 0.56182617 0.02279075
v 0.59832561 0.56426275 0.01140639
v 0.61469775 0.56941152 0.20037293
v 0.60355127 0.58822292 -0.32241046
v 0.59606391 0.57182753 -0.27827874
v 0.60117722 0.59413755 -0.03573671
v 0.60764432 0.58391869 0.03018957
v 0.60727096 0.59968436 -0.24671414
v 0.60110831 0.60629421 -0.02628735
v 0.60121679 0.59991497 -0.00589031
v 0.59364915 0.66821015 0.10970479
v 0.60483044 0.65970981 0.09628411
v 0.59339684 0.64052796 0.10512261
v 0.59677672 0.65108186 0.12223908
v 0.60975027 0.92859435 -0.01906362
v 0.60804838 0.279212 0.10250248
v 0.62634099 0.33456707 -0.16455279
v 0.61574244 0.3194389 0.12322859
v 0.61462319 0.34186092 -0.08478277
v 0.61358559 0.34979463 -0.07172218
v 0.61346555 0.44781676 0.0515457
v 0.60560364 0.46907106 -0.0438035
v 0.60717463 0.47051993 -0.05809138
v 0.60832983 0.47883984 -0.19592653
v 0.60402787 0.47518429 -0.15217836
v 0.60714597 0.48663482 0.09061448
v 0.61962628 0.49272415 -0.09524293
v 0.60257882 0.48601434 0.06690968
v 0.60786825 0.5055632 -0.25600448
v 0.61554766 0.50175321 -0.14680895
v 0.60745674 0.48756149 -0.01249802
v 0.61042255 0.48964119 0.18102708
v 0.61236978 0.50424457 -0.24169058
v 0.60700297 0.51660299 -0.2350598
v 0.60171777 0.51203358 -0.09107665
v 0.60771245 0.51029599 0.12665944
v 0.5974254 0.50772166 -0.06820818
v 0.60529399 0.51897597 0.07059317
v 0.60748369 0.53541166 -0.26293182
v 0.60343963 0.52365762 -0.16762348
v 0.59903246 0.54339141 -0.07383744
v 0.60420519 0.55117226 -0.23831913
v 0.59907776 0.53295135 0.01828168
v 0.59993517 0.54851753 0.06118444
v 0.60575587 0.55070472 0.06914482
v 0.60907513 0.56398612 -0.11443321
v 0.60185498 0.5545013 -0.06862688
v 0.60342366 0.56261766 0.00515993
v 0.61562741 0.57211268 0.04385651
v 0.61321622 0.56465334 0.16845648
v 0.61058933 0.56651032 -0.20204607
v 0.61196601 0.58868819 0.22673731
v 0.60853702 0.58512521 -0.2417939
v 0.60938138 0.59047282 0.28035977
v 0.60581112 0.59210908 0.0442365
v 0.61294824 0.61378789 -0.27049011
v 0.61834246 0.6109724 -0.25768718
v 0.60852081 0.61759537 0.24219167
v 0.60672259 0.62895977 -0.29441428
v 0.60685951 0.62093902 -0.30649811
v 0.6108917 0.66613293 0.12767279
v 0.6163584 0.9391374 -0.02206432
v 0.63198221 0.30835113 -0.1567653
v 0.61727571 0.30324936 -0.08646579
v 0.62208682 0.29346466 0.04792297
v 0.61415279 0.3036752 -0.0997794
v 0.61735427 0.31047854 0.06226163
v 0.61664951 0.30966249 0.0473079
v 0.61597115 0.30591255 0.12731732
v 0.62366003 0.38621998 -0.04675074
v 0.616705 0.43601343 -0.05899319
v 0.62155211 0.46401975 -0.18139791
v 0.61888587 0.46057665 -0.13140327
v 0.61976457 0.48426327 -0.22021317
v 0.61690724 0.4894338 0.04159992
v 0.61544794 0.48159561 0.09095206
v 0.6189971 0.48078516 0.13579039
v 0.61865133 0.49486253 -0.21692564
v 0.61860842 0.50685024 0.16104421
v 0.61631984 0.51649088 0.15424383
v 0.62178791 0.52140158 -0.1907407
v 0.60972089 0.51443988 -0.00610417
v 0.62116832 0.52632242 0.01678561
v 0.61462986 0.51755452 0.06694704
v 0.61699128 0.51868415 0.08686824
v 0.62822145 0.51103926 0.13666292
v 0.61181301 0.51906127 -0.14300962
v 0.609209 0.52273411 -0.13019015
v 0.61108011 0.51995713 0.04147109
v 0.62249732 0.5323925 0.14683844
v 0.62428457 0.52989632 0.12982836
v 0.62448192 0.53559655 -0.24303894
v 0.61782169 0.52871203 -0.2195369
v 0.61056376 0.53112769 -0.12123369
v 0.63129252 0.54567569 -0.21766122
v 0.63157517 0.54929346 0.16120632
v 0.60840768 0.56589264 0.06355564
v 0.60991675 0.56352258 0.06905121
v 0.61838204 0.58418697 -0.28597346
v 0.61069822 0.57834578 -0.09528223
v 0.63724852 0.58709836 0.16954921
v 0.61963397 0.59493572 -0.26158637
v 0.63496095 0.58328557 -0.23130605
v 0.61387724 0.57600731 -0.08184481
v 0.61048406 0.60157347 -0.01461979
v 0.61028057 0.60668689 0.27253109
v 0.61578411 0.60659617 -0.31034082
v 0.61798292 0.94689441 -0.01449347
v 0.60944891 0.94895309 -0.02000064
v 0.62103504 0.28119573 0.07318377
v 0.62214088 0.29878977 0.07856322
v 0.63385212 0.30761379 0.10947015
v 0.64840215 0.33500233 -0.13810551
v 0.63318795 0.3302761 -0.16846578
v 0.62508053 0.31647635 0.10468104
v 0.64412808 0.34200987 -0.14077206
v 0.63975602 0.34201929 0.11122053
v 0.62746572 0.34128457 -0.0698994
v 0.62998712 0.36211321 -0.07474179
v 0.6221326 0.42311227 -0.02253343
v 0.6366657 0.47381431 -0.09324671
v 0.62471908 0.43888167 -0.04185753
v 0.62174952 0.46504334 0.1503052
v 0.6227839 0.48637694 -0.1428026
v 0.62008774 0.49016711 0.01467587
v 0.62350017 0.50360996 0.07965183
v 0.62189317 0.50939816 0.12590319
v 0.62113476 0.51234221 0.17021531
v 0.62053275 0.51815021 -0.22253425
v 0.62426388 0.50981688 -0.07005091
v 0.62002218 0.51915008 0.12263127
v 0.61427689 0.52327955 -0.12140518
v 0.63178813 0.53006929 -0.06401101
v 0.62870753 0.5544818 -0.04218419
v 0.62652093 0.52089602 0.02588859
v 0.6237185 0.53591371 0.0669986
v 0.63053286 0.52571768 0.07363897
v 0.63449389 0.53577149 0.08956399
v 0.62239927 0.53031218 -0.17414971
v 0.61140728 0.53517181 -0.12786312
v 0.61626124 0.53946686 -0.11195938
v 0.62417912 0.53656477 0.10144667
v 0.6296739 0.5414083 -0.13766129
v 0.61684316 0.53864461 -0.12223215
v 0.62227315 0.56563383 -0.08323191
v 0.61998051 0.54909426 -0.11899807
v 0.61295754 0.53657615 0.18661934
v 0.62383908 0.5558778 0.19612056
v 0.64207309 0.57321751 -0.11798809
v 0.62580198 0.57229298 0.0868665
v 0.62339181 0.58004636 0.2276946
v 0.62915927 0.58749247 0.25448841
v 0.63785762 0.6062451 0.21755654
v 0.62689525 0.62758517 0.21419781
v 0.62175518 0.64198482 -0.29150957
v 0.61117101 0.63869518 -0.28012991
v 0.62735069 0.63978785 0.24080229
v 0.62350488 0.64170104 0.22215614
v 0.61495382 0.64283407 -0.28916502
v 0.61854208 0.64859402 -0.26041308
v 0.62081164 0.66477191 -0.26196569
v 0.64017713 0.68403989 0.11253997
v 0.6204322 0.67979109 0.10236063
v 0.62691879 0.68698561 0.12135064
v 0.6312502 0.29475948 0.0555943
v 0.63790154 0.31504598 -0.14793138
v 0.63280797 0.31171593 0.0390655
v 0.63029712 0.31837639 -0.08558758
v 0.62804282 0.33439419 -0.08567435
v 0.63093412 0.33666921 0.1249152
v 0.63163364 0.42154333 -0.05941537
v 0.63387293 0.40843481 -0.03883523
v 0.63581628 0.42454627 -0.04135754
v 0.62971079 0.44869912 0.00509352
v 0.62553954 0.43959618 -0.05377614
v 0.62638885 0.43520465 -0.03426129
v 0.62985218 0.45932278 -0.03957022
v 0.62421203 0.46318188 0.01079272
v 0.64549047 0.48626655 -0.19363435
v 0.63660628 0.49379134 0.06995621
v 0.63483536 0.48149139 -0.02047163
v 0.63144207 0.4937501 -0.18098803
v 0.61979675 0.49157938 -0.02467478
v 0.62644833 0.49392897 -0.00021193
v 0.63180971 0.49045745 0.04685037
v 0.6302374 0.49506566 0.17010991
v 0.62426454 0.49886301 -0.05778741
v 0.62766141 0.50068623 -0.20922802
v 0.62642395 0.51671135 -0.14717664
v 0.63341963 0.49773708 0.14624605
v 0.62788606 0.50818902 -0.10503127
v 0.62873107 0.51410663 0.15973809
v 0.62895191 0.52068573 0.15406987
v 0.62764198 0.52066207 0.17408793
v 0.66066933 0.55998021 -0.18274631
v 0.63728845 0.54818696 0.00888674
v 0.63886565 0.54043698 0.03936314
v 0.63645279 0.54427493 -0.23521432
v 0.63746953 0.54317844 -0.21064633
v 0.62299371 0.53784108 -0.11284013
v 0.64756143 0.56972325 -0.00281435
v 0.63432389 0.53574508 0.17528862
v 0.64356625 0.56275487 -0.16972768
v 0.63680607 0.55661434 0.0973169
v 0.63677597 0.57216787 0.08852171
v 0.63432074 0.58700222 0.19062497
v 0.63088566 0.6200251 -0.28523356
v 0.6388588 0.60057014 -0.08441538
v 0.62854707 0.59519982 0.07069612
v 0.62218112 0.5735653 0.05715534
v 0.6334123 0.62364626 -0.26337683
v 0.63525963 0.62684011 0.24646725
v 0.62958533 0.63220894 -0.25671563
v 0.62598425 0.67772675 -0.24463023
v 0.63433963 0.69038522 0.12562425
v 0.63481104 0.30138317 0.07065865
v 0.63775468 0.32242063 0.06277494
v 0.64073974 0.32991511 0.10395142
v 0.64031547 0.32344148 0.12185814
v 0.63914633 0.33037445 -0.08674702
v 0.64280021 0.33582866 0.04040788
v 0.65126139 0.34396058 0.053551
v 0.63751882 0.33993775 -0.07874089
v 0.63870931 0.34749603 -0.07976173
v 0.64287096 0.35044074 -0.06559666
v 0.641855 0.36245278 -0.06385295
v 0.63756585 0.46564993 0.00836612
v 0.63267398 0.49469662 -0.112279
v 0.62966061 0.50094217 -0.134453
v 0.64333296 0.49669018 -0.07144051
v 0.65246624 0.51439244 -0.18479502
v 0.64876193 0.51923424 -0.04388032
v 0.63915014 0.50779748 0.15926115
v 0.63286442 0.50852525 0.16906874
v 0.63669169 0.52736759 0.01603804
v 0.64276981 0.53113252 -0.22896171
v 0.64268768 0.5321008 -0.13791378
v 0.63234836 0.52533323 0.12269144
v 0.63446689 0.52256584 0.15688832
v 0.65339392 0.55734485 -0.17334872
v 0.64107358 0.55141878 -0.10575739
v 0.64230937 0.55780363 0.06099064
v 0.64903188 0.58392948 -0.03105754
v 0.66034216 0.57986236 -0.17478506
v 0.65526348 0.57906735 0.15613477
v 0.64356285 0.57335043 0.19005954
v 0.63770944 0.5926798 0.07807801
v 0.6459859 0.60830975 -0.22363812
v 0.65489894 0.59222001 -0.11057979
v 0.64289093 0.64542276 -0.26593161
v 0.63512981 0.65007526 0.20612983
v 0.63901418 0.64708912 -0.24843746
v 0.64356536 0.65271765 0.22226816
v 0.63388658 0.67927998 -0.24993333
v 0.63053489 0.67913646 -0.23557024
v 0.62928599 0.68423408 0.10261938
v 0.63629526 0.70097744 -0.22391675
v 0.63546234 0.69561112 0.12152153
v 0.62765831 0.70305079 0.13292055
v 0.64303172 0.70753574 -0.22635914
v 0.63536257 0.71675169 0.11987841
v 0.64988196 0.3177174 0.05520338
v 0.65471125 0.32926449 0.04096133
v 0.64251292 0.33516935 -0.08014405
v 0.65271056 0.36086708 -0.16475497
v 0.64624333 0.36633795 -0.1613708
v 0.64329994 0.37473789 -0.08086843
v 0.65216088 0.4223443 -0.05179598
v 0.64527112 0.51297134 0.04932034
v 0.6487968 0.49555758 -0.09116323
v 0.64369357 0.51093227 -0.07587592
v 0.64504081 0.53038514 -0.10636324
v 0.65004468 0.52479184 -0.00928492
v 0.64884031 0.53945559 0.06916229
v 0.64123917 0.53315407 -0.21720156
v 0.6499778 0.54509795 -0.13510878
v 0.65098292 0.55717659 0.14915712
v 0.64019018 0.54992521 -0.21424651
v 0.65825623 0.57047117 0.17189054
v 0.64747733 0.55480379 -0.21041445
v 0.65527201 0.57569808 -0.09964481
v 0.66631269 0.59871233 -0.18049911
v 0.64534414 0.61247373 -0.21192381
v 0.64772522 0.58820397 0.0453584
v 0.64315057 0.60696405 0.18525185
v 0.64136475 0.63161147 0.20943557
v 0.64216793 0.63777852 -0.25746527
v 0.65178859 0.66800594 -0.24755962
v 0.6421234 0.67243588 0.19460203
v 0.64356214 0.70861977 0.12821889
v 0.64058149 0.7111569 0.11424616
v 0.63824409 0.72213256 0.11148962
v 0.65974277 0.34237137 -0.14610521
v 0.66023993 0.34307754 0.05814124
v 0.65072471 0.33658651 0.11150186
v 0.65207195 0.35266376 0.10925043
v 0.648202 0.35446465 -0.07141948
v 0.65689766 0.38693884 -0.06165927
v 0.65921462 0.40137076 -0.07274095
v 0.65601754 0.53792793 -0.11005497
v 0.65572602 0.53777772 0.13705893
v 0.66470128 0.54846758 -0.21246427
v 0.65231299 0.55692178 -0.05645824
v 0.65076762 0.55177754 0.00831423
v 0.65066075 0.55066311 0.0460438
v 0.66835696 0.56478941 0.16143799
v 0.64844358 0.54626459 -0.21092731
v 0.65779716 0.55717158 -0.22028057
v 0.65602261 0.55025917 0.07781624
v 0.65253562 0.56354856 0.07628143
v 0.64942688 0.56734496 0.05249773
v 0.6568985 0.58578676 -0.04430445
v 0.65013129 0.57238513 0.07012276
v 0.65889698 0.60002416 0.05972585
v 0.65379024 0.5967406 -0.08915049
v 0.65450633 0.613814 0.16445847
v 0.66011858 0.64080495 0.16876617
v 0.64805335 0.63784271 0.21844786
v 0.6525538 0.64770073 0.21017139
v 0.64863646 0.64816409 -0.25569496
v 0.65564388 0.65824401 0.19510518
v 0.65264422 0.6677115 -0.23471858
v 0.65033883 0.66635925 0.20914792
v 0.64595163 0.67883199 0.18258172
v 0.66073596 0.68333972 -0.23609349
v 0.64870197 0.70346302 -0.21641426
v 0.65579885 0.71974581 0.11428486
v 0.64519781 0.71899694 0.12172302
v 0.64859152 0.72730827 0.11397552
v 0.6518476 0.72702444 0.11343109
v 0.66156083 0.35405695 0.03761954
v 0.6607815 0.35700208 -0.13828632
v 0.66486353 0.37004003 0.04151391
v 0.65997875 0.36108458 0.12315279
v 0.66201991 0.37156942 -0.14169902
v 0.66238707 0.38437837 -0.07317794
v 0.65731508 0.5495103 -0.1008578
v 0.65702492 0.55529398 0.05439832
v 0.66091561 0.54898024 0.1324916
v 0.67206711 0.57730353 -0.19910596
v 0.66237038 0.56514895 -0.0023791
v 0.66591108 0.56808758 0.13873191
v 0.65998328 0.56513721 -0.11664946
v 0.65725112 0.56261528 0.06180172
v 0.65582925 0.57794136 -0.00079277
v 0.66351467 0.57832712 -0.04916492
v 0.66304791 0.59965771 -0.00907757
v 0.66192865 0.58656275 0.04950337
v 0.66425067 0.59908158 -0.218382
v 0.66282088 0.60244817 0.16562152
v 0.65837324 0.60645503 0.18482251
v 0.65877879 0.62951833 -0.2038193
v 0.6601128 0.62487805 0.1830886
v 0.65755701 0.68742663 0.17730436
v 0.65848476 0.68410289 0.19321521
v 0.65968162 0.69651175 -0.21779685
v 0.65549737 0.70482534 -0.22390269
v 0.66023678 0.7060557 -0.21397802
v 0.65538031 0.70941406 -0.20785816
v 0.65858102 0.71613753 -0.20851043
v 0.66625696 0.71475619 0.11433613
v 0.66296428 0.70320266 0.12131905
v 0.66215777 0.69213879 0.13541904
v 0.66210449 0.71341306 0.12656547
v 0.66346931 0.69892806 0.13789688
v 0.66799921 0.36818177 0.05717907
v 0.6849913 0.40982437 -0.16232225
v 0.67981714 0.40662932 -0.14663726
v 0.67876256 0.41330433 -0.15848166
v 0.66423142 0.39256409 -0.05706071
v 0.66973794 0.40868273 -0.06360903
v 0.67540288 0.58139205 -0.04249695
v 0.67258084 0.54923934 -0.10021627
v 0.67457557 0.556108 0.07117269
v 0.67237866 0.57224637 -0.01669932
v 0.67303568 0.56604677 0.14903471
v 0.67264289 0.57193536 -0.10483942
v 0.67318034 0.5786925 0.05435264
v 0.67005444 0.58894026 -0.00663141
v 0.67161703 0.59288603 0.14477365
v 0.67540234 0.60008794 0.1538891
v 0.66865051 0.62183112 -0.02322299
v 0.67978483 0.63379973 -0.03719144
v 0.67679507 0.6140027 -0.04468734
v 0.67596287 0.62806511 -0.2038888
v 0.66506839 0.63945597 0.15472513
v 0.66781646 0.66184425 0.15444809
v 0.67010891 0.68529606 0.13731061
v 0.66898882 0.68004161 0.13973555
v 0.67073184 0.69471133 0.1299247
v 0.66230291 0.71331125 -0.21555659
v 0.66950345 0.71577853 -0.20770253
v 0.66823274 0.7227276 -0.1975172
v 0.66416341 0.72706789 -0.20031404
v 0.66384882 0.72663099 0.11701662
v 0.67316544 0.35850924 0.04750917
v 0.68145996 0.38767612 -0.15017681
v 0.68032449 0.39692292 0.04875887
v 0.67359388 0.41380823 -0.04746169
v 0.66409206 0.42648551 -0.0575522
v 0.67252475 0.43076417 -0.05927911
v 0.6723519 0.57130063 -0.09408021
v 0.68549162 0.60663289 -0.03532698
v 0.6726169 0.58777475 -0.18139496
v 0.67705351 0.57793808 0.07228638
v 0.67441672 0.59312582 0.16156097
v 0.69114763 0.6203813 -0.19268739
v 0.67752314 0.62057793 -0.01237529
v 0.6784057 0.63079524 0.16584517
v 0.67499292 0.63346118 -0.17880952
v 0.68424934 0.64962053 -0.02348456
v 0.6717636 0.63950479 -0.19389568
v 0.6798389 0.65675282 0.16012058
v 0.67624223 0.66606671 0.13541469
v 0.67209548 0.67967898 0.14499599
v 0.67166871 0.68859571 0.13707431
v 0.67356056 0.70698738 0.12512468
v 0.67152941 0.72426611 -0.20039944
v 0.68149328 0.3878969 0.04183374
v 0.68092215 0.37978819 0.05573145
v 0.68457878 0.41118166 0.06057864
v 0.68735462 0.39387932 0.05504455
v 0.68752694 0.43104017 -0.05942129
v 0.68079603 0.56591707 -0.09674171
v 0.68672115 0.59076357 -0.09552651
v 0.6864543 0.58137381 0.05821706
v 0.68047059 0.58680052 0.1411742
v 0.68641698 0.5995633 0.04671764
v 0.68535769 0.6187045 -0.01775283
v 0.6853714 0.60095406 0.06338588
v 0.68657857 0.61163861 0.14188381
v 0.68339336 0.61947417 -0.17732954
v 0.68382877 0.63595092 -0.01421184
v 0.69159573 0.65547949 -0.16968426
v 0.6854893 0.65026307 0.14871173
v 0.68409514 0.67234284 0.14181805
v 0.69041699 0.41673505 -0.14944232
v 0.69778925 0.42069763 0.05484587
v 0.69038737 0.44156086 -0.0476185
v 0.68069071 0.45439604 -0.05933416
v 0.69002408 0.4545736 -0.06372958
v 0.68852544 0.45621693 -0.04967494
v 0.68692786 0.46662036 -0.05853448
v 0.68913299 0.6079002 0.14717752
v 0.69810069 0.64518499 -0.03193516
v 0.69428498 0.64231652 -0.18760784
v 0.68927968 0.6631363 -0.17865488
v 0.69860071 0.46209127 -0.05950207
v 0.70013291 0.47580853 -0.06908879
v 0.69897002 0.47972363 -0.05745156
v 0.69907391 0.61106235 0.0621991
v 0.69583726 0.64709246 -0.01271909
v 0.69899333 0.66397649 -0.03349936
v 0.69031155 0.67069805 -0.1670327
v 0.69751596 0.66255057 -0.01359108
v 0.7032668 0.67046607 -0.17048708
v 0.7074123 0.68692648 -0.01469687
v 0.70829988 0.67826706 -0.00590378
v 0.7150929 0.67559355 -0.02289755
v 0.71618986 0.69455975 -0.01452399
f 1 2 3
f 4 5 6
f 7 5 4
f 8 2 1
f 8 9 2
f 5 10 6
f 11 3 12
f 1 3 11
f 13 4 14
f 7 4 13
f 15 7 13
f 3 2 16
f 17 4 6
f 7 18 5
f 17 6 10
f 9 19 2
f 5 20 10
f 21 22 13
f 15 13 22
f 23 24 11
f 13 14 21
f 12 25 11
f 12 3 16
f 11 24 1
f 1 24 26
f 14 4 27
f 15 28 7
f 7 28 18
f 27 4 17
f 1 26 8
f 26 29 8
f 19 16 2
f 5 18 20
f 30 20 18
f 20 17 10
f 19 9 29
f 29 9 8
f 31 30 32
f 33 34 35
f 32 36 31
f 32 37 36
f 21 38 39
f 22 21 40
f 11 25 23
f 41 24 23
f 41 42 24
f 21 14 38
f 22 28 15
f 43 24 42
f 14 44 38
f 16 25 12
f 14 27 44
f 26 24 43
f 45 46 44
f 28 47 18
f 47 48 18
f 17 49 27
f 29 26 50
f 48 30 18
f 16 51 52
f 19 51 16
f 53 29 50
f 19 29 53
f 54 55 49
f 17 20 49
f 49 20 54
f 30 54 20
f 30 31 54
f 19 33 51
f 31 56 54
f 33 19 57
f 58 32 30
f 51 33 35
f 31 36 56
f 59 32 58
f 33 57 34
f 60 56 36
f 36 37 60
f 32 59 61
f 34 62 35
f 61 37 32
f 23 63 64
f 41 23 64
f 40 21 39
f 65 22 40
f 23 25 63
f 66 43 42
f 38 44 67
f 66 68 43
f 67 44 46
f 68 66 69
f 70 71 25
f 16 70 25
f 45 44 27
f 47 28 72
f 68 50 43
f 27 49 45
f 73 74 75
f 43 50 26
f 68 76 50
f 69 76 68
f 76 69 77
f 45 78 79
f 49 78 45
f 70 75 74
f 16 52 70
f 70 80 75
f 52 80 70
f 81 82 48
f 82 81 83
f 84 78 85
f 73 75 86
f 87 53 50
f 76 87 50
f 77 87 76
f 75 80 86
f 53 57 19
f 54 56 55
f 56 88 55
f 51 35 89
f 56 60 88
f 62 34 57
f 61 60 37
f 90 40 39
f 41 64 91
f 92 93 41
f 63 25 94
f 93 42 41
f 95 66 93
f 66 42 93
f 46 96 67
f 22 65 97
f 97 72 22
f 95 98 66
f 66 98 69
f 28 22 72
f 46 45 96
f 71 74 99
f 100 101 72
f 102 101 100
f 70 74 71
f 101 47 72
f 102 81 101
f 74 73 99
f 101 81 47
f 69 98 77
f 47 81 48
f 83 81 102
f 103 79 84
f 79 78 84
f 49 85 78
f 49 55 85
f 73 86 104
f 77 105 87
f 104 86 106
f 86 80 106
f 80 52 106
f 107 84 85
f 48 82 108
f 52 109 106
f 30 48 58
f 58 48 108
f 82 83 108
f 52 51 89
f 52 110 109
f 110 52 89
f 111 58 112
f 53 113 57
f 59 58 111
f 114 115 89
f 114 89 35
f 112 116 111
f 35 62 114
f 60 117 88
f 60 61 117
f 111 61 59
f 118 116 112
f 119 120 110
f 114 62 121
f 61 122 117
f 57 123 62
f 113 123 57
f 122 61 111
f 121 62 123
f 123 124 121
f 124 125 121
f 122 126 117
f 126 127 117
f 128 126 122
f 124 129 125
f 126 130 127
f 128 131 126
f 130 126 131
f 90 65 40
f 91 64 63
f 92 41 91
f 90 39 132
f 94 133 63
f 67 96 38
f 134 95 93
f 25 71 94
f 135 71 136
f 134 98 95
f 137 138 139
f 139 100 72
f 99 136 71
f 139 138 100
f 99 140 136
f 96 45 79
f 100 138 102
f 77 98 105
f 102 141 83
f 109 104 106
f 87 142 53
f 103 84 143
f 108 83 141
f 105 142 87
f 144 103 143
f 84 107 143
f 145 142 105
f 108 146 58
f 143 147 144
f 143 148 147
f 107 148 143
f 85 55 107
f 112 58 146
f 113 53 142
f 145 149 142
f 149 150 142
f 148 107 151
f 55 152 107
f 153 112 146
f 150 113 142
f 147 154 144
f 107 152 151
f 55 88 152
f 110 89 115
f 112 153 118
f 115 119 110
f 155 156 111
f 155 111 116
f 120 157 158
f 157 120 119
f 156 122 111
f 88 117 152
f 117 159 152
f 113 124 123
f 156 128 122
f 128 156 160
f 121 125 161
f 117 127 159
f 125 162 161
f 129 162 125
f 124 163 129
f 127 164 159
f 131 165 130
f 163 166 129
f 167 165 131
f 127 130 164
f 90 168 65
f 91 63 169
f 92 91 170
f 39 171 132
f 97 65 172
f 63 133 173
f 38 171 39
f 38 96 171
f 137 72 97
f 135 140 174
f 140 135 136
f 72 137 139
f 175 176 96
f 134 177 98
f 96 79 175
f 102 138 178
f 140 99 179
f 99 73 179
f 178 141 102
f 73 104 179
f 105 98 180
f 105 180 181
f 103 144 182
f 145 105 181
f 144 183 182
f 109 110 120
f 184 109 120
f 185 153 146
f 147 151 154
f 147 148 151
f 144 154 183
f 151 186 154
f 149 145 187
f 188 150 149
f 187 189 149
f 118 153 190
f 115 191 119
f 191 115 192
f 115 114 192
f 189 188 149
f 191 157 119
f 190 155 118
f 121 192 114
f 193 152 159
f 155 116 118
f 192 121 161
f 194 124 113
f 162 195 161
f 128 160 167
f 128 167 131
f 163 124 194
f 162 196 195
f 129 196 162
f 129 166 196
f 159 164 197
f 130 165 198
f 199 197 164
f 164 130 199
f 200 166 163
f 130 201 199
f 166 200 196
f 198 201 130
f 90 132 202
f 93 92 203
f 133 94 204
f 96 176 171
f 203 134 93
f 135 204 94
f 135 94 71
f 138 137 178
f 179 104 205
f 177 180 98
f 141 206 207
f 109 208 104
f 141 207 108
f 207 146 108
f 207 185 146
f 185 207 209
f 109 184 210
f 145 181 187
f 120 158 184
f 193 186 151
f 151 152 193
f 211 157 191
f 157 211 158
f 187 212 189
f 155 160 156
f 160 155 190
f 188 113 150
f 213 214 193
f 193 159 213
f 194 113 188
f 213 215 214
f 216 192 161
f 195 216 161
f 159 217 213
f 218 167 160
f 217 159 197
f 163 194 219
f 195 196 220
f 221 165 167
f 221 167 218
f 197 199 222
f 223 163 219
f 200 224 196
f 163 223 200
f 225 91 169
f 63 173 226
f 226 169 63
f 170 91 225
f 168 90 202
f 65 168 227
f 172 65 227
f 170 228 92
f 203 92 228
f 172 137 97
f 137 172 229
f 204 135 174
f 203 177 134
f 137 229 178
f 179 174 140
f 178 206 141
f 177 230 180
f 208 205 104
f 231 209 207
f 180 232 181
f 208 210 233
f 208 109 210
f 209 234 185
f 235 210 184
f 185 234 153
f 158 235 184
f 186 182 183
f 153 234 236
f 181 237 187
f 183 154 186
f 153 236 190
f 211 235 158
f 238 186 193
f 214 238 193
f 187 237 212
f 191 192 211
f 160 190 239
f 216 211 192
f 215 213 240
f 197 241 217
f 241 197 222
f 224 220 196
f 242 165 221
f 198 165 242
f 199 243 222
f 243 241 222
f 198 242 201
f 200 223 244
f 199 201 243
f 245 228 170
f 246 172 227
f 171 247 132
f 176 247 171
f 133 204 248
f 204 174 248
f 248 174 249
f 230 177 203
f 174 179 249
f 229 206 178
f 175 79 250
f 79 103 250
f 207 206 231
f 205 208 251
f 208 233 251
f 252 251 233
f 233 210 252
f 232 237 181
f 237 253 212
f 189 212 253
f 254 238 214
f 214 215 254
f 253 188 189
f 253 255 188
f 255 256 188
f 194 188 256
f 255 257 256
f 240 213 258
f 258 213 217
f 259 194 256
f 258 215 240
f 216 195 220
f 260 194 259
f 194 260 219
f 217 241 261
f 218 262 221
f 221 262 263
f 242 221 263
f 224 264 220
f 224 200 244
f 241 243 265
f 201 242 266
f 244 223 267
f 267 223 219
f 243 201 266
f 268 169 226
f 269 168 270
f 227 168 269
f 227 269 271
f 202 132 247
f 271 246 227
f 247 272 273
f 176 272 247
f 246 229 172
f 274 176 175
f 275 230 203
f 249 179 276
f 179 205 276
f 251 277 205
f 230 232 180
f 103 182 250
f 234 209 278
f 234 278 236
f 210 235 279
f 238 182 186
f 236 239 190
f 235 211 280
f 281 255 253
f 254 215 282
f 216 280 211
f 160 239 218
f 283 259 256
f 283 256 257
f 282 215 258
f 258 217 284
f 284 217 261
f 218 285 262
f 261 241 265
f 224 286 264
f 244 286 224
f 243 287 265
f 243 266 287
f 169 268 225
f 225 245 170
f 288 173 289
f 133 289 173
f 248 289 133
f 290 291 203
f 272 176 274
f 246 292 229
f 203 291 275
f 293 248 249
f 294 175 250
f 295 232 230
f 205 277 296
f 277 251 297
f 209 231 278
f 251 252 297
f 210 279 252
f 238 298 182
f 280 279 235
f 237 299 253
f 253 299 281
f 281 283 255
f 255 283 257
f 284 282 258
f 300 218 239
f 301 280 216
f 216 220 301
f 301 220 302
f 285 218 300
f 303 259 304
f 284 261 305
f 261 306 305
f 307 219 260
f 308 309 262
f 310 311 302
f 267 219 307
f 312 263 262
f 220 313 302
f 264 313 220
f 314 265 287
f 266 242 263
f 244 267 286
f 307 286 267
f 315 287 266
f 270 168 202
f 173 288 226
f 228 290 203
f 292 316 229
f 316 317 229
f 274 294 318
f 274 175 294
f 229 317 206
f 230 275 319
f 276 205 296
f 230 319 295
f 250 182 298
f 320 278 231
f 297 252 279
f 232 321 237
f 236 322 239
f 281 323 283
f 324 285 300
f 301 325 326
f 325 301 311
f 285 324 308
f 324 327 308
f 301 302 311
f 260 259 303
f 328 325 311
f 303 329 260
f 330 308 327
f 308 262 285
f 308 330 309
f 260 329 307
f 261 331 306
f 302 313 310
f 261 265 331
f 262 309 312
f 265 314 331
f 309 332 312
f 332 309 330
f 333 315 266
f 263 333 266
f 334 335 314
f 287 334 314
f 334 287 315
f 335 334 336
f 315 336 334
f 271 269 337
f 202 247 338
f 245 339 228
f 289 248 340
f 272 274 341
f 274 318 341
f 248 293 340
f 249 276 293
f 294 250 298
f 206 317 231
f 317 320 231
f 277 297 296
f 321 232 295
f 278 320 236
f 320 342 236
f 321 343 237
f 236 342 322
f 237 343 299
f 281 299 344
f 323 281 344
f 283 323 259
f 326 280 301
f 259 323 304
f 327 324 300
f 284 305 345
f 345 305 346
f 305 306 346
f 327 347 330
f 312 348 263
f 312 332 348
f 330 347 349
f 350 328 311
f 332 349 351
f 330 349 332
f 310 350 311
f 332 351 352
f 350 310 353
f 313 353 310
f 335 331 314
f 333 263 348
f 354 355 286
f 354 286 307
f 354 356 355
f 270 202 357
f 225 358 245
f 247 273 338
f 339 359 228
f 228 359 290
f 360 292 246
f 272 341 273
f 292 361 316
f 362 275 291
f 318 294 363
f 364 319 275
f 365 363 294
f 294 298 366
f 296 297 367
f 297 279 367
f 321 368 343
f 298 238 369
f 370 367 279
f 343 368 371
f 372 369 238
f 342 373 322
f 370 279 374
f 372 238 254
f 279 280 374
f 300 375 327
f 376 326 325
f 377 303 304
f 347 375 378
f 347 327 375
f 379 376 325
f 325 328 379
f 378 349 347
f 307 329 380
f 350 353 381
f 313 382 353
f 313 264 382
f 332 352 348
f 333 348 383
f 264 286 355
f 336 384 335
f 355 385 264
f 336 386 384
f 387 355 356
f 357 388 270
f 389 225 268
f 225 389 358
f 269 270 388
f 268 226 390
f 269 388 337
f 390 226 288
f 358 339 245
f 288 391 390
f 337 360 271
f 360 246 271
f 338 273 392
f 288 289 393
f 393 289 340
f 360 361 292
f 341 394 273
f 290 395 291
f 395 362 291
f 361 396 316
f 397 340 398
f 340 293 398
f 363 399 318
f 366 365 294
f 276 296 400
f 401 295 319
f 317 402 320
f 296 367 400
f 320 402 403
f 403 342 320
f 404 367 370
f 343 371 299
f 405 322 373
f 406 372 254
f 407 406 254
f 254 282 407
f 408 374 280
f 239 322 409
f 408 280 326
f 284 410 282
f 300 239 409
f 345 410 284
f 375 300 409
f 304 323 411
f 304 411 377
f 345 346 412
f 303 377 329
f 349 378 413
f 379 328 414
f 349 413 351
f 328 350 414
f 414 350 381
f 307 380 354
f 385 353 382
f 382 264 385
f 352 383 348
f 385 381 353
f 387 385 355
f 315 415 336
f 315 333 415
f 391 288 393
f 359 416 290
f 273 394 392
f 360 417 361
f 395 290 416
f 418 396 361
f 364 275 362
f 316 396 317
f 364 419 319
f 419 401 319
f 366 298 420
f 400 367 421
f 298 369 422
f 369 423 422
f 421 367 404
f 368 424 371
f 425 342 403
f 424 426 371
f 342 425 373
f 404 370 427
f 372 423 369
f 371 426 299
f 374 427 370
f 426 344 299
f 409 322 405
f 376 408 326
f 375 428 378
f 346 429 412
f 430 379 414
f 306 429 346
f 306 331 429
f 351 413 431
f 329 432 380
f 414 381 433
f 431 352 351
f 384 331 335
f 383 434 333
f 352 431 383
f 385 433 381
f 356 354 435
f 336 415 386
f 357 202 338
f 391 393 436
f 359 437 416
f 393 340 397
f 418 361 417
f 341 438 394
f 416 439 395
f 341 318 438
f 396 418 440
f 399 441 318
f 396 442 317
f 276 400 443
f 317 442 402
f 442 444 402
f 420 445 366
f 298 422 420
f 368 321 446
f 368 446 424
f 374 447 427
f 282 410 407
f 374 408 448
f 409 449 375
f 450 411 323
f 451 410 345
f 430 376 379
f 345 412 451
f 375 449 428
f 411 452 377
f 412 429 453
f 378 428 413
f 377 452 329
f 454 414 433
f 415 333 434
f 387 435 455
f 387 356 435
f 387 456 385
f 455 456 387
f 389 268 457
f 388 357 458
f 338 459 357
f 358 460 339
f 338 461 459
f 338 392 461
f 462 360 337
f 359 339 460
f 463 417 360
f 436 393 464
f 393 397 464
f 438 465 394
f 417 466 418
f 467 418 466
f 398 468 397
f 439 416 469
f 470 418 467
f 318 441 438
f 395 471 362
f 472 396 440
f 398 293 473
f 362 471 474
f 472 475 396
f 362 474 364
f 363 476 477
f 399 363 477
f 475 442 396
f 293 276 443
f 443 473 293
f 363 365 476
f 478 419 364
f 365 366 476
f 476 366 445
f 443 400 479
f 478 401 419
f 478 480 401
f 479 400 481
f 445 420 482
f 402 444 483
f 484 295 401
f 484 321 295
f 402 483 403
f 321 484 446
f 403 483 485
f 404 427 421
f 425 486 373
f 424 487 426
f 486 405 373
f 374 448 447
f 407 410 488
f 489 449 409
f 490 451 412
f 490 412 453
f 452 432 329
f 429 491 453
f 380 432 492
f 331 493 429
f 331 384 493
f 354 380 435
f 385 494 433
f 495 434 383
f 431 495 383
f 386 415 496
f 496 415 434
f 385 456 494
f 386 496 497
f 498 497 496
f 498 496 434
f 462 337 388
f 499 390 391
f 462 463 360
f 460 500 359
f 437 359 500
f 437 501 416
f 416 501 469
f 464 397 468
f 465 438 502
f 502 503 465
f 504 469 505
f 439 469 504
f 502 438 506
f 507 468 398
f 441 506 438
f 470 440 418
f 508 439 504
f 439 508 395
f 398 473 507
f 395 508 471
f 474 471 509
f 399 477 510
f 511 442 475
f 443 512 473
f 479 512 443
f 474 478 364
f 477 476 513
f 476 445 513
f 481 421 514
f 481 400 421
f 515 420 422
f 516 517 483
f 518 424 446
f 421 427 519
f 424 518 487
f 519 427 520
f 521 522 523
f 427 447 520
f 521 524 522
f 372 406 525
f 405 486 526
f 409 405 489
f 344 450 323
f 448 408 527
f 528 529 530
f 449 531 428
f 452 492 432
f 428 532 413
f 414 454 533
f 413 532 431
f 435 380 534
f 534 535 435
f 386 536 384
f 535 455 435
f 535 537 455
f 538 455 537
f 538 456 455
f 498 539 497
f 388 458 540
f 457 268 390
f 458 357 459
f 388 540 462
f 461 392 541
f 541 392 465
f 392 394 465
f 466 417 542
f 543 505 469
f 501 543 469
f 467 544 503
f 505 464 468
f 505 468 504
f 503 502 470
f 503 470 467
f 545 502 506
f 470 502 545
f 468 507 546
f 504 468 546
f 547 546 507
f 504 548 508
f 470 545 549
f 549 440 470
f 550 509 471
f 399 510 551
f 399 552 441
f 473 553 507
f 471 508 550
f 554 399 551
f 399 554 552
f 512 555 473
f 473 555 553
f 472 556 475
f 472 557 556
f 556 511 475
f 558 512 479
f 511 559 442
f 442 559 444
f 513 445 482
f 444 560 483
f 561 562 563
f 562 561 564
f 565 566 567
f 563 562 568
f 401 480 484
f 483 560 516
f 566 569 567
f 514 570 481
f 562 571 568
f 485 483 517
f 522 569 566
f 523 522 566
f 485 425 403
f 572 573 574
f 575 576 577
f 514 421 519
f 578 518 446
f 423 579 422
f 580 486 425
f 562 581 571
f 564 582 562
f 519 520 583
f 584 486 580
f 562 582 581
f 423 372 579
f 569 522 585
f 372 525 579
f 571 581 586
f 406 587 525
f 520 447 588
f 487 589 426
f 529 586 581
f 530 529 581
f 582 530 581
f 522 590 585
f 344 426 589
f 522 524 590
f 591 344 589
f 592 530 582
f 593 524 521
f 593 521 594
f 448 588 447
f 587 407 595
f 407 587 406
f 405 526 489
f 593 596 524
f 597 588 448
f 407 488 598
f 586 529 599
f 527 597 448
f 590 524 600
f 596 600 524
f 592 528 530
f 488 410 451
f 489 601 449
f 449 602 531
f 602 449 601
f 528 603 529
f 596 604 600
f 605 408 376
f 376 430 605
f 604 606 600
f 450 452 411
f 453 491 490
f 490 491 607
f 430 414 533
f 532 428 608
f 491 429 493
f 491 493 607
f 492 609 380
f 532 495 431
f 433 494 454
f 493 384 610
f 495 611 434
f 497 536 386
f 612 494 456
f 538 613 456
f 614 615 537
f 615 538 537
f 498 616 539
f 463 542 417
f 436 464 617
f 464 618 617
f 437 500 501
f 619 466 542
f 466 619 467
f 501 500 543
f 619 544 467
f 505 543 464
f 503 544 465
f 546 620 504
f 504 620 548
f 506 441 621
f 509 550 622
f 441 552 621
f 548 623 508
f 477 551 510
f 507 553 547
f 624 551 477
f 472 440 549
f 556 557 625
f 625 626 556
f 555 627 553
f 474 509 622
f 477 513 624
f 472 549 557
f 511 556 626
f 628 622 550
f 629 474 622
f 626 559 511
f 563 630 561
f 478 474 629
f 565 631 632
f 559 560 444
f 565 567 631
f 633 566 565
f 558 479 634
f 634 479 481
f 635 568 636
f 564 561 637
f 481 570 634
f 560 638 516
f 482 420 515
f 639 567 569
f 640 576 641
f 642 485 638
f 643 574 644
f 574 643 645
f 568 571 636
f 576 646 641
f 647 576 640
f 648 649 484
f 517 516 638
f 485 517 638
f 574 573 644
f 446 484 649
f 571 645 636
f 650 564 637
f 523 646 576
f 647 577 576
f 580 425 485
f 651 574 645
f 572 574 651
f 571 651 645
f 646 523 566
f 446 649 578
f 576 575 523
f 652 573 653
f 652 653 654
f 573 572 655
f 651 655 572
f 586 651 571
f 656 650 657
f 658 656 657
f 659 660 661
f 577 662 575
f 653 573 655
f 583 520 663
f 584 580 664
f 586 655 651
f 521 523 665
f 584 526 486
f 586 666 655
f 520 588 663
f 525 587 667
f 587 595 667
f 665 668 521
f 668 594 521
f 663 588 597
f 595 591 589
f 598 591 595
f 598 595 407
f 586 599 666
f 669 590 600
f 597 527 670
f 591 671 344
f 344 671 450
f 598 671 591
f 593 672 604
f 596 593 604
f 598 488 451
f 601 489 673
f 674 599 529
f 592 675 528
f 669 600 606
f 603 674 529
f 672 606 604
f 603 528 675
f 533 605 430
f 676 490 607
f 452 677 492
f 678 679 533
f 454 678 533
f 492 677 609
f 493 610 680
f 610 681 680
f 682 495 532
f 609 534 380
f 682 683 495
f 494 678 454
f 609 684 534
f 685 686 610
f 610 384 685
f 685 384 536
f 683 611 495
f 684 687 534
f 688 689 685
f 689 686 685
f 685 536 688
f 534 687 535
f 537 535 614
f 536 690 688
f 497 691 536
f 456 613 612
f 497 539 691
f 615 613 538
f 499 457 390
f 692 460 358
f 461 693 459
f 694 695 541
f 694 541 465
f 618 464 543
f 544 694 465
f 696 619 542
f 506 697 545
f 546 698 620
f 506 621 697
f 549 545 697
f 555 699 627
f 700 623 548
f 625 701 626
f 512 699 555
f 702 553 627
f 553 702 547
f 699 512 703
f 550 508 628
f 551 624 704
f 551 704 554
f 622 628 705
f 629 622 705
f 558 703 512
f 706 628 707
f 568 708 630
f 633 565 632
f 709 710 711
f 630 563 568
f 561 630 712
f 709 713 710
f 635 714 715
f 708 635 715
f 708 568 635
f 513 716 624
f 717 718 714
f 631 567 719
f 713 633 710
f 714 635 717
f 713 720 633
f 713 709 721
f 722 478 629
f 559 723 560
f 720 566 633
f 478 722 480
f 513 482 716
f 636 718 717
f 635 636 717
f 713 724 720
f 721 724 713
f 636 725 718
f 637 561 726
f 721 641 724
f 724 646 720
f 484 480 648
f 726 727 637
f 728 729 730
f 646 566 720
f 641 646 724
f 725 636 645
f 727 657 637
f 731 570 514
f 732 657 727
f 657 650 637
f 661 660 728
f 661 728 639
f 639 569 661
f 731 514 519
f 573 652 644
f 732 658 657
f 660 729 728
f 569 585 661
f 579 733 422
f 660 734 729
f 734 660 659
f 661 735 659
f 577 736 662
f 582 564 650
f 575 737 523
f 662 737 575
f 737 665 523
f 518 589 487
f 585 590 738
f 666 739 655
f 582 740 592
f 590 669 738
f 597 670 741
f 593 594 742
f 671 743 450
f 599 744 666
f 742 594 668
f 599 674 744
f 675 740 745
f 675 592 740
f 669 606 746
f 742 672 593
f 747 670 527
f 601 673 602
f 746 606 672
f 605 747 527
f 605 527 408
f 531 602 748
f 450 743 452
f 743 749 452
f 603 745 674
f 490 676 451
f 676 750 451
f 675 745 603
f 531 748 751
f 531 751 428
f 608 428 751
f 752 607 493
f 680 752 493
f 682 532 608
f 680 681 753
f 679 678 754
f 682 755 683
f 754 678 494
f 684 609 756
f 755 757 683
f 757 611 683
f 498 434 611
f 758 614 535
f 687 758 535
f 688 690 689
f 539 759 691
f 614 760 615
f 389 692 358
f 693 458 459
f 540 761 462
f 391 436 617
f 695 461 541
f 619 694 544
f 697 621 549
f 700 548 620
f 547 762 698
f 547 698 546
f 625 763 701
f 764 765 630
f 625 557 763
f 765 712 630
f 627 766 702
f 547 702 762
f 508 623 628
f 630 708 764
f 623 707 628
f 767 626 701
f 768 633 632
f 711 710 768
f 708 715 769
f 710 633 768
f 706 705 628
f 770 705 706
f 705 770 629
f 554 704 771
f 626 767 559
f 714 769 715
f 704 624 716
f 559 767 723
f 714 718 769
f 719 639 772
f 770 706 773
f 718 774 769
f 719 567 639
f 716 775 704
f 775 771 704
f 712 726 561
f 770 722 629
f 776 727 726
f 639 730 777
f 774 718 725
f 776 778 727
f 639 728 730
f 779 780 721
f 641 721 780
f 560 723 638
f 723 781 638
f 634 570 782
f 480 722 648
f 716 482 783
f 783 775 716
f 640 641 780
f 731 782 570
f 482 515 783
f 642 638 781
f 644 645 643
f 778 732 727
f 784 647 640
f 784 736 647
f 649 648 785
f 485 642 580
f 515 422 733
f 652 786 644
f 736 577 647
f 731 519 787
f 649 788 578
f 732 789 658
f 790 658 789
f 582 650 790
f 656 790 650
f 519 583 791
f 652 654 792
f 658 790 656
f 735 661 585
f 579 525 793
f 653 655 794
f 737 795 665
f 662 795 737
f 796 653 794
f 796 654 653
f 797 584 664
f 583 663 597
f 595 589 798
f 584 797 526
f 799 796 800
f 739 800 794
f 655 739 794
f 597 801 583
f 799 802 796
f 797 489 526
f 803 800 739
f 668 665 804
f 667 595 805
f 489 797 673
f 799 803 802
f 738 669 806
f 666 807 739
f 598 808 671
f 598 451 808
f 809 739 807
f 806 669 746
f 672 810 746
f 742 810 672
f 811 742 668
f 674 812 744
f 745 812 674
f 742 813 814
f 752 676 607
f 452 815 677
f 753 752 680
f 608 816 682
f 677 756 609
f 817 679 754
f 682 816 755
f 818 681 610
f 818 610 686
f 686 689 818
f 755 819 757
f 612 820 754
f 754 494 612
f 684 821 687
f 689 822 818
f 536 691 690
f 611 823 498
f 689 691 822
f 690 691 689
f 758 760 614
f 823 616 498
f 760 824 615
f 824 613 615
f 825 540 458
f 499 391 617
f 695 693 461
f 761 463 462
f 500 692 826
f 692 500 460
f 618 543 827
f 826 827 543
f 500 826 543
f 619 696 694
f 632 631 828
f 700 620 698
f 699 766 627
f 631 719 829
f 762 830 698
f 700 698 830
f 831 621 552
f 621 832 549
f 833 712 765
f 834 768 835
f 703 766 699
f 768 834 711
f 549 832 557
f 707 623 836
f 769 837 708
f 838 552 554
f 771 838 554
f 707 839 706
f 769 774 837
f 772 639 777
f 558 634 703
f 840 726 712
f 776 726 840
f 841 778 776
f 706 839 773
f 842 838 771
f 842 771 775
f 843 844 777
f 709 779 721
f 777 730 843
f 722 770 773
f 843 730 729
f 703 634 782
f 722 773 648
f 775 783 842
f 778 845 789
f 778 789 732
f 640 780 784
f 846 645 644
f 644 786 846
f 847 729 734
f 783 515 848
f 515 733 848
f 580 642 849
f 850 847 734
f 851 580 849
f 791 787 519
f 734 659 850
f 850 659 735
f 733 579 793
f 664 580 851
f 792 786 652
f 852 662 736
f 852 853 662
f 654 796 792
f 791 583 801
f 798 589 518
f 792 796 854
f 794 800 796
f 853 852 855
f 856 525 667
f 796 802 854
f 582 857 740
f 738 735 585
f 799 800 803
f 804 665 858
f 597 741 801
f 805 595 798
f 803 854 802
f 668 804 811
f 667 805 808
f 806 859 738
f 671 805 743
f 808 805 671
f 747 741 670
f 808 451 750
f 605 741 747
f 745 740 860
f 806 746 810
f 673 748 602
f 666 809 807
f 744 809 666
f 742 814 810
f 744 861 809
f 862 742 811
f 863 744 812
f 862 813 742
f 863 861 744
f 749 815 452
f 863 864 861
f 533 679 865
f 865 679 817
f 756 821 684
f 754 820 817
f 687 821 758
f 823 611 757
f 616 866 539
f 499 867 457
f 693 825 458
f 825 868 540
f 540 868 761
f 457 869 389
f 869 692 389
f 499 617 870
f 696 695 694
f 463 871 542
f 617 618 872
f 827 872 618
f 542 871 696
f 631 829 828
f 873 835 768
f 621 831 832
f 874 708 837
f 874 764 708
f 830 875 700
f 623 700 875
f 876 702 766
f 702 877 762
f 830 762 877
f 701 763 767
f 833 840 712
f 840 833 878
f 879 777 844
f 772 777 879
f 711 834 779
f 703 876 766
f 702 876 877
f 779 709 711
f 880 557 832
f 880 763 557
f 881 776 840
f 776 881 882
f 836 883 707
f 882 841 776
f 707 883 839
f 767 884 723
f 839 883 885
f 774 886 837
f 839 885 773
f 725 886 774
f 779 887 780
f 888 703 782
f 781 723 884
f 725 846 886
f 842 783 889
f 645 846 725
f 642 781 890
f 784 780 891
f 731 892 782
f 731 787 892
f 648 893 785
f 894 889 783
f 642 890 849
f 895 785 893
f 894 783 848
f 649 785 788
f 733 896 848
f 790 789 897
f 793 896 733
f 787 791 898
f 785 899 788
f 788 899 578
f 792 900 786
f 900 792 901
f 518 578 902
f 790 857 582
f 662 853 795
f 518 902 798
f 525 856 793
f 792 854 901
f 853 858 795
f 852 903 855
f 901 854 904
f 795 858 665
f 858 853 855
f 803 739 904
f 854 803 904
f 859 735 738
f 855 905 858
f 855 903 905
f 797 906 673
f 904 809 907
f 809 904 739
f 908 809 909
f 910 862 811
f 809 861 909
f 745 911 812
f 813 912 814
f 813 862 912
f 912 862 913
f 863 812 864
f 864 909 861
f 815 756 677
f 816 608 914
f 915 753 681
f 818 915 681
f 612 916 820
f 917 760 758
f 691 759 822
f 612 613 918
f 824 918 613
f 760 919 824
f 870 867 499
f 870 617 872
f 826 692 869
f 920 696 871
f 921 765 764
f 632 828 922
f 768 632 922
f 873 768 922
f 923 764 874
f 829 719 924
f 878 833 925
f 719 772 924
f 878 882 881
f 881 840 878
f 772 879 924
f 879 844 926
f 836 623 875
f 552 927 831
f 831 927 832
f 703 888 876
f 836 875 830
f 763 928 767
f 838 927 552
f 927 929 832
f 929 880 832
f 880 928 763
f 926 844 930
f 928 884 767
f 778 931 845
f 778 841 931
f 883 836 932
f 844 843 930
f 842 933 838
f 930 843 847
f 933 934 838
f 934 927 838
f 847 843 729
f 888 782 935
f 893 773 885
f 932 893 885
f 842 889 933
f 845 897 789
f 887 891 780
f 782 892 935
f 773 893 648
f 892 787 936
f 848 937 894
f 846 786 938
f 939 847 850
f 848 896 937
f 787 898 936
f 849 940 851
f 785 895 899
f 938 786 941
f 851 940 942
f 786 900 941
f 943 852 736
f 902 578 899
f 851 942 664
f 897 857 790
f 793 856 944
f 945 850 735
f 946 664 942
f 797 664 946
f 947 901 948
f 857 949 740
f 805 798 950
f 946 906 797
f 951 947 948
f 667 808 856
f 952 951 948
f 804 858 953
f 949 954 740
f 805 950 743
f 955 743 950
f 906 956 673
f 806 957 859
f 673 956 748
f 740 954 860
f 743 955 749
f 748 956 751
f 958 806 810
f 804 910 811
f 909 959 908
f 960 810 814
f 862 910 961
f 605 533 962
f 909 963 959
f 962 533 865
f 964 864 812
f 864 965 909
f 862 966 913
f 966 862 967
f 965 963 909
f 964 965 864
f 816 819 755
f 915 818 968
f 818 969 968
f 969 818 822
f 820 916 817
f 757 970 823
f 612 971 916
f 972 917 758
f 918 971 612
f 919 760 973
f 973 760 917
f 919 974 824
f 919 975 974
f 973 975 919
f 616 823 976
f 977 974 975
f 977 975 973
f 867 978 457
f 978 869 457
f 825 979 980
f 693 979 825
f 979 693 695
f 871 463 981
f 463 761 981
f 982 872 827
f 869 827 826
f 695 696 979
f 920 979 696
f 921 764 923
f 922 983 873
f 924 879 926
f 984 834 835
f 878 931 882
f 984 985 834
f 882 931 841
f 834 985 779
f 986 926 930
f 985 887 779
f 876 888 987
f 830 877 836
f 928 880 988
f 989 836 877
f 929 988 880
f 928 988 884
f 845 931 990
f 876 987 877
f 932 836 989
f 988 929 991
f 987 888 935
f 987 992 877
f 989 877 992
f 932 885 883
f 934 993 927
f 929 927 993
f 845 990 897
f 988 991 781
f 884 988 781
f 934 933 889
f 890 991 929
f 993 994 890
f 929 993 890
f 781 991 890
f 846 995 886
f 892 992 935
f 892 996 992
f 893 932 997
f 849 890 994
f 893 998 895
f 938 995 846
f 943 784 891
f 894 999 889
f 943 736 784
f 793 1000 896
f 793 944 1000
f 852 943 1001
f 898 791 1002
f 1001 903 852
f 1001 1003 903
f 902 1004 798
f 901 947 900
f 791 801 1005
f 901 904 948
f 945 735 859
f 1003 1006 903
f 948 904 907
f 858 905 953
f 905 1007 953
f 801 741 1008
f 801 1008 1005
f 905 903 1007
f 1007 903 1006
f 856 808 1009
f 907 952 948
f 804 953 1010
f 1008 741 605
f 808 750 1009
f 906 1011 956
f 1012 907 809
f 957 806 958
f 1012 809 908
f 954 1013 860
f 1014 1015 954
f 804 961 910
f 745 860 911
f 1016 960 814
f 751 1017 608
f 1016 814 912
f 961 967 862
f 964 812 911
f 752 753 1018
f 1016 912 913
f 913 966 1019
f 1020 1019 966
f 966 967 1020
f 914 819 816
f 965 1021 963
f 965 964 1021
f 865 817 1022
f 821 756 1023
f 817 916 1022
f 821 1024 758
f 970 757 819
f 759 1025 822
f 918 824 974
f 973 917 977
f 539 1026 759
f 539 866 1026
f 1027 867 870
f 982 870 872
f 982 827 1028
f 869 1028 827
f 922 828 1029
f 1030 921 1031
f 765 921 1030
f 833 765 1030
f 1032 829 924
f 925 833 1030
f 926 986 924
f 984 835 873
f 878 925 931
f 930 1033 986
f 1033 930 847
f 1033 847 939
f 932 989 997
f 992 987 935
f 992 996 989
f 997 989 1034
f 996 1034 989
f 1034 1035 997
f 998 893 997
f 891 1036 943
f 889 999 934
f 993 934 999
f 849 994 1037
f 892 936 996
f 1038 895 998
f 937 1039 894
f 940 849 1037
f 1039 999 894
f 996 936 898
f 937 896 1039
f 902 899 1040
f 896 1000 1039
f 1037 942 940
f 1041 850 945
f 897 1042 857
f 1002 791 1005
f 949 857 1042
f 945 859 1043
f 1044 1014 949
f 1007 1045 953
f 798 1046 950
f 954 949 1014
f 1045 1010 953
f 1007 1047 1045
f 1007 1006 1048
f 1046 955 950
f 1049 1050 1043
f 859 1051 1043
f 1051 1049 1043
f 1048 1047 1007
f 957 1051 859
f 605 962 1052
f 1014 1053 1015
f 957 1054 1051
f 1054 1049 1051
f 1013 954 1015
f 1049 1054 1055
f 958 1054 957
f 1010 961 804
f 908 959 1012
f 959 1056 1012
f 810 960 958
f 1057 860 1013
f 1055 1054 1058
f 1054 958 960
f 1017 751 956
f 1015 1059 1013
f 1059 1015 1053
f 1058 1054 1060
f 1060 1054 960
f 963 1061 1056
f 963 1056 959
f 676 752 1018
f 1062 1018 1063
f 865 1064 962
f 1018 753 1063
f 1016 913 1019
f 914 608 1017
f 963 1065 1066
f 1067 964 911
f 815 1062 756
f 915 1063 753
f 963 1021 1065
f 1021 964 1067
f 1062 1023 756
f 821 1023 1024
f 819 1068 970
f 758 1024 972
f 1069 916 971
f 822 1025 969
f 971 918 1070
f 866 616 976
f 977 1071 974
f 1071 977 917
f 867 1027 1072
f 867 1072 978
f 870 982 1027
f 978 1028 869
f 980 979 920
f 981 761 868
f 1073 922 1029
f 1074 828 1032
f 1073 983 922
f 923 874 1075
f 829 1032 828
f 984 873 983
f 1076 874 837
f 1077 1076 837
f 837 886 1077
f 925 1078 931
f 1079 986 1033
f 1078 990 931
f 1036 891 887
f 993 1080 994
f 990 1081 897
f 1082 943 1036
f 1035 998 997
f 1034 996 1083
f 1038 998 1035
f 999 1080 993
f 1037 994 1084
f 939 850 1085
f 1086 999 1039
f 1037 1084 1087
f 850 1041 1085
f 898 1088 996
f 1088 1083 996
f 900 1089 941
f 1090 1042 897
f 1088 898 1002
f 900 947 1091
f 1042 1044 949
f 1092 1044 1042
f 945 1043 1093
f 946 1094 906
f 947 951 1091
f 1091 951 1095
f 1093 1043 1050
f 856 1009 944
f 1044 1096 1014
f 1010 1045 1047
f 952 1097 1095
f 952 1095 951
f 907 1097 952
f 1098 1014 1096
f 605 1052 1008
f 1097 907 1012
f 1014 1098 1053
f 1009 750 1099
f 1011 1100 956
f 1101 1050 1049
f 1102 1010 1047
f 1099 750 676
f 1101 1049 1055
f 749 1103 815
f 1103 1104 815
f 961 1010 1105
f 1064 1106 962
f 815 1104 1018
f 1107 676 1108
f 1013 1059 1057
f 1053 1098 1109
f 1059 1053 1109
f 1055 1110 1101
f 1058 1110 1055
f 1111 1060 960
f 1018 1108 676
f 860 1112 911
f 1058 1060 1111
f 963 1066 1061
f 961 1105 967
f 1018 1062 815
f 1113 1066 1065
f 1019 1114 1016
f 1115 1114 1019
f 915 1116 1063
f 1020 1115 1019
f 1020 967 1115
f 1117 1115 967
f 914 1017 819
f 1067 1118 1021
f 915 968 1116
f 819 1017 1068
f 1022 916 1119
f 971 1070 1069
f 1120 1070 918
f 1026 866 1121
f 1121 866 976
f 974 1120 918
f 1071 1120 974
f 1072 1122 978
f 825 1123 868
f 825 980 1123
f 978 1122 1028
f 868 1123 981
f 920 871 1123
f 871 981 1123
f 1029 828 1074
f 1030 1031 1124
f 874 1076 1075
f 984 1125 985
f 886 995 1077
f 1081 1090 897
f 1080 1126 994
f 1127 995 938
f 1128 1127 938
f 999 1126 1080
f 1126 1084 994
f 1083 1129 1034
f 1034 1129 1035
f 1129 1038 1035
f 938 941 1128
f 899 1038 1130
f 899 895 1038
f 1130 1040 899
f 1040 1131 902
f 1130 1131 1040
f 1037 1087 942
f 1000 944 1132
f 1092 1042 1090
f 1041 945 1133
f 1087 1134 942
f 942 1134 946
f 900 1091 1089
f 1001 1135 1003
f 1136 1088 1005
f 1005 1088 1002
f 902 1131 1004
f 1133 945 1093
f 1092 1137 1044
f 1008 1136 1005
f 1096 1044 1137
f 944 1009 1138
f 1094 1011 906
f 1095 1097 1139
f 1103 749 955
f 1009 1099 1138
f 1098 1140 1109
f 1010 1102 1105
f 1012 1056 1141
f 1142 1012 1141
f 1101 1143 1144
f 1101 1110 1143
f 1100 1017 956
f 1059 1109 1057
f 1110 1111 1143
f 1108 1104 1062
f 1108 1018 1104
f 1061 1141 1056
f 1111 1110 1058
f 960 1145 1111
f 960 1016 1145
f 1108 1062 1063
f 1016 1114 1145
f 1066 1113 1061
f 911 1112 1146
f 1117 967 1105
f 1022 1064 865
f 1147 1063 1116
f 1115 1117 1148
f 1021 1149 1065
f 1149 1021 1118
f 1024 1023 1150
f 972 1024 1150
f 1151 972 1150
f 823 970 1152
f 823 1152 976
f 972 1153 917
f 917 1154 1071
f 759 1026 1155
f 976 1156 1121
f 1071 1157 1120
f 1072 1027 982
f 1072 982 1028
f 1158 1029 1074
f 923 1031 921
f 923 1075 1159
f 1160 925 1030
f 1160 1078 925
f 924 986 1032
f 1032 986 1079
f 1161 1077 995
f 1078 1162 990
f 990 1162 1081
f 985 1125 887
f 887 1125 1036
f 995 1127 1161
f 1036 1163 1082
f 1164 943 1082
f 999 1086 1126
f 941 1089 1128
f 1084 1126 1086
f 1165 1038 1129
f 1166 1086 1039
f 1164 1001 943
f 1130 1038 1165
f 1166 1039 1000
f 1167 1168 1090
f 1164 1135 1001
f 1090 1168 1092
f 1092 1168 1137
f 1088 1136 1169
f 946 1134 1170
f 1133 1093 1171
f 1131 1172 1004
f 1171 1093 1050
f 1091 1095 1139
f 1137 1173 1096
f 1046 798 1004
f 1174 1048 1006
f 1175 1050 1101
f 1096 1173 1098
f 1048 1176 1047
f 1176 1048 1177
f 1046 1103 955
f 1098 1173 1140
f 1011 1178 1100
f 1142 1139 1097
f 1097 1012 1142
f 1101 1144 1175
f 962 1106 1052
f 676 1107 1099
f 1103 1179 1104
f 1140 1057 1109
f 1111 1145 1143
f 860 1057 1112
f 1108 1063 1180
f 1146 1112 1181
f 1182 1145 1114
f 1183 1061 1113
f 1184 1117 1105
f 1185 1184 1105
f 1113 1065 1183
f 1114 1115 1186
f 1184 1187 1117
f 1188 1067 911
f 1017 1189 1068
f 1065 1190 1183
f 1065 1149 1190
f 1118 1067 1191
f 1188 1191 1067
f 1190 1192 1193
f 1192 1190 1149
f 1149 1118 1194
f 1194 1118 1195
f 970 1068 1196
f 1069 1119 916
f 1197 1151 1150
f 969 1025 1198
f 1151 1153 972
f 759 1155 1025
f 917 1153 1154
f 976 1152 1156
f 1199 1070 1120
f 1120 1157 1199
f 1154 1157 1071
f 1156 1200 1121
f 1028 1122 1072
f 1123 980 920
f 1158 1074 1201
f 1032 1202 1074
f 1030 1124 1160
f 1076 1203 1075
f 984 983 1204
f 1203 1076 1205
f 1076 1077 1205
f 1206 1125 984
f 1033 1207 1079
f 1207 1033 939
f 1207 939 1208
f 1163 1036 1125
f 1208 939 1085
f 1209 1210 1133
f 1133 1210 1085
f 1211 1083 1088
f 1085 1041 1133
f 1083 1169 1129
f 1212 1086 1166
f 1086 1087 1084
f 1171 1209 1133
f 1211 1088 1169
f 1132 944 1213
f 1213 1000 1132
f 1171 1050 1175
f 1214 1213 944
f 946 1170 1215
f 1137 1216 1173
f 944 1138 1214
f 1215 1094 946
f 1003 1174 1006
f 1136 1008 1217
f 1139 1218 1091
f 1219 1046 1004
f 1220 1175 1144
f 1174 1177 1048
f 1008 1052 1221
f 1046 1219 1103
f 1178 1011 1094
f 1047 1176 1102
f 1138 1099 1222
f 1222 1099 1107
f 1102 1176 1223
f 1177 1223 1176
f 1103 1224 1179
f 1141 1225 1142
f 1105 1102 1226
f 1227 1143 1145
f 1108 1180 1107
f 1179 1062 1104
f 1228 1062 1179
f 1100 1229 1017
f 1145 1182 1227
f 1147 1180 1063
f 1183 1230 1061
f 1231 1181 1112
f 1114 1232 1182
f 1231 1146 1181
f 1183 1233 1230
f 1188 911 1146
f 1148 1117 1187
f 1116 968 1147
f 1190 1233 1183
f 1115 1148 1234
f 1022 1119 1235
f 1236 1233 1193
f 1233 1190 1193
f 1118 1237 1195
f 1238 1192 1149
f 1194 1238 1149
f 1119 1239 1235
f 1068 1240 1196
f 1192 1238 1193
f 1240 1241 1196
f 1119 1242 1239
f 1242 1119 1069
f 1243 969 1198
f 1152 970 1244
f 1244 970 1196
f 1245 1246 1069
f 1069 1070 1245
f 1025 1247 1198
f 1200 1156 1152
f 1157 1248 1199
f 1073 1029 1158
f 1073 1249 983
f 1075 1203 1159
f 1249 1204 983
f 1079 1250 1032
f 1204 1251 984
f 1251 1206 984
f 1252 1082 1163
f 1164 1082 1252
f 1127 1128 1253
f 1081 1254 1090
f 1128 1089 1253
f 1210 1208 1085
f 1090 1254 1167
f 1255 1168 1254
f 1254 1168 1167
f 1211 1169 1083
f 1086 1212 1087
f 1091 1256 1089
f 1209 1171 1257
f 1257 1171 1258
f 1087 1259 1134
f 1168 1255 1216
f 1000 1213 1166
f 1170 1134 1215
f 1130 1172 1131
f 1134 1259 1215
f 1168 1216 1137
f 1258 1171 1175
f 1169 1136 1260
f 1003 1261 1174
f 1262 1094 1215
f 1173 1216 1263
f 1140 1173 1263
f 1264 1222 1107
f 1052 1265 1221
f 1139 1142 1266
f 1223 1226 1102
f 1052 1106 1265
f 1224 1267 1179
f 1264 1267 1224
f 1057 1268 1269
f 1268 1057 1140
f 1107 1180 1270
f 1057 1269 1112
f 1061 1230 1141
f 1229 1271 1017
f 1064 1022 1272
f 1227 1182 1232
f 1017 1271 1189
f 1232 1114 1186
f 1272 1022 1235
f 1062 1273 1023
f 1184 1274 1187
f 1272 1235 1275
f 1240 1068 1189
f 1115 1234 1186
f 1118 1191 1237
f 1275 1235 1239
f 1242 1276 1239
f 1243 968 969
f 1242 1069 1246
f 1277 1246 1245
f 1243 1198 1278
f 1245 1279 1277
f 1245 1070 1279
f 1197 1280 1151
f 1199 1281 1070
f 1026 1282 1155
f 1281 1199 1248
f 1282 1026 1121
f 1154 1283 1157
f 1200 1282 1121
f 923 1284 1031
f 1159 1284 923
f 1201 1074 1202
f 1250 1202 1032
f 1077 1285 1205
f 1286 1287 1162
f 1077 1288 1285
f 1077 1161 1288
f 1289 1125 1206
f 1081 1162 1287
f 1081 1287 1290
f 1127 1291 1161
f 1290 1254 1081
f 1291 1127 1253
f 1292 1293 1209
f 1210 1209 1293
f 1294 1208 1210
f 1295 1135 1164
f 1292 1209 1257
f 1294 1292 1257
f 1165 1129 1296
f 1294 1257 1258
f 1296 1129 1169
f 1130 1165 1297
f 1259 1087 1212
f 1256 1091 1298
f 1172 1130 1297
f 1259 1299 1215
f 1261 1003 1135
f 1213 1214 1300
f 1301 1302 1214
f 1091 1218 1298
f 1258 1175 1220
f 1217 1008 1221
f 1214 1138 1303
f 1174 1304 1177
f 1305 1103 1219
f 1306 1220 1144
f 1264 1307 1222
f 1177 1304 1223
f 1103 1305 1224
f 1224 1305 1307
f 1307 1264 1224
f 1140 1263 1308
f 1223 1304 1226
f 1309 1100 1178
f 1142 1225 1266
f 1264 1107 1270
f 1270 1267 1264
f 1100 1309 1229
f 1144 1143 1310
f 1311 1225 1141
f 1310 1143 1227
f 1312 1105 1226
f 1185 1105 1312
f 1311 1141 1230
f 1231 1112 1269
f 1062 1228 1273
f 1271 1313 1189
f 1231 1314 1146
f 1184 1185 1274
f 1313 1240 1189
f 1023 1273 1150
f 1230 1233 1236
f 1234 1148 1315
f 1187 1274 1316
f 1317 1234 1315
f 1187 1318 1148
f 1316 1318 1187
f 1240 1319 1241
f 1237 1320 1194
f 1195 1237 1194
f 1239 1276 1275
f 1276 1242 1246
f 1321 1197 1150
f 1277 1276 1246
f 1322 1244 1196
f 1241 1322 1196
f 1278 1198 1323
f 1070 1281 1279
f 1247 1323 1198
f 1155 1247 1025
f 1282 1324 1155
f 1200 1152 1325
f 1282 1200 1325
f 1326 1282 1325
f 1284 1124 1031
f 1202 1327 1201
f 1158 1328 1073
f 1328 1249 1073
f 1159 1203 1329
f 1330 1203 1205
f 1160 1331 1078
f 1331 1162 1078
f 1125 1289 1332
f 1125 1332 1333
f 1333 1163 1125
f 1295 1164 1252
f 1293 1292 1210
f 1089 1256 1253
f 1294 1210 1292
f 1294 1258 1334
f 1166 1335 1212
f 1336 1256 1298
f 1296 1169 1260
f 1212 1335 1259
f 1261 1135 1337
f 1166 1213 1300
f 1255 1338 1216
f 1300 1214 1302
f 1299 1262 1215
f 1004 1172 1219
f 1338 1263 1216
f 1301 1214 1303
f 1174 1261 1304
f 1138 1222 1303
f 1339 1094 1262
f 1266 1218 1139
f 1339 1178 1094
f 1340 1221 1265
f 1308 1268 1140
f 1179 1267 1341
f 1266 1225 1311
f 1106 1064 1342
f 1179 1341 1228
f 1064 1272 1342
f 1343 1310 1227
f 1227 1344 1343
f 1227 1232 1344
f 1345 1311 1230
f 1314 1231 1269
f 1240 1313 1319
f 1315 1148 1318
f 1234 1346 1186
f 1193 1347 1236
f 1238 1347 1193
f 1238 1194 1320
f 1234 1317 1348
f 1197 1321 1280
f 1151 1280 1153
f 1244 1349 1152
f 1152 1349 1325
f 1326 1324 1282
f 1157 1283 1248
f 1202 1250 1350
f 1205 1351 1330
f 1352 1251 1204
f 1331 1286 1162
f 1205 1285 1351
f 1251 1353 1206
f 1079 1207 1354
f 1353 1289 1206
f 1285 1288 1355
f 1289 1356 1332
f 1207 1208 1354
f 1354 1208 1357
f 1208 1294 1357
f 1358 1252 1163
f 1295 1252 1358
f 1253 1256 1359
f 1254 1290 1360
f 1357 1294 1334
f 1135 1295 1361
f 1135 1361 1337
f 1362 1165 1296
f 1166 1300 1335
f 1220 1334 1258
f 1165 1362 1297
f 1300 1302 1363
f 1136 1364 1260
f 1136 1217 1364
f 1217 1221 1364
f 1263 1338 1365
f 1364 1221 1366
f 1221 1340 1366
f 1222 1307 1303
f 1220 1306 1367
f 1263 1365 1308
f 1368 1306 1144
f 1340 1265 1369
f 1310 1368 1144
f 1265 1106 1369
f 1342 1369 1106
f 1345 1370 1311
f 1147 1371 1180
f 1343 1344 1372
f 1228 1373 1273
f 1345 1230 1374
f 1269 1375 1314
f 1376 1344 1232
f 1185 1377 1274
f 1377 1316 1274
f 1272 1275 1378
f 1147 968 1371
f 1230 1236 1374
f 1314 1188 1146
f 1376 1232 1186
f 968 1379 1371
f 1346 1376 1186
f 1320 1347 1238
f 1234 1348 1346
f 1150 1273 1321
f 1380 1241 1319
f 1188 1381 1191
f 1317 1315 1382
f 1348 1317 1382
f 1383 1382 1315
f 968 1243 1379
f 1384 1320 1237
f 1381 1237 1191
f 1385 1386 1320
f 1385 1320 1384
f 1241 1387 1322
f 1278 1323 1379
f 1388 1153 1280
f 1389 1323 1247
f 1247 1390 1389
f 1155 1390 1247
f 1324 1390 1155
f 1153 1391 1154
f 1248 1392 1281
f 1283 1154 1391
f 1393 1158 1201
f 1393 1201 1327
f 1124 1284 1394
f 1249 1395 1204
f 1204 1396 1352
f 1350 1250 1397
f 1250 1079 1397
f 1397 1079 1354
f 1353 1251 1352
f 1398 1399 1353
f 1285 1400 1351
f 1353 1399 1289
f 1355 1400 1285
f 1289 1399 1356
f 1355 1288 1401
f 1161 1402 1288
f 1163 1333 1358
f 1359 1291 1253
f 1256 1403 1359
f 1336 1403 1256
f 1254 1360 1255
f 1361 1404 1337
f 1405 1362 1296
f 1406 1260 1364
f 1219 1172 1407
f 1303 1302 1301
f 1298 1218 1408
f 1408 1218 1266
f 1368 1367 1306
f 1341 1307 1305
f 1409 1307 1267
f 1267 1307 1341
f 1267 1270 1409
f 1309 1178 1339
f 1268 1308 1410
f 1368 1310 1411
f 1304 1412 1226
f 1226 1412 1413
f 1312 1226 1413
f 1309 1414 1229
f 1266 1311 1370
f 1415 1269 1410
f 1269 1268 1410
f 1411 1416 1417
f 1411 1310 1416
f 1310 1343 1416
f 1269 1415 1418
f 1413 1419 1312
f 1271 1229 1414
f 1415 1420 1418
f 1416 1343 1372
f 1419 1421 1185
f 1312 1419 1185
f 1418 1375 1269
f 1344 1422 1372
f 1376 1422 1344
f 1185 1421 1377
f 1373 1423 1273
f 1275 1276 1424
f 1236 1347 1374
f 1383 1315 1318
f 1383 1318 1425
f 1425 1318 1316
f 1273 1423 1321
f 1347 1320 1386
f 1381 1188 1426
f 1383 1427 1382
f 1427 1383 1425
f 1243 1278 1379
f 1382 1428 1348
f 1276 1277 1429
f 1385 1430 1386
f 1385 1384 1430
f 1381 1384 1237
f 1279 1429 1277
f 1431 1244 1322
f 1389 1379 1323
f 1153 1388 1391
f 1349 1432 1325
f 1325 1432 1326
f 1248 1433 1392
f 1248 1283 1433
f 1159 1434 1284
f 1435 1160 1124
f 1249 1436 1395
f 1329 1203 1330
f 1395 1396 1204
f 1330 1351 1437
f 1286 1331 1438
f 1400 1437 1351
f 1439 1286 1438
f 1440 1353 1352
f 1286 1439 1287
f 1441 1397 1354
f 1353 1440 1398
f 1442 1287 1439
f 1443 1287 1442
f 1444 1356 1399
f 1401 1288 1402
f 1445 1333 1332
f 1161 1446 1402
f 1290 1287 1447
f 1448 1354 1357
f 1161 1291 1446
f 1291 1359 1446
f 1358 1449 1295
f 1450 1361 1295
f 1450 1404 1361
f 1336 1298 1451
f 1452 1296 1260
f 1452 1405 1296
f 1453 1297 1362
f 1259 1454 1299
f 1337 1455 1261
f 1302 1303 1363
f 1262 1299 1456
f 1262 1456 1339
f 1455 1304 1261
f 1455 1457 1304
f 1457 1412 1304
f 1266 1370 1458
f 1308 1365 1410
f 1368 1417 1459
f 1368 1411 1417
f 1339 1414 1309
f 1369 1342 1340
f 1341 1460 1228
f 1180 1461 1270
f 1413 1412 1419
f 1272 1462 1342
f 1416 1372 1463
f 1460 1373 1228
f 1464 1370 1345
f 1372 1422 1463
f 1462 1272 1378
f 1465 1422 1376
f 1313 1380 1319
f 1275 1424 1378
f 1377 1425 1316
f 1466 1371 1379
f 1241 1380 1467
f 1468 1376 1346
f 1241 1467 1387
f 1188 1314 1426
f 1346 1469 1468
f 1346 1348 1428
f 1470 1382 1427
f 1322 1387 1431
f 1384 1381 1471
f 1471 1381 1472
f 1428 1469 1346
f 1281 1473 1279
f 1349 1244 1431
f 1390 1474 1475
f 1389 1390 1475
f 1388 1476 1391
f 1390 1324 1474
f 1324 1477 1474
f 1326 1477 1324
f 1391 1476 1478
f 1477 1326 1479
f 1480 1283 1391
f 1481 1479 1326
f 1482 1433 1480
f 1482 1483 1433
f 1483 1484 1433
f 1485 1479 1481
f 1328 1158 1393
f 1436 1249 1328
f 1202 1486 1327
f 1435 1331 1160
f 1487 1396 1395
f 1488 1350 1397
f 1489 1440 1490
f 1398 1440 1489
f 1491 1400 1492
f 1442 1491 1443
f 1398 1489 1493
f 1355 1492 1400
f 1441 1354 1494
f 1356 1444 1332
f 1402 1495 1401
f 1355 1401 1495
f 1399 1398 1444
f 1398 1493 1444
f 1494 1354 1448
f 1443 1447 1287
f 1493 1496 1444
f 1444 1496 1332
f 1332 1496 1445
f 1445 1497 1333
f 1498 1333 1497
f 1333 1498 1358
f 1295 1449 1450
f 1499 1359 1403
f 1290 1447 1360
f 1500 1337 1404
f 1501 1334 1220
f 1502 1338 1255
f 1405 1452 1503
f 1405 1503 1362
f 1363 1335 1300
f 1451 1298 1504
f 1505 1452 1260
f 1259 1335 1454
f 1220 1367 1501
f 1406 1505 1260
f 1297 1453 1172
f 1407 1506 1219
f 1507 1339 1456
f 1506 1305 1219
f 1303 1307 1508
f 1408 1266 1458
f 1341 1305 1506
f 1368 1459 1367
f 1509 1458 1370
f 1464 1509 1370
f 1180 1371 1461
f 1415 1410 1420
f 1416 1463 1417
f 1510 1464 1345
f 1418 1420 1375
f 1421 1511 1512
f 1345 1374 1510
f 1421 1512 1377
f 1371 1466 1373
f 1271 1380 1313
f 1425 1470 1427
f 1280 1321 1513
f 1381 1426 1472
f 1382 1470 1428
f 1379 1389 1514
f 1430 1384 1471
f 1279 1473 1429
f 1428 1515 1469
f 1280 1513 1388
f 1281 1516 1473
f 1431 1517 1349
f 1388 1518 1476
f 1518 1519 1476
f 1480 1391 1478
f 1283 1480 1433
f 1394 1435 1124
f 1202 1350 1486
f 1490 1352 1396
f 1400 1491 1437
f 1439 1520 1442
f 1352 1490 1440
f 1521 1397 1441
f 1490 1521 1441
f 1489 1490 1494
f 1494 1490 1441
f 1443 1491 1492
f 1495 1492 1355
f 1522 1402 1523
f 1402 1522 1495
f 1522 1492 1495
f 1496 1497 1445
f 1402 1446 1523
f 1446 1359 1524
f 1448 1357 1525
f 1358 1498 1526
f 1449 1358 1527
f 1403 1336 1451
f 1255 1360 1502
f 1500 1455 1337
f 1298 1408 1504
f 1172 1453 1407
f 1338 1528 1365
f 1505 1406 1529
f 1303 1530 1363
f 1455 1531 1457
f 1529 1406 1364
f 1303 1508 1530
f 1532 1365 1528
f 1533 1408 1458
f 1307 1409 1508
f 1366 1340 1534
f 1506 1460 1341
f 1365 1535 1410
f 1414 1339 1536
f 1537 1459 1417
f 1414 1536 1538
f 1417 1463 1537
f 1460 1539 1373
f 1414 1538 1271
f 1540 1463 1422
f 1422 1465 1540
f 1373 1541 1423
f 1466 1541 1373
f 1542 1314 1375
f 1378 1424 1543
f 1374 1544 1510
f 1347 1544 1374
f 1468 1545 1376
f 1423 1546 1321
f 1321 1546 1513
f 1425 1547 1470
f 1468 1469 1548
f 1547 1549 1470
f 1550 1430 1471
f 1469 1515 1548
f 1515 1428 1551
f 1428 1552 1551
f 1470 1552 1428
f 1471 1472 1553
f 1554 1516 1281
f 1281 1392 1554
f 1517 1555 1556
f 1475 1474 1477
f 1432 1349 1557
f 1558 1475 1477
f 1326 1432 1481
f 1559 1477 1479
f 1560 1481 1432
f 1482 1561 1483
f 1561 1482 1480
f 1560 1485 1481
f 1329 1434 1159
f 1330 1562 1329
f 1435 1563 1331
f 1562 1330 1437
f 1331 1564 1438
f 1565 1490 1396
f 1437 1491 1520
f 1566 1520 1439
f 1566 1439 1438
f 1565 1521 1490
f 1520 1491 1442
f 1489 1494 1567
f 1493 1489 1567
f 1567 1494 1568
f 1448 1568 1494
f 1496 1493 1569
f 1443 1492 1570
f 1496 1569 1497
f 1570 1447 1443
f 1448 1525 1568
f 1447 1570 1571
f 1446 1524 1572
f 1573 1574 1525
f 1447 1575 1576
f 1447 1571 1575
f 1527 1358 1526
f 1447 1576 1577
f 1524 1359 1499
f 1447 1577 1360
f 1525 1357 1578
f 1499 1403 1579
f 1403 1580 1579
f 1357 1334 1578
f 1451 1580 1403
f 1581 1334 1501
f 1503 1582 1362
f 1451 1504 1583
f 1338 1502 1528
f 1505 1503 1452
f 1362 1582 1453
f 1584 1335 1363
f 1364 1366 1529
f 1456 1299 1585
f 1408 1586 1504
f 1456 1585 1507
f 1457 1587 1412
f 1588 1533 1458
f 1458 1509 1588
f 1365 1532 1535
f 1589 1412 1587
f 1342 1590 1340
f 1342 1462 1590
f 1535 1420 1410
f 1412 1591 1419
f 1589 1591 1412
f 1592 1509 1464
f 1539 1461 1371
f 1371 1373 1539
f 1464 1593 1592
f 1464 1510 1593
f 1419 1591 1421
f 1591 1511 1421
f 1538 1594 1271
f 1271 1594 1380
f 1541 1546 1423
f 1376 1545 1465
f 1466 1379 1514
f 1544 1386 1595
f 1386 1544 1347
f 1468 1548 1545
f 1424 1429 1543
f 1276 1429 1424
f 1386 1430 1596
f 1543 1429 1597
f 1597 1429 1473
f 1596 1430 1550
f 1550 1471 1598
f 1599 1548 1515
f 1471 1600 1598
f 1600 1471 1553
f 1601 1553 1472
f 1599 1515 1551
f 1602 1516 1603
f 1517 1556 1349
f 1598 1600 1604
f 1605 1600 1553
f 1603 1606 1607
f 1603 1516 1606
f 1606 1516 1554
f 1608 1607 1606
f 1556 1555 1609
f 1478 1476 1519
f 1349 1556 1557
f 1556 1609 1557
f 1433 1554 1392
f 1610 1432 1557
f 1433 1611 1554
f 1484 1611 1433
f 1432 1610 1560
f 1394 1284 1434
f 1612 1436 1328
f 1436 1487 1395
f 1437 1613 1562
f 1438 1564 1566
f 1613 1437 1520
f 1614 1613 1520
f 1566 1614 1520
f 1567 1569 1493
f 1523 1446 1572
f 1522 1523 1572
f 1492 1522 1615
f 1570 1492 1615
f 1497 1569 1498
f 1571 1570 1616
f 1525 1617 1573
f 1571 1616 1618
f 1618 1575 1571
f 1449 1527 1619
f 1449 1619 1450
f 1525 1578 1617
f 1620 1450 1619
f 1620 1404 1450
f 1577 1621 1360
f 1578 1334 1581
f 1404 1620 1500
f 1360 1621 1502
f 1622 1451 1583
f 1335 1584 1454
f 1500 1531 1455
f 1582 1503 1505
f 1584 1363 1623
f 1454 1584 1624
f 1583 1504 1625
f 1625 1504 1586
f 1626 1407 1627
f 1363 1530 1628
f 1299 1454 1585
f 1628 1530 1629
f 1529 1366 1534
f 1339 1507 1536
f 1509 1592 1588
f 1461 1409 1270
f 1535 1630 1420
f 1420 1631 1375
f 1594 1632 1380
f 1466 1514 1633
f 1380 1632 1467
f 1314 1542 1634
f 1377 1635 1425
f 1425 1635 1547
f 1314 1634 1426
f 1431 1387 1636
f 1426 1601 1472
f 1388 1513 1518
f 1552 1470 1549
f 1602 1597 1473
f 1473 1516 1602
f 1431 1636 1517
f 1517 1637 1555
f 1638 1550 1604
f 1604 1550 1598
f 1553 1601 1639
f 1640 1389 1641
f 1641 1389 1475
f 1604 1642 1638
f 1604 1600 1642
f 1642 1600 1605
f 1608 1606 1554
f 1641 1475 1558
f 1478 1561 1480
f 1477 1559 1558
f 1485 1559 1479
f 1483 1643 1484
f 1644 1612 1393
f 1486 1645 1327
f 1645 1393 1327
f 1612 1328 1393
f 1646 1394 1434
f 1434 1329 1647
f 1350 1648 1486
f 1329 1562 1647
f 1649 1487 1436
f 1396 1487 1565
f 1650 1488 1397
f 1521 1650 1397
f 1565 1650 1521
f 1567 1651 1569
f 1572 1615 1522
f 1567 1568 1651
f 1573 1617 1574
f 1615 1616 1570
f 1574 1617 1652
f 1574 1653 1525
f 1568 1525 1653
f 1572 1524 1654
f 1618 1576 1575
f 1655 1524 1579
f 1524 1499 1579
f 1526 1619 1527
f 1524 1655 1654
f 1617 1578 1656
f 1578 1581 1656
f 1620 1657 1500
f 1451 1622 1580
f 1581 1501 1658
f 1500 1657 1531
f 1625 1659 1583
f 1660 1453 1582
f 1627 1407 1453
f 1363 1628 1623
f 1501 1367 1661
f 1508 1629 1530
f 1407 1626 1506
f 1408 1533 1586
f 1367 1459 1661
f 1662 1508 1409
f 1663 1589 1587
f 1590 1534 1340
f 1662 1409 1461
f 1588 1592 1664
f 1665 1539 1460
f 1537 1463 1540
f 1593 1666 1592
f 1666 1664 1592
f 1631 1420 1630
f 1667 1664 1666
f 1462 1378 1668
f 1669 1667 1666
f 1666 1593 1669
f 1593 1510 1670
f 1375 1631 1542
f 1668 1378 1543
f 1670 1510 1544
f 1466 1633 1541
f 1671 1634 1542
f 1672 1467 1632
f 1377 1512 1635
f 1386 1596 1595
f 1467 1636 1387
f 1513 1673 1518
f 1426 1674 1601
f 1675 1549 1547
f 1674 1676 1601
f 1548 1599 1677
f 1678 1549 1675
f 1640 1514 1389
f 1636 1637 1517
f 1679 1680 1681
f 1596 1682 1681
f 1682 1596 1550
f 1678 1683 1549
f 1638 1682 1550
f 1676 1639 1601
f 1599 1551 1684
f 1603 1607 1602
f 1552 1685 1551
f 1685 1552 1686
f 1555 1637 1609
f 1637 1687 1609
f 1642 1688 1638
f 1605 1553 1639
f 1551 1685 1684
f 1485 1689 1559
f 1484 1643 1690
f 1483 1561 1643
f 1485 1560 1691
f 1691 1689 1485
f 1645 1644 1393
f 1394 1646 1435
f 1648 1350 1488
f 1331 1563 1564
f 1692 1651 1568
f 1574 1652 1653
f 1618 1616 1693
f 1653 1692 1568
f 1651 1498 1569
f 1572 1654 1694
f 1615 1572 1694
f 1695 1616 1615
f 1693 1576 1618
f 1652 1617 1696
f 1655 1579 1697
f 1617 1656 1696
f 1526 1698 1619
f 1697 1579 1699
f 1580 1699 1579
f 1698 1620 1619
f 1622 1699 1580
f 1620 1698 1657
f 1621 1700 1502
f 1583 1659 1622
f 1584 1623 1701
f 1584 1701 1624
f 1586 1659 1625
f 1658 1501 1661
f 1582 1505 1702
f 1660 1582 1702
f 1701 1623 1703
f 1505 1529 1704
f 1505 1704 1702
f 1585 1454 1624
f 1531 1705 1457
f 1586 1533 1706
f 1626 1707 1506
f 1507 1585 1708
f 1529 1534 1709
f 1661 1459 1537
f 1710 1506 1707
f 1508 1662 1711
f 1506 1710 1460
f 1535 1532 1630
f 1588 1664 1712
f 1663 1591 1589
f 1461 1539 1662
f 1591 1713 1511
f 1669 1593 1714
f 1669 1714 1667
f 1715 1716 1465
f 1465 1716 1540
f 1717 1542 1631
f 1465 1718 1715
f 1632 1594 1719
f 1719 1720 1632
f 1721 1670 1544
f 1546 1541 1722
f 1672 1632 1720
f 1717 1671 1542
f 1511 1635 1512
f 1541 1633 1722
f 1465 1545 1718
f 1672 1723 1467
f 1548 1724 1545
f 1725 1543 1597
f 1467 1723 1636
f 1546 1726 1513
f 1548 1727 1724
f 1596 1681 1728
f 1729 1674 1426
f 1547 1635 1675
f 1673 1513 1726
f 1681 1680 1728
f 1677 1599 1684
f 1602 1607 1730
f 1731 1685 1686
f 1519 1518 1732
f 1641 1733 1640
f 1731 1684 1685
f 1605 1688 1642
f 1607 1608 1734
f 1641 1558 1733
f 1557 1609 1687
f 1554 1611 1608
f 1478 1735 1561
f 1559 1736 1558
f 1737 1736 1559
f 1559 1689 1737
f 1738 1646 1434
f 1739 1436 1612
f 1488 1650 1740
f 1741 1565 1487
f 1649 1741 1487
f 1614 1742 1613
f 1693 1616 1743
f 1695 1615 1694
f 1695 1743 1616
f 1498 1651 1744
f 1576 1693 1577
f 1621 1577 1745
f 1746 1622 1747
f 1531 1657 1748
f 1622 1659 1747
f 1581 1658 1749
f 1586 1750 1659
f 1700 1528 1502
f 1623 1751 1703
f 1528 1700 1752
f 1453 1660 1753
f 1627 1453 1753
f 1629 1754 1628
f 1751 1623 1628
f 1755 1704 1529
f 1627 1707 1626
f 1528 1752 1532
f 1529 1709 1755
f 1754 1629 1711
f 1705 1756 1457
f 1629 1508 1711
f 1507 1708 1536
f 1757 1710 1707
f 1457 1756 1587
f 1587 1756 1663
f 1758 1534 1590
f 1710 1665 1460
f 1537 1540 1759
f 1759 1540 1760
f 1462 1668 1590
f 1591 1761 1713
f 1665 1762 1539
f 1539 1763 1662
f 1538 1764 1594
f 1593 1670 1714
f 1540 1716 1760
f 1539 1762 1763
f 1664 1667 1714
f 1765 1714 1721
f 1714 1670 1721
f 1717 1766 1767
f 1717 1631 1766
f 1713 1768 1511
f 1668 1543 1769
f 1594 1770 1719
f 1771 1719 1770
f 1771 1765 1719
f 1765 1720 1719
f 1672 1772 1773
f 1771 1773 1772
f 1773 1771 1720
f 1770 1720 1771
f 1720 1770 1672
f 1772 1672 1770
f 1671 1717 1767
f 1671 1767 1774
f 1672 1773 1723
f 1544 1595 1721
f 1721 1595 1775
f 1671 1774 1634
f 1545 1724 1776
f 1545 1776 1718
f 1729 1634 1774
f 1634 1729 1426
f 1635 1777 1675
f 1595 1596 1728
f 1548 1778 1727
f 1779 1675 1777
f 1548 1677 1778
f 1675 1779 1678
f 1514 1640 1780
f 1674 1781 1676
f 1677 1684 1731
f 1549 1782 1552
f 1683 1782 1549
f 1673 1732 1518
f 1679 1681 1682
f 1639 1676 1783
f 1552 1784 1686
f 1782 1784 1552
f 1637 1785 1687
f 1688 1682 1638
f 1605 1639 1783
f 1607 1734 1730
f 1688 1605 1786
f 1783 1786 1605
f 1732 1787 1519
f 1611 1734 1608
f 1610 1557 1687
f 1519 1735 1478
f 1788 1737 1689
f 1789 1646 1738
f 1740 1648 1488
f 1613 1647 1562
f 1741 1650 1565
f 1653 1652 1696
f 1692 1653 1790
f 1692 1791 1651
f 1743 1745 1693
f 1744 1651 1791
f 1695 1694 1792
f 1693 1745 1577
f 1744 1793 1498
f 1526 1498 1793
f 1793 1698 1526
f 1697 1654 1655
f 1697 1699 1794
f 1700 1621 1745
f 1656 1581 1749
f 1747 1659 1750
f 1661 1795 1658
f 1701 1703 1624
f 1586 1706 1750
f 1700 1796 1752
f 1661 1797 1795
f 1627 1753 1757
f 1757 1707 1627
f 1751 1628 1754
f 1798 1532 1752
f 1708 1585 1624
f 1709 1534 1758
f 1799 1532 1798
f 1661 1537 1800
f 1532 1799 1630
f 1756 1801 1663
f 1802 1537 1759
f 1663 1801 1591
f 1591 1801 1761
f 1668 1803 1590
f 1712 1664 1804
f 1664 1714 1804
f 1594 1764 1770
f 1714 1765 1804
f 1769 1805 1668
f 1806 1765 1771
f 1720 1765 1721
f 1772 1806 1771
f 1720 1721 1773
f 1511 1768 1635
f 1543 1725 1769
f 1595 1807 1775
f 1777 1635 1808
f 1779 1777 1809
f 1602 1730 1597
f 1636 1785 1637
f 1810 1680 1679
f 1781 1783 1676
f 1731 1811 1677
f 1686 1811 1731
f 1812 1782 1683
f 1682 1813 1679
f 1814 1786 1783
f 1815 1816 1784
f 1815 1784 1782
f 1810 1679 1813
f 1682 1688 1817
f 1611 1818 1734
f 1787 1735 1519
f 1558 1819 1733
f 1820 1611 1484
f 1690 1820 1484
f 1821 1561 1735
f 1610 1691 1560
f 1561 1822 1643
f 1822 1561 1821
f 1644 1739 1612
f 1738 1434 1647
f 1486 1648 1823
f 1645 1486 1823
f 1789 1435 1646
f 1789 1563 1435
f 1739 1649 1436
f 1647 1742 1824
f 1564 1563 1825
f 1613 1742 1647
f 1825 1566 1564
f 1650 1826 1740
f 1741 1826 1650
f 1653 1696 1790
f 1790 1791 1692
f 1695 1827 1743
f 1828 1791 1829
f 1744 1791 1828
f 1744 1828 1830
f 1694 1654 1831
f 1694 1832 1792
f 1833 1792 1832
f 1827 1695 1792
f 1694 1831 1832
f 1654 1697 1834
f 1696 1656 1749
f 1698 1793 1835
f 1836 1698 1835
f 1622 1746 1699
f 1745 1837 1700
f 1657 1698 1836
f 1657 1836 1748
f 1838 1746 1747
f 1749 1658 1795
f 1747 1750 1838
f 1531 1748 1839
f 1531 1839 1705
f 1706 1840 1750
f 1841 1751 1754
f 1842 1798 1752
f 1706 1533 1843
f 1661 1800 1797
f 1758 1755 1709
f 1588 1844 1843
f 1843 1533 1588
f 1757 1845 1710
f 1799 1846 1630
f 1800 1537 1802
f 1846 1847 1630
f 1760 1848 1759
f 1662 1763 1849
f 1630 1847 1631
f 1712 1804 1850
f 1631 1847 1766
f 1851 1849 1763
f 1762 1851 1763
f 1716 1715 1852
f 1853 1804 1806
f 1804 1765 1806
f 1715 1718 1776
f 1768 1713 1769
f 1854 1769 1713
f 1805 1769 1854
f 1806 1772 1855
f 1773 1855 1775
f 1853 1775 1855
f 1775 1853 1721
f 1806 1721 1853
f 1721 1806 1773
f 1855 1773 1806
f 1856 1768 1769
f 1769 1725 1856
f 1635 1768 1808
f 1776 1724 1857
f 1729 1774 1858
f 1807 1595 1859
f 1777 1808 1860
f 1546 1861 1726
f 1633 1514 1862
f 1728 1859 1595
f 1860 1809 1777
f 1863 1864 1729
f 1729 1864 1674
f 1863 1865 1864
f 1674 1864 1781
f 1680 1810 1728
f 1678 1866 1683
f 1682 1817 1813
f 1784 1811 1686
f 1730 1734 1867
f 1687 1785 1868
f 1869 1784 1816
f 1673 1787 1732
f 1815 1870 1816
f 1734 1818 1867
f 1871 1818 1611
f 1610 1687 1872
f 1736 1819 1558
f 1820 1871 1611
f 1735 1873 1821
f 1643 1874 1690
f 1822 1874 1643
f 1737 1788 1875
f 1821 1876 1822
f 1788 1877 1875
f 1788 1878 1877
f 1689 1878 1788
f 1645 1823 1879
f 1644 1645 1879
f 1644 1879 1880
f 1880 1739 1644
f 1823 1648 1740
f 1649 1739 1826
f 1649 1826 1741
f 1791 1790 1881
f 1696 1882 1790
f 1881 1790 1882
f 1829 1791 1881
f 1883 1744 1830
f 1744 1883 1793
f 1792 1884 1827
f 1882 1696 1749
f 1654 1834 1831
f 1743 1827 1745
f 1793 1885 1835
f 1837 1745 1827
f 1748 1836 1839
f 1700 1837 1796
f 1796 1886 1752
f 1752 1886 1887
f 1703 1888 1624
f 1706 1843 1840
f 1887 1842 1752
f 1889 1756 1705
f 1708 1624 1890
f 1711 1891 1754
f 1710 1845 1892
f 1798 1893 1799
f 1844 1588 1712
f 1799 1893 1846
f 1800 1894 1895
f 1894 1800 1802
f 1758 1590 1896
f 1710 1897 1665
f 1759 1848 1802
f 1898 1762 1665
f 1899 1848 1760
f 1898 1851 1762
f 1847 1900 1766
f 1899 1760 1716
f 1716 1852 1899
f 1668 1805 1803
f 1764 1901 1770
f 1900 1902 1766
f 1761 1854 1713
f 1767 1766 1902
f 1715 1776 1852
f 1855 1903 1853
f 1904 1768 1856
f 1772 1903 1855
f 1903 1773 1775
f 1903 1775 1807
f 1773 1903 1723
f 1774 1905 1858
f 1546 1722 1861
f 1862 1722 1633
f 1858 1863 1729
f 1906 1724 1727
f 1725 1597 1907
f 1514 1780 1862
f 1809 1908 1779
f 1781 1864 1909
f 1636 1910 1785
f 1810 1859 1728
f 1678 1779 1866
f 1911 1597 1730
f 1811 1778 1677
f 1866 1779 1912
f 1683 1866 1812
f 1869 1811 1784
f 1782 1812 1815
f 1640 1733 1819
f 1813 1913 1810
f 1813 1817 1913
f 1688 1914 1817
f 1786 1914 1688
f 1786 1814 1914
f 1816 1870 1869
f 1812 1870 1815
f 1687 1868 1872
f 1787 1873 1735
f 1873 1876 1821
f 1691 1878 1689
f 1822 1876 1874
f 1738 1647 1824
f 1740 1826 1915
f 1916 1742 1614
f 1566 1916 1614
f 1825 1916 1566
f 1828 1883 1830
f 1883 1828 1829
f 1833 1884 1792
f 1881 1917 1829
f 1883 1885 1793
f 1832 1831 1834
f 1885 1883 1829
f 1832 1834 1918
f 1697 1794 1834
f 1794 1918 1834
f 1919 1832 1918
f 1749 1920 1882
f 1827 1884 1837
f 1836 1835 1921
f 1794 1699 1746
f 1919 1887 1884
f 1920 1749 1795
f 1886 1884 1887
f 1838 1750 1922
f 1837 1886 1796
f 1923 1920 1797
f 1922 1750 1840
f 1923 1797 1800
f 1703 1751 1841
f 1703 1841 1888
f 1705 1839 1889
f 1845 1757 1924
f 1890 1925 1708
f 1895 1926 1800
f 1896 1755 1758
f 1893 1798 1927
f 1897 1710 1892
f 1662 1928 1711
f 1893 1847 1846
f 1536 1929 1538
f 1802 1848 1894
f 1712 1850 1930
f 1590 1803 1931
f 1801 1932 1761
f 1662 1849 1928
f 1933 1850 1804
f 1803 1805 1934
f 1805 1935 1934
f 1856 1854 1904
f 1805 1854 1935
f 1935 1854 1856
f 1936 1772 1770
f 1772 1936 1903
f 1853 1903 1807
f 1767 1905 1774
f 1725 1935 1856
f 1768 1937 1808
f 1937 1768 1904
f 1935 1725 1938
f 1903 1936 1723
f 1722 1862 1861
f 1807 1859 1939
f 1724 1906 1857
f 1808 1937 1860
f 1723 1910 1636
f 1727 1940 1906
f 1809 1860 1908
f 1907 1597 1941
f 1909 1864 1865
f 1908 1942 1779
f 1597 1911 1941
f 1943 1859 1810
f 1814 1783 1781
f 1944 1812 1866
f 1730 1867 1911
f 1810 1913 1943
f 1673 1945 1787
f 1817 1914 1946
f 1914 1947 1946
f 1871 1948 1818
f 1787 1949 1950
f 1819 1736 1951
f 1610 1872 1952
f 1950 1873 1787
f 1610 1952 1691
f 1820 1953 1871
f 1952 1954 1691
f 1954 1955 1691
f 1738 1824 1956
f 1789 1738 1957
f 1738 1956 1957
f 1879 1823 1958
f 1823 1915 1958
f 1915 1739 1880
f 1825 1789 1957
f 1789 1825 1563
f 1823 1740 1915
f 1915 1826 1739
f 1825 1959 1916
f 1881 1882 1917
f 1919 1833 1832
f 1885 1829 1917
f 1884 1833 1919
f 1923 1882 1920
f 1917 1882 1923
f 1960 1885 1917
f 1961 1962 1918
f 1919 1918 1962
f 1884 1886 1837
f 1963 1917 1923
f 1919 1962 1887
f 1839 1836 1921
f 1887 1962 1964
f 1797 1920 1795
f 1923 1800 1963
f 1964 1842 1887
f 1800 1926 1963
f 1702 1704 1965
f 1966 1660 1702
f 1753 1660 1966
f 1757 1753 1966
f 1755 1896 1967
f 1711 1968 1891
f 1895 1969 1926
f 1536 1708 1925
f 1927 1847 1893
f 1967 1896 1590
f 1929 1764 1538
f 1894 1848 1899
f 1665 1897 1898
f 1932 1970 1761
f 1761 1970 1854
f 1901 1971 1770
f 1933 1804 1853
f 1902 1905 1767
f 1852 1776 1857
f 1854 1970 1904
f 1770 1971 1936
f 1853 1807 1939
f 1725 1907 1938
f 1858 1972 1863
f 1860 1937 1908
f 1937 1942 1908
f 1865 1972 1909
f 1863 1972 1865
f 1727 1973 1940
f 1973 1727 1778
f 1974 1973 1778
f 1779 1942 1912
f 1726 1861 1975
f 1912 1944 1866
f 1673 1726 1945
f 1818 1911 1867
f 1785 1976 1868
f 1977 1870 1812
f 1868 1976 1978
f 1872 1868 1978
f 1947 1914 1814
f 1945 1949 1787
f 1947 1979 1946
f 1872 1980 1952
f 1872 1981 1980
f 1872 1978 1981
f 1953 1948 1871
f 1873 1982 1876
f 1737 1875 1736
f 1955 1878 1691
f 1983 1874 1876
f 1879 1958 1880
f 1742 1916 1824
f 1825 1957 1959
f 1835 1885 1960
f 1917 1963 1960
f 1835 1984 1921
f 1961 1918 1794
f 1794 1746 1985
f 1746 1838 1986
f 1987 1839 1921
f 1839 1987 1889
f 1702 1965 1988
f 1702 1988 1966
f 1624 1888 1890
f 1926 1989 1963
f 1757 1966 1924
f 1922 1840 1843
f 1842 1964 1990
f 1842 1990 1798
f 1990 1927 1798
f 1969 1895 1894
f 1844 1712 1930
f 1929 1536 1925
f 1590 1931 1991
f 1992 1900 1847
f 1992 1993 1900
f 1993 1902 1900
f 1899 1852 1994
f 1803 1934 1931
f 1851 1898 1995
f 1849 1851 1996
f 1933 1939 1971
f 1933 1971 1901
f 1933 1853 1939
f 1994 1852 1857
f 1934 1935 1938
f 1971 1997 1936
f 1998 1936 1997
f 1936 1998 1723
f 1998 1910 1723
f 1999 1857 1906
f 1939 1859 2000
f 1940 1973 1999
f 1940 1999 1906
f 1859 1943 2000
f 1811 1974 1778
f 1785 1910 2001
f 2002 1814 1781
f 1912 2003 1944
f 1942 2003 1912
f 1726 1975 1945
f 1640 1819 1780
f 1943 1913 2004
f 1911 1818 2005
f 1976 1785 2001
f 1817 1946 1913
f 1869 2006 2007
f 1869 2007 1811
f 1812 1944 1977
f 1948 2005 1818
f 1976 2008 1978
f 1947 2009 1979
f 1953 2010 1948
f 1980 1954 1952
f 1874 2011 1690
f 1875 2012 1736
f 1876 1982 1983
f 1878 2013 1877
f 1915 1880 1958
f 1959 1824 1916
f 1835 1960 1984
f 1984 1960 2014
f 1985 1746 1986
f 2014 1960 1963
f 1986 1838 1922
f 1962 2015 1964
f 2014 1963 1989
f 2016 1922 1843
f 2016 1843 2017
f 1704 1755 1967
f 1843 1844 2017
f 2018 1927 1990
f 1756 2019 1801
f 1928 1968 1711
f 1927 2018 1847
f 1801 2020 1932
f 1847 2018 1992
f 1850 1933 1930
f 1897 2021 1898
f 1929 2022 1764
f 1894 1899 2023
f 1970 1932 2024
f 2024 1991 1931
f 2024 1931 2025
f 2023 1899 1994
f 2025 1931 1934
f 1995 1898 2021
f 2026 1901 1764
f 1933 1901 2026
f 1851 1995 1996
f 1857 2027 1994
f 1934 1938 2028
f 1970 2028 1904
f 2028 2029 1904
f 2028 1938 2029
f 1971 1939 1997
f 1938 1907 2029
f 1904 2029 1937
f 1937 2029 1942
f 1939 2000 1997
f 2030 1862 1780
f 1781 1909 2002
f 2000 1943 2031
f 1943 2004 2031
f 2031 2004 2032
f 1913 2033 2004
f 1976 2001 2034
f 1946 2035 1913
f 2006 1869 1977
f 1977 1869 1870
f 2036 2005 1948
f 2034 2008 1976
f 1814 2009 1947
f 2037 1819 1951
f 1978 2008 1981
f 2008 2038 1981
f 1948 2010 2036
f 1873 1950 2039
f 1980 2040 2041
f 1980 1981 2040
f 1981 2038 2040
f 1690 2011 1953
f 1690 1953 1820
f 1736 2012 1951
f 1980 2041 1954
f 1875 2042 2012
f 2043 2011 1874
f 2013 2042 1875
f 2013 1875 1877
f 2044 1878 1955
f 1956 1824 1959
f 1957 1956 1959
f 1984 2045 1921
f 2045 1987 1921
f 1985 1961 1794
f 2046 1984 2014
f 1962 1961 2015
f 1924 1966 2047
f 1704 1967 1965
f 1841 1754 2048
f 1756 1889 2019
f 2048 1754 1891
f 1964 2015 2018
f 1845 1924 1892
f 1968 2049 1891
f 2017 1844 1930
f 2018 1990 1964
f 1929 1925 2050
f 2019 2020 1801
f 1967 1590 1991
f 1929 2050 2022
f 1933 2026 1930
f 1970 2024 2025
f 2022 2026 1764
f 2028 1970 2025
f 1849 1996 2051
f 1858 1905 2052
f 2052 1972 1858
f 1972 2053 1909
f 1942 2029 2054
f 1907 1941 2055
f 2056 1909 2053
f 1974 2057 1973
f 1861 2030 1975
f 2054 2058 1942
f 1942 2058 2003
f 1941 1911 2005
f 2003 2058 2059
f 2060 2032 2004
f 2007 1974 1811
f 2003 2059 1944
f 1913 2035 2033
f 2035 1946 1979
f 1814 2002 2009
f 2061 2035 1979
f 1949 2062 1950
f 2037 1951 2063
f 1950 2064 2039
f 2064 1950 2062
f 2038 2065 2040
f 1951 2012 2063
f 1953 2066 2010
f 1982 1873 2039
f 1874 1983 2043
f 2044 2013 1878
f 2013 2067 2042
f 2044 2067 2013
f 1987 2045 2068
f 2069 1986 1922
f 2070 1961 1985
f 2069 1922 2016
f 2015 1961 2070
f 1889 2071 2019
f 2048 1891 2049
f 2047 1892 1924
f 1925 1890 2072
f 1926 1969 1989
f 2050 1925 2072
f 2023 1969 1894
f 1968 1928 2073
f 1991 2024 2074
f 2075 1993 1992
f 1934 2028 2025
f 2051 1928 1849
f 1902 1993 2075
f 1905 1902 2075
f 2076 1996 1995
f 1905 2075 2052
f 1857 2077 2027
f 1999 2077 1857
f 1907 2055 2029
f 1997 2078 1998
f 1999 2079 2077
f 2029 2055 2054
f 2052 2053 1972
f 2079 1999 1973
f 1973 2057 2079
f 2055 1941 2080
f 1862 2030 1861
f 2078 1997 2000
f 2030 2081 1975
f 2032 2000 2031
f 2005 2082 1941
f 1780 1819 2037
f 2004 2033 2060
f 2083 1974 2007
f 2006 2083 2007
f 2084 1977 1944
f 2084 2085 1977
f 1945 2086 1949
f 2086 2062 1949
f 2008 2087 2038
f 2037 2063 2088
f 2038 2087 2065
f 2089 2066 1953
f 2011 2089 1953
f 2090 1954 2041
f 1982 2039 2091
f 1955 2092 2044
f 2093 2011 2043
f 2091 2094 1982
f 2095 1983 1982
f 2095 1982 2094
f 2043 1983 2095
f 2044 2096 2067
f 2046 2045 1984
f 2097 1986 2069
f 1985 1986 2097
f 2046 2014 2098
f 1987 2099 2100
f 1889 1987 2100
f 1889 2100 2071
f 1966 1988 2101
f 2102 1841 2048
f 1841 2102 1888
f 2015 2070 2103
f 2014 1989 2098
f 2047 1966 2101
f 1890 1888 2104
f 1930 2105 2017
f 2103 2018 2015
f 1892 2106 1897
f 2049 1968 2073
f 2107 2022 2050
f 1969 2023 2108
f 2018 2109 1992
f 2073 1928 2110
f 2111 1932 2020
f 2075 1992 2109
f 2024 2111 2112
f 2024 1932 2111
f 2024 2112 2074
f 2023 1994 2108
f 1994 2027 2108
f 2113 1996 2076
f 1996 2113 2051
f 1998 2114 1910
f 2000 2115 2078
f 2114 2116 1910
f 2080 1941 2082
f 2002 1909 2056
f 2116 2117 1910
f 2032 2115 2000
f 2118 2002 2056
f 1910 2117 2001
f 2001 2117 2034
f 2058 2119 2059
f 1974 2083 2120
f 2084 1944 2121
f 2059 2121 1944
f 2121 2059 2119
f 2088 2122 2037
f 2123 2002 2118
f 2124 2083 2006
f 2123 2009 2002
f 2036 2010 2125
f 2010 2066 2125
f 2089 2126 2066
f 2063 2012 2127
f 2090 2041 2040
f 2039 2064 2128
f 1954 2129 1955
f 2090 2129 1954
f 2092 1955 2129
f 2039 2128 2091
f 2042 2130 2012
f 2131 2094 2091
f 2128 2131 2091
f 2043 2095 2132
f 2133 2095 2094
f 2042 2067 2130
f 2067 2134 2130
f 2134 2067 2096
f 2099 1987 2068
f 2135 2045 2046
f 2068 2045 2135
f 2097 2069 2136
f 2137 2069 2016
f 2138 2046 2098
f 2070 2139 2103
f 2017 2140 2016
f 1988 1965 2141
f 2141 1965 2142
f 1888 2102 2104
f 2017 2105 2140
f 1965 1967 2142
f 1967 2143 2142
f 1892 2047 2106
f 1989 1969 2144
f 1967 1991 2143
f 2050 2072 2107
f 2145 2105 1930
f 1930 2026 2145
f 2145 2026 2146
f 2026 2022 2147
f 2148 2112 2111
f 2051 2110 1928
f 2110 2051 2149
f 2149 2051 2113
f 1998 2078 2114
f 2052 2150 2053
f 2055 2080 2054
f 2115 2114 2078
f 2150 2056 2053
f 2057 2151 2079
f 2080 2119 2054
f 2056 2150 2152
f 2122 2030 1780
f 2054 2119 2058
f 2056 2152 2118
f 2120 2057 1974
f 1780 2037 2122
f 2060 2115 2032
f 2153 2082 2005
f 1945 1975 2154
f 2120 2083 2124
f 2153 2005 2036
f 2086 1945 2154
f 2034 2087 2008
f 2124 2006 1977
f 2155 2061 1979
f 1979 2009 2155
f 2061 2155 2156
f 2064 2062 2127
f 2062 2086 2127
f 2087 2157 2065
f 2157 2158 2065
f 2066 2126 2125
f 2065 2158 2040
f 2127 2159 2064
f 2090 2158 2160
f 2040 2158 2090
f 2159 2128 2064
f 2127 2012 2159
f 2011 2093 2089
f 2012 2130 2161
f 2090 2160 2129
f 2093 2162 2089
f 2159 2131 2128
f 2159 2012 2161
f 2133 2094 2131
f 2163 2044 2092
f 2164 2092 2129
f 2043 2132 2093
f 2165 2159 2161
f 2166 2161 2130
f 2163 2096 2044
f 2134 2166 2130
f 2167 2168 2131
f 2099 2068 2135
f 2169 2046 2138
f 2046 2169 2135
f 1985 2097 2070
f 2048 2170 2102
f 2137 2016 2140
f 2101 1988 2141
f 2104 2102 2170
f 1989 2171 2098
f 2072 1890 2172
f 2173 2109 2018
f 1991 2074 2143
f 2073 2110 2174
f 2175 2075 2109
f 2108 2027 2176
f 1995 2021 2076
f 2021 2177 2076
f 2076 2177 2113
f 2149 2113 2177
f 2077 2079 2151
f 2080 2082 2178
f 2151 2057 2179
f 2180 2152 2181
f 2057 2120 2179
f 2118 2152 2180
f 2034 2117 2182
f 1977 2085 2124
f 2153 2036 2125
f 2183 2085 2084
f 2155 2184 2156
f 2185 2127 2086
f 2088 2063 2127
f 2093 2186 2162
f 2131 2168 2133
f 2159 2167 2131
f 2165 2167 2159
f 2095 2187 2132
f 2187 2095 2133
f 2166 2165 2161
f 2187 2133 2188
f 2189 2167 2165
f 2166 2190 2165
f 2166 2134 2191
f 2192 2134 2096
f 2167 2193 2168
f 2136 2069 2137
f 2097 2136 2194
f 2070 2097 2194
f 2099 2135 2100
f 2098 2171 2138
f 2100 2195 2071
f 2196 2071 2195
f 2196 2019 2071
f 2048 2049 2197
f 2172 1890 2104
f 2105 2198 2140
f 2199 2173 2103
f 2171 1989 2144
f 2103 2173 2018
f 2145 2198 2105
f 2020 2019 2196
f 2049 2073 2174
f 2107 2072 2200
f 2144 1969 2108
f 2145 2146 2201
f 2202 1897 2106
f 2020 2203 2111
f 2107 2204 2022
f 2176 2205 2108
f 2147 2022 2204
f 2203 2148 2111
f 2206 2112 2148
f 2110 2149 2174
f 2026 2147 2207
f 2175 2208 2075
f 2203 2206 2148
f 2209 2052 2208
f 2208 2052 2075
f 2052 2209 2150
f 2114 2115 2210
f 2211 2152 2150
f 2080 2178 2119
f 2030 2122 2081
f 2210 2116 2114
f 2152 2211 2181
f 2060 2212 2115
f 2123 2118 2213
f 2180 2213 2118
f 2033 2214 2060
f 2121 2215 2084
f 2185 2086 2154
f 2216 2035 2217
f 2035 2061 2217
f 2009 2123 2155
f 2153 2125 2218
f 2088 2127 2185
f 2156 2217 2061
f 2157 2087 2219
f 2218 2125 2220
f 2125 2126 2220
f 2157 2221 2158
f 2222 2220 2089
f 2220 2126 2089
f 2158 2221 2160
f 2089 2162 2222
f 2160 2221 2129
f 2222 2162 2186
f 2129 2223 2164
f 2224 2222 2186
f 2186 2093 2132
f 2092 2225 2163
f 2092 2164 2225
f 2163 2192 2096
f 2226 2164 2223
f 2166 2191 2190
f 2164 2226 2225
f 2132 2227 2186
f 2187 2227 2132
f 2228 2193 2167
f 2189 2228 2167
f 2191 2134 2192
f 2227 2224 2186
f 2189 2165 2190
f 2190 2191 2189
f 2070 2194 2229
f 2169 2138 2230
f 2100 2135 2231
f 2137 2232 2233
f 2234 2138 2171
f 2100 2231 2235
f 2100 2235 2236
f 2232 2137 2140
f 2100 2236 2195
f 2103 2139 2199
f 2101 2141 2237
f 2047 2238 2106
f 2048 2197 2170
f 2142 2143 2239
f 2143 2240 2239
f 2200 2072 2172
f 2198 2145 2201
f 2049 2174 2241
f 2143 2074 2240
f 2202 2021 1897
f 2202 2242 2021
f 2074 2112 2243
f 2146 2026 2207
f 2243 2112 2206
f 2147 2204 2244
f 2207 2147 2244
f 2021 2242 2177
f 2027 2077 2176
f 2176 2077 2245
f 2151 2245 2077
f 2246 2151 2179
f 2210 2247 2116
f 2178 2248 2119
f 2249 2178 2082
f 2081 2250 1975
f 1975 2250 2154
f 2250 2081 2122
f 2116 2247 2117
f 2119 2248 2251
f 2120 2252 2179
f 2247 2182 2117
f 2115 2212 2210
f 2119 2251 2121
f 2248 2253 2251
f 2214 2212 2060
f 2120 2124 2252
f 2251 2253 2121
f 2122 2088 2250
f 2250 2185 2154
f 2214 2033 2216
f 2033 2035 2216
f 2250 2088 2185
f 2213 2254 2123
f 2255 2084 2215
f 2034 2219 2087
f 2255 2183 2084
f 2216 2217 2256
f 2157 2219 2257
f 2157 2257 2221
f 2221 2257 2223
f 2220 2222 2258
f 2129 2221 2223
f 2258 2222 2259
f 2259 2222 2224
f 2259 2224 2260
f 2225 2192 2163
f 2133 2168 2188
f 2168 2261 2188
f 2261 2168 2193
f 2192 2262 2191
f 2262 2192 2225
f 2263 2225 2226
f 2227 2260 2224
f 2264 2227 2187
f 2187 2188 2261
f 2189 2191 2265
f 2265 2228 2189
f 2135 2169 2231
f 2233 2266 2137
f 2136 2137 2266
f 2234 2230 2138
f 2231 2267 2235
f 2229 2139 2070
f 2142 2239 2141
f 2047 2101 2237
f 2268 2047 2237
f 2047 2268 2238
f 2172 2104 2269
f 2270 2140 2198
f 2173 2199 2271
f 2049 2241 2197
f 2201 2272 2198
f 2201 2146 2272
f 2106 2273 2202
f 2175 2109 2173
f 2274 2144 2108
f 2205 2274 2108
f 2205 2176 2275
f 2175 2276 2208
f 2243 2206 2277
f 2275 2176 2245
f 2208 2276 2209
f 2278 2206 2203
f 2206 2278 2277
f 2279 2209 2276
f 2211 2150 2280
f 2211 2281 2181
f 2249 2248 2178
f 2282 2181 2281
f 2180 2181 2282
f 2282 2213 2180
f 2124 2283 2252
f 2249 2082 2153
f 2213 2282 2254
f 2215 2121 2253
f 2216 2284 2214
f 2285 2283 2286
f 2286 2283 2124
f 2219 2034 2182
f 2216 2256 2284
f 2124 2085 2286
f 2220 2258 2287
f 2288 2258 2259
f 2226 2223 2289
f 2288 2259 2260
f 2263 2226 2289
f 2263 2262 2225
f 2264 2260 2227
f 2261 2193 2228
f 2191 2262 2265
f 2261 2264 2187
f 2228 2290 2261
f 2266 2291 2136
f 2235 2292 2236
f 2194 2136 2291
f 2195 2236 2292
f 2232 2140 2293
f 2293 2140 2270
f 2199 2139 2271
f 2196 2195 2294
f 2141 2239 2295
f 2295 2237 2141
f 2296 2269 2104
f 2198 2297 2270
f 2274 2234 2171
f 2170 2197 2298
f 2272 2297 2198
f 2171 2144 2274
f 2172 2269 2200
f 2269 2299 2200
f 2173 2300 2175
f 2204 2107 2200
f 2207 2301 2146
f 2150 2209 2280
f 2211 2280 2281
f 2246 2179 2302
f 2210 2303 2247
f 2303 2304 2247
f 2252 2302 2179
f 2303 2210 2212
f 2305 2253 2248
f 2247 2304 2182
f 2249 2153 2306
f 2304 2219 2182
f 2212 2214 2284
f 2253 2307 2215
f 2155 2123 2308
f 2123 2254 2308
f 2308 2254 2309
f 2284 2256 2310
f 2286 2311 2285
f 2311 2286 2312
f 2085 2312 2286
f 2183 2312 2085
f 2308 2184 2155
f 2183 2313 2312
f 2255 2313 2183
f 2255 2215 2314
f 2217 2315 2256
f 2217 2184 2315
f 2156 2184 2217
f 2255 2314 2313
f 2256 2315 2316
f 2257 2317 2223
f 2258 2288 2287
f 2317 2289 2223
f 2263 2289 2318
f 2260 2264 2319
f 2263 2320 2262
f 2290 2264 2261
f 2262 2321 2265
f 2321 2262 2322
f 2323 2290 2228
f 2230 2324 2169
f 2231 2169 2325
f 2234 2324 2230
f 2235 2267 2292
f 2232 2293 2233
f 2194 2326 2229
f 2229 2326 2139
f 2271 2139 2326
f 2294 2195 2327
f 2237 2328 2268
f 2104 2329 2296
f 2240 2295 2239
f 2268 2273 2238
f 2294 2330 2196
f 2298 2197 2241
f 2297 2272 2146
f 2238 2273 2106
f 2271 2331 2173
f 2332 2241 2174
f 2240 2074 2243
f 2276 2175 2300
f 2174 2149 2333
f 2204 2334 2244
f 2244 2334 2207
f 2335 2275 2245
f 2246 2245 2151
f 2254 2282 2336
f 2305 2337 2253
f 2212 2284 2338
f 2283 2285 2339
f 2307 2253 2337
f 2309 2254 2340
f 2310 2338 2284
f 2341 2285 2311
f 2215 2307 2314
f 2342 2315 2184
f 2312 2341 2311
f 2220 2287 2218
f 2316 2310 2256
f 2289 2317 2343
f 2343 2318 2289
f 2344 2287 2288
f 2344 2288 2260
f 2320 2263 2345
f 2290 2346 2264
f 2228 2265 2323
f 2265 2346 2323
f 2231 2325 2267
f 2291 2266 2347
f 2325 2169 2324
f 2292 2267 2348
f 2266 2233 2347
f 2349 2293 2270
f 2195 2292 2327
f 2297 2349 2270
f 2328 2237 2295
f 2104 2170 2329
f 2268 2328 2273
f 2297 2146 2350
f 2020 2196 2330
f 2351 2173 2331
f 2351 2300 2173
f 2274 2205 2352
f 2203 2020 2330
f 2243 2353 2240
f 2354 2301 2207
f 2335 2205 2275
f 2300 2279 2276
f 2204 2355 2334
f 2207 2334 2356
f 2278 2357 2277
f 2333 2149 2358
f 2245 2359 2335
f 2242 2360 2177
f 2360 2361 2177
f 2149 2177 2358
f 2361 2358 2177
f 2246 2359 2245
f 2362 2280 2209
f 2336 2282 2281
f 2249 2305 2248
f 2306 2305 2249
f 2303 2363 2304
f 2305 2364 2337
f 2304 2363 2219
f 2212 2338 2303
f 2306 2153 2218
f 2219 2363 2257
f 2340 2365 2309
f 2285 2341 2339
f 2337 2366 2307
f 2257 2363 2367
f 2338 2310 2368
f 2308 2342 2184
f 2369 2342 2308
f 2365 2308 2309
f 2317 2257 2367
f 2365 2369 2308
f 2314 2370 2313
f 2307 2371 2314
f 2368 2310 2316
f 2366 2372 2307
f 2338 2373 2367
f 2367 2343 2317
f 2374 2368 2316
f 2375 2368 2374
f 2372 2366 2287
f 2344 2372 2287
f 2376 2318 2343
f 2344 2260 2377
f 2260 2319 2377
f 2345 2263 2378
f 2262 2320 2322
f 2290 2323 2346
f 2293 2347 2233
f 2326 2194 2291
f 2271 2326 2331
f 2294 2379 2330
f 2269 2296 2299
f 2380 2202 2273
f 2354 2207 2356
f 2335 2381 2205
f 2277 2382 2243
f 2383 2334 2355
f 2277 2357 2382
f 2334 2383 2356
f 2209 2279 2362
f 2359 2246 2384
f 2302 2252 2385
f 2305 2306 2364
f 2218 2364 2306
f 2303 2338 2363
f 2336 2340 2254
f 2364 2386 2337
f 2218 2287 2386
f 2387 2312 2313
f 2337 2386 2366
f 2287 2366 2386
f 2369 2388 2342
f 2307 2372 2371
f 2338 2367 2363
f 2315 2389 2316
f 2370 2314 2371
f 2338 2368 2373
f 2390 2370 2371
f 2343 2367 2375
f 2367 2373 2375
f 2373 2368 2375
f 2390 2371 2372
f 2374 2316 2389
f 2391 2392 2372
f 2344 2391 2372
f 2343 2393 2376
f 2394 2391 2344
f 2344 2377 2394
f 2376 2395 2318
f 2396 2395 2376
f 2263 2318 2378
f 2319 2397 2377
f 2398 2319 2399
f 2264 2399 2319
f 2400 2322 2320
f 2264 2346 2401
f 2402 2265 2321
f 2267 2325 2403
f 2347 2404 2291
f 2405 2327 2292
f 2324 2234 2406
f 2379 2294 2327
f 2331 2326 2407
f 2408 2273 2328
f 2301 2350 2146
f 2274 2352 2409
f 2355 2200 2299
f 2330 2410 2203
f 2411 2300 2351
f 2355 2204 2200
f 2301 2354 2412
f 2353 2243 2413
f 2380 2242 2202
f 2413 2243 2382
f 2380 2414 2242
f 2414 2360 2242
f 2300 2411 2279
f 2415 2362 2411
f 2411 2362 2279
f 2382 2357 2416
f 2333 2358 2417
f 2418 2382 2416
f 2360 2419 2361
f 2358 2361 2417
f 2302 2384 2246
f 2385 2252 2283
f 2364 2218 2386
f 2365 2340 2420
f 2339 2341 2421
f 2365 2420 2369
f 2341 2312 2387
f 2369 2420 2388
f 2422 2421 2341
f 2341 2387 2422
f 2372 2392 2390
f 2343 2375 2423
f 2375 2374 2423
f 2389 2423 2374
f 2423 2393 2343
f 2396 2376 2393
f 2391 2394 2424
f 2395 2396 2425
f 2377 2424 2394
f 2378 2318 2395
f 2345 2378 2426
f 2319 2398 2397
f 2320 2345 2427
f 2400 2320 2427
f 2402 2321 2400
f 2321 2322 2400
f 2346 2265 2402
f 2402 2400 2428
f 2348 2267 2403
f 2347 2293 2404
f 2404 2293 2349
f 2348 2405 2292
f 2349 2297 2429
f 2326 2291 2407
f 2379 2327 2405
f 2430 2328 2295
f 2234 2274 2409
f 2234 2409 2406
f 2431 2297 2350
f 2295 2240 2432
f 2330 2379 2433
f 2433 2410 2330
f 2434 2332 2174
f 2301 2412 2350
f 2411 2351 2435
f 2174 2333 2434
f 2410 2357 2203
f 2205 2381 2352
f 2357 2278 2203
f 2355 2436 2383
f 2354 2356 2437
f 2411 2438 2415
f 2381 2335 2439
f 2335 2359 2439
f 2356 2383 2437
f 2440 2382 2418
f 2441 2417 2419
f 2383 2442 2443
f 2444 2359 2384
f 2383 2443 2437
f 2445 2362 2415
f 2362 2445 2280
f 2446 2361 2419
f 2302 2385 2447
f 2281 2448 2336
f 2449 2385 2283
f 2339 2449 2283
f 2336 2450 2340
f 2342 2388 2451
f 2452 2422 2387
f 2390 2392 2370
f 2393 2423 2453
f 2392 2391 2454
f 2424 2454 2391
f 2396 2453 2425
f 2453 2396 2393
f 2395 2425 2455
f 2456 2455 2425
f 2457 2424 2377
f 2378 2395 2455
f 2426 2378 2455
f 2427 2345 2426
f 2428 2400 2458
f 2346 2459 2401
f 2324 2460 2325
f 2403 2325 2460
f 2324 2406 2461
f 2324 2461 2460
f 2405 2462 2379
f 2170 2298 2463
f 2170 2463 2329
f 2295 2432 2430
f 2241 2464 2298
f 2407 2351 2331
f 2465 2299 2296
f 2380 2273 2408
f 2410 2466 2357
f 2333 2441 2467
f 2413 2382 2440
f 2414 2441 2360
f 2439 2468 2381
f 2360 2441 2419
f 2333 2417 2441
f 2383 2436 2442
f 2469 2415 2438
f 2359 2444 2439
f 2415 2469 2445
f 2470 2471 2417
f 2417 2471 2419
f 2470 2417 2446
f 2446 2417 2361
f 2419 2471 2446
f 2443 2442 2437
f 2384 2302 2447
f 2472 2447 2385
f 2448 2450 2336
f 2448 2473 2450
f 2385 2449 2472
f 2474 2339 2421
f 2388 2420 2475
f 2342 2476 2315
f 2342 2451 2476
f 2451 2388 2475
f 2477 2421 2422
f 2315 2476 2389
f 2422 2452 2477
f 2313 2370 2452
f 2478 2476 2451
f 2423 2389 2479
f 2370 2392 2454
f 2453 2423 2480
f 2481 2456 2453
f 2453 2456 2425
f 2377 2397 2457
f 2482 2427 2426
f 2400 2427 2483
f 2398 2399 2484
f 2458 2400 2483
f 2399 2264 2401
f 2402 2428 2485
f 2459 2486 2401
f 2402 2459 2346
f 2485 2459 2402
f 2291 2404 2487
f 2291 2487 2407
f 2431 2429 2297
f 2407 2487 2488
f 2406 2489 2461
f 2490 2329 2463
f 2489 2406 2409
f 2350 2412 2431
f 2433 2379 2491
f 2432 2240 2353
f 2414 2467 2441
f 2434 2333 2467
f 2436 2355 2492
f 2354 2437 2493
f 2357 2494 2416
f 2468 2439 2444
f 2444 2495 2468
f 2494 2440 2416
f 2496 2445 2469
f 2416 2440 2418
f 2280 2445 2497
f 2497 2445 2496
f 2498 2444 2384
f 2280 2497 2281
f 2448 2281 2497
f 2499 2449 2339
f 2500 2340 2450
f 2340 2500 2420
f 2339 2501 2499
f 2501 2339 2474
f 2421 2477 2474
f 2313 2452 2387
f 2477 2452 2502
f 2479 2389 2476
f 2370 2503 2452
f 2454 2503 2370
f 2480 2423 2479
f 2453 2480 2481
f 2455 2456 2504
f 2424 2457 2505
f 2506 2455 2507
f 2506 2426 2455
f 2506 2482 2426
f 2508 2427 2482
f 2508 2483 2427
f 2428 2458 2509
f 2428 2509 2485
f 2510 2458 2483
f 2511 2512 2348
f 2348 2512 2405
f 2513 2328 2430
f 2463 2298 2464
f 2489 2409 2514
f 2515 2430 2432
f 2329 2490 2296
f 2296 2490 2465
f 2462 2491 2379
f 2516 2408 2517
f 2332 2464 2241
f 2408 2516 2380
f 2515 2432 2353
f 2465 2355 2299
f 2351 2407 2435
f 2491 2410 2433
f 2492 2355 2465
f 2518 2354 2493
f 2381 2468 2352
f 2413 2440 2494
f 2437 2442 2493
f 2519 2469 2438
f 2495 2444 2498
f 2520 2495 2498
f 2519 2496 2469
f 2446 2521 2470
f 2446 2471 2522
f 2522 2471 2523
f 2521 2446 2522
f 2384 2447 2498
f 2524 2473 2448
f 2447 2472 2525
f 2526 2472 2449
f 2527 2450 2473
f 2526 2449 2499
f 2450 2527 2500
f 2528 2420 2500
f 2475 2420 2528
f 2451 2475 2478
f 2502 2452 2503
f 2476 2478 2479
f 2478 2529 2479
f 2454 2530 2503
f 2479 2531 2480
f 2531 2479 2529
f 2530 2532 2503
f 2530 2454 2533
f 2480 2534 2481
f 2424 2533 2454
f 2456 2481 2534
f 2534 2504 2456
f 2507 2455 2504
f 2397 2535 2457
f 2536 2508 2482
f 2508 2537 2483
f 2483 2537 2510
f 2484 2399 2538
f 2399 2401 2538
f 2486 2459 2539
f 2539 2459 2540
f 2540 2459 2485
f 2541 2511 2403
f 2511 2348 2403
f 2404 2349 2542
f 2429 2542 2349
f 2405 2543 2462
f 2487 2544 2488
f 2461 2489 2514
f 2408 2328 2513
f 2412 2545 2431
f 2514 2409 2546
f 2466 2410 2491
f 2354 2518 2545
f 2545 2412 2354
f 2409 2352 2547
f 2492 2548 2436
f 2352 2468 2547
f 2357 2466 2494
f 2468 2495 2549
f 2436 2550 2442
f 2493 2442 2550
f 2495 2520 2549
f 2496 2519 2551
f 2470 2523 2471
f 2520 2498 2552
f 2552 2498 2447
f 2448 2497 2524
f 2473 2524 2553
f 2527 2473 2553
f 2474 2477 2554
f 2477 2502 2554
f 2478 2475 2555
f 2554 2502 2556
f 2478 2555 2529
f 2503 2556 2502
f 2531 2529 2557
f 2532 2530 2558
f 2534 2480 2531
f 2558 2530 2559
f 2531 2560 2534
f 2560 2531 2561
f 2559 2530 2562
f 2533 2562 2530
f 2563 2506 2507
f 2535 2564 2457
f 2482 2506 2536
f 2563 2565 2506
f 2564 2535 2566
f 2535 2397 2567
f 2566 2535 2567
f 2568 2397 2398
f 2536 2537 2508
f 2458 2510 2569
f 2484 2538 2570
f 2486 2538 2401
f 2509 2571 2485
f 2512 2511 2572
f 2403 2460 2541
f 2405 2512 2543
f 2487 2404 2542
f 2461 2514 2573
f 2463 2464 2574
f 2463 2574 2490
f 2575 2407 2488
f 2353 2576 2515
f 2414 2380 2516
f 2467 2414 2577
f 2413 2494 2578
f 2468 2549 2547
f 2548 2550 2436
f 2438 2579 2519
f 2520 2580 2549
f 2470 2581 2582
f 2581 2470 2583
f 2583 2470 2521
f 2470 2582 2523
f 2522 2584 2521
f 2552 2447 2525
f 2497 2551 2524
f 2585 2500 2527
f 2499 2501 2526
f 2585 2528 2500
f 2528 2586 2475
f 2475 2586 2555
f 2529 2555 2557
f 2556 2503 2532
f 2557 2561 2531
f 2558 2559 2587
f 2587 2559 2588
f 2559 2562 2589
f 2560 2504 2534
f 2533 2424 2505
f 2533 2590 2562
f 2457 2564 2505
f 2591 2563 2507
f 2592 2564 2566
f 2536 2506 2593
f 2565 2593 2506
f 2568 2567 2397
f 2398 2484 2594
f 2509 2458 2569
f 2570 2594 2484
f 2595 2570 2538
f 2486 2595 2538
f 2511 2541 2572
f 2542 2429 2596
f 2596 2487 2542
f 2461 2573 2460
f 2597 2487 2596
f 2487 2597 2544
f 2488 2544 2598
f 2575 2488 2598
f 2513 2430 2599
f 2464 2332 2600
f 2574 2464 2600
f 2545 2601 2431
f 2575 2435 2407
f 2576 2602 2515
f 2603 2492 2465
f 2546 2409 2547
f 2518 2604 2545
f 2605 2353 2413
f 2577 2606 2467
f 2411 2579 2438
f 2548 2492 2607
f 2581 2577 2608
f 2577 2581 2606
f 2606 2581 2583
f 2607 2550 2548
f 2493 2550 2518
f 2549 2580 2609
f 2608 2582 2581
f 2610 2583 2521
f 2580 2552 2611
f 2580 2520 2552
f 2610 2521 2584
f 2496 2551 2497
f 2523 2612 2522
f 2552 2525 2611
f 2584 2522 2613
f 2524 2551 2614
f 2524 2614 2553
f 2525 2472 2526
f 2553 2615 2585
f 2553 2585 2527
f 2616 2526 2501
f 2555 2617 2557
f 2556 2532 2618
f 2532 2558 2618
f 2560 2561 2619
f 2619 2561 2620
f 2559 2589 2588
f 2560 2621 2504
f 2589 2562 2622
f 2621 2560 2619
f 2507 2504 2623
f 2624 2505 2564
f 2562 2590 2622
f 2590 2625 2622
f 2563 2591 2565
f 2566 2567 2592
f 2593 2626 2536
f 2568 2627 2567
f 2568 2398 2594
f 2626 2537 2536
f 2485 2571 2540
f 2628 2569 2510
f 2539 2629 2486
f 2512 2572 2543
f 2460 2630 2541
f 2572 2541 2630
f 2630 2460 2573
f 2543 2631 2462
f 2601 2429 2431
f 2544 2597 2598
f 2514 2632 2573
f 2513 2517 2408
f 2602 2430 2515
f 2599 2430 2602
f 2332 2633 2600
f 2465 2490 2603
f 2435 2575 2598
f 2466 2491 2631
f 2434 2633 2332
f 2353 2605 2576
f 2579 2411 2435
f 2577 2414 2516
f 2467 2606 2634
f 2547 2549 2609
f 2606 2583 2610
f 2607 2635 2550
f 2519 2636 2551
f 2582 2637 2523
f 2637 2612 2523
f 2613 2522 2612
f 2638 2525 2526
f 2638 2526 2616
f 2474 2554 2501
f 2555 2586 2617
f 2617 2639 2557
f 2618 2640 2556
f 2558 2641 2618
f 2639 2561 2557
f 2587 2641 2558
f 2642 2561 2639
f 2561 2642 2620
f 2620 2642 2643
f 2644 2588 2589
f 2620 2645 2646
f 2620 2646 2619
f 2647 2620 2643
f 2587 2648 2649
f 2648 2587 2588
f 2650 2589 2622
f 2619 2651 2621
f 2647 2645 2620
f 2505 2652 2590
f 2505 2590 2533
f 2623 2504 2621
f 2621 2651 2653
f 2625 2652 2622
f 2652 2625 2590
f 2654 2623 2621
f 2621 2653 2654
f 2564 2655 2624
f 2656 2565 2591
f 2656 2593 2565
f 2657 2626 2593
f 2571 2509 2569
f 2658 2569 2628
f 2659 2570 2595
f 2539 2540 2660
f 2661 2486 2629
f 2630 2573 2632
f 2601 2662 2429
f 2514 2663 2632
f 2631 2491 2462
f 2546 2663 2514
f 2490 2664 2603
f 2547 2665 2546
f 2492 2603 2666
f 2634 2633 2434
f 2579 2435 2667
f 2467 2634 2434
f 2516 2668 2577
f 2608 2577 2668
f 2634 2606 2610
f 2413 2578 2669
f 2518 2550 2670
f 2579 2636 2519
f 2609 2580 2611
f 2494 2671 2672
f 2578 2494 2672
f 2525 2638 2611
f 2673 2585 2615
f 2585 2673 2528
f 2674 2616 2501
f 2674 2501 2675
f 2586 2673 2676
f 2528 2673 2586
f 2675 2501 2554
f 2617 2586 2676
f 2640 2554 2556
f 2640 2618 2677
f 2587 2649 2641
f 2642 2678 2643
f 2589 2679 2644
f 2619 2646 2651
f 2588 2644 2648
f 2647 2680 2645
f 2650 2622 2652
f 2651 2681 2653
f 2505 2624 2652
f 2681 2682 2653
f 2683 2507 2623
f 2654 2683 2623
f 2682 2654 2653
f 2684 2654 2682
f 2685 2686 2687
f 2655 2564 2592
f 2657 2593 2656
f 2567 2688 2592
f 2567 2627 2688
f 2627 2568 2689
f 2690 2689 2568
f 2594 2690 2568
f 2510 2537 2628
f 2659 2594 2570
f 2571 2569 2658
f 2486 2661 2595
f 2662 2596 2429
f 2597 2596 2691
f 2598 2597 2691
f 2545 2692 2601
f 2513 2599 2517
f 2574 2664 2490
f 2667 2435 2598
f 2663 2546 2665
f 2631 2693 2466
f 2516 2694 2668
f 2695 2579 2667
f 2492 2666 2607
f 2466 2671 2494
f 2579 2695 2636
f 2670 2550 2635
f 2584 2613 2696
f 2553 2614 2615
f 2638 2616 2674
f 2673 2615 2697
f 2675 2698 2674
f 2640 2675 2554
f 2641 2677 2618
f 2678 2642 2639
f 2641 2649 2644
f 2641 2644 2679
f 2589 2650 2679
f 2646 2645 2678
f 2645 2643 2678
f 2649 2648 2644
f 2645 2680 2699
f 2652 2700 2650
f 2701 2682 2681
f 2701 2681 2651
f 2624 2700 2652
f 2702 2686 2703
f 2704 2705 2706
f 2707 2706 2705
f 2703 2686 2685
f 2680 2708 2686
f 2507 2683 2709
f 2683 2654 2710
f 2591 2507 2709
f 2710 2654 2684
f 2686 2711 2687
f 2591 2709 2656
f 2708 2711 2686
f 2592 2688 2655
f 2656 2712 2657
f 2626 2657 2713
f 2657 2712 2713
f 2627 2689 2688
f 2594 2659 2690
f 2659 2595 2661
f 2660 2540 2571
f 2661 2629 2714
f 2629 2539 2714
f 2660 2714 2539
f 2715 2572 2630
f 2631 2543 2716
f 2601 2692 2717
f 2574 2600 2718
f 2664 2574 2719
f 2720 2516 2517
f 2604 2692 2545
f 2694 2516 2720
f 2633 2634 2721
f 2605 2413 2669
f 2668 2722 2608
f 2518 2670 2604
f 2582 2608 2637
f 2584 2696 2610
f 2723 2696 2613
f 2615 2614 2697
f 2698 2638 2674
f 2676 2673 2697
f 2724 2675 2640
f 2639 2725 2678
f 2641 2679 2677
f 2725 2646 2678
f 2646 2725 2651
f 2651 2725 2702
f 2650 2704 2679
f 2702 2699 2680
f 2645 2699 2643
f 2643 2699 2647
f 2701 2651 2702
f 2726 2647 2699
f 2647 2726 2680
f 2704 2650 2700
f 2701 2702 2703
f 2680 2686 2702
f 2706 2707 2727
f 2728 2705 2704
f 2726 2708 2680
f 2729 2708 2726
f 2703 2685 2730
f 2731 2705 2728
f 2732 2707 2705
f 2733 2624 2655
f 2709 2683 2734
f 2685 2687 2730
f 2731 2732 2705
f 2735 2730 2687
f 2735 2687 2711
f 2710 2736 2683
f 2735 2711 2737
f 2711 2708 2738
f 2739 2683 2736
f 2711 2740 2737
f 2738 2740 2711
f 2741 2733 2655
f 2655 2688 2742
f 2537 2626 2743
f 2713 2743 2626
f 2690 2744 2689
f 2537 2743 2628
f 2745 2571 2658
f 2746 2714 2660
f 2715 2747 2572
f 2747 2543 2572
f 2748 2691 2596
f 2715 2630 2632
f 2748 2596 2662
f 2719 2574 2718
f 2665 2547 2609
f 2749 2609 2611
f 2614 2551 2636
f 2612 2750 2613
f 2613 2750 2723
f 2638 2698 2751
f 2697 2752 2676
f 2753 2698 2675
f 2754 2724 2640
f 2754 2640 2677
f 2617 2755 2639
f 2639 2756 2725
f 2679 2757 2677
f 2679 2758 2757
f 2756 2699 2725
f 2679 2704 2758
f 2725 2699 2702
f 2758 2704 2706
f 2756 2726 2699
f 2758 2706 2759
f 2759 2706 2727
f 2704 2700 2728
f 2727 2707 2760
f 2684 2682 2761
f 2762 2730 2735
f 2760 2707 2732
f 2728 2763 2731
f 2764 2624 2733
f 2710 2684 2761
f 2736 2710 2761
f 2739 2734 2683
f 2765 2738 2708
f 2736 2761 2766
f 2741 2655 2742
f 2766 2739 2736
f 2688 2744 2742
f 2713 2712 2767
f 2689 2744 2688
f 2713 2768 2743
f 2658 2628 2745
f 2660 2571 2745
f 2661 2769 2659
f 2714 2769 2661
f 2769 2714 2746
f 2716 2543 2747
f 2631 2716 2770
f 2662 2601 2717
f 2598 2691 2771
f 2772 2602 2576
f 2599 2602 2772
f 2576 2605 2772
f 2466 2693 2671
f 2694 2720 2773
f 2604 2670 2774
f 2669 2578 2775
f 2672 2775 2578
f 2776 2610 2696
f 2777 2670 2635
f 2778 2752 2614
f 2751 2611 2638
f 2697 2614 2752
f 2751 2698 2753
f 2676 2779 2617
f 2755 2780 2639
f 2757 2754 2677
f 2781 2756 2639
f 2700 2782 2728
f 2701 2703 2783
f 2726 2784 2729
f 2682 2701 2785
f 2783 2785 2701
f 2703 2786 2783
f 2727 2760 2787
f 2786 2703 2730
f 2786 2730 2762
f 2709 2734 2788
f 2762 2735 2789
f 2789 2735 2737
f 2734 2739 2761
f 2790 2789 2737
f 2765 2708 2729
f 2732 2731 2791
f 2731 2763 2791
f 2761 2739 2766
f 2737 2740 2790
f 2792 2738 2765
f 2729 2793 2765
f 2791 2794 2732
f 2733 2741 2764
f 2712 2656 2709
f 2742 2744 2795
f 2713 2767 2768
f 2628 2743 2745
f 2796 2660 2745
f 2748 2662 2797
f 2797 2662 2717
f 2798 2799 2632
f 2798 2632 2663
f 2633 2718 2600
f 2800 2664 2719
f 2692 2801 2717
f 2771 2667 2598
f 2802 2517 2599
f 2517 2802 2720
f 2631 2770 2693
f 2663 2665 2803
f 2804 2666 2603
f 2667 2805 2695
f 2665 2609 2803
f 2722 2694 2773
f 2668 2694 2722
f 2605 2669 2806
f 2634 2610 2776
f 2749 2611 2807
f 2637 2750 2612
f 2635 2808 2777
f 2778 2614 2636
f 2611 2751 2807
f 2724 2753 2675
f 2724 2754 2809
f 2780 2781 2639
f 2759 2727 2787
f 2782 2810 2728
f 2728 2810 2763
f 2764 2700 2624
f 2811 2786 2789
f 2789 2786 2762
f 2761 2788 2734
f 2761 2785 2788
f 2761 2682 2785
f 2760 2732 2812
f 2788 2813 2709
f 2814 2789 2792
f 2792 2789 2790
f 2814 2792 2815
f 2760 2812 2816
f 2791 2763 2817
f 2738 2790 2740
f 2738 2792 2790
f 2741 2795 2764
f 2765 2818 2792
f 2794 2812 2732
f 2793 2819 2765
f 2742 2795 2741
f 2712 2709 2767
f 2744 2690 2820
f 2821 2690 2659
f 2659 2769 2821
f 2746 2660 2796
f 2822 2747 2715
f 2800 2603 2664
f 2805 2667 2771
f 2720 2802 2773
f 2604 2823 2692
f 2604 2774 2823
f 2824 2636 2695
f 2825 2607 2666
f 2774 2670 2826
f 2635 2607 2825
f 2608 2722 2637
f 2635 2825 2808
f 2670 2777 2826
f 2775 2672 2827
f 2779 2676 2752
f 2755 2617 2779
f 2726 2756 2828
f 2784 2726 2828
f 2759 2787 2829
f 2782 2830 2810
f 2700 2830 2782
f 2783 2786 2811
f 2787 2760 2831
f 2764 2832 2700
f 2784 2833 2729
f 2816 2831 2760
f 2817 2763 2810
f 2813 2788 2834
f 2815 2792 2818
f 2729 2835 2793
f 2817 2836 2791
f 2819 2818 2765
f 2836 2794 2791
f 2709 2813 2767
f 2767 2837 2768
f 2690 2821 2820
f 2838 2743 2768
f 2745 2743 2838
f 2745 2838 2796
f 2839 2769 2746
f 2747 2822 2716
f 2691 2748 2840
f 2797 2717 2841
f 2840 2771 2691
f 2715 2632 2799
f 2798 2663 2803
f 2599 2772 2842
f 2599 2842 2802
f 2843 2718 2633
f 2844 2719 2718
f 2844 2800 2719
f 2603 2800 2804
f 2770 2845 2693
f 2773 2802 2846
f 2804 2800 2844
f 2772 2605 2847
f 2803 2609 2749
f 2776 2721 2634
f 2695 2805 2824
f 2848 2849 2671
f 2671 2849 2672
f 2826 2808 2850
f 2826 2777 2808
f 2827 2672 2849
f 2778 2851 2752
f 2751 2753 2852
f 2752 2853 2779
f 2779 2854 2755
f 2755 2854 2855
f 2809 2856 2724
f 2755 2855 2780
f 2856 2809 2857
f 2754 2858 2809
f 2809 2859 2857
f 2859 2809 2858
f 2754 2757 2858
f 2757 2758 2860
f 2781 2828 2756
f 2758 2759 2860
f 2861 2784 2828
f 2814 2811 2789
f 2862 2863 2817
f 2810 2862 2817
f 2788 2785 2834
f 2833 2835 2729
f 2817 2863 2836
f 2793 2835 2864
f 2794 2836 2865
f 2793 2864 2819
f 2837 2767 2813
f 2837 2866 2768
f 2821 2769 2867
f 2838 2868 2796
f 2867 2869 2821
f 2796 2868 2870
f 2748 2797 2871
f 2840 2748 2872
f 2770 2716 2873
f 2717 2874 2841
f 2771 2840 2872
f 2798 2875 2799
f 2874 2717 2801
f 2798 2803 2875
f 2843 2844 2718
f 2842 2772 2847
f 2692 2823 2801
f 2803 2749 2876
f 2669 2877 2806
f 2722 2878 2637
f 2669 2775 2877
f 2825 2879 2808
f 2877 2775 2880
f 2637 2878 2750
f 2808 2881 2850
f 2775 2827 2880
f 2851 2853 2752
f 2753 2724 2852
f 2724 2856 2858
f 2857 2882 2856
f 2858 2856 2859
f 2855 2883 2780
f 2882 2857 2884
f 2859 2885 2857
f 2780 2886 2781
f 2883 2887 2780
f 2885 2884 2857
f 2887 2886 2780
f 2829 2860 2759
f 2829 2787 2888
f 2889 2784 2861
f 2888 2787 2890
f 2889 2833 2784
f 2891 2783 2811
f 2891 2811 2892
f 2787 2831 2890
f 2863 2888 2893
f 2700 2832 2830
f 2891 2785 2783
f 2811 2894 2892
f 2814 2894 2811
f 2895 2894 2814
f 2896 2863 2893
f 2895 2814 2815
f 2835 2833 2897
f 2896 2836 2863
f 2764 2898 2832
f 2815 2818 2899
f 2812 2900 2816
f 2795 2898 2764
f 2812 2794 2900
f 2795 2744 2820
f 2901 2795 2820
f 2768 2866 2838
f 2869 2902 2821
f 2867 2769 2839
f 2903 2746 2796
f 2869 2867 2904
f 2796 2870 2903
f 2905 2869 2904
f 2906 2903 2870
f 2907 2822 2715
f 2872 2748 2871
f 2770 2873 2845
f 2771 2872 2908
f 2908 2805 2771
f 2803 2876 2875
f 2846 2802 2842
f 2666 2804 2825
f 2773 2878 2722
f 2721 2776 2909
f 2910 2849 2848
f 2636 2911 2778
f 2878 2912 2750
f 2750 2912 2723
f 2751 2913 2914
f 2913 2751 2852
f 2853 2854 2779
f 2858 2852 2724
f 2855 2915 2916
f 2917 2916 2915
f 2883 2855 2916
f 2856 2882 2859
f 2858 2757 2918
f 2859 2882 2885
f 2860 2918 2757
f 2781 2886 2828
f 2828 2919 2861
f 2920 2862 2921
f 2922 2923 2894
f 2888 2890 2893
f 2888 2863 2920
f 2862 2920 2863
f 2810 2924 2862
f 2830 2924 2810
f 2922 2894 2895
f 2889 2925 2833
f 2830 2926 2924
f 2830 2832 2926
f 2785 2927 2834
f 2890 2831 2928
f 2831 2816 2928
f 2890 2929 2893
f 2930 2895 2931
f 2893 2929 2896
f 2899 2895 2815
f 2900 2928 2816
f 2899 2932 2895
f 2931 2895 2932
f 2836 2896 2865
f 2899 2818 2819
f 2794 2865 2933
f 2934 2900 2794
f 2820 2821 2902
f 2869 2905 2902
f 2867 2839 2904
f 2868 2838 2935
f 2868 2935 2870
f 2936 2905 2904
f 2904 2839 2936
f 2936 2839 2937
f 2935 2906 2870
f 2841 2874 2938
f 2801 2939 2874
f 2940 2939 2801
f 2941 2805 2908
f 2801 2823 2940
f 2633 2721 2942
f 2693 2943 2671
f 2942 2721 2909
f 2876 2749 2944
f 2823 2774 2940
f 2671 2943 2848
f 2909 2776 2945
f 2946 2774 2826
f 2749 2807 2947
f 2636 2824 2911
f 2877 2948 2806
f 2808 2879 2881
f 2947 2807 2949
f 2945 2776 2696
f 2880 2827 2849
f 2912 2950 2723
f 2850 2951 2952
f 2850 2952 2826
f 2950 2696 2723
f 2881 2951 2850
f 2911 2851 2778
f 2807 2751 2914
f 2851 2953 2853
f 2853 2953 2854
f 2913 2852 2954
f 2953 2915 2854
f 2852 2858 2954
f 2854 2915 2855
f 2916 2917 2955
f 2916 2955 2883
f 2884 2885 2882
f 2917 2956 2957
f 2957 2955 2917
f 2883 2955 2887
f 2887 2957 2886
f 2886 2957 2828
f 2957 2919 2828
f 2958 2860 2829
f 2829 2888 2920
f 2861 2922 2889
f 2862 2924 2921
f 2922 2925 2889
f 2959 2785 2891
f 2922 2895 2930
f 2925 2922 2930
f 2832 2960 2926
f 2925 2961 2833
f 2890 2928 2929
f 2962 2925 2930
f 2833 2961 2897
f 2835 2931 2963
f 2962 2963 2931
f 2963 2962 2897
f 2930 2897 2962
f 2897 2930 2835
f 2931 2835 2930
f 2964 2929 2928
f 2896 2929 2964
f 2963 2965 2835
f 2835 2965 2864
f 2928 2900 2964
f 2896 2964 2966
f 2967 2932 2899
f 2819 2967 2899
f 2933 2934 2794
f 2813 2968 2837
f 2819 2969 2967
f 2902 2970 2820
f 2838 2866 2935
f 2902 2905 2970
f 2936 2971 2905
f 2839 2746 2937
f 2936 2937 2972
f 2906 2973 2903
f 2797 2974 2871
f 2797 2841 2974
f 2907 2715 2975
f 2716 2822 2976
f 2976 2873 2716
f 2872 2871 2977
f 2978 2845 2873
f 2799 2875 2979
f 2876 2979 2875
f 2842 2980 2846
f 2633 2942 2843
f 2842 2847 2980
f 2773 2846 2981
f 2804 2844 2982
f 2824 2805 2983
f 2847 2605 2806
f 2825 2804 2982
f 2879 2825 2982
f 2911 2824 2984
f 2879 2985 2881
f 2880 2849 2910
f 2696 2950 2945
f 2914 2913 2954
f 2954 2858 2986
f 2858 2918 2986
f 2917 2915 2956
f 2915 2987 2956
f 2919 2956 2987
f 2956 2919 2957
f 2887 2955 2957
f 2918 2860 2958
f 2919 2923 2861
f 2861 2923 2922
f 2894 2988 2892
f 2892 2989 2891
f 2988 2989 2892
f 2925 2962 2965
f 2965 2961 2925
f 2931 2965 2962
f 2897 2961 2963
f 2927 2990 2834
f 2932 2991 2931
f 2965 2931 2991
f 2965 2991 2864
f 2966 2964 2900
f 2834 2992 2813
f 2990 2992 2834
f 2993 2991 2932
f 2864 2991 2993
f 2896 2994 2865
f 2994 2933 2865
f 2813 2992 2968
f 2995 2819 2864
f 2995 2969 2819
f 2820 2996 2901
f 2820 2970 2996
f 2970 2905 2997
f 2998 2999 2935
f 2998 2935 2866
f 2935 2999 2906
f 2999 2998 3000
f 2746 3001 2937
f 2903 3002 2746
f 2906 2999 3003
f 3001 2972 2937
f 2903 2973 3002
f 2972 2971 2936
f 2906 3003 2973
f 2871 3004 2977
f 2715 2799 2975
f 2938 2874 2939
f 2943 2693 2845
f 2876 2944 2979
f 2846 3005 2981
f 2843 2982 2844
f 2773 2981 2878
f 2878 2981 3006
f 2749 2947 2944
f 2847 2806 3007
f 2983 2984 2824
f 2945 3008 2909
f 3009 2911 2984
f 3006 2912 2878
f 2985 2879 3010
f 2952 2946 2826
f 2877 3011 2948
f 2877 2880 3011
f 3011 2880 2910
f 2881 2985 2951
f 3012 2952 2951
f 2949 2807 3013
f 3013 2807 2914
f 3014 2954 2986
f 2986 2918 3015
f 2919 2987 3016
f 2958 2829 3017
f 2920 3017 2829
f 2921 3017 2920
f 2923 3018 2894
f 2924 3019 2921
f 2894 3018 2988
f 2988 3020 2989
f 2924 2926 3019
f 2891 2989 2959
f 2927 2785 2959
f 2961 2965 3021
f 2965 2963 3021
f 2960 2832 2898
f 2900 2934 2966
f 2896 2966 2994
f 2795 3022 2898
f 2795 2901 3022
f 2934 2933 3023
f 2933 3024 3023
f 2933 2994 3024
f 2998 3025 3000
f 2973 3026 3002
f 3027 2907 2975
f 2822 2907 2976
f 3004 2974 2841
f 2871 2974 3004
f 3028 2873 2976
f 2978 2873 3028
f 2939 3029 2938
f 3030 2841 2938
f 2979 2975 2799
f 2908 2872 3031
f 3029 2939 2940
f 2941 2908 3031
f 2983 2805 2941
f 3005 2846 2980
f 2982 2843 3032
f 2940 2774 3033
f 2943 3034 2848
f 3035 2947 2949
f 2912 3006 3036
f 2912 3036 2950
f 2951 2985 3012
f 2851 2911 3037
f 2954 3013 2914
f 2953 3038 3039
f 2953 3039 2915
f 3015 2918 2958
f 2923 2919 3016
f 3018 3020 2988
f 2961 3021 3040
f 2963 2961 3040
f 2927 2992 2990
f 3040 3021 2963
f 3022 2960 2898
f 2967 2969 2932
f 2932 2995 2993
f 2993 2995 2864
f 2866 2837 3041
f 2996 2970 3042
f 2866 3025 2998
f 2997 2905 2971
f 3002 3026 2746
f 2972 3043 2971
f 2938 3029 3030
f 2845 2978 3028
f 2940 3033 3044
f 2942 3032 2843
f 3045 3032 2942
f 2909 3045 2942
f 2909 3008 3045
f 2984 2983 3046
f 2982 3047 2879
f 2984 3046 3009
f 2848 3034 2910
f 3010 2879 3047
f 2946 2952 3048
f 2910 3049 3011
f 3010 3050 2985
f 2952 3012 3048
f 2985 3050 3012
f 3051 2851 3037
f 2851 3051 2953
f 3052 3013 2954
f 3052 2954 3014
f 2915 3039 2987
f 3016 3053 2923
f 3018 2923 3053
f 3053 3054 3018
f 3020 3018 3054
f 3054 2989 3020
f 2989 3054 2959
f 2932 2969 3055
f 3055 2995 2932
f 3022 2901 3056
f 2934 3023 2966
f 2995 3055 2969
f 3041 2837 3057
f 2866 3041 3025
f 2970 2997 3042
f 2971 3058 2997
f 3059 2999 3000
f 3001 2746 3026
f 3043 2972 3001
f 2973 3060 3026
f 2976 2907 3061
f 2841 3030 3004
f 2979 3062 2975
f 2845 3028 3063
f 2943 2845 3063
f 3029 2940 3044
f 3064 3034 2943
f 3064 3065 3034
f 3005 2980 3066
f 2981 3005 3067
f 2946 3033 2774
f 2948 3007 2806
f 3008 2945 3068
f 3034 3049 2910
f 3069 3050 3010
f 3009 3037 2911
f 3049 2948 3011
f 2950 3068 2945
f 3012 3050 3048
f 2953 3051 3038
f 3015 2958 3070
f 2958 3017 3070
f 3017 2921 3070
f 3019 3070 2921
f 2960 3071 2926
f 2992 3072 2968
f 2966 3023 2994
f 2994 3023 3073
f 3074 3057 2968
f 3057 2837 2968
f 2901 2996 3075
f 3057 3076 3041
f 3025 3041 3077
f 3003 2999 3059
f 3000 3025 3078
f 3000 3078 3079
f 3043 3080 2971
f 3081 3001 3026
f 3079 3059 3000
f 3082 3080 3043
f 2907 3027 3061
f 3028 2976 3061
f 3028 3061 3083
f 3030 3029 3044
f 3064 2943 3063
f 2944 3084 2979
f 2983 2941 3085
f 3086 3032 3045
f 2983 3085 3046
f 3006 2981 3087
f 3007 2980 2847
f 3088 3046 3089
f 3009 3046 3088
f 3088 3037 3009
f 3006 3090 3036
f 3014 2986 3091
f 3091 2986 3015
f 3053 3016 3092
f 3093 3054 3053
f 2927 3094 2992
f 2992 3094 3072
f 3073 3024 2994
f 3095 3022 3056
f 2968 3072 3074
f 3073 3023 3024
f 3096 3056 2901
f 3097 3057 3074
f 3098 2996 3042
f 3042 3099 3098
f 3025 3077 3078
f 3099 3042 2997
f 2997 3058 3099
f 3082 3043 3081
f 3043 3001 3081
f 3003 3060 2973
f 3060 3100 3026
f 3061 3027 3083
f 3101 2975 3062
f 3064 3063 3065
f 3084 2944 3035
f 3065 3102 3034
f 3033 2946 3103
f 2944 2947 3035
f 3067 3005 3066
f 2982 3032 3104
f 3046 3105 3089
f 3045 3008 3068
f 3047 2982 3104
f 3010 3047 3069
f 3106 2946 3048
f 2948 3107 3007
f 3108 3036 3090
f 3036 3108 2950
f 3068 2950 3109
f 3107 2948 3049
f 3050 3069 3110
f 3110 3048 3050
f 3109 2950 3108
f 3016 3111 3092
f 3112 3019 2926
f 3071 3112 2926
f 3097 3074 3072
f 3075 2996 3098
f 3041 3113 3077
f 3060 3003 3114
f 3114 3003 3059
f 3115 3082 3081
f 3100 3081 3026
f 3027 2975 3101
f 3031 2872 2977
f 3028 3083 3116
f 3063 3028 3116
f 3030 3044 3117
f 3118 2941 3031
f 2979 3084 3062
f 3118 3085 2941
f 3046 3085 3105
f 3089 3105 3088
f 3006 3087 3090
f 3086 3045 3068
f 3068 3119 3120
f 3047 3104 3069
f 3119 3068 3109
f 3121 2949 3013
f 3037 3122 3051
f 3013 3052 3123
f 3051 3124 3038
f 3124 3051 3125
f 3039 3038 3124
f 3126 3052 3014
f 2987 3111 3016
f 3070 3127 3015
f 2959 3128 2927
f 3129 3022 3095
f 3095 3056 3096
f 3096 2901 3075
f 3057 3097 3076
f 3130 3098 3099
f 3077 3131 3078
f 3130 3099 3058
f 3080 3082 3115
f 3031 2977 3118
f 3033 3103 3044
f 3132 3105 3085
f 3067 3087 2981
f 3007 3066 2980
f 3032 3086 3133
f 3105 3134 3088
f 3088 3134 3037
f 3135 3035 2949
f 3034 3102 3049
f 3048 3110 3106
f 3121 3013 3123
f 3125 3051 3122
f 3123 3052 3136
f 3091 3126 3014
f 2987 3039 3111
f 3015 3127 3137
f 3053 3092 3093
f 2960 3022 3138
f 3022 3129 3138
f 3095 3096 3139
f 3076 3140 3041
f 3041 3140 3113
f 3141 3077 3113
f 3079 3078 3142
f 3078 3131 3142
f 3058 2971 3080
f 3143 3059 3079
f 3144 3030 3117
f 3063 3116 3145
f 3146 3062 3084
f 3147 3085 3118
f 3145 3065 3063
f 3085 3147 3132
f 3065 3145 3102
f 3103 2946 3106
f 3084 3035 3148
f 3135 3148 3035
f 3149 3067 3066
f 3087 3067 3149
f 3087 3149 3150
f 3066 3007 3151
f 3087 3150 3090
f 3086 3068 3120
f 3135 2949 3121
f 3104 3152 3069
f 3108 3090 3153
f 3154 3069 3152
f 3007 3107 3155
f 3134 3156 3037
f 3049 3157 3107
f 3108 3158 3109
f 3124 3159 3039
f 3126 3091 3160
f 3159 3111 3039
f 3137 3091 3015
f 3161 3070 3019
f 3019 3112 3161
f 3054 3162 2959
f 3138 3071 2960
f 3072 3094 3097
f 3139 3096 3163
f 3076 3097 3164
f 3163 3096 3075
f 3113 3140 3141
f 3143 3079 3142
f 3165 3058 3080
f 3115 3081 3166
f 3166 3167 3115
f 3100 3166 3081
f 3027 3168 3083
f 3030 3144 3004
f 3116 3083 3169
f 3118 2977 3170
f 3150 3153 3090
f 3133 3086 3171
f 3104 3032 3133
f 3151 3007 3155
f 3102 3157 3049
f 3110 3069 3154
f 3110 3154 3172
f 3156 3173 3037
f 3037 3173 3122
f 3136 3174 3123
f 3125 3175 3124
f 3126 3136 3052
f 3161 3127 3070
f 3176 3161 3112
f 2959 3162 3177
f 2959 3177 3128
f 3071 3176 3112
f 3138 3176 3071
f 2927 3128 3094
f 3129 3095 3139
f 3097 3178 3164
f 3164 3179 3076
f 3075 3098 3180
f 3131 3077 3141
f 3080 3115 3165
f 3114 3059 3181
f 3143 3181 3059
f 3166 3100 3182
f 3060 3183 3100
f 3060 3114 3183
f 3168 3027 3101
f 3117 3044 3103
f 3132 3184 3105
f 3105 3184 3134
f 3153 3150 3149
f 3152 3104 3185
f 3152 3185 3154
f 3172 3186 3106
f 3106 3110 3172
f 3157 3155 3107
f 3109 3158 3119
f 3187 3121 3123
f 3123 3174 3187
f 3188 3125 3122
f 3189 3174 3136
f 3126 3189 3136
f 3124 3175 3159
f 3160 3091 3190
f 3159 3191 3111
f 3192 3092 3111
f 3127 3193 3137
f 3054 3194 3162
f 3054 3093 3194
f 3097 3094 3178
f 3139 3163 3195
f 3179 3164 3178
f 3163 3075 3196
f 3196 3075 3180
f 3180 3098 3197
f 3098 3130 3197
f 3198 3181 3143
f 3183 3182 3100
f 3083 3168 3169
f 2977 3004 3144
f 2977 3144 3199
f 3101 3062 3200
f 3062 3146 3200
f 3118 3170 3147
f 3146 3084 3201
f 3132 3147 3202
f 3084 3148 3201
f 3120 3171 3086
f 3149 3066 3203
f 3203 3066 3151
f 3153 3149 3203
f 3120 3119 3204
f 3104 3133 3185
f 3119 3158 3205
f 3154 3185 3206
f 3156 3207 3173
f 3173 3188 3122
f 3187 3174 3208
f 3188 3175 3125
f 3191 3192 3111
f 3137 3190 3091
f 3209 3162 3194
f 3209 3210 3162
f 3211 3128 3177
f 3196 3195 3163
f 3140 3076 3179
f 3140 3179 3212
f 3212 3141 3140
f 3197 3130 3213
f 3197 3213 3214
f 3215 3142 3131
f 3165 3130 3058
f 3115 3216 3165
f 3217 3216 3115
f 3167 3217 3115
f 3218 3167 3166
f 3182 3218 3166
f 3101 3200 3219
f 2977 3199 3170
f 3220 3146 3201
f 3200 3146 3220
f 3147 3170 3221
f 3222 3102 3145
f 3223 3103 3106
f 3223 3106 3224
f 3186 3224 3106
f 3120 3204 3171
f 3156 3134 3225
f 3135 3121 3226
f 3108 3153 3227
f 3119 3205 3204
f 3226 3121 3187
f 3228 3151 3155
f 3154 3206 3172
f 3207 3156 3229
f 3207 3188 3173
f 3188 3207 3230
f 3188 3231 3175
f 3231 3159 3175
f 3126 3160 3189
f 3232 3191 3159
f 3233 3093 3092
f 3234 3235 3161
f 3234 3161 3236
f 3194 3093 3237
f 3238 3239 3240
f 3238 3234 3239
f 3234 3236 3239
f 3194 3237 3209
f 3239 3236 3241
f 3161 3242 3241
f 3161 3241 3236
f 3240 3243 3238
f 3244 3240 3239
f 3239 3241 3244
f 3176 3242 3161
f 3162 3245 3177
f 3210 3245 3162
f 3246 3210 3209
f 3240 3247 3243
f 3244 3247 3240
f 3248 3210 3246
f 3249 3248 3246
f 3176 3138 3250
f 3128 3251 3094
f 3250 3138 3129
f 3094 3252 3178
f 3253 3129 3139
f 3178 3254 3179
f 3195 3196 3255
f 3255 3196 3256
f 3179 3257 3212
f 3179 3254 3257
f 3256 3196 3180
f 3258 3256 3180
f 3180 3197 3258
f 3259 3141 3212
f 3197 3214 3258
f 3141 3260 3131
f 3260 3141 3261
f 3213 3130 3165
f 3143 3142 3215
f 3143 3262 3198
f 3263 3217 3167
f 3183 3114 3181
f 3168 3101 3219
f 3221 3202 3147
f 3202 3264 3132
f 3169 3265 3116
f 3145 3116 3265
f 3264 3184 3132
f 3266 3148 3135
f 3157 3102 3267
f 3203 3268 3153
f 3227 3153 3268
f 3186 3172 3269
f 3226 3187 3208
f 3158 3108 3227
f 3269 3172 3206
f 3208 3174 3270
f 3188 3230 3231
f 3192 3191 3271
f 3190 3137 3193
f 3272 3092 3192
f 3235 3127 3161
f 3238 3273 3234
f 3237 3274 3209
f 3245 3210 3275
f 3209 3276 3246
f 3210 3248 3275
f 3246 3276 3249
f 3247 3277 3243
f 3243 3277 3278
f 3277 3247 3244
f 3279 3248 3249
f 3176 3280 3242
f 3211 3251 3128
f 3279 3281 3248
f 3279 3282 3281
f 3251 3252 3094
f 3252 3283 3178
f 3195 3253 3139
f 3195 3255 3284
f 3285 3256 3258
f 3261 3141 3259
f 3259 3212 3286
f 3287 3214 3213
f 3215 3131 3260
f 3288 3287 3213
f 3165 3288 3213
f 3181 3198 3262
f 3167 3218 3263
f 3183 3181 3289
f 3182 3263 3218
f 3290 3291 3117
f 3291 3144 3117
f 3117 3292 3290
f 3117 3103 3292
f 3145 3265 3222
f 3267 3102 3222
f 3134 3184 3225
f 3225 3293 3156
f 3294 3135 3226
f 3295 3203 3151
f 3204 3296 3171
f 3293 3297 3156
f 3229 3156 3297
f 3229 3297 3207
f 3151 3228 3298
f 3299 3185 3133
f 3206 3185 3299
f 3230 3207 3297
f 3228 3155 3157
f 3300 3158 3227
f 3205 3158 3300
f 3270 3174 3189
f 3272 3233 3092
f 3093 3233 3237
f 3237 3301 3274
f 3273 3302 3234
f 3209 3274 3303
f 3245 3275 3304
f 3238 3305 3273
f 3244 3273 3305
f 3241 3273 3244
f 3276 3209 3303
f 3238 3243 3305
f 3243 3306 3305
f 3307 3275 3248
f 3278 3308 3243
f 3308 3306 3243
f 3309 3277 3244
f 3310 3277 3309
f 3277 3310 3311
f 3278 3277 3311
f 3248 3281 3307
f 3249 3282 3279
f 3312 3308 3278
f 3278 3311 3312
f 3250 3280 3176
f 3313 3250 3129
f 3314 3315 3316
f 3178 3283 3254
f 3317 3318 3319
f 3320 3254 3283
f 3257 3286 3212
f 3285 3321 3256
f 3322 3259 3286
f 3258 3214 3285
f 3261 3259 3322
f 3214 3323 3285
f 3214 3287 3323
f 3261 3324 3260
f 3325 3326 3215
f 3260 3325 3215
f 3183 3327 3182
f 3327 3183 3289
f 3217 3328 3216
f 3327 3329 3182
f 3330 3221 3170
f 3201 3331 3220
f 3220 3332 3200
f 3219 3200 3332
f 3199 3144 3291
f 3292 3103 3223
f 3266 3135 3294
f 3333 3297 3293
f 3186 3269 3334
f 3335 3297 3333
f 3336 3294 3226
f 3204 3205 3296
f 3297 3335 3337
f 3226 3208 3336
f 3297 3337 3230
f 3338 3205 3300
f 3231 3339 3159
f 3340 3189 3160
f 3159 3339 3232
f 3193 3341 3190
f 3191 3342 3271
f 3235 3234 3343
f 3234 3302 3343
f 3241 3302 3273
f 3241 3242 3302
f 3245 3304 3344
f 3303 3345 3346
f 3245 3344 3177
f 3303 3346 3347
f 3303 3347 3276
f 3305 3309 3244
f 3177 3344 3211
f 3306 3309 3305
f 3307 3346 3275
f 3307 3347 3346
f 3348 3276 3347
f 3306 3310 3309
f 3249 3276 3348
f 3242 3280 3349
f 3348 3282 3249
f 3312 3350 3351
f 3312 3351 3308
f 3312 3311 3352
f 3349 3280 3353
f 3354 3350 3312
f 3312 3352 3354
f 3355 3317 3251
f 3250 3316 3280
f 3355 3356 3317
f 3316 3357 3358
f 3280 3316 3358
f 3313 3316 3250
f 3317 3252 3251
f 3359 3357 3360
f 3316 3360 3357
f 3313 3314 3316
f 3317 3319 3252
f 3356 3318 3317
f 3316 3315 3360
f 3361 3318 3356
f 3362 3314 3313
f 3360 3315 3363
f 3319 3318 3364
f 3315 3365 3363
f 3365 3366 3363
f 3314 3365 3315
f 3365 3314 3362
f 3367 3364 3318
f 3367 3318 3361
f 3257 3254 3320
f 3255 3256 3321
f 3368 3285 3323
f 3325 3260 3369
f 3260 3324 3369
f 3262 3143 3370
f 3370 3143 3215
f 3371 3325 3369
f 3289 3181 3372
f 3372 3181 3262
f 3263 3182 3329
f 3217 3263 3373
f 3374 3373 3263
f 3329 3374 3263
f 3375 3328 3217
f 3373 3375 3217
f 3327 3376 3329
f 3199 3377 3170
f 3199 3291 3377
f 3265 3169 3378
f 3292 3379 3290
f 3222 3265 3380
f 3222 3380 3267
f 3267 3381 3157
f 3382 3333 3293
f 3333 3382 3335
f 3383 3171 3296
f 3171 3383 3133
f 3337 3231 3230
f 3384 3300 3227
f 3189 3340 3270
f 3341 3160 3190
f 3232 3342 3191
f 3341 3193 3385
f 3192 3271 3272
f 3386 3193 3127
f 3233 3387 3237
f 3237 3387 3301
f 3388 3343 3302
f 3301 3389 3274
f 3302 3390 3388
f 3390 3391 3388
f 3274 3389 3303
f 3242 3392 3302
f 3275 3393 3304
f 3345 3394 3389
f 3393 3389 3394
f 3389 3393 3303
f 3275 3303 3393
f 3303 3275 3345
f 3394 3345 3275
f 3345 3395 3346
f 3345 3389 3395
f 3242 3349 3392
f 3275 3346 3394
f 3395 3394 3346
f 3306 3396 3310
f 3348 3347 3397
f 3347 3307 3397
f 3308 3351 3352
f 3398 3311 3310
f 3308 3396 3306
f 3398 3310 3396
f 3281 3397 3307
f 3399 3282 3348
f 3352 3351 3396
f 3352 3396 3400
f 3308 3400 3396
f 3400 3308 3311
f 3352 3311 3308
f 3311 3398 3400
f 3354 3352 3400
f 3401 3211 3402
f 3401 3355 3211
f 3353 3280 3403
f 3211 3355 3251
f 3280 3358 3403
f 3356 3355 3404
f 3405 3404 3355
f 3406 3404 3405
f 3358 3357 3407
f 3408 3356 3404
f 3404 3406 3409
f 3359 3360 3410
f 3411 3313 3129
f 3409 3406 3412
f 3411 3129 3253
f 3356 3408 3361
f 3362 3313 3411
f 3360 3363 3410
f 3319 3413 3252
f 3319 3364 3414
f 3415 3414 3364
f 3367 3416 3364
f 3257 3320 3417
f 3284 3255 3418
f 3257 3419 3286
f 3286 3420 3322
f 3215 3326 3370
f 3421 3287 3288
f 3326 3325 3371
f 3327 3289 3422
f 3422 3289 3372
f 3374 3423 3373
f 3424 3327 3422
f 3425 3220 3331
f 3170 3377 3330
f 3169 3168 3219
f 3426 3201 3148
f 3265 3378 3427
f 3380 3265 3427
f 3225 3184 3428
f 3428 3429 3225
f 3266 3294 3430
f 3186 3334 3224
f 3382 3293 3225
f 3429 3382 3225
f 3429 3431 3382
f 3294 3336 3430
f 3335 3382 3431
f 3268 3203 3295
f 3335 3431 3337
f 3151 3298 3295
f 3296 3205 3338
f 3133 3383 3299
f 3432 3300 3384
f 3340 3160 3341
f 3386 3385 3193
f 3127 3235 3433
f 3434 3235 3343
f 3435 3388 3391
f 3304 3436 3344
f 3304 3437 3436
f 3393 3437 3304
f 3437 3393 3394
f 3395 3438 3394
f 3439 3395 3389
f 3392 3349 3353
f 3398 3396 3440
f 3399 3348 3397
f 3399 3441 3282
f 3396 3351 3442
f 3351 3443 3442
f 3211 3344 3402
f 3353 3403 3444
f 3281 3282 3397
f 3441 3397 3282
f 3354 3445 3350
f 3401 3405 3355
f 3403 3358 3407
f 3446 3406 3405
f 3404 3409 3408
f 3447 3407 3448
f 3407 3357 3448
f 3446 3449 3406
f 3449 3412 3406
f 3252 3413 3283
f 3408 3450 3361
f 3411 3451 3362
f 3319 3414 3452
f 3319 3452 3413
f 3253 3195 3453
f 3363 3454 3410
f 3283 3413 3320
f 3455 3367 3361
f 3366 3454 3363
f 3366 3365 3456
f 3456 3365 3457
f 3362 3457 3365
f 3416 3415 3364
f 3321 3418 3255
f 3285 3458 3321
f 3368 3458 3285
f 3419 3420 3286
f 3420 3459 3322
f 3460 3323 3287
f 3421 3288 3461
f 3460 3287 3421
f 3165 3462 3288
f 3165 3216 3462
f 3463 3262 3370
f 3262 3463 3372
f 3464 3216 3328
f 3328 3375 3465
f 3422 3372 3466
f 3328 3465 3464
f 3467 3374 3329
f 3465 3468 3464
f 3465 3375 3469
f 3375 3373 3469
f 3467 3329 3376
f 3376 3327 3424
f 3469 3373 3423
f 3330 3470 3221
f 3471 3220 3425
f 3220 3471 3332
f 3202 3221 3470
f 3470 3264 3202
f 3201 3426 3331
f 3378 3169 3219
f 3148 3472 3426
f 3266 3472 3148
f 3292 3223 3379
f 3266 3430 3473
f 3381 3474 3157
f 3334 3269 3475
f 3431 3476 3337
f 3477 3336 3478
f 3299 3383 3479
f 3337 3476 3231
f 3336 3208 3478
f 3228 3157 3474
f 3269 3206 3475
f 3208 3270 3478
f 3228 3474 3480
f 3298 3228 3480
f 3300 3432 3338
f 3341 3481 3340
f 3339 3482 3232
f 3483 3232 3482
f 3342 3232 3483
f 3271 3342 3483
f 3271 3484 3272
f 3233 3272 3485
f 3235 3434 3433
f 3387 3486 3301
f 3388 3487 3343
f 3388 3435 3487
f 3301 3486 3488
f 3389 3301 3488
f 3392 3489 3390
f 3390 3489 3391
f 3390 3302 3392
f 3490 3389 3488
f 3491 3492 3493
f 3493 3494 3491
f 3435 3494 3493
f 3435 3391 3494
f 3391 3489 3494
f 3438 3437 3394
f 3439 3389 3490
f 3392 3353 3495
f 3395 3496 3438
f 3439 3496 3395
f 3496 3439 3497
f 3442 3440 3396
f 3443 3351 3350
f 3399 3397 3498
f 3350 3445 3443
f 3354 3400 3499
f 3499 3400 3398
f 3498 3397 3441
f 3498 3441 3500
f 3501 3405 3401
f 3502 3403 3407
f 3408 3409 3503
f 3446 3405 3501
f 3447 3502 3407
f 3504 3408 3503
f 3408 3504 3450
f 3503 3409 3505
f 3357 3359 3506
f 3410 3507 3359
f 3409 3412 3505
f 3447 3448 3508
f 3448 3506 3508
f 3357 3506 3448
f 3412 3509 3505
f 3412 3510 3509
f 3449 3510 3412
f 3511 3449 3446
f 3411 3253 3453
f 3449 3512 3510
f 3361 3450 3455
f 3511 3512 3449
f 3410 3454 3513
f 3457 3362 3451
f 3195 3284 3453
f 3455 3514 3367
f 3284 3418 3453
f 3416 3367 3514
f 3417 3320 3515
f 3456 3516 3366
f 3517 3418 3518
f 3519 3415 3416
f 3520 3518 3418
f 3521 3519 3416
f 3514 3521 3416
f 3417 3419 3257
f 3261 3322 3459
f 3459 3324 3261
f 3460 3522 3323
f 3371 3369 3523
f 3421 3524 3460
f 3421 3461 3525
f 3371 3526 3326
f 3527 3371 3523
f 3525 3524 3421
f 3462 3216 3464
f 3466 3372 3463
f 3467 3376 3528
f 3330 3529 3470
f 3377 3530 3330
f 3531 3425 3331
f 3332 3532 3219
f 3378 3219 3532
f 3291 3533 3377
f 3426 3472 3534
f 3264 3535 3184
f 3224 3379 3223
f 3267 3380 3427
f 3429 3428 3536
f 3429 3536 3537
f 3268 3384 3227
f 3538 3478 3270
f 3475 3206 3299
f 3338 3432 3539
f 3538 3270 3481
f 3340 3481 3270
f 3481 3341 3385
f 3271 3483 3540
f 3540 3484 3271
f 3127 3433 3386
f 3387 3233 3485
f 3541 3434 3343
f 3541 3343 3542
f 3387 3543 3486
f 3487 3542 3343
f 3493 3487 3435
f 3490 3488 3544
f 3489 3392 3495
f 3436 3437 3545
f 3545 3437 3546
f 3437 3544 3546
f 3544 3437 3490
f 3438 3490 3437
f 3547 3491 3494
f 3489 3547 3494
f 3497 3439 3490
f 3497 3490 3548
f 3436 3545 3549
f 3497 3548 3550
f 3436 3402 3344
f 3549 3402 3436
f 3495 3353 3444
f 3445 3551 3443
f 3440 3442 3398
f 3399 3500 3441
f 3498 3500 3399
f 3398 3442 3499
f 3402 3552 3401
f 3553 3551 3445
f 3445 3354 3499
f 3554 3444 3403
f 3552 3501 3401
f 3502 3554 3403
f 3502 3555 3556
f 3502 3556 3554
f 3503 3501 3552
f 3552 3504 3503
f 3501 3557 3446
f 3502 3447 3555
f 3554 3556 3359
f 3359 3558 3554
f 3557 3501 3503
f 3359 3507 3558
f 3557 3503 3505
f 3555 3447 3559
f 3560 3559 3508
f 3508 3559 3447
f 3509 3557 3505
f 3557 3561 3446
f 3410 3513 3507
f 3446 3561 3511
f 3453 3451 3411
f 3562 3511 3561
f 3563 3452 3414
f 3511 3562 3512
f 3451 3564 3457
f 3413 3515 3320
f 3453 3418 3517
f 3454 3366 3565
f 3366 3516 3565
f 3520 3418 3321
f 3458 3368 3566
f 3419 3567 3420
f 3420 3567 3459
f 3323 3568 3368
f 3569 3459 3567
f 3324 3570 3369
f 3459 3569 3324
f 3369 3570 3523
f 3288 3462 3461
f 3463 3370 3526
f 3370 3326 3526
f 3460 3524 3571
f 3371 3527 3526
f 3572 3571 3524
f 3524 3525 3573
f 3523 3574 3527
f 3573 3575 3524
f 3462 3464 3576
f 3576 3464 3468
f 3465 3577 3468
f 3465 3469 3578
f 3424 3579 3376
f 3580 3469 3423
f 3528 3376 3579
f 3581 3425 3531
f 3470 3582 3583
f 3331 3426 3531
f 3264 3470 3583
f 3533 3530 3377
f 3534 3584 3426
f 3264 3583 3535
f 3184 3535 3428
f 3266 3585 3472
f 3586 3587 3473
f 3473 3587 3585
f 3473 3585 3266
f 3586 3473 3430
f 3588 3267 3427
f 3589 3590 3431
f 3431 3590 3476
f 3296 3479 3383
f 3298 3591 3295
f 3592 3296 3338
f 3299 3479 3593
f 3475 3299 3594
f 3384 3595 3432
f 3540 3596 3484
f 3484 3597 3272
f 3272 3597 3485
f 3433 3434 3598
f 3543 3599 3486
f 3542 3487 3600
f 3486 3599 3601
f 3486 3601 3488
f 3488 3601 3544
f 3492 3602 3493
f 3603 3493 3602
f 3603 3487 3493
f 3546 3544 3604
f 3546 3604 3490
f 3546 3490 3438
f 3546 3438 3545
f 3604 3496 3490
f 3547 3602 3491
f 3602 3547 3603
f 3489 3495 3547
f 3604 3545 3438
f 3496 3604 3438
f 3490 3496 3605
f 3490 3605 3548
f 3496 3497 3605
f 3497 3550 3605
f 3550 3548 3606
f 3607 3495 3444
f 3443 3551 3553
f 3549 3552 3402
f 3553 3499 3443
f 3442 3443 3499
f 3553 3445 3499
f 3554 3607 3444
f 3359 3556 3506
f 3450 3504 3608
f 3608 3609 3450
f 3610 3508 3506
f 3455 3450 3609
f 3557 3509 3561
f 3560 3508 3610
f 3610 3611 3560
f 3612 3455 3609
f 3512 3613 3510
f 3613 3509 3510
f 3561 3509 3613
f 3613 3562 3561
f 3452 3515 3413
f 3454 3614 3513
f 3614 3615 3513
f 3616 3514 3455
f 3617 3512 3562
f 3454 3565 3614
f 3618 3617 3562
f 3565 3619 3614
f 3414 3415 3620
f 3621 3565 3516
f 3514 3622 3521
f 3621 3516 3623
f 3520 3321 3624
f 3321 3458 3624
f 3419 3625 3567
f 3566 3368 3626
f 3626 3368 3568
f 3627 3569 3567
f 3323 3522 3568
f 3324 3628 3570
f 3569 3628 3324
f 3460 3629 3522
f 3460 3571 3629
f 3525 3461 3630
f 3572 3524 3575
f 3573 3525 3630
f 3574 3523 3631
f 3573 3632 3575
f 3468 3577 3576
f 3467 3633 3374
f 3578 3577 3465
f 3422 3634 3424
f 3579 3424 3634
f 3467 3528 3635
f 3332 3471 3636
f 3584 3531 3426
f 3532 3332 3636
f 3472 3637 3534
f 3427 3378 3638
f 3586 3639 3587
f 3638 3640 3427
f 3536 3428 3641
f 3428 3642 3641
f 3643 3536 3641
f 3536 3643 3537
f 3586 3430 3644
f 3589 3429 3537
f 3429 3589 3431
f 3267 3588 3381
f 3430 3336 3644
f 3336 3477 3644
f 3474 3381 3645
f 3268 3295 3646
f 3479 3296 3592
f 3591 3298 3647
f 3594 3299 3593
f 3231 3476 3339
f 3298 3480 3647
f 3432 3595 3539
f 3339 3648 3482
f 3482 3648 3483
f 3385 3386 3649
f 3483 3650 3540
f 3651 3386 3433
f 3387 3485 3543
f 3541 3542 3652
f 3542 3600 3652
f 3600 3487 3603
f 3604 3544 3653
f 3602 3492 3491
f 3654 3604 3653
f 3545 3604 3654
f 3549 3545 3654
f 3548 3605 3655
f 3605 3550 3656
f 3655 3606 3548
f 3606 3656 3550
f 3607 3657 3495
f 3552 3658 3504
f 3504 3658 3608
f 3659 3558 3507
f 3559 3660 3555
f 3556 3555 3660
f 3556 3660 3506
f 3659 3507 3661
f 3610 3506 3660
f 3507 3513 3661
f 3611 3662 3560
f 3611 3663 3662
f 3613 3512 3664
f 3613 3664 3562
f 3451 3453 3665
f 3664 3512 3617
f 3564 3451 3666
f 3455 3612 3616
f 3562 3664 3618
f 3452 3667 3515
f 3414 3620 3563
f 3515 3668 3417
f 3669 3456 3457
f 3670 3668 3515
f 3623 3671 3621
f 3456 3669 3516
f 3669 3623 3516
f 3672 3519 3521
f 3622 3672 3521
f 3673 3672 3622
f 3419 3417 3674
f 3417 3668 3674
f 3625 3419 3674
f 3627 3675 3569
f 3626 3568 3676
f 3522 3677 3568
f 3569 3678 3628
f 3675 3678 3569
f 3571 3572 3629
f 3462 3630 3461
f 3679 3526 3527
f 3680 3572 3575
f 3574 3679 3527
f 3631 3681 3574
f 3466 3463 3682
f 3466 3683 3422
f 3684 3423 3374
f 3633 3684 3374
f 3422 3683 3634
f 3685 3633 3467
f 3467 3635 3685
f 3528 3579 3686
f 3579 3634 3686
f 3469 3580 3578
f 3423 3687 3580
f 3688 3635 3528
f 3330 3530 3529
f 3470 3529 3689
f 3470 3689 3582
f 3534 3637 3584
f 3690 3637 3472
f 3533 3291 3290
f 3428 3535 3642
f 3691 3692 3693
f 3694 3691 3693
f 3695 3693 3696
f 3692 3696 3693
f 3697 3690 3472
f 3643 3693 3698
f 3643 3694 3693
f 3643 3641 3694
f 3698 3693 3695
f 3699 3639 3586
f 3697 3472 3585
f 3697 3585 3587
f 3290 3379 3700
f 3642 3701 3641
f 3643 3698 3701
f 3694 3701 3698
f 3701 3694 3641
f 3427 3640 3588
f 3642 3702 3537
f 3642 3537 3701
f 3701 3537 3643
f 3537 3702 3589
f 3334 3475 3703
f 3474 3645 3704
f 3705 3478 3538
f 3705 3477 3478
f 3295 3591 3646
f 3646 3384 3268
f 3475 3706 3703
f 3706 3475 3594
f 3538 3481 3707
f 3338 3539 3592
f 3708 3592 3539
f 3707 3481 3709
f 3339 3710 3648
f 3481 3711 3709
f 3481 3385 3711
f 3712 3540 3650
f 3651 3713 3386
f 3712 3596 3540
f 3484 3596 3714
f 3651 3433 3598
f 3484 3714 3597
f 3597 3714 3485
f 3434 3715 3598
f 3541 3652 3716
f 3652 3600 3717
f 3653 3544 3601
f 3718 3719 3720
f 3547 3495 3721
f 3605 3656 3655
f 3722 3549 3654
f 3495 3657 3721
f 3723 3656 3606
f 3549 3724 3552
f 3607 3725 3657
f 3607 3554 3725
f 3558 3726 3554
f 3659 3726 3558
f 3727 3609 3608
f 3728 3609 3727
f 3662 3559 3560
f 3662 3729 3559
f 3610 3559 3729
f 3660 3559 3610
f 3728 3730 3609
f 3731 3729 3662
f 3609 3730 3612
f 3611 3729 3663
f 3663 3729 3732
f 3610 3729 3611
f 3513 3733 3661
f 3663 3731 3662
f 3734 3731 3663
f 3615 3733 3513
f 3666 3451 3665
f 3563 3735 3736
f 3563 3736 3452
f 3737 3615 3614
f 3666 3738 3564
f 3453 3517 3665
f 3452 3736 3667
f 3664 3617 3739
f 3618 3664 3739
f 3740 3618 3739
f 3740 3617 3618
f 3740 3741 3617
f 3457 3564 3742
f 3667 3670 3515
f 3622 3514 3616
f 3741 3739 3617
f 3565 3621 3619
f 3742 3669 3457
f 3415 3743 3620
f 3518 3744 3517
f 3415 3519 3743
f 3621 3671 3745
f 3671 3623 3746
f 3747 3668 3670
f 3622 3748 3673
f 3668 3747 3674
f 3671 3746 3749
f 3520 3750 3518
f 3751 3750 3520
f 3624 3751 3520
f 3624 3458 3752
f 3566 3752 3458
f 3567 3625 3627
f 3566 3626 3753
f 3677 3676 3568
f 3754 3755 3631
f 3754 3631 3523
f 3680 3575 3756
f 3757 3573 3630
f 3463 3526 3758
f 3759 3679 3574
f 3573 3757 3632
f 3681 3631 3760
f 3575 3761 3756
f 3575 3632 3761
f 3574 3681 3759
f 3682 3683 3466
f 3683 3686 3634
f 3578 3762 3577
f 3423 3684 3687
f 3635 3763 3685
f 3528 3764 3688
f 3528 3686 3764
f 3471 3425 3581
f 3636 3471 3581
f 3689 3529 3530
f 3765 3531 3584
f 3581 3531 3765
f 3533 3766 3530
f 3767 3692 3691
f 3768 3769 3639
f 3587 3639 3769
f 3535 3702 3642
f 3691 3694 3770
f 3695 3770 3771
f 3767 3771 3770
f 3771 3767 3696
f 3691 3696 3767
f 3696 3691 3695
f 3770 3695 3691
f 3696 3692 3771
f 3769 3699 3587
f 3587 3699 3697
f 3697 3772 3690
f 3700 3773 3290
f 3774 3770 3694
f 3771 3692 3774
f 3771 3774 3698
f 3771 3698 3695
f 3698 3774 3694
f 3697 3699 3586
f 3697 3586 3644
f 3700 3379 3224
f 3334 3775 3224
f 3589 3776 3590
f 3645 3381 3588
f 3777 3334 3703
f 3646 3591 3778
f 3779 3479 3592
f 3480 3474 3704
f 3647 3780 3591
f 3778 3591 3780
f 3646 3778 3781
f 3781 3384 3646
f 3593 3479 3779
f 3476 3710 3339
f 3647 3480 3782
f 3783 3647 3782
f 3483 3648 3650
f 3649 3386 3713
f 3713 3651 3784
f 3598 3785 3651
f 3715 3785 3598
f 3786 3543 3787
f 3786 3599 3543
f 3788 3716 3652
f 3601 3599 3789
f 3547 3721 3719
f 3790 3655 3656
f 3655 3790 3606
f 3718 3791 3792
f 3720 3791 3718
f 3723 3790 3656
f 3793 3723 3606
f 3793 3794 3723
f 3795 3549 3722
f 3794 3796 3723
f 3795 3724 3549
f 3724 3658 3552
f 3726 3797 3554
f 3727 3608 3798
f 3798 3608 3658
f 3798 3658 3799
f 3726 3659 3800
f 3801 3728 3727
f 3798 3801 3727
f 3800 3659 3802
f 3731 3732 3729
f 3802 3659 3661
f 3730 3728 3803
f 3735 3804 3736
f 3563 3803 3735
f 3805 3612 3730
f 3663 3732 3734
f 3661 3733 3806
f 3806 3802 3661
f 3803 3563 3807
f 3808 3734 3732
f 3807 3563 3620
f 3809 3616 3612
f 3736 3810 3667
f 3614 3619 3737
f 3564 3738 3742
f 3667 3810 3811
f 3739 3741 3812
f 3619 3621 3745
f 3667 3813 3670
f 3616 3748 3622
f 3745 3671 3814
f 3623 3669 3815
f 3670 3813 3816
f 3671 3749 3814
f 3815 3746 3623
f 3518 3750 3744
f 3816 3747 3670
f 3817 3673 3748
f 3751 3624 3818
f 3818 3624 3752
f 3674 3819 3625
f 3820 3819 3674
f 3747 3820 3674
f 3746 3821 3749
f 3817 3822 3673
f 3566 3753 3752
f 3752 3753 3823
f 3626 3824 3753
f 3627 3825 3675
f 3675 3825 3826
f 3676 3824 3626
f 3522 3629 3677
f 3628 3754 3570
f 3678 3754 3628
f 3629 3827 3677
f 3754 3523 3570
f 3572 3827 3629
f 3572 3680 3827
f 3526 3679 3758
f 3828 3631 3755
f 3630 3462 3829
f 3679 3759 3830
f 3680 3756 3831
f 3462 3576 3829
f 3463 3758 3682
f 3828 3760 3631
f 3829 3576 3832
f 3761 3632 3833
f 3833 3632 3757
f 3832 3576 3577
f 3683 3682 3834
f 3758 3835 3682
f 3835 3834 3682
f 3834 3836 3683
f 3633 3837 3684
f 3686 3683 3838
f 3686 3838 3839
f 3686 3839 3764
f 3581 3765 3840
f 3582 3689 3841
f 3584 3637 3842
f 3765 3584 3842
f 3766 3843 3530
f 3530 3843 3689
f 3844 3583 3582
f 3845 3583 3844
f 3846 3532 3636
f 3845 3535 3583
f 3532 3846 3847
f 3848 3766 3533
f 3378 3532 3847
f 3533 3290 3773
f 3768 3639 3699
f 3770 3774 3767
f 3692 3767 3774
f 3644 3849 3697
f 3477 3850 3644
f 3851 3705 3538
f 3852 3703 3706
f 3476 3853 3710
f 3851 3538 3707
f 3480 3704 3782
f 3647 3854 3780
f 3781 3595 3384
f 3779 3594 3593
f 3711 3855 3709
f 3856 3709 3855
f 3855 3711 3857
f 3650 3648 3858
f 3712 3650 3859
f 3860 3713 3784
f 3712 3859 3596
f 3861 3784 3785
f 3784 3651 3785
f 3715 3861 3785
f 3434 3541 3715
f 3862 3543 3485
f 3716 3863 3541
f 3599 3786 3864
f 3865 3652 3717
f 3788 3652 3865
f 3789 3599 3866
f 3600 3603 3867
f 3717 3600 3867
f 3601 3789 3653
f 3654 3653 3868
f 3603 3547 3719
f 3868 3869 3722
f 3654 3868 3722
f 3606 3790 3793
f 3719 3870 3720
f 3721 3870 3719
f 3793 3790 3871
f 3721 3657 3872
f 3795 3722 3873
f 3790 3723 3796
f 3790 3796 3871
f 3796 3794 3874
f 3725 3875 3657
f 3799 3658 3876
f 3725 3797 3877
f 3725 3554 3797
f 3800 3802 3878
f 3735 3803 3879
f 3803 3728 3879
f 3734 3880 3731
f 3731 3880 3732
f 3735 3879 3804
f 3803 3805 3730
f 3805 3803 3807
f 3808 3881 3734
f 3806 3733 3882
f 3883 3806 3882
f 3736 3804 3884
f 3736 3884 3810
f 3742 3738 3882
f 3740 3739 3885
f 3665 3517 3886
f 3620 3743 3807
f 3739 3812 3885
f 3885 3741 3740
f 3885 3887 3741
f 3888 3741 3887
f 3886 3517 3744
f 3667 3811 3813
f 3748 3616 3889
f 3888 3812 3741
f 3813 3890 3816
f 3815 3821 3746
f 3744 3750 3891
f 3892 3820 3747
f 3892 3747 3816
f 3893 3816 3890
f 3822 3672 3673
f 3894 3749 3821
f 3816 3895 3892
f 3625 3819 3896
f 3625 3896 3627
f 3825 3627 3896
f 3827 3897 3676
f 3676 3677 3827
f 3630 3829 3898
f 3756 3899 3831
f 3832 3900 3829
f 3681 3901 3759
f 3681 3760 3902
f 3831 3899 3903
f 3761 3899 3756
f 3762 3904 3577
f 3633 3905 3837
f 3902 3906 3681
f 3764 3839 3907
f 3908 3762 3578
f 3763 3635 3909
f 3764 3907 3910
f 3911 3765 3842
f 3912 3840 3765
f 3913 3914 3915
f 3913 3690 3914
f 3637 3690 3913
f 3916 3845 3917
f 3914 3690 3772
f 3533 3773 3848
f 3918 3535 3845
f 3535 3918 3702
f 3378 3847 3638
f 3849 3772 3697
f 3919 3702 3918
f 3702 3776 3589
f 3850 3849 3644
f 3775 3334 3777
f 3920 3850 3477
f 3920 3477 3705
f 3778 3780 3921
f 3921 3781 3778
f 3594 3922 3706
f 3923 3710 3853
f 3539 3924 3708
f 3923 3925 3710
f 3926 3707 3709
f 3709 3856 3927
f 3926 3709 3927
f 3595 3781 3928
f 3928 3539 3595
f 3710 3925 3648
f 3927 3711 3385
f 3924 3539 3928
f 3857 3929 3856
f 3857 3856 3855
f 3711 3927 3857
f 3927 3385 3930
f 3925 3858 3648
f 3858 3859 3650
f 3859 3931 3596
f 3485 3932 3862
f 3714 3932 3485
f 3715 3541 3933
f 3541 3863 3933
f 3934 3543 3862
f 3934 3787 3543
f 3865 3717 3935
f 3866 3599 3864
f 3717 3867 3936
f 3935 3717 3936
f 3937 3718 3792
f 3937 3792 3938
f 3719 3718 3937
f 3938 3792 3791
f 3793 3871 3794
f 3870 3721 3939
f 3869 3873 3722
f 3794 3871 3940
f 3795 3873 3941
f 3796 3874 3871
f 3794 3940 3874
f 3658 3724 3876
f 3799 3876 3942
f 3726 3878 3943
f 3800 3878 3726
f 3726 3943 3797
f 3801 3798 3944
f 3728 3801 3879
f 3878 3802 3945
f 3880 3808 3732
f 3615 3946 3733
f 3806 3883 3945
f 3945 3802 3806
f 3880 3881 3947
f 3880 3734 3881
f 3880 3947 3808
f 3733 3946 3882
f 3805 3809 3612
f 3881 3808 3948
f 3738 3666 3665
f 3949 3805 3807
f 3950 3882 3738
f 3738 3665 3950
f 3810 3884 3951
f 3950 3665 3886
f 3951 3952 3810
f 3949 3807 3743
f 3953 3811 3810
f 3952 3953 3810
f 3885 3812 3954
f 3669 3742 3955
f 3743 3519 3672
f 3956 3748 3889
f 3814 3957 3745
f 3669 3955 3815
f 3958 3957 3814
f 3813 3959 3890
f 3748 3956 3817
f 3814 3749 3958
f 3894 3958 3749
f 3960 3892 3895
f 3822 3817 3961
f 3815 3962 3821
f 3818 3752 3823
f 3895 3816 3893
f 3821 3962 3894
f 3750 3751 3891
f 3753 3824 3823
f 3897 3824 3676
f 3755 3754 3678
f 3675 3755 3678
f 3680 3897 3827
f 3828 3755 3963
f 3897 3680 3964
f 3680 3831 3964
f 3630 3898 3757
f 3965 3964 3831
f 3830 3759 3966
f 3901 3966 3759
f 3900 3967 3829
f 3968 3760 3828
f 3831 3903 3965
f 3902 3760 3969
f 3970 3969 3760
f 3904 3832 3577
f 3906 3901 3681
f 3968 3970 3760
f 3899 3971 3903
f 3971 3899 3972
f 3762 3973 3904
f 3633 3685 3905
f 3683 3836 3838
f 3834 3974 3975
f 3834 3835 3974
f 3761 3976 3899
f 3761 3833 3977
f 3900 3832 3978
f 3903 3971 3979
f 3976 3761 3977
f 3837 3980 3684
f 3838 3907 3839
f 3684 3980 3687
f 3580 3908 3578
f 3909 3635 3981
f 3981 3635 3688
f 3687 3982 3580
f 3983 3984 3985
f 3985 3842 3983
f 3842 3985 3911
f 3986 3987 3844
f 3987 3988 3844
f 3842 3913 3983
f 3911 3912 3765
f 3840 3912 3989
f 3986 3582 3990
f 3844 3582 3986
f 3988 3917 3844
f 3842 3637 3913
f 3840 3636 3581
f 3845 3844 3917
f 3766 3848 3843
f 3848 3773 3991
f 3991 3773 3992
f 3769 3993 3994
f 3768 3993 3769
f 3699 3769 3772
f 3769 3994 3772
f 3847 3995 3638
f 3772 3768 3699
f 3772 3993 3768
f 3638 3996 3640
f 3224 3775 3700
f 3702 3919 3776
f 3588 3997 3645
f 3704 3645 3998
f 3703 3852 3999
f 3853 3476 3590
f 3851 3707 3926
f 3921 3780 3854
f 3779 3592 4000
f 3852 3706 4001
f 4002 3923 3853
f 3854 3647 3783
f 4002 3925 3923
f 3704 4003 3782
f 3594 3779 3922
f 3926 3927 3930
f 3925 4002 3858
f 3856 4004 3927
f 4003 4005 3782
f 4001 3706 3922
f 4004 3856 3929
f 4004 3857 3927
f 3783 3782 4005
f 4006 3924 3928
f 4004 3929 3857
f 3930 3385 3649
f 3713 3860 3649
f 3859 4007 3931
f 4008 3784 3861
f 3931 3932 3714
f 3596 3931 3714
f 3715 4009 3861
f 4009 3715 4010
f 3715 3933 4010
f 3865 3935 4011
f 3868 3653 3789
f 3719 4012 3603
f 3720 3937 3938
f 3937 3720 3870
f 3937 3870 4013
f 4013 3870 3939
f 3720 3938 3791
f 4014 3939 3721
f 3721 3872 4014
f 3657 4015 3872
f 3657 4016 4015
f 3795 3941 4017
f 3940 3871 3874
f 3657 3875 4016
f 4017 3724 3795
f 3877 3797 4018
f 3878 4019 3943
f 3799 4020 3798
f 3879 3801 4021
f 4020 3944 3798
f 3879 4021 3804
f 4022 3804 4021
f 3884 3804 4022
f 3947 3948 3808
f 3949 4023 3805
f 4022 3951 3884
f 3809 3805 4023
f 3947 3881 4024
f 3881 3948 4024
f 4025 3882 3946
f 3809 4026 3616
f 3619 4027 4028
f 4028 3737 3619
f 3882 4025 3742
f 3616 4026 3889
f 3885 3954 3887
f 3619 3745 4027
f 4029 3888 3887
f 4025 3955 3742
f 4030 3959 3811
f 3811 3959 3813
f 4031 3954 3812
f 4031 3812 3888
f 3957 4027 3745
f 3743 3672 4032
f 3744 4033 3886
f 4034 3817 3956
f 4035 3958 3894
f 3892 3960 3820
f 3751 3818 4036
f 3818 3823 4036
f 3819 3820 3896
f 3896 4037 3825
f 3895 4038 4037
f 3895 3893 4038
f 4039 3891 3751
f 4037 4040 3825
f 3963 3755 3675
f 3830 4041 3679
f 3679 4041 3758
f 3757 4042 3833
f 3965 3903 4043
f 3835 3758 4044
f 3970 3968 4045
f 3903 3979 4043
f 3899 4046 3972
f 3836 3834 3975
f 3971 3972 4047
f 3976 4046 3899
f 3904 4048 3832
f 3905 4049 3837
f 3838 3836 4050
f 4045 4051 3970
f 3971 4047 4052
f 3685 4053 3905
f 3838 4054 3907
f 4054 3838 4050
f 4055 3974 3835
f 4056 3974 4055
f 3902 4057 3906
f 3971 4052 3979
f 3978 4058 3900
f 4059 3973 3762
f 3762 3908 4059
f 3980 3982 3687
f 3908 4060 4059
f 3908 3580 4061
f 4061 3580 3982
f 3985 3984 3911
f 4062 3987 3986
f 3987 4062 3988
f 3983 4063 4064
f 4065 3988 4066
f 3913 4063 3983
f 3917 3988 4065
f 4063 3913 4067
f 3990 3582 3841
f 4067 3913 3915
f 3917 4068 3916
f 3915 3914 4069
f 3636 3840 4070
f 4068 4071 3916
f 3636 4070 3846
f 3916 4071 3845
f 4069 3914 4072
f 3847 3846 4073
f 3995 3847 4073
f 3914 3772 4072
f 4071 3918 3845
f 3994 3993 4074
f 4072 3772 3994
f 3849 3993 3772
f 3638 3995 4075
f 4075 3996 3638
f 3700 3775 4076
f 3588 3640 3997
f 3776 4077 3590
f 4078 3853 3590
f 3926 4079 3851
f 4002 3853 4080
f 3779 4000 3922
f 3708 4000 3592
f 3926 3930 4081
f 3781 4082 4083
f 3781 4083 3928
f 4084 4085 4001
f 4084 4001 3922
f 4086 3859 3858
f 3930 3649 3860
f 4086 4007 3859
f 3860 3784 4087
f 4008 4087 3784
f 3932 3931 4088
f 3862 3932 4089
f 3862 4090 3934
f 3787 3934 4091
f 3788 3865 3716
f 4012 3867 3603
f 3936 4092 3935
f 3935 4093 4011
f 4094 3866 3864
f 4095 3789 3866
f 3868 3789 4096
f 4096 3869 3868
f 3869 4097 3873
f 4017 3941 4098
f 3941 3873 4099
f 4017 3876 3724
f 3877 3875 3725
f 3877 4018 4100
f 3797 3943 4018
f 4021 3801 4101
f 3801 3944 4101
f 4020 3799 3942
f 3944 4102 4101
f 3883 4103 3945
f 3737 4104 3615
f 3615 4104 3946
f 4105 4103 3883
f 4106 3951 4022
f 3946 4104 4025
f 3883 3882 4107
f 3883 4107 4105
f 4107 3882 3950
f 4026 3809 4023
f 3948 4108 4024
f 3811 3953 4030
f 3743 4032 3949
f 3887 3954 4029
f 4109 3952 3951
f 4029 3954 4031
f 4031 3888 4029
f 3955 4110 3815
f 4111 3672 3822
f 4034 3961 3817
f 3744 3891 4033
f 4033 3891 4112
f 3890 4113 3893
f 3822 4114 4111
f 3961 4034 4115
f 4110 3962 3815
f 4112 3891 4116
f 3820 3960 3896
f 3960 4037 3896
f 3960 3895 4037
f 4117 3822 3961
f 3894 4118 4035
f 3894 3962 4119
f 3894 4119 4118
f 3891 4039 4116
f 3751 4036 4120
f 4038 4040 4037
f 4039 3751 4120
f 3823 4121 4036
f 4040 4122 3825
f 3823 3824 4121
f 3825 4122 3826
f 3824 3897 4121
f 3826 4123 3675
f 3675 4123 3963
f 3964 4124 3897
f 3966 4125 4126
f 3830 4126 4041
f 3830 3966 4126
f 4123 4127 3828
f 4123 3828 3963
f 3828 4127 3968
f 3898 4128 3757
f 4128 3898 3829
f 4042 3757 4128
f 3968 4129 4045
f 4042 4130 3833
f 4131 3902 3969
f 4057 3902 4131
f 3832 4048 3978
f 3980 3837 4049
f 4053 4049 3905
f 3977 4132 3976
f 4053 3685 3763
f 3979 4052 4133
f 4134 4058 3978
f 4135 4053 3909
f 4053 3763 3909
f 4136 4061 3980
f 3764 4137 3688
f 3910 4138 3764
f 4061 3982 3980
f 4135 3909 4139
f 3764 4138 4137
f 3908 4061 4060
f 3981 4139 3909
f 3981 3688 4140
f 3688 4137 4140
f 3981 4140 4139
f 4141 4142 4064
f 3984 4064 4142
f 4066 4062 4143
f 3984 3983 4064
f 4063 4141 4064
f 4066 3988 4062
f 4144 3986 3990
f 4066 4143 4065
f 4145 4063 4067
f 3840 3989 4146
f 4068 3917 4065
f 3915 4069 4067
f 3840 4146 4147
f 3841 3843 4148
f 3689 3843 3841
f 3840 4147 4070
f 3843 3848 4148
f 4149 3848 3991
f 4150 3848 4149
f 4151 3918 4071
f 4074 4152 3994
f 4153 3995 4073
f 3993 4154 4074
f 4154 3993 3849
f 3918 4155 4156
f 3919 3918 4156
f 3997 3640 4157
f 4157 3640 3996
f 3777 3703 4158
f 3590 4077 4078
f 3920 3705 4159
f 4160 3705 3851
f 4160 3851 4079
f 4161 4162 4080
f 4161 4080 3853
f 3926 4081 4079
f 3783 4163 3854
f 3852 4001 4085
f 3921 3854 4082
f 3781 3921 4082
f 4164 3858 4002
f 4000 4165 3922
f 3783 4005 4166
f 3783 4166 4163
f 4003 4167 4005
f 4168 4084 3922
f 4169 4005 4167
f 4166 4005 4169
f 3930 3860 4170
f 4170 3860 4171
f 4171 3860 4087
f 4172 4167 4173
f 3861 4009 4008
f 4089 4174 4090
f 4089 3932 4088
f 4089 4090 3862
f 4090 4175 3934
f 3933 4176 4010
f 3863 3716 4177
f 3716 3865 4177
f 4178 4092 3936
f 4095 3866 4094
f 3937 4012 3719
f 4092 4179 3935
f 3935 4179 4093
f 4180 4012 3937
f 4092 4178 4179
f 4179 4181 4093
f 4013 4180 3937
f 4179 4178 4182
f 4183 4184 4185
f 4098 4184 4183
f 4182 4015 4016
f 4016 4179 4182
f 4186 4184 4098
f 4097 3869 4187
f 4188 4098 4183
f 3873 4097 4099
f 4013 3939 4189
f 4098 4188 4017
f 4190 4016 3875
f 4188 3876 4017
f 3877 4191 3875
f 4191 3877 4100
f 4020 3942 4192
f 4102 3944 4020
f 3945 4103 4193
f 4021 4194 4022
f 3948 3947 4195
f 3947 4024 4195
f 4194 4106 4022
f 4024 4108 4195
f 3737 4028 4104
f 4196 4023 3949
f 4025 4104 3955
f 3949 4032 4196
f 4197 4198 4027
f 3951 4106 4109
f 3952 4109 4199
f 4200 3957 3958
f 4201 3890 3959
f 4035 4200 3958
f 3890 4201 4113
f 4034 4202 4115
f 4116 4203 4112
f 4110 4204 3962
f 4205 4203 4116
f 3961 4115 4117
f 4118 4206 4035
f 3962 4204 4119
f 3893 4113 4207
f 4038 4208 4040
f 4038 3893 4207
f 4036 4121 4120
f 4116 4039 4209
f 4210 4120 4121
f 4122 4211 3826
f 3826 4211 4123
f 3966 4212 4125
f 3968 4127 4129
f 3967 4128 3829
f 3966 3901 4213
f 4041 4044 3758
f 4214 3969 3970
f 3972 4046 4215
f 4213 3901 3906
f 4216 3967 3900
f 3900 4058 4216
f 4217 4213 3906
f 3835 4044 4055
f 3970 4051 4214
f 4129 4218 4045
f 3833 4130 4132
f 4048 3904 3973
f 3975 4050 3836
f 3974 4219 4220
f 3974 4220 3975
f 4057 4217 3906
f 4051 4045 4218
f 3976 4221 4046
f 3977 3833 4132
f 4049 4053 4222
f 3907 4054 3910
f 4218 4223 4051
f 4133 4043 3979
f 4136 3980 4049
f 4053 4224 4222
f 4053 4135 4224
f 4052 4047 4225
f 4224 4135 4137
f 3910 4054 4138
f 4226 4057 4131
f 4227 4137 4138
f 4136 4060 4061
f 4137 4139 4140
f 4135 4139 4137
f 4228 4229 4230
f 4231 4232 4230
f 4233 4142 4234
f 4233 4235 4142
f 4228 4230 4236
f 4142 4237 4234
f 4143 4236 4230
f 4232 4143 4230
f 3984 4142 4235
f 4236 4062 4144
f 4143 4062 4236
f 4143 4232 4238
f 4142 4141 4237
f 4235 4239 3984
f 4065 4143 4238
f 4141 4145 4237
f 4239 3911 3984
f 4062 3986 4144
f 3912 3911 4239
f 4238 4240 4241
f 4238 4241 4065
f 4063 4145 4141
f 4067 4242 4145
f 4067 4069 4242
f 4147 4243 4070
f 3848 4150 4148
f 4244 4242 4072
f 4242 4069 4072
f 4073 3846 4245
f 4152 4072 3994
f 4154 4152 4074
f 4153 4075 3995
f 3918 4151 4155
f 4246 3700 4076
f 3776 3919 4247
f 4248 3849 3850
f 4076 3775 4158
f 3775 3777 4158
f 4249 3645 3997
f 3645 4250 3998
f 4077 4251 4078
f 3705 4252 4159
f 4158 3703 3999
f 4078 4253 4161
f 3705 4160 4252
f 4078 4161 3853
f 4080 4254 4002
f 4254 4164 4002
f 3858 4164 4255
f 3854 4163 4256
f 4257 3708 3924
f 4257 4000 3708
f 4255 4086 3858
f 3922 4165 4168
f 4086 4255 4007
f 4083 4258 3928
f 4006 3928 4258
f 4259 4166 4169
f 4258 4083 4260
f 4261 4084 4168
f 4169 4167 4172
f 4173 4262 4172
f 4174 4089 4263
f 4263 4089 4088
f 4009 4264 4008
f 4265 4266 4009
f 4265 4009 4010
f 3934 4175 4091
f 4175 4267 4268
f 4175 4090 4269
f 4176 3933 4270
f 4270 3933 4271
f 3933 4272 4271
f 4267 4175 4269
f 4273 4272 3933
f 3933 3863 4273
f 3787 4091 4274
f 3786 3787 4275
f 4275 3864 3786
f 3789 4095 4276
f 4012 4277 3867
f 4178 3936 4278
f 4094 3864 4279
f 4093 4280 4011
f 4181 4280 4093
f 4184 4281 4185
f 4096 4187 3869
f 4189 4282 4180
f 4189 4180 4013
f 4179 4016 4283
f 4179 4283 4181
f 3872 4284 4014
f 4284 3872 4015
f 3941 4099 4285
f 4286 4189 3939
f 4014 4286 3939
f 4283 4016 4190
f 4188 4183 4287
f 4287 4183 4288
f 3876 4188 4287
f 4191 4289 3875
f 4290 3942 3876
f 4100 4018 4291
f 4018 3943 4292
f 4019 3878 3945
f 4101 4293 4021
f 4020 4294 4102
f 4294 4020 4192
f 4291 4018 4295
f 4295 4018 4292
f 4292 3943 4296
f 4021 4293 4194
f 4101 4102 4293
f 4108 4297 4195
f 4297 4108 4298
f 4108 3948 4299
f 3948 4195 4299
f 4196 4026 4023
f 4108 4300 4298
f 4299 4300 4108
f 4027 4198 4028
f 4028 3955 4104
f 3889 4026 4301
f 4302 4107 3950
f 4197 4027 3957
f 4107 4303 4105
f 4303 4107 4302
f 3953 4304 4030
f 4305 4110 3955
f 3886 4033 4306
f 4030 4304 3959
f 4034 3956 4307
f 4305 4308 4110
f 4201 3959 4304
f 3672 4309 4032
f 4111 4309 3672
f 4033 4310 4306
f 4035 4206 4200
f 4311 4117 4115
f 4209 4205 4116
f 4040 4208 4122
f 4209 4039 4312
f 4209 4312 4313
f 4120 4312 4039
f 4210 4121 3897
f 3897 4124 4210
f 4314 4126 4125
f 4314 4125 4212
f 3964 4315 4124
f 4315 4316 4124
f 3964 4317 4315
f 3965 4317 3964
f 4128 4318 4319
f 4320 4127 4123
f 4319 4321 4128
f 4212 3966 4213
f 4322 4212 4213
f 4323 4317 3965
f 4128 3967 4318
f 4321 4042 4128
f 3965 4043 4323
f 4046 4324 4215
f 4130 4042 4321
f 4325 4326 3969
f 3969 4214 4325
f 3972 4215 4327
f 4328 4324 4046
f 4047 3972 4327
f 3969 4329 4131
f 4051 4330 4214
f 4129 4331 4218
f 4327 4225 4047
f 4058 4332 4216
f 4048 4333 3978
f 3975 4220 4050
f 4330 4051 4223
f 4334 4221 3976
f 4334 3976 4132
f 4134 3978 4333
f 4335 4217 4057
f 4336 4334 4132
f 4136 4049 4337
f 4057 4226 4335
f 3973 4059 4338
f 4060 4136 4338
f 4338 4136 4339
f 4339 4136 4337
f 4137 4227 4224
f 4219 3974 4056
f 4219 4056 4340
f 4133 4052 4341
f 4060 4338 4059
f 4233 4342 4343
f 4344 4233 4343
f 4231 4230 4229
f 4234 4345 4342
f 4233 4234 4342
f 4346 4232 4231
f 4345 4237 4347
f 4345 4234 4237
f 4348 4228 4144
f 4236 4144 4228
f 4349 4238 4232
f 4239 4235 4350
f 4351 4349 4352
f 4349 4240 4238
f 4351 4240 4349
f 4353 4354 4355
f 4354 4353 4347
f 4347 4237 4145
f 4356 4354 4357
f 4356 4355 4354
f 4358 4347 4145
f 3912 4239 3989
f 4355 4356 4359
f 4242 4358 4145
f 4065 4241 4360
f 3989 4361 4146
f 4068 4065 4360
f 4068 4360 4362
f 4363 4242 4244
f 4150 4364 4148
f 4068 4362 4071
f 4243 4245 4070
f 4071 4362 4151
f 4244 4072 4152
f 3846 4070 4245
f 4149 3991 4365
f 4150 4149 4365
f 4152 4154 4244
f 4073 4245 4153
f 4155 4151 4366
f 4365 3991 3992
f 4366 4156 4155
f 4367 3992 3773
f 3996 4075 4368
f 3700 4367 3773
f 4248 4369 3849
f 4367 3700 4246
f 4248 3850 4370
f 4371 3997 4157
f 3997 4371 4249
f 3850 3920 4372
f 3776 4247 4077
f 4372 3920 4159
f 4249 4250 3645
f 4253 4078 4251
f 4080 4162 4254
f 3998 4373 3704
f 4162 4374 4254
f 4079 4081 4375
f 4373 4003 3704
f 4254 4374 4164
f 4081 3930 4376
f 4256 4082 3854
f 4377 4000 4257
f 4165 4000 4377
f 4170 4376 3930
f 4378 4003 4379
f 4003 4378 4167
f 4166 4256 4163
f 4380 4256 4381
f 4082 4256 4380
f 4082 4380 4083
f 4255 4382 4007
f 4167 4378 4173
f 4166 4381 4256
f 3924 4006 4257
f 4383 4085 4084
f 4166 4259 4381
f 4083 4380 4384
f 4384 4260 4083
f 4261 4168 4385
f 4382 3931 4007
f 4259 4169 4172
f 4386 4259 4172
f 4264 4387 4087
f 4008 4264 4087
f 4261 4383 4084
f 4388 4174 4263
f 4266 4264 4009
f 4263 4088 3931
f 4389 4266 4265
f 4389 4265 4272
f 4390 4391 4175
f 4175 4268 4390
f 4272 4265 4176
f 4091 4175 4391
f 4265 4010 4176
f 4389 4272 4273
f 4174 4269 4090
f 4272 4176 4392
f 4393 4268 4267
f 4176 4270 4392
f 4394 4393 4267
f 4279 3864 4275
f 4011 4395 3865
f 3936 3867 4278
f 4011 4396 4395
f 4095 4094 4279
f 3789 4276 4397
f 4096 3789 4397
f 4178 4278 4398
f 4011 4280 4396
f 4399 4396 4280
f 4281 4184 4400
f 4281 4401 4185
f 4184 4186 4400
f 4181 4402 4280
f 4185 4401 4183
f 4283 4403 4181
f 4181 4403 4402
f 4186 4098 4404
f 3941 4404 4098
f 3941 4285 4404
f 4282 4189 4286
f 4403 4283 4405
f 4406 4402 4403
f 4405 4406 4403
f 4407 4099 4097
f 4408 4407 4097
f 4409 4289 4191
f 4191 4100 4409
f 4100 4410 4409
f 4411 4412 4413
f 4100 4291 4410
f 4414 4415 4413
f 3942 4290 4192
f 3943 4019 4296
f 4193 4416 4019
f 3945 4193 4019
f 4293 4102 4417
f 4418 4193 4103
f 4418 4419 4193
f 4105 4420 4418
f 4103 4105 4418
f 4297 4298 4421
f 4421 4299 4297
f 4297 4299 4195
f 4300 4422 4298
f 4198 3955 4028
f 4196 4301 4026
f 4300 4423 4422
f 3955 4198 4305
f 4301 4196 4424
f 4425 3889 4301
f 3889 4425 3956
f 4302 3950 4306
f 3886 4306 3950
f 4304 3953 3952
f 4032 4424 4196
f 4425 4307 3956
f 4304 3952 4199
f 4309 4424 4032
f 3957 4200 4426
f 4199 4109 4427
f 4428 4201 4304
f 4429 4199 4427
f 4034 4307 4202
f 4310 4033 4112
f 4201 4428 4113
f 4204 4110 4430
f 4110 4308 4430
f 4203 4205 4431
f 4117 4114 3822
f 4202 4432 4115
f 4113 4433 4207
f 4432 4311 4115
f 4204 4434 4119
f 4207 4435 4038
f 4122 4208 4211
f 4316 4210 4124
f 4314 4212 4436
f 4126 4314 4436
f 4212 4437 4436
f 4316 4315 4438
f 4317 4439 4315
f 4438 4315 4439
f 4319 4440 4321
f 4322 4437 4212
f 4320 4123 4441
f 4321 4440 4442
f 4442 4438 4215
f 4127 4320 4443
f 4442 4215 4324
f 4321 4442 4324
f 4129 4127 4443
f 4215 4444 4327
f 4445 4324 4328
f 4321 4324 4445
f 4321 4445 4130
f 3969 4326 4329
f 4217 4446 4213
f 4446 4447 4329
f 4331 4129 4448
f 4046 4221 4328
f 4333 4048 4449
f 4048 3973 4449
f 4050 4450 4054
f 4050 4220 4450
f 4451 4220 4219
f 4217 4335 4452
f 4329 4447 4131
f 3973 4338 4449
f 4131 4447 4453
f 4223 4218 4331
f 4043 4133 4454
f 4332 4058 4455
f 4456 4338 4339
f 4054 4450 4457
f 4054 4457 4138
f 4219 4340 4458
f 4224 4459 4222
f 4052 4225 4341
f 4134 4455 4058
f 4231 4460 4461
f 4346 4231 4461
f 4462 4344 4343
f 4231 4229 4460
f 4344 4462 4463
f 4464 4342 4345
f 4465 4232 4346
f 4235 4344 4463
f 4344 4235 4233
f 4463 4350 4235
f 4229 4228 4466
f 4228 4348 4466
f 4232 4465 4349
f 4345 4347 4353
f 4465 4467 4352
f 4352 4349 4465
f 4351 4352 4468
f 4355 4469 4353
f 4355 4470 4469
f 4239 4350 4471
f 4359 4470 4355
f 4471 4361 4239
f 4348 4144 3990
f 4351 4468 4472
f 4240 4351 4472
f 4356 4473 4359
f 4356 4357 4473
f 4473 4357 4474
f 4354 4474 4357
f 4354 4358 4474
f 4354 4347 4358
f 4239 4361 3989
f 4240 4360 4241
f 3841 4148 4475
f 4476 4148 4364
f 4243 4147 4477
f 4244 4478 4363
f 4478 4244 4154
f 4366 4151 4362
f 4479 4153 4245
f 4367 4365 3992
f 4153 4368 4075
f 4154 3849 4369
f 3919 4156 4480
f 4480 4481 3919
f 3919 4481 4247
f 4158 4246 4076
f 3850 4372 4370
f 4371 4250 4249
f 4482 3998 4250
f 4162 4161 4483
f 4079 4375 4160
f 4483 4374 4162
f 4375 4081 4484
f 4081 4376 4484
f 4485 4376 4170
f 4165 4377 4486
f 4383 4487 4085
f 4380 4381 4488
f 4165 4385 4168
f 3931 4489 4490
f 4387 4171 4087
f 4380 4488 4384
f 4486 4385 4165
f 4259 4386 4381
f 4385 4486 4491
f 4492 4263 4493
f 3931 4490 4263
f 4262 4386 4172
f 4264 4266 4387
f 4266 4389 4494
f 4266 4494 4387
f 4492 4388 4263
f 4389 4495 4494
f 4262 4173 4496
f 4383 4261 4497
f 4498 4487 4383
f 4388 4499 4500
f 4174 4388 4500
f 4499 4390 4500
f 4501 4262 4502
f 4496 4502 4262
f 4498 4383 4497
f 4390 4268 4500
f 4174 4500 4503
f 4389 4273 4504
f 4269 4174 4503
f 4392 4271 4272
f 4273 4505 4504
f 4393 4503 4268
f 4267 4269 4503
f 4271 4392 4506
f 4267 4503 4394
f 4392 4270 4506
f 4506 4270 4271
f 4393 4394 4507
f 4273 3863 4508
f 3863 4177 4508
f 4509 3787 4274
f 3787 4509 4275
f 3865 4510 4177
f 4395 4510 3865
f 4278 3867 4277
f 4277 4012 4180
f 4182 4178 4398
f 4511 4182 4398
f 4400 4401 4281
f 4015 4182 4511
f 4280 4402 4512
f 4513 4183 4401
f 4187 4408 4097
f 4183 4513 4288
f 4282 4286 4514
f 4014 4514 4286
f 4283 4190 4515
f 4406 4512 4402
f 4407 4285 4099
f 4514 4516 4282
f 4283 4515 4517
f 4407 4408 4518
f 4283 4517 4405
f 4518 4408 4519
f 3875 4289 4190
f 4287 4288 4520
f 4521 4412 4411
f 4522 4412 4521
f 4522 4413 4412
f 4415 4411 4413
f 4415 4522 4411
f 4019 4416 4296
f 4523 4291 4295
f 4192 4524 4294
f 4292 4296 4525
f 4193 4419 4416
f 4294 4526 4102
f 4525 4296 4418
f 4525 4418 4420
f 4527 4106 4194
f 4422 4423 4528
f 4421 4298 4422
f 4421 4422 4529
f 4529 4422 4528
f 4529 4299 4421
f 4529 4300 4299
f 4529 4423 4300
f 4106 4530 4109
f 4105 4531 4420
f 4105 4303 4531
f 4197 3957 4426
f 4530 4427 4109
f 4532 4308 4305
f 4533 4303 4302
f 4429 4534 4199
f 4426 4200 4206
f 4112 4203 4535
f 4433 4113 4428
f 4431 4535 4203
f 4202 4536 4432
f 4535 4431 4537
f 4431 4205 4538
f 4204 4430 4434
f 4038 4539 4208
f 4209 4313 4540
f 4120 4541 4312
f 4210 4541 4120
f 4123 4211 4441
f 4319 4318 4542
f 4440 4319 4542
f 4442 4316 4438
f 4442 4440 4316
f 4437 4322 4543
f 4441 4543 4544
f 4320 4441 4544
f 4439 4317 4545
f 4438 4439 4215
f 4215 4439 4444
f 4544 4543 4322
f 4325 4544 4326
f 4544 4322 4326
f 4320 4544 4443
f 4326 4322 4446
f 4546 4443 4544
f 4317 4547 4545
f 4548 4549 4041
f 4322 4213 4446
f 4214 4550 4325
f 4041 4549 4044
f 4317 4323 4547
f 4444 4545 4327
f 4326 4446 4329
f 4129 4443 4448
f 4549 4551 4044
f 4552 4225 4327
f 4553 4130 4445
f 4044 4551 4055
f 4446 4217 4452
f 4214 4330 4554
f 4323 4043 4454
f 4328 4221 4555
f 4556 4216 4332
f 4446 4452 4447
f 4553 4132 4130
f 4552 4557 4225
f 4132 4553 4336
f 4134 4333 4558
f 4450 4220 4559
f 4451 4559 4220
f 4219 4458 4451
f 4056 4055 4560
f 4331 4561 4223
f 4556 4332 4455
f 4131 4453 4226
f 4225 4557 4562
f 4338 4563 4449
f 4563 4338 4456
f 4222 4564 4049
f 4340 4565 4458
f 4566 4056 4560
f 4567 4568 4223
f 4561 4567 4223
f 4225 4562 4341
f 4569 4459 4224
f 4224 4227 4569
f 4138 4457 4227
f 4566 4340 4056
f 4341 4570 4133
f 4339 4571 4456
f 4222 4459 4572
f 4573 4574 4575
f 4575 4574 4576
f 4577 4346 4461
f 4343 4342 4578
f 4343 4579 4462
f 4229 4580 4460
f 4229 4466 4580
f 4462 4581 4463
f 4582 4464 4353
f 4464 4345 4353
f 4583 4466 4348
f 4582 4353 4469
f 4467 4465 4584
f 4585 4586 4469
f 4470 4585 4469
f 4348 3990 4587
f 4588 4470 4359
f 4359 4473 4588
f 4474 4588 4473
f 4474 4589 4588
f 4358 4589 4474
f 4475 3990 3841
f 4360 4240 4472
f 4590 4360 4472
f 4358 4242 4591
f 4590 4362 4360
f 4242 4363 4591
f 4592 4362 4590
f 4243 4477 4245
f 4364 4150 4593
f 4150 4365 4593
f 4478 4154 4594
f 4365 4367 4595
f 4362 4596 4366
f 4366 4596 4156
f 4596 4480 4156
f 4153 4479 4368
f 4369 4594 4154
f 4157 3996 4368
f 4248 4370 4369
f 4158 4597 4246
f 4250 4371 4598
f 4247 4599 4077
f 4077 4599 4251
f 4482 4250 4598
f 4158 3999 4600
f 4483 4161 4601
f 3999 3852 4602
f 3998 4482 4373
f 4603 4160 4375
f 3852 4085 4602
f 4483 4604 4374
f 4374 4604 4164
f 4379 4003 4373
f 4382 4605 4489
f 4171 4485 4170
f 4606 4085 4487
f 4382 4489 3931
f 4006 4607 4257
f 4257 4607 4377
f 4489 4493 4490
f 4381 4608 4488
f 4609 4006 4258
f 4261 4385 4491
f 4490 4493 4263
f 4173 4378 4496
f 4610 4499 4611
f 4388 4492 4611
f 4499 4610 4612
f 4388 4611 4499
f 4262 4501 4613
f 4262 4613 4386
f 4261 4491 4497
f 4391 4614 4498
f 4612 4390 4499
f 4495 4389 4615
f 4496 4616 4617
f 4390 4614 4391
f 4496 4617 4502
f 4391 4498 4497
f 4389 4504 4615
f 4500 4268 4503
f 4391 4497 4618
f 4504 4505 4617
f 4502 4617 4505
f 4091 4391 4618
f 4618 4274 4091
f 4393 4507 4619
f 4619 4620 4393
f 4393 4620 4503
f 4503 4620 4394
f 4621 4509 4274
f 4394 4620 4507
f 4622 4275 4509
f 4275 4622 4279
f 4279 4623 4095
f 4180 4624 4277
f 4625 4096 4397
f 4399 4626 4396
f 4282 4627 4180
f 4628 4015 4511
f 4399 4280 4512
f 4401 4400 4629
f 4630 4629 4400
f 4096 4625 4187
f 4015 4628 4284
f 4512 4631 4399
f 4401 4629 4513
f 4516 4627 4282
f 4632 4515 4633
f 4634 4285 4407
f 4633 4515 4190
f 4513 4635 4288
f 4636 4519 4408
f 4514 4637 4516
f 4638 4406 4405
f 4407 4639 4634
f 4639 4407 4518
f 4405 4517 4640
f 4519 4521 4518
f 4520 4641 4287
f 4287 4641 3876
f 4521 4639 4518
f 4639 4521 4411
f 4521 4642 4522
f 4641 4290 3876
f 4639 4411 4522
f 4639 4522 4642
f 4409 4410 4643
f 4644 4522 4415
f 4413 4522 4644
f 4413 4644 4414
f 4290 4645 4192
f 4192 4645 4646
f 4414 4644 4647
f 4648 4415 4414
f 4293 4417 4194
f 4647 4648 4414
f 4296 4416 4419
f 4194 4417 4527
f 4102 4649 4417
f 4294 4650 4526
f 4524 4650 4294
f 4651 4648 4647
f 4296 4419 4418
f 4102 4526 4649
f 4529 4528 4652
f 4197 4305 4198
f 4653 4525 4420
f 4529 4652 4423
f 4654 4653 4420
f 4420 4531 4654
f 4655 4531 4303
f 4424 4656 4301
f 4301 4656 4425
f 4657 4528 4423
f 4658 4654 4531
f 4530 4659 4427
f 4309 4656 4424
f 4426 4532 4197
f 4303 4533 4655
f 4660 4306 4310
f 4307 4425 4661
f 4532 4662 4308
f 4304 4663 4428
f 4199 4663 4304
f 4664 4309 4111
f 4661 4202 4307
f 4428 4663 4665
f 4534 4666 4199
f 4667 4427 4659
f 4533 4302 4668
f 4668 4302 4669
f 4427 4667 4429
f 4202 4661 4536
f 4670 4533 4668
f 4112 4535 4310
f 4664 4111 4114
f 4433 4435 4207
f 4433 4671 4435
f 4118 4672 4206
f 4118 4119 4673
f 4434 4673 4119
f 4205 4209 4538
f 4208 4539 4674
f 4209 4540 4538
f 4208 4674 4211
f 4038 4435 4539
f 4675 4312 4541
f 4675 4313 4312
f 4316 4676 4210
f 4548 4126 4436
f 4439 4545 4444
f 4437 4677 4436
f 4543 4677 4437
f 4126 4548 4041
f 4325 4550 4544
f 4318 3967 4678
f 4546 4544 4550
f 4216 4678 3967
f 4546 4448 4443
f 4547 4323 4679
f 4679 4552 4547
f 4547 4552 4545
f 4545 4552 4327
f 4445 4328 4555
f 4323 4454 4679
f 4445 4555 4553
f 4555 4221 4680
f 4681 4682 4055
f 4551 4681 4055
f 4221 4334 4680
f 4555 4336 4553
f 4451 4458 4682
f 4055 4682 4560
f 4560 4682 4458
f 4454 4133 4683
f 4556 4455 4558
f 4452 4335 4684
f 4330 4223 4685
f 4334 4686 4680
f 4334 4336 4686
f 4566 4560 4565
f 4560 4458 4565
f 4570 4683 4133
f 4455 4134 4558
f 4337 4049 4687
f 4227 4457 4569
f 4688 4457 4450
f 4571 4339 4689
f 4569 4690 4459
f 4337 4689 4339
f 4687 4691 4337
f 4340 4566 4565
f 4691 4689 4337
f 4692 4572 4459
f 4576 4693 4575
f 4575 4693 4573
f 4694 4695 4696
f 4697 4695 4694
f 4695 4698 4696
f 4574 4699 4576
f 4700 4698 4695
f 4577 4461 4701
f 4701 4461 4460
f 4578 4342 4464
f 4343 4702 4579
f 4581 4462 4579
f 4580 4701 4460
f 4577 4703 4346
f 4581 4704 4463
f 4465 4346 4703
f 4465 4703 4584
f 4463 4704 4350
f 4582 4469 4586
f 4705 4583 4348
f 4352 4467 4706
f 4585 4707 4586
f 4705 4348 4587
f 4468 4352 4706
f 4468 4706 4708
f 4470 4588 4709
f 4468 4708 4472
f 4589 4709 4588
f 4590 4472 4708
f 4589 4358 4591
f 4146 4710 4147
f 4148 4476 4475
f 4477 4147 4710
f 4363 4478 4591
f 4596 4362 4592
f 4478 4594 4591
f 4365 4595 4593
f 4711 4368 4712
f 4368 4711 4157
f 4367 4246 4597
f 4247 4481 4713
f 4372 4159 4714
f 4715 4253 4251
f 4600 3999 4716
f 4252 4160 4717
f 4601 4718 4483
f 4483 4718 4604
f 4160 4603 4717
f 4482 4719 4373
f 4375 4484 4603
f 4373 4719 4720
f 4721 4484 4376
f 4382 4255 4605
f 4373 4720 4379
f 4722 4485 4171
f 4723 4722 4171
f 4720 4378 4379
f 4171 4387 4723
f 4724 4725 4378
f 4494 4723 4387
f 4006 4726 4607
f 4486 4377 4607
f 4496 4378 4725
f 4726 4006 4609
f 4496 4725 4727
f 4486 4607 4728
f 4728 4491 4486
f 4496 4727 4616
f 4381 4386 4608
f 4616 4727 4615
f 4608 4386 4613
f 4729 4498 4614
f 4390 4612 4614
f 4617 4616 4615
f 4615 4504 4617
f 4497 4491 4730
f 4505 4273 4731
f 4505 4731 4732
f 4505 4732 4502
f 4733 4502 4732
f 4621 4734 4509
f 4177 4735 4508
f 4177 4510 4735
f 4622 4509 4734
f 4279 4622 4623
f 4736 4510 4395
f 4395 4737 4738
f 4395 4396 4737
f 4095 4623 4276
f 4278 4739 4398
f 4740 4398 4739
f 4740 4737 4398
f 4396 4626 4737
f 4278 4511 4739
f 4398 4737 4511
f 4739 4511 4737
f 4741 4626 4742
f 4743 4400 4186
f 4180 4627 4624
f 4399 4742 4626
f 4742 4631 4632
f 4742 4399 4631
f 4630 4400 4743
f 4014 4284 4744
f 4285 4745 4404
f 4631 4515 4632
f 4631 4512 4746
f 4408 4187 4636
f 4627 4516 4747
f 4014 4744 4514
f 4746 4515 4631
f 4746 4512 4406
f 4638 4746 4406
f 4515 4748 4517
f 4749 4747 4516
f 4516 4637 4749
f 4635 4750 4288
f 4517 4748 4751
f 4288 4750 4520
f 4519 4752 4521
f 4752 4642 4521
f 4289 4409 4643
f 4753 4290 4641
f 4642 4754 4639
f 4290 4753 4645
f 4291 4523 4755
f 4415 4648 4644
f 4647 4644 4756
f 4292 4757 4295
f 4644 4648 4756
f 4756 4651 4647
f 4523 4295 4758
f 4758 4295 4757
f 4292 4525 4757
f 4759 4525 4653
f 4527 4530 4106
f 4197 4532 4305
f 4531 4760 4658
f 4423 4652 4761
f 4657 4423 4761
f 4656 4309 4664
f 4661 4425 4762
f 4302 4306 4669
f 4199 4666 4663
f 4533 4763 4655
f 4663 4764 4665
f 4426 4206 4765
f 4308 4662 4430
f 4670 4763 4533
f 4310 4535 4766
f 4767 4428 4665
f 4767 4665 4768
f 4768 4665 4764
f 4428 4767 4433
f 4769 4536 4661
f 4770 4766 4535
f 4433 4767 4671
f 4765 4206 4672
f 4668 4669 4771
f 4535 4537 4770
f 4117 4772 4114
f 4118 4773 4672
f 4118 4673 4773
f 4774 4541 4210
f 4210 4676 4774
f 4441 4211 4775
f 4675 4776 4313
f 4543 4441 4775
f 4777 4543 4775
f 4542 4778 4440
f 4778 4316 4440
f 4779 4542 4318
f 4548 4436 4780
f 4780 4436 4677
f 4678 4779 4318
f 4214 4554 4550
f 4546 4550 4554
f 4546 4781 4448
f 4681 4551 4549
f 4556 4782 4216
f 4783 4331 4448
f 4679 4784 4552
f 4454 4683 4785
f 4552 4784 4557
f 4680 4336 4555
f 4331 4783 4561
f 4556 4558 4786
f 4451 4682 4559
f 4452 4787 4447
f 4330 4685 4554
f 4787 4452 4684
f 4447 4787 4453
f 4686 4788 4680
f 4564 4687 4049
f 4789 4226 4453
f 4789 4453 4787
f 4449 4563 4790
f 4564 4222 4572
f 4559 4688 4450
f 4226 4791 4335
f 4792 4563 4456
f 4792 4456 4571
f 4459 4690 4692
f 4694 4696 4793
f 4697 4694 4793
f 4700 4695 4697
f 4576 4699 4794
f 4699 4574 4795
f 4574 4573 4795
f 4796 4698 4700
f 4578 4797 4343
f 4797 4702 4343
f 4701 4798 4577
f 4799 4580 4466
f 4582 4800 4464
f 4707 4801 4802
f 4586 4707 4802
f 4582 4586 4802
f 4803 4467 4584
f 4803 4706 4467
f 4585 4470 4804
f 4804 4470 4709
f 4805 4708 4706
f 3990 4806 4587
f 4807 4709 4589
f 4361 4471 4808
f 4361 4809 4810
f 4361 4808 4809
f 4589 4591 4807
f 4146 4361 4810
f 4810 4710 4146
f 4811 4476 4364
f 4593 4811 4364
f 4592 4590 4812
f 4479 4245 4477
f 4591 4594 4813
f 4368 4479 4712
f 4814 4157 4711
f 4371 4157 4598
f 4598 4157 4814
f 4597 4158 4815
f 4599 4816 4251
f 4816 4715 4251
f 4815 4158 4600
f 4161 4253 4601
f 3999 4602 4716
f 4482 4817 4719
f 4716 4602 4818
f 4819 4716 4818
f 4164 4604 4820
f 4602 4085 4818
f 4164 4820 4255
f 4255 4820 4605
f 4376 4821 4721
f 4818 4085 4606
f 4821 4376 4722
f 4493 4489 4822
f 4605 4822 4489
f 4376 4485 4722
f 4378 4720 4724
f 4722 4723 4823
f 4492 4610 4611
f 4824 4495 4725
f 4608 4825 4488
f 4260 4609 4258
f 4487 4498 4826
f 4727 4725 4495
f 4729 4826 4498
f 4612 4610 4827
f 4727 4495 4615
f 4828 4612 4827
f 4608 4613 4829
f 4614 4830 4729
f 4612 4828 4614
f 4614 4828 4831
f 4491 4728 4730
f 4614 4831 4830
f 4497 4730 4618
f 4618 4621 4274
f 4732 4731 4832
f 4732 4832 4833
f 4733 4732 4833
f 4731 4273 4508
f 4731 4508 4833
f 4731 4833 4832
f 4619 4507 4620
f 4622 4734 4834
f 4835 4510 4736
f 4623 4622 4834
f 4738 4736 4395
f 4276 4623 4836
f 4740 4837 4738
f 4738 4737 4740
f 4276 4836 4838
f 4397 4276 4838
f 4838 4839 4397
f 4840 4837 4278
f 4837 4840 4841
f 4511 4841 4840
f 4841 4511 4740
f 4278 4740 4511
f 4740 4278 4837
f 4739 4841 4740
f 4739 4737 4841
f 4737 4842 4841
f 4626 4842 4737
f 4840 4843 4628
f 4840 4628 4511
f 4844 4742 4632
f 4630 4845 4629
f 4846 4743 4847
f 4187 4625 4848
f 4849 4187 4848
f 4629 4845 4513
f 4743 4846 4630
f 4627 4850 4851
f 4852 4635 4513
f 4634 4745 4285
f 4747 4850 4627
f 4632 4633 4853
f 4636 4187 4849
f 4746 4748 4515
f 4854 4634 4639
f 4633 4190 4289
f 4855 4633 4289
f 4750 4635 4856
f 4857 4747 4749
f 4750 4858 4520
f 4636 4752 4519
f 4637 4857 4749
f 4855 4289 4643
f 4640 4638 4405
f 4856 4641 4750
f 4641 4856 4859
f 4517 4751 4640
f 4641 4860 4750
f 4641 4520 4860
f 4641 4859 4753
f 4861 4754 4642
f 4642 4752 4861
f 4862 4520 4858
f 4863 4645 4753
f 4860 4520 4862
f 4291 4755 4410
f 4646 4864 4192
f 4192 4864 4524
f 4648 4651 4756
f 4525 4759 4757
f 4865 4526 4650
f 4865 4650 4524
f 4758 4757 4866
f 4867 4526 4865
f 4868 4530 4527
f 4649 4526 4867
f 4760 4531 4655
f 4528 4869 4652
f 4870 4653 4654
f 4528 4657 4869
f 4656 4762 4425
f 4871 4869 4761
f 4761 4869 4657
f 4872 4761 4652
f 4656 4664 4873
f 4873 4762 4656
f 4761 4872 4871
f 4662 4532 4874
f 4875 4876 4877
f 4870 4875 4877
f 4878 4655 4763
f 4660 4669 4306
f 4872 4879 4871
f 4426 4874 4532
f 4873 4664 4880
f 4426 4765 4874
f 4763 4670 4881
f 4664 4114 4880
f 4662 4882 4430
f 4667 4883 4429
f 4669 4884 4771
f 4885 4886 4767
f 4114 4772 4880
f 4882 4887 4430
f 4888 4670 4668
f 4771 4888 4668
f 4771 4431 4538
f 4886 4671 4767
f 4432 4536 4889
f 4536 4769 4889
f 4430 4887 4434
f 4537 4431 4771
f 4432 4889 4311
f 4434 4887 4673
f 4887 4890 4673
f 4773 4673 4890
f 4674 4891 4211
f 4435 4892 4539
f 4675 4541 4774
f 4893 4675 4774
f 4211 4891 4775
f 4313 4776 4894
f 4316 4895 4676
f 4316 4778 4895
f 4896 4778 4542
f 4779 4896 4542
f 4897 4779 4678
f 4548 4780 4898
f 4677 4899 4780
f 4677 4543 4900
f 4899 4677 4900
f 4543 4777 4900
f 4548 4898 4549
f 4549 4898 4681
f 4681 4898 4901
f 4783 4448 4781
f 4679 4454 4785
f 4681 4901 4682
f 4782 4556 4902
f 4902 4556 4786
f 4901 4903 4682
f 4554 4685 4904
f 4336 4680 4905
f 4906 4558 4333
f 4682 4907 4559
f 4905 4680 4788
f 4336 4905 4686
f 4906 4786 4558
f 4333 4449 4906
f 4908 4909 4910
f 4684 4335 4791
f 4787 4684 4911
f 4789 4787 4911
f 4557 4912 4562
f 4905 4788 4686
f 4223 4568 4685
f 4567 4913 4568
f 4562 4912 4341
f 4906 4449 4790
f 4790 4563 4914
f 4908 4910 4689
f 4689 4915 4908
f 4916 4564 4572
f 4457 4688 4569
f 4789 4791 4226
f 4689 4691 4915
f 4692 4917 4572
f 4576 4794 4918
f 4576 4918 4693
f 4573 4693 4919
f 4793 4696 4920
f 4573 4919 4795
f 4921 4700 4697
f 4698 4920 4696
f 4922 4699 4795
f 4698 4923 4920
f 4794 4924 4925
f 4924 4794 4699
f 4698 4926 4923
f 4926 4698 4796
f 4921 4796 4700
f 4925 4924 4927
f 4699 4922 4924
f 4924 4928 4927
f 4701 4929 4798
f 4703 4577 4798
f 4930 4579 4702
f 4929 4580 4799
f 4929 4701 4580
f 4578 4464 4931
f 4464 4800 4931
f 4801 4800 4802
f 4932 4584 4703
f 4581 4933 4704
f 4799 4466 4583
f 4803 4584 4932
f 4932 4934 4803
f 4582 4802 4800
f 4934 4935 4803
f 4801 4707 4936
f 4935 4937 4803
f 4707 4585 4936
f 4704 4938 4939
f 4706 4937 4805
f 4803 4937 4706
f 4704 4939 4350
f 4804 4936 4585
f 4350 4939 4471
f 4587 4940 4705
f 4941 4808 4471
f 3990 4942 4806
f 4942 3990 4475
f 4942 4475 4943
f 4811 4475 4476
f 4944 4477 4710
f 4812 4945 4592
f 4945 4946 4592
f 4946 4596 4592
f 4807 4813 4947
f 4807 4591 4813
f 4596 4948 4480
f 4594 4369 4949
f 4949 4369 4370
f 4714 4370 4372
f 4814 4950 4598
f 4713 4599 4247
f 4159 4951 4952
f 4253 4715 4953
f 4159 4252 4951
f 4253 4953 4601
f 4817 4598 4950
f 4817 4482 4598
f 4600 4716 4954
f 4954 4716 4819
f 4603 4484 4955
f 4819 4818 4956
f 4605 4820 4822
f 4821 4722 4957
f 4722 4823 4957
f 4606 4958 4818
f 4959 4493 4822
f 4960 4823 4723
f 4493 4959 4492
f 4723 4824 4960
f 4495 4723 4494
f 4824 4723 4495
f 4492 4959 4610
f 4487 4826 4606
f 4827 4606 4826
f 4959 4827 4610
f 4961 4384 4488
f 4260 4384 4961
f 4607 4726 4728
f 4826 4729 4828
f 4827 4826 4828
f 4829 4962 4608
f 4828 4729 4830
f 4828 4830 4831
f 4501 4963 4613
f 4829 4613 4963
f 4618 4730 4964
f 4501 4502 4733
f 4833 4965 4733
f 4833 4508 4965
f 4734 4966 4834
f 4967 4966 4734
f 4734 4621 4968
f 4969 4623 4834
f 4970 4623 4969
f 4971 4836 4623
f 4838 4836 4972
f 4277 4843 4278
f 4278 4843 4840
f 4841 4973 4974
f 4841 4974 4837
f 4973 4841 4842
f 4839 4975 4397
f 4843 4277 4624
f 4404 4847 4186
f 4976 4847 4404
f 4975 4839 4977
f 4973 4978 4979
f 4404 4977 4976
f 4975 4977 4745
f 4745 4977 4404
f 4625 4397 4975
f 4625 4975 4848
f 4973 4844 4978
f 4844 4973 4842
f 4980 4742 4844
f 4851 4624 4627
f 4284 4981 4744
f 4853 4978 4844
f 4844 4632 4853
f 4514 4744 4982
f 4637 4514 4982
f 4983 4984 4856
f 4854 4636 4849
f 4985 4746 4638
f 4856 4635 4983
f 4984 4859 4856
f 4858 4750 4986
f 4987 4859 4984
f 4854 4639 4636
f 4754 4636 4639
f 4640 4988 4638
f 4989 4988 4640
f 4637 4990 4857
f 4750 4860 4991
f 4753 4992 4987
f 4991 4987 4992
f 4987 4991 4859
f 4860 4859 4991
f 4859 4860 4753
f 4992 4753 4860
f 4989 4640 4751
f 4987 4863 4753
f 4863 4993 4645
f 4862 4992 4860
f 4992 4862 4994
f 4994 4862 4995
f 4996 4994 4995
f 4646 4997 4864
f 4755 4523 4998
f 4523 4758 4998
f 4864 4999 4524
f 4864 5000 4999
f 4758 4866 5001
f 4999 4865 4524
f 4757 5002 4866
f 4757 4759 5002
f 4653 5003 4759
f 4530 4868 4659
f 4653 4870 5003
f 4869 5004 4652
f 4868 5005 4659
f 4869 4871 5004
f 4872 4652 5004
f 4870 4877 5006
f 4877 5007 5006
f 4877 4876 5007
f 4658 5008 4654
f 4879 5009 4871
f 4875 4870 5010
f 4654 5010 4870
f 4663 4666 4764
f 4661 4762 5011
f 4660 4310 4766
f 4873 4880 5012
f 4534 4429 4883
f 4667 5013 4883
f 4769 4661 5011
f 4882 4662 4874
f 4770 5014 4766
f 4768 4885 4767
f 5015 4880 4772
f 4670 4888 4881
f 4538 4888 4771
f 4884 4537 4771
f 4671 4886 5016
f 4538 4540 5017
f 4671 5016 5018
f 5018 4435 4671
f 5018 4892 4435
f 4890 5019 4773
f 5020 4891 4674
f 4540 4313 4894
f 4539 5021 4674
f 5021 5020 4674
f 4539 4892 5022
f 4893 4776 4675
f 4893 5023 4776
f 4779 4897 4896
f 4896 5024 4778
f 4896 4897 5024
f 4897 4678 5025
f 4780 4899 5026
f 5027 5024 4897
f 5025 5027 4897
f 4900 5028 4899
f 4782 4678 4216
f 4546 4554 4781
f 4784 4679 4785
f 4554 4904 5029
f 4557 4784 4912
f 5030 4908 4915
f 4903 4907 4682
f 4684 4791 5031
f 5031 4911 4684
f 4904 4685 5032
f 4564 5033 4687
f 4690 4569 5034
f 4568 5032 4685
f 5035 4569 4688
f 5036 4791 4911
f 4911 4791 4789
f 4563 4792 4914
f 4792 4571 4910
f 4692 4690 4917
f 4341 5037 4570
f 4689 4910 4571
f 4687 5033 4691
f 4572 4917 4916
f 5038 5039 4918
f 4918 4794 5038
f 4918 4919 4693
f 4697 4793 5040
f 4921 4697 5040
f 5038 4794 4925
f 4922 4795 5041
f 4796 4921 5042
f 4926 5043 4923
f 4928 4924 4922
f 4796 5042 5044
f 5045 4928 4922
f 5044 4926 4796
f 4926 5044 5043
f 4797 4578 5046
f 4929 5047 4798
f 4578 4931 5046
f 4930 5048 4579
f 4581 5048 4933
f 4581 4579 5048
f 4800 4801 5049
f 4933 5050 4704
f 4932 4935 4934
f 4705 5051 4583
f 4709 5052 4804
f 5053 4471 4939
f 4471 5053 4941
f 4708 4805 5054
f 5054 4590 4708
f 4807 5052 4709
f 4810 4809 5055
f 4810 5055 4944
f 4710 4810 4944
f 4477 4944 4479
f 5056 4811 4593
f 4945 5057 4946
f 4479 5058 4712
f 4596 4946 4948
f 4813 4594 4949
f 4367 5059 4595
f 4480 4948 4481
f 4367 4597 5059
f 5060 4370 4714
f 5061 4814 5062
f 5061 4950 4814
f 4714 4159 5063
f 4950 5061 5064
f 4597 4815 5065
f 4159 4952 5063
f 5066 5067 4815
f 4951 4252 5068
f 5066 4815 4600
f 5068 4717 5069
f 5068 4252 4717
f 5070 4718 4601
f 4717 4603 5069
f 4718 5070 4604
f 4954 4819 4956
f 5070 4820 4604
f 4955 4484 4721
f 4720 4719 5071
f 4818 4958 4956
f 4720 5071 4724
f 5072 4821 4957
f 4823 5072 4957
f 5071 5073 4724
f 5074 4958 4606
f 4959 4822 5075
f 4827 5074 4606
f 5075 5076 4959
f 5076 5074 4827
f 5073 4960 4824
f 4959 5076 4827
f 4725 4724 4824
f 4724 5073 4824
f 4488 4825 4961
f 4609 4260 5077
f 5078 4260 4961
f 4609 5079 4726
f 4728 4726 5079
f 4618 4964 4621
f 4621 5080 4968
f 4734 4968 4967
f 4834 4966 5081
f 4834 5081 4969
f 5082 4736 4738
f 5082 4738 5083
f 4970 4971 4623
f 4837 5083 4738
f 4838 4972 5084
f 4839 4838 5084
f 4973 4979 4974
f 4741 4742 5085
f 4847 4743 4186
f 5084 4977 4839
f 4843 4624 4981
f 4981 4628 4843
f 4974 4979 5086
f 4842 5087 4844
f 4742 4980 5085
f 4981 4624 5088
f 4628 4981 4284
f 5089 5086 4978
f 5086 4979 4978
f 4844 5087 4980
f 4745 5090 4975
f 4848 4975 5090
f 4624 4851 5088
f 4978 5091 5089
f 5091 4978 4853
f 4845 4852 4513
f 4845 4630 4852
f 4984 4630 4846
f 4634 5090 4745
f 4852 4983 4635
f 5092 4984 4846
f 5093 5090 4634
f 4853 4633 5094
f 4634 4854 5093
f 4984 5092 5095
f 5094 4633 4855
f 5096 4748 4985
f 4746 4985 4748
f 4637 4982 5097
f 4987 4984 5095
f 4754 5098 4636
f 5098 4752 4636
f 4857 5099 4747
f 4990 4637 5097
f 4855 4643 5100
f 4751 4748 5096
f 4986 4750 4991
f 5095 4863 4987
f 4752 5098 4861
f 4990 5101 4857
f 4410 5100 4643
f 5102 4989 4751
f 4992 4994 4991
f 4993 5103 4645
f 4410 4755 5104
f 4645 5103 4646
f 5105 4998 5106
f 5107 5106 4998
f 4997 5000 4864
f 4998 4758 5107
f 4417 5108 4527
f 4649 5108 4417
f 4649 5109 5108
f 4868 4527 5108
f 4649 4867 5109
f 4870 5006 5003
f 5110 4867 5111
f 5006 5007 5112
f 4878 4760 4655
f 5111 5113 5110
f 5113 5114 5110
f 5115 5007 4876
f 5008 4658 5116
f 5116 4658 4760
f 5005 5117 4659
f 5009 5004 4871
f 5117 4667 4659
f 5117 5118 4667
f 5119 5004 5009
f 5119 4872 5004
f 4872 5119 4879
f 4876 4875 5120
f 5010 4654 5121
f 5121 4654 5008
f 5118 5013 4667
f 5119 5009 4879
f 5010 5120 4875
f 4764 5122 4768
f 4534 5123 4666
f 5124 4534 4883
f 4765 5125 4874
f 4882 4874 5125
f 4768 5122 4885
f 5124 5123 4534
f 4882 5125 4887
f 5125 4765 5126
f 4769 5127 4889
f 4765 4672 5126
f 4537 4884 5128
f 4672 4773 5126
f 4887 5125 4890
f 4538 5017 4888
f 4537 5129 4770
f 4770 5129 5130
f 4117 5131 4772
f 4311 5131 4117
f 5125 5132 4890
f 5133 5129 4537
f 4886 4885 5020
f 5020 5016 4886
f 4537 5128 5133
f 4891 5020 4885
f 5020 5021 5134
f 4891 5134 4775
f 4776 5135 4894
f 5134 5136 4775
f 5021 4539 5137
f 5022 5137 4539
f 5023 5138 4776
f 4778 5024 5139
f 4900 4777 5140
f 5024 5027 5139
f 4900 5140 5028
f 5026 4899 5028
f 4782 4902 5141
f 4554 5029 4781
f 4908 5030 4909
f 4903 4901 5142
f 5029 4904 5143
f 4785 4683 5144
f 4786 5145 4902
f 5032 5143 4904
f 4906 5145 4786
f 4916 4690 5034
f 5146 4907 4903
f 5030 4915 5033
f 4569 5035 5034
f 4906 5147 5145
f 4792 4910 5148
f 4915 4691 5033
f 4690 4916 4917
f 4559 4907 5149
f 4341 5150 5037
f 5150 4341 4912
f 4906 4790 5147
f 4688 4559 5149
f 5039 4919 4918
f 5151 5040 4793
f 4793 4920 5151
f 5152 4921 5040
f 5042 4921 5152
f 4925 4927 5153
f 5043 5044 5154
f 5044 5155 5154
f 5042 5156 5044
f 5156 5155 5044
f 5042 5157 5156
f 4928 5158 4927
f 5159 4927 5158
f 5154 5160 5043
f 5161 5046 5162
f 5161 4797 5046
f 4703 4798 5163
f 5046 4931 5162
f 4930 4702 4797
f 5164 4703 5163
f 4703 5164 4932
f 5049 5165 4931
f 5166 4932 5164
f 4800 5049 4931
f 4799 4583 5167
f 5050 4938 4704
f 4932 5166 4935
f 4935 5166 5168
f 4801 4936 5169
f 5049 4801 5169
f 4937 4935 5168
f 5051 4705 4940
f 4936 4804 5169
f 5052 5170 5169
f 5169 4804 5052
f 5171 5054 4805
f 5055 4808 4941
f 4809 4808 5055
f 4943 4806 4942
f 4811 4943 4475
f 5054 4812 4590
f 4945 4812 5172
f 4593 4595 5173
f 4945 5172 5057
f 5057 5174 4946
f 5175 4712 5058
f 4948 4946 5174
f 5175 5176 4712
f 4712 5176 4711
f 4711 5062 4814
f 5060 4949 4370
f 5065 5177 4597
f 4816 5178 4715
f 4952 4951 5179
f 5064 5180 4950
f 5067 5065 4815
f 4953 4715 5178
f 5068 5179 4951
f 5181 4817 5180
f 5180 4817 4950
f 4954 5066 4600
f 5182 5070 4601
f 5066 4954 5183
f 5069 4955 5184
f 5069 4603 4955
f 5181 4719 4817
f 4719 5181 5071
f 4956 5074 5185
f 4721 4821 5072
f 5074 4956 4958
f 4822 4820 5186
f 5075 4822 5187
f 5187 4822 5186
f 4823 5188 5072
f 4960 5188 4823
f 5071 5189 5073
f 5074 5076 5190
f 4960 5073 5189
f 4961 4825 4962
f 4962 4825 4608
f 4501 4733 4963
f 4963 4733 4965
f 4510 4835 5191
f 5191 4735 4510
f 4835 4736 5192
f 5192 4736 5193
f 4969 5081 5194
f 5193 4736 5082
f 4970 4969 5195
f 4837 5196 5083
f 4974 5196 4837
f 4626 5197 4842
f 5197 4626 4741
f 4977 5084 5198
f 4977 5198 4976
f 4981 5088 4744
f 4630 5199 4852
f 4846 4847 4976
f 5199 4630 4984
f 4851 4850 5200
f 4851 4982 5088
f 4744 5088 4982
f 4983 5199 4984
f 5201 4854 4849
f 5099 4850 4747
f 5201 5098 4854
f 4985 4988 5096
f 4638 4988 4985
f 5098 4754 5202
f 5201 5203 5098
f 5096 5204 4751
f 4986 5205 4858
f 5202 4754 4861
f 4861 5098 5203
f 5202 4861 5203
f 4990 5097 5101
f 5206 4988 4989
f 5204 5105 4751
f 5101 5207 4857
f 5207 5099 4857
f 5102 4751 5105
f 5206 4989 5102
f 5106 5206 5102
f 4862 4858 5205
f 5208 5207 5101
f 4995 4862 5209
f 5210 4991 4994
f 5102 5105 5106
f 4995 5209 4996
f 5211 5104 4755
f 4994 4996 5209
f 4994 5209 5212
f 4997 4646 5212
f 4755 4998 5211
f 5107 4758 5213
f 5001 5213 4758
f 5002 4759 5003
f 4865 5214 4867
f 4866 5215 5001
f 5002 5216 4866
f 4866 5216 5215
f 4868 5109 5005
f 4867 5217 5109
f 5217 4867 5110
f 4867 5214 5111
f 5116 4760 4878
f 5110 5118 5217
f 5110 5114 5118
f 4878 4763 5116
f 5116 4763 5218
f 5219 5118 5117
f 5013 5118 5114
f 5120 5220 4876
f 5121 5221 5010
f 4763 4881 5218
f 5222 4764 4666
f 4873 5012 4762
f 5120 5223 5220
f 5010 5224 5120
f 5121 5008 4881
f 4881 5008 5218
f 4764 5222 5122
f 4883 5013 5124
f 5225 5121 4881
f 5123 5222 4666
f 4880 5015 5012
f 4888 5225 4881
f 4770 5130 5014
f 5128 4884 5226
f 5017 5226 5227
f 5017 5227 4888
f 5226 5017 5128
f 4889 5228 4311
f 5127 5228 4889
f 4311 5228 5131
f 5126 5132 5125
f 5128 5017 5229
f 4885 5230 4891
f 5020 5231 5016
f 5018 5016 5231
f 5126 4773 5019
f 5017 4540 5229
f 5020 5134 5231
f 4540 4894 5232
f 5229 4540 5232
f 4892 5233 5022
f 4892 5018 5233
f 5234 4893 4774
f 5234 4774 4676
f 5136 5134 5137
f 5134 5021 5137
f 4676 5235 5234
f 5138 5135 4776
f 4895 5235 4676
f 4775 5236 4777
f 4775 5136 5236
f 4778 5139 4895
f 5236 5140 4777
f 5139 5027 5237
f 5028 5140 5238
f 4780 5026 4898
f 5239 5027 5025
f 5239 5025 5240
f 5028 5241 5026
f 4898 5242 4901
f 4784 5243 4912
f 5244 4902 5145
f 5033 5245 5030
f 5246 4911 5031
f 5246 5036 4911
f 5033 4564 4916
f 5247 4916 5034
f 5036 5031 4791
f 4912 5248 5150
f 4792 5249 4914
f 5148 5249 4792
f 4790 4914 5147
f 5250 5035 4688
f 5251 5039 5038
f 5252 5039 5251
f 5252 4919 5039
f 4919 5252 4795
f 5253 5038 4925
f 4795 5252 5041
f 4920 4923 5151
f 4925 5153 5253
f 4922 5041 5254
f 5043 5255 4923
f 4922 5254 5045
f 5160 5255 5043
f 4928 5045 5158
f 5154 5256 5160
f 5256 5154 5257
f 5158 5258 5159
f 5259 5258 5158
f 5155 5260 5154
f 5257 5154 5260
f 5258 5261 5159
f 5258 5262 5161
f 5260 5163 5257
f 5258 5162 5261
f 5161 5162 5258
f 5163 5047 5257
f 5263 5163 5260
f 5264 5162 4931
f 4930 4797 5161
f 5163 4798 5047
f 5263 5164 5163
f 5164 5263 5265
f 5266 5267 5268
f 5047 4929 5269
f 5270 4929 4799
f 5271 5266 5268
f 5165 5049 5271
f 5166 5164 5272
f 5273 5274 5272
f 5266 5271 5275
f 5274 5166 5272
f 5273 5276 5274
f 5276 5273 5277
f 5271 5049 5275
f 5278 4583 5051
f 5167 4583 5278
f 5274 5168 5166
f 5049 5169 5275
f 5168 5274 5276
f 5170 5275 5169
f 4937 5171 4805
f 5171 4937 5168
f 4587 5279 4940
f 4587 4806 5279
f 5052 5280 5281
f 5282 5055 4941
f 5052 4807 5280
f 5283 5058 5055
f 5058 4944 5055
f 5284 5280 4807
f 4807 4947 5284
f 5058 4479 4944
f 4593 5173 5056
f 5057 5172 5174
f 4947 4813 5285
f 5174 5286 4948
f 4949 5285 4813
f 5062 4711 5287
f 5288 4949 5060
f 5177 5289 4597
f 5290 5060 4714
f 5065 5291 5177
f 5063 5290 4714
f 5064 5061 5292
f 5067 5293 5065
f 5291 5065 5293
f 4952 5294 5063
f 5292 5295 5064
f 5180 5064 5295
f 5066 5183 5067
f 5184 5068 5069
f 5180 5295 5181
f 5296 5183 4954
f 5181 5295 5297
f 5296 4954 5185
f 4955 4721 5298
f 5185 4954 4956
f 5185 5299 5296
f 5181 5297 5300
f 5071 5181 5300
f 5190 5299 5185
f 5071 5300 5189
f 5190 5185 5074
f 5299 5190 5075
f 4960 5300 5188
f 5075 5190 5076
f 4960 5189 5300
f 5077 4260 5078
f 4961 4962 5301
f 4730 4728 5079
f 4829 4963 5302
f 4835 5303 5191
f 4967 5304 5305
f 4621 4964 5080
f 4967 4968 5304
f 4967 5305 4966
f 5303 4835 5192
f 4965 4508 4735
f 5080 5306 4968
f 5081 4966 5307
f 5303 5192 5308
f 5192 5193 5308
f 5195 4969 5194
f 4971 4970 5309
f 5310 4972 4836
f 5084 4972 5311
f 4974 5086 5196
f 5311 5312 5084
f 5313 5087 4842
f 4980 5087 5314
f 5314 5085 4980
f 5315 5198 5084
f 4976 5092 4846
f 5316 4848 5090
f 4853 5317 5091
f 5198 5318 4976
f 5315 5318 5198
f 5316 4849 4848
f 5201 4849 5316
f 5200 4982 4851
f 5094 5317 4853
f 5090 5093 5316
f 4850 5099 5200
f 4982 5200 5097
f 5100 5094 4855
f 4854 5098 5093
f 5093 5098 5319
f 5319 5098 5202
f 5204 5096 5320
f 5206 5096 4988
f 5099 5207 5097
f 4410 5104 5100
f 5205 5321 4862
f 5322 5097 5207
f 5209 4862 5321
f 5208 5322 5207
f 5101 5323 5208
f 5211 5105 5204
f 4994 5212 5210
f 5105 5211 4998
f 5324 5212 5209
f 5323 5322 5208
f 4997 5212 5324
f 4997 5325 5000
f 5213 5001 5215
f 4868 5108 5109
f 4999 5214 4865
f 5003 5006 5326
f 5214 5327 5111
f 5112 5326 5006
f 5327 5113 5111
f 5112 5007 5328
f 5217 5118 5219
f 5329 5114 5113
f 4876 5330 5115
f 5331 5329 5113
f 5220 5330 4876
f 5221 5224 5010
f 5221 5121 5332
f 5116 5218 5008
f 5224 5333 5120
f 4660 4766 5014
f 5013 5114 5329
f 5220 5334 5330
f 5223 5120 5333
f 4669 5335 4884
f 4660 5014 5335
f 4884 5335 5226
f 5014 5130 5335
f 5122 5222 5123
f 5336 5123 5124
f 4769 5011 5127
f 4888 5227 5225
f 5122 5230 4885
f 5132 5126 5337
f 5126 5019 5337
f 5128 5229 5133
f 5230 5338 4891
f 5339 5019 5132
f 5132 5019 4890
f 5229 5340 5133
f 5133 5340 5341
f 5337 5019 5339
f 4891 5338 5134
f 5342 5018 5231
f 4894 5135 5232
f 5232 5135 5343
f 5342 5233 5018
f 5137 5344 5136
f 5023 4893 5234
f 4895 5139 5345
f 5139 5346 5345
f 5237 5346 5139
f 5237 5027 5239
f 4678 5240 5025
f 5028 5238 5347
f 5348 4678 4782
f 4898 5026 5242
f 5028 5347 5241
f 5349 4784 4785
f 4785 5144 5349
f 5248 4912 5243
f 5350 5244 5145
f 5145 5351 5350
f 5145 5147 5351
f 4909 5148 4910
f 4909 5352 5148
f 4909 5030 5352
f 5030 5245 5352
f 5353 5034 5035
f 5032 4568 5354
f 4783 5355 4561
f 5144 4683 4570
f 5031 5036 5246
f 4568 4913 5354
f 4913 4567 5356
f 4567 4561 5356
f 5357 5144 4570
f 4570 5037 5357
f 4916 5247 5245
f 4916 5245 5033
f 5250 4688 5149
f 5151 5358 5040
f 5358 5359 5040
f 5038 5253 5251
f 5040 5359 5152
f 5152 5359 5360
f 5041 5252 5361
f 5151 4923 5358
f 5153 4927 5362
f 4927 5159 5362
f 5160 5363 5255
f 5157 5364 5156
f 5365 5362 5159
f 5045 5259 5158
f 5045 5366 5259
f 5159 5261 5365
f 5155 5156 5263
f 5156 5265 5263
f 5259 5262 5258
f 5260 5155 5263
f 5162 5264 5261
f 5367 5161 5262
f 5368 5369 5047
f 5257 5047 5369
f 5367 4930 5161
f 5368 5047 5269
f 5370 5267 5266
f 5165 5371 5264
f 4931 5165 5264
f 5164 5265 5372
f 5373 5277 5374
f 5371 5268 5267
f 4929 5270 5269
f 5375 5164 5372
f 5277 5273 5374
f 5268 5371 5271
f 5165 5271 5371
f 5048 5376 4933
f 4799 5167 5270
f 5164 5375 5272
f 5273 5375 5374
f 5272 5375 5273
f 5050 4933 5376
f 5276 5377 5168
f 5170 5052 5281
f 4806 4943 5279
f 5054 5171 5378
f 5283 5055 5282
f 5378 4812 5054
f 4943 4811 5379
f 4811 5056 5379
f 5284 4947 5285
f 5174 5172 5286
f 4595 5059 5380
f 5287 5176 5381
f 5059 4597 5289
f 5059 5289 5380
f 5287 4711 5176
f 5287 5382 5062
f 5060 5290 5288
f 5382 5061 5062
f 4713 5383 4599
f 5293 5384 5291
f 4953 5178 5385
f 4816 4599 5386
f 5294 5290 5063
f 5294 5179 5387
f 4952 5179 5294
f 5067 5183 5388
f 5388 5293 5067
f 5386 5178 4816
f 5292 5389 5295
f 5068 5390 5179
f 5183 5296 5388
f 5182 4601 4953
f 5297 5295 5389
f 5391 5070 5392
f 5182 5392 5070
f 4820 5070 5186
f 5186 5070 5391
f 5393 5296 5299
f 5186 5394 5187
f 5300 5297 5188
f 5301 5078 4961
f 5079 4609 5395
f 4829 5301 4962
f 4730 5396 4964
f 5302 4963 5397
f 5397 4963 4965
f 4968 5306 5304
f 5193 5398 5308
f 5081 5307 5194
f 5193 5399 5398
f 5399 5193 5082
f 5082 5083 5400
f 5399 5082 5401
f 5402 5309 4970
f 4970 5195 5402
f 5403 5400 5083
f 5404 5403 5196
f 5403 5083 5196
f 4971 5309 5405
f 4971 5405 4836
f 4836 5405 5310
f 5086 5406 5196
f 5313 4842 5197
f 5197 5085 5313
f 5197 4741 5085
f 5310 5407 4972
f 5407 5408 4972
f 5311 4972 5408
f 5086 5089 5406
f 5409 5087 5313
f 5409 5313 5085
f 5312 5315 5084
f 5312 5410 5315
f 5317 5087 5411
f 5087 5317 5314
f 4976 5412 5413
f 5092 4976 5413
f 5317 5411 5091
f 4852 5199 4983
f 5315 5414 5318
f 5415 5094 5100
f 5099 5097 5200
f 5416 4863 5095
f 5202 5203 5417
f 5320 5096 5206
f 5418 5205 4986
f 4991 5418 4986
f 5417 5419 5202
f 5205 5418 5321
f 5420 4993 4863
f 5097 5322 5101
f 5322 5323 5101
f 5421 5210 5212
f 5212 4646 5421
f 4997 5324 5325
f 5002 5003 5422
f 5423 4999 5000
f 5326 5422 5003
f 5109 5424 5005
f 5005 5424 5117
f 5217 5424 5109
f 5326 5221 5425
f 5117 5424 5219
f 5327 5426 5113
f 5328 5221 5112
f 5221 5326 5112
f 5426 5331 5113
f 5115 5330 5427
f 5007 5115 5427
f 5328 5007 5427
f 5224 5328 5427
f 5221 5328 5224
f 5221 5332 5425
f 5224 5427 5428
f 4762 5012 5429
f 5334 5220 5430
f 5428 5333 5224
f 5121 5225 5332
f 4669 4660 5335
f 5013 5431 5124
f 5013 5329 5431
f 4762 5429 5011
f 5124 5432 5336
f 5335 5130 5433
f 5226 5335 5433
f 5230 5122 5434
f 5123 5434 5122
f 5336 5434 5123
f 5336 5435 5434
f 5436 5015 4772
f 5130 5129 5341
f 5437 5435 5336
f 5129 5133 5341
f 5131 5436 4772
f 5438 5436 5131
f 5228 5438 5131
f 5132 5337 5339
f 5232 5439 5229
f 5440 5134 5338
f 5134 5440 5231
f 5341 5340 5441
f 5442 5341 5441
f 5023 5234 5443
f 5444 5236 5136
f 5137 5445 5344
f 5022 5233 5446
f 5022 5445 5137
f 5345 5235 4895
f 5237 5240 5447
f 5240 5237 5239
f 5448 5238 5449
f 5448 5347 5238
f 5348 5240 4678
f 5026 5241 5450
f 5451 5450 5241
f 4782 5141 5348
f 5452 4783 4781
f 5243 4784 5349
f 4907 5453 5454
f 5355 4783 5452
f 5244 5141 4902
f 4907 5454 5455
f 5350 5351 5456
f 4903 5142 5146
f 5032 5354 5143
f 5143 5354 5457
f 5352 5458 5148
f 5247 5034 5459
f 5149 4907 5455
f 4561 5355 5356
f 5460 5353 5035
f 5150 5461 5037
f 5035 5250 5460
f 5462 5152 5360
f 5463 5253 5153
f 5358 4923 5464
f 5152 5462 5042
f 5157 5042 5462
f 5255 5464 4923
f 5362 5365 5465
f 5363 5160 5256
f 5466 5467 5365
f 5365 5261 5466
f 5262 5259 5366
f 5265 5156 5364
f 5256 5257 5369
f 5466 5261 5264
f 5468 5264 5371
f 5270 5368 5269
f 5374 5469 5373
f 5373 5470 5277
f 5470 5471 5277
f 5371 5267 5468
f 4930 5472 5048
f 5469 5374 5473
f 5048 5474 5376
f 5375 5473 5374
f 5372 5473 5375
f 5277 5471 5276
f 5475 5370 5266
f 5476 5050 5376
f 5167 5278 5477
f 5471 5478 5276
f 5377 5276 5478
f 5266 5275 5475
f 5170 5475 5275
f 4938 5053 4939
f 5168 5377 5171
f 5170 5281 5479
f 4941 5480 5282
f 5481 5482 5171
f 5279 4943 5483
f 5484 4812 5378
f 4812 5484 5172
f 5485 5284 5285
f 5286 5486 4948
f 5175 5487 5176
f 5381 5176 5487
f 5486 5383 4948
f 5289 5488 5380
f 4948 5383 4481
f 5287 5381 5382
f 4481 5383 4713
f 5061 5382 5389
f 5061 5389 5292
f 5383 5386 4599
f 5388 5384 5293
f 5291 5384 5296
f 5296 5384 5388
f 5177 5291 5296
f 5296 5489 5177
f 4953 5490 5182
f 5297 5389 5491
f 5390 5068 5184
f 5184 4955 5390
f 4955 5298 5492
f 5391 5392 5493
f 5075 5393 5299
f 5072 5298 4721
f 5072 5188 5298
f 5187 5393 5075
f 5078 5494 5077
f 5077 5495 4609
f 4730 5496 5396
f 5191 5303 5497
f 5303 5498 5497
f 5191 5499 4735
f 5500 4735 5499
f 4965 4735 5500
f 5306 5080 5501
f 5194 5502 5195
f 5399 5401 5503
f 5309 5402 5504
f 5505 5082 5400
f 5082 5505 5401
f 5195 5506 5402
f 5507 5508 5509
f 5405 5510 5310
f 5511 5404 5196
f 5512 5513 5514
f 5508 5515 5509
f 5196 5406 5511
f 5311 5516 5312
f 5515 5517 5518
f 5516 5311 5408
f 5312 5516 5519
f 5406 5089 5520
f 5087 5409 5411
f 5521 5517 5515
f 4976 5318 5412
f 5089 5091 5520
f 5412 5318 5414
f 5315 5522 5414
f 5410 5522 5315
f 5523 5317 5094
f 5314 5317 5523
f 5201 5316 5524
f 5316 5093 5524
f 5092 5525 5095
f 5095 5525 5416
f 5093 5319 5524
f 5201 5524 5203
f 5203 5524 5417
f 5100 5526 5415
f 5319 5202 5527
f 5100 5104 5528
f 5206 5529 5320
f 4991 5210 5418
f 5419 5527 5202
f 5206 5530 5529
f 5206 5106 5530
f 5210 5531 5418
f 5209 5321 5532
f 5106 5107 5530
f 5532 5533 5209
f 4993 5534 5103
f 5104 5211 5535
f 5533 5324 5209
f 4646 5103 5421
f 5325 5536 5000
f 5213 5215 5537
f 5423 5214 4999
f 5216 5422 5538
f 5422 5216 5002
f 5216 5539 5215
f 5216 5538 5539
f 5422 5326 5540
f 5541 5540 5326
f 5425 5542 5326
f 5424 5217 5543
f 5542 5425 5544
f 5543 5545 5424
f 5219 5424 5545
f 5217 5219 5543
f 5546 5219 5545
f 5546 5545 5547
f 5546 5543 5219
f 5329 5331 5548
f 5427 5330 5334
f 5329 5548 5549
f 5124 5546 5432
f 5546 5124 5431
f 5550 5546 5431
f 5329 5549 5551
f 5329 5551 5431
f 5015 5429 5012
f 5223 5333 5552
f 5220 5553 5430
f 5553 5220 5223
f 5226 5554 5227
f 5130 5341 5555
f 5434 5556 5230
f 5435 5556 5434
f 5228 5557 5438
f 5435 5558 5556
f 5555 5341 5559
f 5439 5340 5229
f 5341 5442 5559
f 5440 5560 5231
f 5560 5342 5231
f 5444 5560 5440
f 5344 5444 5136
f 5561 5233 5342
f 5561 5562 5233
f 5234 5235 5442
f 5233 5562 5446
f 5444 5563 5236
f 5022 5564 5445
f 5565 5449 5238
f 5565 5238 5566
f 5449 5565 5450
f 5238 5140 5566
f 5448 5449 5450
f 5026 5450 5242
f 5451 5241 5347
f 4781 5029 5567
f 5567 5452 4781
f 5242 5142 4901
f 5029 5143 5567
f 5349 5144 5568
f 5351 5569 5456
f 4907 5146 5453
f 5570 5458 5352
f 5245 5571 5352
f 5352 5571 5570
f 5034 5353 5459
f 5351 5147 5572
f 5458 5573 5148
f 5037 5461 5357
f 5148 5573 5249
f 5459 5574 5247
f 5572 5147 4914
f 5245 5247 5575
f 5576 5250 5149
f 5577 5251 5253
f 5577 5578 5251
f 5358 5579 5359
f 5360 5359 5580
f 5252 5251 5361
f 5577 5253 5581
f 5581 5253 5463
f 5362 5463 5153
f 5582 5157 5462
f 5041 5361 5254
f 5045 5254 5366
f 5255 5363 5583
f 5582 5364 5157
f 5465 5365 5467
f 5584 5467 5466
f 5585 5262 5366
f 5466 5264 5584
f 5364 5586 5265
f 5367 5262 5585
f 5265 5586 5372
f 5584 5264 5468
f 5267 5370 5468
f 5587 5368 5270
f 5474 5048 5472
f 5270 5167 5588
f 5471 5469 5478
f 5167 5477 5588
f 5372 5589 5473
f 5478 5469 5473
f 5468 5370 5590
f 5478 5473 5589
f 5475 5590 5370
f 5591 5478 5589
f 5377 5478 5591
f 5051 4940 5592
f 5377 5481 5171
f 5053 5480 4941
f 5281 5280 5593
f 5171 5482 5378
f 5594 5378 5482
f 5595 5058 5283
f 5596 5058 5595
f 5056 5173 5597
f 5598 5175 5058
f 5598 5058 5596
f 5175 5598 5487
f 5599 5285 4949
f 5381 5487 5600
f 5289 5601 5488
f 5289 5177 5601
f 5294 5387 5602
f 5491 5382 5603
f 5385 5178 5386
f 5604 5386 5383
f 5382 5491 5389
f 5489 5605 5177
f 5606 5179 5390
f 5182 5607 5392
f 5297 5491 5608
f 5489 5296 5393
f 5608 5298 5188
f 5608 5188 5297
f 5394 5609 5187
f 5186 5610 5394
f 5610 5186 5391
f 5494 5495 5077
f 5078 5301 5611
f 4730 5079 5496
f 5301 4829 5302
f 5396 5612 4964
f 5612 5501 4964
f 5501 5080 4964
f 5306 5613 5304
f 5305 5304 5614
f 4965 5615 5397
f 4966 5305 5307
f 5306 5501 5613
f 5308 5398 5616
f 5617 5194 5307
f 5502 5194 5617
f 5399 5618 5398
f 5503 5619 5399
f 5401 5505 5620
f 5504 5402 5506
f 5504 5507 5405
f 5504 5405 5309
f 5195 5621 5506
f 5506 5621 5622
f 5509 5405 5507
f 5511 5623 5404
f 5509 5515 5518
f 5510 5405 5509
f 5513 5624 5514
f 5520 5625 5406
f 5515 5508 5521
f 5626 5408 5407
f 5516 5408 5627
f 5516 5627 5519
f 5410 5312 5519
f 5314 5523 5409
f 5085 5314 5409
f 5520 5628 5625
f 5411 5520 5091
f 5523 5094 5415
f 5524 5319 5417
f 5319 5527 5417
f 5526 5100 5528
f 5527 5419 5629
f 5419 5417 5630
f 5418 5531 5321
f 5631 5632 5629
f 5631 5629 5419
f 5419 5630 5631
f 5531 5532 5321
f 5633 5632 5631
f 4993 5420 5534
f 5631 5634 5633
f 5211 5635 5535
f 5636 5421 5103
f 5423 5000 5536
f 5422 5540 5538
f 5539 5537 5215
f 5637 5539 5538
f 5541 5326 5638
f 5332 5544 5425
f 5546 5547 5639
f 5640 5641 5642
f 5546 5639 5432
f 5334 5430 5643
f 5643 5430 5644
f 5642 5641 5645
f 5646 5640 5642
f 5647 5550 5431
f 5647 5431 5648
f 5551 5648 5431
f 5432 5649 5336
f 5429 5015 5650
f 5011 5429 5651
f 5651 5429 5650
f 5225 5227 5652
f 5553 5223 5653
f 5552 5653 5223
f 5015 5436 5650
f 5127 5557 5228
f 5226 5654 5554
f 5226 5433 5655
f 5130 5655 5433
f 5655 5654 5226
f 5436 5438 5656
f 5437 5558 5435
f 5560 5561 5342
f 5232 5343 5439
f 5441 5234 5442
f 5439 5343 5135
f 5441 5443 5234
f 5442 5235 5657
f 5444 5344 5560
f 5345 5658 5235
f 5023 5659 5138
f 5443 5659 5023
f 5660 5345 5346
f 5346 5237 5661
f 5237 5447 5661
f 5346 5661 5660
f 5450 5565 5662
f 5450 5663 5242
f 5448 5450 5451
f 5448 5451 5347
f 5456 5569 5664
f 5349 5665 5243
f 5569 5351 5666
f 5243 5667 5248
f 5456 5668 5350
f 5351 5572 5666
f 5146 5669 5453
f 5670 5244 5350
f 5571 5245 5575
f 5146 5671 5669
f 5142 5671 5146
f 5354 5672 5457
f 4913 5672 5354
f 5673 5356 5355
f 5150 5248 5461
f 5674 4914 5249
f 5579 5580 5359
f 5251 5578 5361
f 5358 5464 5579
f 5362 5675 5463
f 5675 5362 5465
f 5582 5676 5364
f 5465 5467 5677
f 5467 5584 5677
f 5586 5364 5676
f 5678 5369 5368
f 5373 5469 5470
f 5471 5470 5469
f 5367 5472 4930
f 5588 5587 5270
f 5679 5376 5680
f 5680 5376 5474
f 5475 5681 5590
f 5476 4938 5050
f 5682 5278 5051
f 4938 5476 5683
f 5684 5377 5591
f 5475 5170 5681
f 4938 5683 5053
f 5377 5684 5481
f 5479 5281 5593
f 5685 5593 5280
f 4943 5379 5483
f 5378 5594 5484
f 5172 5484 5686
f 5379 5056 5597
f 5172 5686 5286
f 5173 4595 5687
f 4595 5380 5687
f 5487 5598 5600
f 5488 5688 5380
f 5689 5381 5600
f 5690 5599 4949
f 5601 5688 5488
f 5288 5691 4949
f 5602 5691 5288
f 5381 5603 5382
f 5290 5602 5288
f 5177 5605 5601
f 5385 5386 5692
f 5604 5692 5386
f 4953 5385 5490
f 5294 5602 5290
f 5182 5490 5607
f 5608 5491 5693
f 5693 5491 5603
f 5390 4955 5694
f 5695 5492 5608
f 5696 5489 5393
f 5493 5392 5607
f 5609 5393 5187
f 5391 5697 5610
f 5608 5492 5298
f 5610 5609 5394
f 5494 5078 5611
f 5495 5395 4609
f 5611 5301 5698
f 5496 5079 5699
f 5496 5612 5396
f 5191 5700 5499
f 4965 5500 5615
f 5701 5617 5702
f 5399 5619 5618
f 5503 5703 5619
f 5701 5502 5617
f 5401 5620 5503
f 5704 5705 5507
f 5507 5504 5704
f 5195 5502 5621
f 5404 5512 5403
f 5512 5400 5403
f 5706 5504 5506
f 5707 5622 5621
f 5512 5514 5400
f 5705 5708 5507
f 5708 5709 5507
f 5623 5710 5404
f 5510 5407 5310
f 5513 5512 5711
f 5711 5624 5513
f 5508 5507 5709
f 5407 5510 5712
f 5713 5623 5511
f 5713 5511 5406
f 5508 5709 5521
f 5713 5406 5625
f 5714 5715 5716
f 5716 5715 5717
f 5717 5718 5716
f 5412 5719 5413
f 5627 5522 5519
f 5522 5410 5519
f 5720 5625 5628
f 5520 5411 5721
f 5413 5525 5092
f 5721 5628 5520
f 5523 5415 5722
f 5417 5527 5723
f 5723 5527 5724
f 5527 5629 5724
f 5630 5417 5723
f 5725 5724 5629
f 5629 5723 5725
f 5726 5725 5723
f 5725 5726 5632
f 5630 5632 5726
f 5632 5630 5629
f 5723 5629 5630
f 5726 5631 5630
f 5633 5725 5632
f 5631 5726 5634
f 5726 5727 5634
f 5104 5535 5528
f 5211 5204 5728
f 5210 5421 5531
f 5635 5211 5728
f 5636 5103 5534
f 5325 5324 5533
f 5325 5729 5536
f 5213 5537 5730
f 5423 5731 5214
f 5214 5731 5327
f 5538 5540 5541
f 5545 5543 5732
f 5543 5546 5550
f 5334 5428 5427
f 5643 5733 5334
f 5733 5428 5334
f 5544 5332 5734
f 5639 5735 5432
f 5552 5333 5428
f 5646 5642 5736
f 5735 5737 5432
f 5550 5647 5738
f 5332 5225 5739
f 5736 5642 5645
f 5336 5649 5740
f 5737 5649 5432
f 5737 5738 5647
f 5736 5645 5741
f 5336 5740 5437
f 5653 5552 5742
f 5227 5741 5652
f 5741 5227 5554
f 5651 5127 5011
f 5651 5557 5127
f 5553 5644 5430
f 5130 5555 5655
f 5436 5656 5650
f 5556 5338 5230
f 5338 5743 5440
f 5559 5442 5657
f 5440 5743 5444
f 5439 5441 5340
f 5744 5561 5560
f 5744 5745 5561
f 5439 5135 5746
f 5563 5444 5743
f 5746 5135 5747
f 5658 5657 5235
f 5560 5344 5748
f 5748 5744 5560
f 5747 5135 5138
f 5344 5445 5748
f 5749 5236 5563
f 5447 5240 5750
f 5566 5140 5236
f 5450 5662 5663
f 5454 5453 5751
f 5752 5348 5141
f 5664 5753 5456
f 5349 5568 5665
f 5665 5667 5243
f 5752 5141 5244
f 5668 5456 5753
f 5754 5453 5669
f 5143 5755 5567
f 5457 5755 5143
f 5455 5756 5149
f 5757 5754 5669
f 5144 5357 5568
f 5350 5668 5670
f 5570 5758 5458
f 5759 5353 5460
f 5149 5756 5576
f 5760 5461 5248
f 5573 5458 5758
f 5356 5672 4913
f 5573 5674 5249
f 5247 5761 5575
f 5575 5761 5762
f 5763 5250 5576
f 5572 4914 5764
f 5250 5765 5460
f 5766 5577 5581
f 5360 5580 5767
f 5767 5462 5360
f 5361 5768 5254
f 5464 5255 5583
f 5254 5768 5366
f 5769 5676 5582
f 5583 5363 5770
f 5366 5771 5585
f 5770 5363 5256
f 5369 5678 5256
f 5677 5584 5772
f 5773 5367 5585
f 5584 5468 5772
f 5774 5367 5773
f 5775 5372 5586
f 5367 5774 5472
f 5776 5372 5775
f 5472 5774 5777
f 5474 5472 5777
f 5474 5777 5680
f 5772 5468 5590
f 5776 5589 5372
f 5681 5778 5590
f 5679 5476 5376
f 5682 5477 5278
f 5779 5780 5681
f 5682 5051 5592
f 5681 5170 5779
f 5781 5684 5591
f 5170 5479 5779
f 5592 4940 5279
f 5481 5782 5482
f 5685 5280 5783
f 5283 5784 5595
f 5482 5782 5594
f 5280 5284 5785
f 5485 5785 5284
f 5596 5595 5786
f 5786 5598 5596
f 5173 5787 5597
f 5486 5286 5788
f 5485 5285 5599
f 5687 5380 5688
f 5687 5688 5789
f 5486 5790 5383
f 5383 5790 5791
f 5691 5690 4949
f 5604 5383 5791
f 5689 5603 5381
f 5387 5792 5602
f 5490 5385 5692
f 5179 5793 5387
f 5793 5179 5606
f 5603 5794 5693
f 5695 5608 5693
f 5696 5795 5489
f 4955 5492 5694
f 5393 5609 5796
f 5797 5393 5796
f 5609 5697 5796
f 5393 5797 5696
f 5697 5609 5610
f 5494 5611 5798
f 5798 5495 5494
f 5395 5699 5079
f 5301 5302 5799
f 5191 5497 5700
f 5613 5614 5304
f 5800 5801 5499
f 5500 5499 5801
f 5305 5614 5802
f 5397 5615 5803
f 5613 5501 5804
f 5305 5802 5307
f 5500 5801 5805
f 5615 5500 5805
f 5501 5806 5804
f 5617 5307 5807
f 5498 5303 5308
f 5617 5807 5702
f 5616 5498 5308
f 5618 5616 5398
f 5808 5703 5503
f 5502 5701 5809
f 5503 5620 5808
f 5810 5811 5705
f 5810 5705 5812
f 5808 5620 5813
f 5705 5811 5708
f 5705 5704 5812
f 5707 5621 5502
f 5620 5505 5814
f 5710 5512 5404
f 5815 5400 5514
f 5706 5704 5504
f 5506 5622 5706
f 5510 5509 5816
f 5711 5512 5710
f 5509 5518 5816
f 5817 5510 5816
f 5510 5817 5712
f 5711 5710 5818
f 5716 5718 5714
f 5712 5819 5407
f 5407 5819 5626
f 5714 5820 5715
f 5816 5518 5821
f 5626 5627 5408
f 5822 5713 5625
f 5715 5820 5717
f 5517 5821 5518
f 5409 5823 5411
f 5823 5409 5523
f 5627 5824 5522
f 5523 5825 5823
f 5821 5517 5521
f 5413 5719 5525
f 5523 5722 5825
f 5826 5827 5828
f 5522 5829 5414
f 5526 5722 5415
f 5526 5528 5830
f 5830 5204 5320
f 4863 5416 5420
f 5830 5831 5204
f 5726 5724 5832
f 5726 5723 5724
f 5204 5831 5728
f 5633 5724 5725
f 5832 5727 5726
f 5530 5107 5831
f 5833 5633 5634
f 5634 5727 5833
f 5107 5213 5834
f 5331 5835 5548
f 5542 5544 5836
f 5547 5545 5837
f 5545 5732 5837
f 5548 5835 5543
f 5543 5835 5732
f 5331 5838 5835
f 5547 5837 5639
f 5543 5550 5839
f 5548 5543 5839
f 5548 5839 5549
f 5544 5734 5836
f 5641 5840 5645
f 5733 5841 5428
f 5428 5841 5552
f 5549 5842 5551
f 5840 5741 5645
f 5738 5737 5735
f 5647 5843 5737
f 5552 5841 5742
f 5652 5739 5225
f 5844 5652 5741
f 5554 5736 5741
f 5845 5437 5740
f 5650 5656 5846
f 5654 5847 5554
f 5438 5557 5848
f 5558 5437 5845
f 5558 5845 5849
f 5438 5850 5656
f 5438 5848 5850
f 5558 5849 5556
f 5559 5657 5851
f 5441 5439 5852
f 5561 5745 5562
f 5441 5852 5443
f 5563 5743 5853
f 5852 5854 5443
f 5446 5562 5855
f 5446 5564 5022
f 5446 5855 5564
f 5443 5854 5659
f 5445 5564 5748
f 5138 5856 5747
f 5659 5856 5138
f 5658 5345 5857
f 5661 5447 5750
f 5565 5566 5858
f 5858 5662 5565
f 5660 5857 5345
f 5236 5749 5566
f 5569 5859 5664
f 5860 5455 5454
f 5860 5454 5861
f 5751 5861 5454
f 5453 5754 5751
f 5242 5862 5142
f 5862 5863 5142
f 5569 5666 5859
f 5756 5455 5860
f 5244 5864 5752
f 5353 5759 5865
f 5671 5757 5669
f 5866 5671 5142
f 5670 5867 5244
f 5666 5572 5868
f 5570 5869 5758
f 5353 5865 5459
f 5756 5870 5576
f 5758 5869 5871
f 5573 5758 5871
f 5574 5459 5872
f 5764 5868 5572
f 5871 5674 5573
f 5761 5247 5574
f 5576 5870 5763
f 4914 5674 5764
f 5250 5763 5765
f 5766 5578 5577
f 5580 5579 5873
f 5361 5874 5768
f 5767 5582 5462
f 5464 5583 5875
f 5768 5771 5366
f 5465 5876 5675
f 5465 5677 5876
f 5256 5678 5770
f 5676 5775 5586
f 5368 5587 5678
f 5877 5587 5588
f 5477 5877 5588
f 5590 5778 5772
f 5476 5679 5878
f 5776 5591 5589
f 5778 5681 5780
f 5476 5878 5683
f 5779 5479 5879
f 5593 5879 5479
f 5683 5480 5053
f 5481 5684 5782
f 5279 5483 5880
f 5784 5283 5282
f 5782 5881 5594
f 5785 5783 5280
f 5594 5881 5484
f 5595 5882 5786
f 5485 5599 5883
f 5486 5788 5790
f 5688 5884 5789
f 5688 5601 5884
f 5603 5689 5885
f 5691 5602 5792
f 5692 5604 5886
f 5601 5605 5887
f 5795 5887 5605
f 5886 5490 5692
f 5888 5693 5794
f 5605 5489 5795
f 5693 5889 5695
f 5888 5889 5693
f 5696 5890 5795
f 5694 5606 5390
f 5797 5890 5696
f 5797 5796 5891
f 5697 5391 5892
f 5493 5892 5391
f 5395 5495 5798
f 5698 5301 5893
f 5700 5800 5499
f 5397 5803 5302
f 5800 5894 5801
f 5501 5612 5806
f 5613 5804 5895
f 5307 5802 5807
f 5615 5805 5896
f 5811 5897 5898
f 5899 5897 5811
f 5899 5811 5810
f 5498 5616 5900
f 5619 5900 5618
f 5811 5898 5901
f 5902 5811 5901
f 5702 5810 5903
f 5702 5903 5701
f 5701 5903 5812
f 5701 5812 5809
f 5902 5708 5811
f 5505 5400 5815
f 5620 5814 5904
f 5813 5620 5904
f 5622 5905 5706
f 5622 5707 5905
f 5514 5906 5815
f 5822 5710 5623
f 5514 5624 5906
f 5624 5818 5906
f 5907 5521 5709
f 5623 5713 5822
f 5710 5822 5908
f 5710 5908 5818
f 5624 5711 5818
f 5714 5909 5820
f 5816 5821 5910
f 5911 5828 5820
f 5820 5828 5717
f 5828 5912 5717
f 5913 5522 5824
f 5823 5721 5411
f 5525 5719 5914
f 5414 5719 5412
f 5913 5915 5522
f 5916 5720 5628
f 5917 5828 5827
f 5915 5829 5522
f 5722 5918 5825
f 5919 5920 5921
f 5526 5830 5722
f 5320 5722 5830
f 5722 5320 5529
f 5722 5529 5918
f 5830 5922 5831
f 5530 5923 5529
f 5831 5923 5530
f 5832 5724 5633
f 5528 5924 5925
f 5832 5633 5926
f 5528 5535 5924
f 5831 5834 5728
f 5834 5831 5107
f 5532 5531 5533
f 5531 5927 5533
f 5633 5833 5926
f 5727 5832 5833
f 5832 5928 5833
f 5728 5929 5635
f 5728 5834 5929
f 5833 5928 5930
f 5635 5924 5535
f 5635 5929 5924
f 5533 5927 5931
f 5930 5926 5833
f 5931 5932 5533
f 5932 5325 5533
f 5729 5325 5932
f 5933 5934 5935
f 5933 5936 5934
f 5730 5537 5937
f 5538 5938 5637
f 5938 5538 5541
f 5536 5939 5423
f 5539 5937 5537
f 5326 5542 5836
f 5426 5940 5331
f 5326 5836 5638
f 5839 5941 5732
f 5839 5732 5835
f 5838 5839 5835
f 5331 5940 5838
f 5641 5640 5840
f 5837 5942 5639
f 5839 5550 5941
f 5549 5839 5943
f 5944 5734 5332
f 5735 5639 5942
f 5332 5739 5944
f 5649 5942 5740
f 5550 5738 5941
f 5733 5945 5841
f 5649 5946 5942
f 5946 5735 5942
f 5735 5946 5738
f 5946 5941 5738
f 5649 5737 5946
f 5946 5737 5843
f 5551 5842 5648
f 5643 5644 5947
f 5647 5948 5843
f 5648 5948 5647
f 5742 5949 5653
f 5736 5554 5847
f 5846 5651 5650
f 5651 5846 5557
f 5553 5947 5644
f 5950 5553 5653
f 5846 5656 5850
f 5846 5848 5557
f 5950 5947 5553
f 5654 5655 5847
f 5951 5847 5655
f 5655 5555 5951
f 5951 5555 5559
f 5338 5556 5743
f 5951 5559 5952
f 5744 5748 5953
f 5744 5953 5745
f 5954 5746 5747
f 5748 5564 5953
f 5954 5747 5856
f 5659 5854 5955
f 5955 5856 5659
f 5750 5240 5956
f 5661 5957 5660
f 5858 5566 5958
f 5956 5240 5348
f 5242 5663 5862
f 5348 5752 5959
f 5960 5751 5754
f 5961 5753 5664
f 5962 5859 5666
f 5860 5963 5756
f 5567 5755 5964
f 5452 5567 5964
f 5673 5355 5452
f 5568 5357 5965
f 5668 5753 5966
f 5963 5967 5756
f 5863 5866 5142
f 5248 5667 5760
f 5966 5670 5668
f 5868 5968 5666
f 5757 5671 5866
f 5670 5966 5867
f 5571 5575 5570
f 5865 5872 5459
f 5672 5356 5969
f 5460 5765 5759
f 5767 5580 5873
f 5578 5766 5874
f 5578 5874 5361
f 5464 5875 5579
f 5970 5581 5463
f 5675 5970 5463
f 5768 5971 5771
f 5773 5585 5771
f 5680 5777 5972
f 5679 5680 5972
f 5679 5972 5878
f 5973 5778 5780
f 5780 5779 5973
f 5779 5879 5973
f 5974 5684 5781
f 5592 5279 5880
f 5684 5974 5782
f 5879 5593 5975
f 5480 5976 5282
f 5593 5685 5975
f 5784 5282 5976
f 5974 5977 5782
f 5977 5881 5782
f 5685 5783 5975
f 5595 5784 5978
f 5484 5881 5686
f 5882 5595 5978
f 5597 5787 5379
f 5286 5686 5979
f 5980 5786 5882
f 5788 5286 5979
f 5785 5485 5883
f 5598 5786 5980
f 5687 5787 5173
f 5689 5598 5980
f 5598 5689 5600
f 5788 5981 5790
f 5982 5687 5789
f 5601 5887 5884
f 5886 5604 5791
f 5885 5794 5603
f 5387 5793 5792
f 5983 5887 5795
f 5890 5983 5795
f 5984 5694 5492
f 5891 5890 5797
f 5607 5985 5493
f 5893 5301 5799
f 5612 5496 5699
f 5614 5613 5986
f 5987 5497 5498
f 5987 5988 5497
f 5806 5612 5989
f 5895 5804 5990
f 5805 5801 5894
f 5805 5991 5896
f 5804 5806 5992
f 5992 5990 5804
f 5899 5993 5897
f 5993 5899 5994
f 5899 5810 5994
f 5498 5900 5987
f 5987 5900 5619
f 5987 5619 5995
f 5898 5996 5901
f 5702 5994 5810
f 5900 5616 5618
f 5703 5997 5619
f 5997 5703 5808
f 5902 5901 5998
f 5810 5999 5903
f 5810 5812 5999
f 5502 5809 5905
f 5905 5707 5502
f 5505 5815 5814
f 6000 5812 5704
f 5704 5706 6000
f 5708 5907 5709
f 5714 6001 5909
f 5718 6001 5714
f 5818 5908 6002
f 5717 5912 5718
f 5907 6003 5521
f 5816 5910 5817
f 5626 5819 5824
f 5627 5626 5824
f 5625 5720 6004
f 6004 5822 5625
f 6005 5823 5820
f 5912 5828 6006
f 5821 5521 5910
f 5721 5823 6007
f 5823 5825 5820
f 5828 5911 5826
f 5828 5917 6006
f 6008 5720 5916
f 5721 5916 5628
f 5414 5829 6009
f 6010 6011 5826
f 6011 5827 5826
f 6012 5919 5921
f 5416 6013 5420
f 5830 5528 5925
f 5922 5830 5925
f 5922 6014 5923
f 5923 5831 5922
f 5534 5420 6015
f 5926 5928 5832
f 5925 5924 6016
f 5421 6017 5927
f 5421 5927 5531
f 5636 6018 6017
f 5636 6017 5421
f 5534 6015 5636
f 6015 6018 5636
f 5213 5730 6019
f 6020 5935 5934
f 5935 6021 5933
f 5936 6022 5934
f 5933 6021 5936
f 5731 6023 5327
f 6023 5426 5327
f 5939 5536 6024
f 6025 5423 5939
f 5539 5637 5937
f 5637 6026 5937
f 6027 5839 5838
f 5836 6028 5638
f 6028 5836 5734
f 5839 6027 5943
f 5734 5944 6028
f 6029 5640 5646
f 5549 5943 5842
f 5942 6030 5740
f 6030 6031 5740
f 5733 5643 5945
f 5740 6031 6032
f 5646 5736 6033
f 5842 6034 5648
f 5845 5740 6032
f 6035 5843 5948
f 5841 5949 5742
f 5950 5653 5949
f 5743 5556 6036
f 5556 5849 6036
f 5848 6037 5850
f 5743 6036 5853
f 5559 5851 6038
f 5559 6038 5952
f 5746 5852 5439
f 5854 5852 5955
f 5658 5851 5657
f 5563 5853 6039
f 5745 5953 5855
f 5745 5855 5562
f 5563 6039 5749
f 5953 5564 5855
f 6040 5658 5857
f 5662 5858 6041
f 5857 5660 6042
f 5749 6043 5566
f 5750 5957 5661
f 6044 5958 5566
f 5348 5959 5956
f 5859 5961 5664
f 5860 6045 5963
f 5861 6045 5860
f 5961 6046 5753
f 6047 5754 5757
f 5755 5457 6048
f 5452 5964 5673
f 5244 5867 5864
f 5968 5962 5666
f 6049 6050 6051
f 6050 6052 6051
f 5667 6053 5760
f 5867 6054 5864
f 5570 6055 5869
f 5967 5870 5756
f 5968 5868 6056
f 5575 6055 5570
f 6052 6050 6057
f 5870 5967 6058
f 5357 6059 5965
f 5357 5461 6059
f 6060 5871 6061
f 5871 5869 6061
f 6058 5763 5870
f 5871 6060 5674
f 5763 6058 5765
f 5764 6056 5868
f 5674 6056 5764
f 6056 5674 6060
f 5579 5875 5873
f 5767 5769 5582
f 5583 5770 5875
f 5676 6062 5775
f 5876 5677 6063
f 5677 5772 6063
f 6063 5772 6064
f 6065 5777 5774
f 6066 5777 6065
f 5587 5877 6067
f 5777 6066 5972
f 5775 6068 5776
f 6069 6070 5877
f 5772 5778 6064
f 5877 5477 6069
f 5776 6068 5591
f 6068 5781 5591
f 5477 5682 6069
f 5682 5592 6071
f 6071 5592 6072
f 5683 5976 5480
f 5483 6073 5880
f 6073 5483 6074
f 5785 6075 5975
f 5783 5785 5975
f 5483 5379 6074
f 5379 5787 6074
f 5787 6076 6074
f 6077 5785 5883
f 5787 5687 5982
f 5883 6078 6079
f 5599 6078 5883
f 5789 6080 5982
f 5789 6081 6080
f 6078 5599 5690
f 5884 5887 5983
f 5885 6082 5794
f 5888 5794 6082
f 5886 5985 5490
f 5892 5796 5697
f 5490 5985 5607
f 6083 5793 5606
f 5694 6083 5606
f 5984 6083 5694
f 5889 6084 5695
f 5493 5985 6085
f 5497 6086 5700
f 5614 5986 6087
f 5802 5614 6087
f 6086 5497 5988
f 5615 6088 5803
f 5799 5302 6089
f 5302 5803 6089
f 5612 5699 5989
f 5613 5895 5986
f 5802 6087 5993
f 5993 5807 5802
f 5615 5896 6088
f 5987 5995 6090
f 5806 5989 5992
f 6091 6090 5995
f 6091 6092 6090
f 5990 5992 6093
f 5898 6094 5996
f 5807 5994 5702
f 6091 5995 6095
f 5995 5619 6095
f 5619 5997 6095
f 6096 5812 5903
f 5902 5998 6097
f 5999 5812 6098
f 6098 5812 6096
f 5812 6000 5809
f 5808 5813 5997
f 5902 6099 5708
f 6000 5706 5809
f 5905 5809 5706
f 5909 5815 5906
f 5906 5818 6100
f 6001 5718 5912
f 5822 6101 5908
f 6101 5822 6004
f 5823 6005 6007
f 5910 5521 6003
f 5825 5911 5820
f 5414 6009 5719
f 5825 6102 6010
f 5826 5911 6010
f 6008 5916 6103
f 5825 5918 6102
f 6011 5917 5827
f 6104 5829 5915
f 5920 6105 5921
f 5525 6013 5416
f 5529 5923 5918
f 5923 6102 5918
f 5924 5929 6106
f 5213 5929 6107
f 6107 5834 5213
f 5935 6020 6108
f 5937 6109 5730
f 5536 5729 6110
f 5936 6111 6022
f 5536 6110 6024
f 6112 5938 5541
f 5423 6025 5731
f 5937 6026 6113
f 5541 5638 6112
f 6112 5638 6114
f 5638 6028 6114
f 6027 5838 5940
f 5837 6030 5942
f 5837 5732 6030
f 5840 5640 6029
f 6029 5646 6033
f 5843 6115 5946
f 5945 5643 6116
f 5843 6035 6117
f 5643 5947 6116
f 5841 5945 5949
f 5844 6118 5652
f 5736 5847 6119
f 6034 5948 5648
f 6120 6035 5948
f 5950 6116 5947
f 5950 5949 6121
f 6121 5949 6122
f 5849 5845 6123
f 6123 6036 5849
f 6037 5846 5850
f 5846 6037 5848
f 5952 6038 6124
f 5853 6036 6125
f 5853 6125 6126
f 5853 6126 6127
f 6039 5853 6127
f 5852 5746 6128
f 6128 5955 5852
f 5746 5954 6128
f 5749 6039 6043
f 5858 6129 6041
f 6129 5858 6044
f 6044 5566 6043
f 5750 6130 5957
f 5958 6044 5858
f 5862 5663 6131
f 6131 5663 6132
f 6133 5862 6131
f 6132 6134 6131
f 5960 5861 5751
f 5863 6133 6135
f 5863 5862 6133
f 6047 5960 5754
f 5665 5568 5965
f 5966 5753 6136
f 6136 5753 6046
f 6137 5967 5963
f 6047 5757 6135
f 5863 6135 5866
f 6048 5457 5672
f 6136 5867 5966
f 6136 6054 5867
f 6138 5968 6139
f 5759 6140 5865
f 5866 6135 5757
f 5673 5964 6141
f 6056 6060 5968
f 6060 6139 5968
f 5869 6055 6061
f 6051 6052 5574
f 6142 6051 5574
f 5865 6140 5872
f 6140 5759 5765
f 5356 5673 5969
f 5461 6143 6059
f 5461 5760 6143
f 6139 6060 6061
f 5575 5762 6055
f 6057 5574 6052
f 6140 5765 5967
f 5967 5765 6058
f 5761 6057 5762
f 5574 6057 5761
f 5581 6144 5766
f 5873 6145 5767
f 6146 5874 5766
f 5581 5970 6144
f 5971 5768 5874
f 6147 5769 5767
f 6148 5875 6149
f 5675 6150 5970
f 5675 5876 6150
f 5875 5770 6149
f 6062 5676 5769
f 6149 5770 5678
f 5587 6067 5678
f 6065 5774 6151
f 5877 6070 6067
f 6152 5878 5972
f 6071 6069 5682
f 5778 5973 6064
f 6064 5973 6153
f 6152 5683 5878
f 5781 6154 5974
f 6153 5973 5879
f 6075 5879 5975
f 5978 5784 5976
f 6077 6075 5785
f 5977 5686 5881
f 5882 5978 6155
f 6156 5788 5979
f 5787 5982 6076
f 5689 5980 6157
f 5981 5788 6156
f 6158 5689 6157
f 5789 6159 6081
f 6078 5690 6160
f 5689 6158 5885
f 5884 6159 5789
f 5790 6161 5791
f 6160 5690 5691
f 6160 5691 6162
f 6163 6082 5885
f 5792 6162 5691
f 5791 6164 5886
f 6163 6165 6082
f 5792 5793 6166
f 6167 5985 5886
f 5984 5695 6168
f 5888 6082 6084
f 5793 6083 6169
f 5695 5984 5492
f 5695 6084 6168
f 5888 6084 5889
f 5890 5891 6170
f 5892 6171 5796
f 5493 6085 5892
f 6172 5698 5893
f 6086 6173 5700
f 6173 5800 5700
f 5988 6174 6086
f 6174 6173 6086
f 5895 6175 5986
f 5987 6090 5988
f 6174 5988 6092
f 6174 5894 6173
f 6173 5894 5800
f 6176 5803 6088
f 5992 5989 6177
f 5895 5990 6175
f 5898 6087 6178
f 5897 6087 5898
f 6087 5897 5993
f 5993 5994 5807
f 6092 5988 6090
f 5894 6174 6092
f 5894 6092 5805
f 5898 6178 6094
f 5805 6092 5991
f 6094 5990 6093
f 6094 6093 6179
f 5996 6094 6179
f 6091 6095 6180
f 5903 5999 6096
f 6180 6095 5997
f 6181 6182 6183
f 6184 6181 6183
f 6096 5999 6097
f 6185 5997 5813
f 5999 5902 6097
f 6099 5902 5999
f 5999 6098 6099
f 5814 5815 6186
f 5815 6187 6186
f 5904 5814 6186
f 5904 6185 5813
f 6187 5815 5909
f 5708 6099 5907
f 5909 5906 6100
f 6001 6187 5909
f 6100 5818 6002
f 5912 6188 6001
f 5909 6005 5820
f 5907 6189 6190
f 6003 5907 6190
f 5912 6006 6188
f 6191 5914 5910
f 5910 5914 5817
f 6007 6192 5721
f 5719 6009 5914
f 6193 6004 6008
f 6008 6004 5720
f 6010 5911 5825
f 5919 6012 6194
f 5913 6104 5915
f 6008 6103 6193
f 5829 6104 6195
f 6012 5921 6105
f 5420 6013 6015
f 6017 6196 5927
f 6016 5924 6197
f 5834 6198 5929
f 6107 6199 5834
f 6198 5834 6199
f 6200 6199 6107
f 5927 6196 5931
f 6015 6201 6018
f 6106 6197 5924
f 6198 6107 5929
f 5213 6019 5929
f 5926 5930 5928
f 6202 6106 5929
f 6019 5730 6203
f 6204 6108 6020
f 5934 6022 6020
f 5729 5932 6205
f 5937 6113 6109
f 6206 6112 6207
f 6112 6206 5938
f 6207 6112 6208
f 6025 6209 5731
f 5940 5426 6023
f 6210 6026 5637
f 5938 6210 5637
f 6211 6028 5944
f 5732 6212 6030
f 6212 5732 5941
f 6212 5941 6115
f 6213 5840 6029
f 5941 5946 6115
f 5944 5739 6214
f 6033 6215 6029
f 5842 5943 6034
f 5739 6118 6214
f 5840 6213 5741
f 5843 6117 6115
f 5739 5652 6118
f 6213 6216 5741
f 6117 6035 6217
f 6122 5949 5945
f 5741 6216 5844
f 6119 6033 5736
f 6123 5845 6032
f 5844 6218 6118
f 5948 6034 6120
f 6119 5847 6219
f 5847 5951 6219
f 5952 6219 5951
f 5851 6220 6221
f 6038 5851 6222
f 5851 6221 6222
f 6124 6038 6222
f 5851 5658 6220
f 6220 5658 6223
f 5658 6040 6223
f 6224 6127 6225
f 6127 6224 6039
f 6039 6224 6043
f 5856 6128 5954
f 5955 6128 5856
f 6226 6040 5857
f 5857 6042 6226
f 5750 5956 6130
f 6130 5956 6227
f 6228 5663 5662
f 6043 6229 6044
f 5660 5957 6042
f 6131 6228 6230
f 6231 6228 6131
f 6228 6132 5663
f 6133 6230 6232
f 6233 6131 6230
f 6131 6233 6133
f 6234 6133 6233
f 6133 6234 6230
f 6134 6233 6231
f 6134 6231 6131
f 6230 6231 6233
f 6234 6233 6232
f 6233 6235 6232
f 6134 6235 6233
f 5752 5864 5959
f 5959 5864 6236
f 6237 5960 6047
f 6238 5665 5965
f 5667 5665 6238
f 5667 6238 6239
f 5968 6138 5962
f 6050 6049 6240
f 6054 6136 6241
f 5672 6242 6048
f 6242 5672 5969
f 6050 6240 6057
f 5967 6137 6140
f 5673 6141 5969
f 6059 6243 5965
f 6061 6244 6139
f 6055 6244 6061
f 5762 6245 6055
f 5574 5872 6246
f 6245 5762 6057
f 6246 5872 6247
f 6144 6248 5766
f 6248 6146 5766
f 5875 6249 5873
f 5970 6250 6144
f 5970 6150 6250
f 5971 6251 5771
f 5876 6252 6150
f 6251 5773 5771
f 5876 6063 6252
f 6253 5775 6062
f 6151 5773 6251
f 6149 5678 6067
f 6151 5774 5773
f 6253 6068 5775
f 6069 6254 6070
f 5972 6066 6255
f 6069 6071 6254
f 6152 5972 6255
f 6068 6154 5781
f 5683 6152 6256
f 5976 5683 6256
f 6257 5974 6258
f 5974 6257 5977
f 6257 5686 5977
f 6259 6155 5978
f 6077 5883 6260
f 5882 6261 5980
f 6261 6157 5980
f 6260 5883 6079
f 5982 6080 6076
f 6080 6081 6076
f 6078 6162 6079
f 6162 6078 6160
f 6163 5885 6158
f 6161 6164 5791
f 5792 6166 6162
f 6159 5884 5983
f 6164 6262 6167
f 6164 6167 5886
f 6263 5983 6170
f 6165 6168 6082
f 5983 5890 6170
f 6167 6264 5985
f 5793 6169 6166
f 6083 5984 6265
f 6082 6168 6084
f 5796 6171 6170
f 6171 5892 6085
f 5796 6170 5891
f 5698 6266 5611
f 6267 5798 5611
f 6268 5699 5395
f 6269 5798 6267
f 5395 5798 6270
f 6175 6178 5986
f 5986 6178 6087
f 5803 6176 6089
f 6176 6088 5896
f 5992 6177 6093
f 5990 6094 6175
f 6175 6094 6178
f 6092 6091 6271
f 5991 6092 6272
f 6092 6271 6272
f 5901 5996 6273
f 6274 6091 6180
f 6184 6275 6181
f 6273 6276 5998
f 5901 6273 5998
f 5997 6183 6182
f 5997 6182 6180
f 6097 5998 6276
f 6183 5997 6185
f 6097 6276 6099
f 6277 5904 6186
f 5904 6278 6185
f 5904 6277 6278
f 6279 5907 6099
f 5907 6279 6189
f 5908 6280 6002
f 6100 6005 5909
f 6190 6189 6281
f 6282 5819 5712
f 6282 6283 5819
f 6280 5908 6101
f 5817 6284 6282
f 5817 6282 5712
f 6285 6007 6005
f 6286 6007 6285
f 5910 6003 6191
f 6284 5817 5914
f 6287 6006 5917
f 5919 6288 5920
f 5920 6288 6289
f 6288 5919 6194
f 5914 6009 6284
f 6193 6290 6004
f 5721 6291 5916
f 6287 5917 6011
f 6010 6287 6011
f 5920 6289 6105
f 6194 6012 6105
f 6289 6194 6105
f 6292 5525 5914
f 6104 6293 6195
f 6193 6103 6294
f 5525 6292 6013
f 6295 6296 6297
f 5923 6014 6102
f 6014 5922 6298
f 6296 6295 6299
f 6015 6013 6300
f 6298 5922 5925
f 6200 6301 6302
f 6201 6015 6300
f 6200 6303 6199
f 6303 6200 6302
f 6304 6301 6200
f 6199 6303 6198
f 6200 6305 6304
f 6305 6200 6107
f 6019 6305 6107
f 6019 6306 6202
f 6019 6202 5929
f 6107 6306 6019
f 6108 6204 6307
f 6308 6309 6310
f 5935 6311 6021
f 6312 6310 6309
f 6312 6309 6207
f 6313 6022 6111
f 6313 6111 6023
f 5731 6314 6023
f 6209 6314 5731
f 6021 6315 5936
f 5936 6316 6111
f 6112 6114 6208
f 6023 6111 6317
f 6317 5940 6023
f 6026 6210 6318
f 5940 6317 6027
f 6319 6025 5939
f 5939 6024 6319
f 6113 6026 6320
f 6113 6320 6321
f 6320 6026 6318
f 6113 6321 6322
f 6028 6211 6114
f 5943 6027 6317
f 6323 6211 5944
f 6212 6115 6324
f 6030 6212 6325
f 6324 6326 5943
f 6323 5944 6214
f 6030 6325 6031
f 6325 6327 6031
f 5943 6326 6034
f 6328 6216 6213
f 6032 6031 6329
f 6217 6330 6117
f 6119 6331 6033
f 6123 6032 6329
f 6122 5945 6332
f 6218 5844 6216
f 6116 5950 6333
f 6219 6331 6119
f 6120 6217 6035
f 6334 6219 5952
f 5952 6124 6334
f 6334 6124 6335
f 6336 6335 6124
f 6337 6338 6220
f 6338 6221 6220
f 6339 6124 6222
f 6127 6126 6340
f 6040 6339 6223
f 6341 6339 6040
f 6127 6340 6225
f 6342 6343 6344
f 6345 6344 6343
f 6225 6340 6346
f 6129 6346 6041
f 6129 6225 6346
f 6226 6341 6040
f 6343 6342 6130
f 6347 6343 6130
f 6347 6345 6343
f 6227 6347 6130
f 6225 6129 6348
f 6129 6044 6348
f 6042 6349 6226
f 6130 6350 5957
f 6351 6228 5662
f 5956 6352 6227
f 6230 6228 6353
f 6231 6132 6228
f 6230 6353 6232
f 6231 6230 6234
f 5956 6354 6352
f 6232 6353 6355
f 6355 6234 6232
f 5959 6354 5956
f 5961 6356 6357
f 6133 6232 6358
f 6358 6232 6235
f 5959 6236 6359
f 6236 6046 6359
f 6046 6357 6359
f 6046 5961 6357
f 5963 6045 6137
f 6047 6135 6133
f 6236 6241 6046
f 5962 6138 6360
f 6049 6361 6240
f 6362 6051 6142
f 5667 6239 6053
f 6241 6136 6046
f 6139 6363 6138
f 6364 6057 6240
f 6364 6240 6365
f 6140 6137 6366
f 6364 6244 6055
f 6245 6364 6055
f 6245 6057 6364
f 5574 6246 6142
f 5760 6053 6143
f 6244 6363 6139
f 6140 6247 5872
f 6145 5873 6249
f 6367 5767 6145
f 6250 6368 6144
f 5971 5874 6146
f 6148 6369 5875
f 6147 5767 6367
f 6147 6062 5769
f 6150 6252 6250
f 6370 6063 6371
f 6063 6064 6371
f 6372 6152 6255
f 6071 6072 6373
f 6374 6153 5879
f 6154 6258 5974
f 5879 6075 6375
f 5592 5880 6376
f 6376 5880 6377
f 5976 6378 5978
f 5880 6073 6377
f 5978 6378 6259
f 6073 6074 6379
f 5979 5686 6257
f 6380 6381 6074
f 6261 5882 6155
f 6081 6159 6076
f 6382 6079 6162
f 5981 6161 5790
f 5981 6262 6161
f 6161 6262 6164
f 6383 6162 6166
f 6165 6384 6168
f 5983 6263 6159
f 6171 6263 6170
f 6083 6385 6169
f 6264 6085 5985
f 5698 6172 6266
f 5611 6266 6267
f 5893 5799 6386
f 6270 6268 5395
f 5799 6089 6386
f 6270 5798 6269
f 5989 5699 6387
f 6091 6274 6271
f 6388 6182 6181
f 6389 5996 6179
f 6273 6390 6276
f 6184 6183 6391
f 6275 6184 6391
f 6097 6099 6096
f 6099 6098 6096
f 6099 6392 6279
f 6393 6100 6002
f 6100 6285 6005
f 5824 5819 6283
f 6006 6394 6188
f 6004 6395 6101
f 6006 6287 6394
f 6003 6396 6288
f 6191 6003 6288
f 6191 6292 5914
f 5913 5824 6397
f 5721 6192 6291
f 6288 6194 6398
f 6290 6395 6004
f 6010 6399 6287
f 6287 6399 6400
f 6398 6194 6289
f 6401 6009 5829
f 6010 6102 6399
f 6193 6294 6290
f 6195 6402 5829
f 6403 6294 6103
f 6297 6404 6405
f 6195 6406 6402
f 6406 6195 6293
f 6297 6405 6295
f 6404 6297 6296
f 6102 6014 6407
f 6408 6296 6299
f 6298 6302 6301
f 6301 6014 6298
f 6407 6014 6301
f 5925 6016 6298
f 6201 6409 6018
f 6410 6017 6018
f 5932 5931 6205
f 5730 6109 6203
f 6308 6411 6309
f 6411 6412 6309
f 5935 6108 6311
f 6108 6307 6311
f 6022 6313 6204
f 6022 6204 6020
f 5729 6205 6110
f 6309 6412 6207
f 6207 6412 6206
f 6024 6110 6413
f 6113 6414 6109
f 6315 6316 5936
f 6111 6316 6317
f 6209 6025 6415
f 6113 6322 6414
f 6208 6114 6211
f 6319 6415 6025
f 6416 6324 6316
f 6316 6324 5943
f 6317 6316 5943
f 6212 6416 6417
f 6324 6416 6212
f 6324 6115 6326
f 6418 6213 6029
f 6215 6418 6029
f 6212 6417 6325
f 6419 6326 6115
f 6418 6328 6213
f 6325 6417 6117
f 6117 6417 6419
f 6115 6117 6419
f 6420 6215 6033
f 6327 6325 6330
f 6117 6330 6325
f 6327 6329 6031
f 5945 6116 6332
f 6420 6033 6331
f 6326 6421 6034
f 6332 6116 6422
f 6116 6333 6422
f 6216 6423 6218
f 6331 6219 6334
f 6421 6120 6034
f 5950 6424 6333
f 6122 6425 6121
f 6123 6426 6036
f 6121 6424 5950
f 6425 6424 6121
f 6335 6427 6334
f 6221 6334 6427
f 6334 6221 6428
f 6221 6427 6222
f 6036 6429 6125
f 6336 6222 6335
f 6336 6430 6222
f 6222 6430 6339
f 6124 6339 6336
f 6126 6431 6340
f 6430 6223 6339
f 6341 6226 6432
f 6433 6130 6342
f 6225 6348 6434
f 6434 6224 6225
f 6433 6350 6130
f 5662 6435 6351
f 6041 6435 5662
f 6043 6224 6434
f 6043 6434 6229
f 6351 6436 6228
f 6044 6229 6348
f 6353 6228 6436
f 5957 6437 6042
f 6350 6437 5957
f 6438 6231 6234
f 6132 6231 6438
f 6132 6438 6134
f 6439 6134 6438
f 6438 6234 6355
f 6235 6134 6439
f 6355 6353 6440
f 6356 5961 5859
f 6235 6441 6358
f 5962 6360 5859
f 6045 6442 6137
f 6443 6442 6045
f 5861 6443 6045
f 6358 6047 6133
f 6236 5864 6054
f 6236 6054 6241
f 6051 6361 6049
f 6051 6362 6361
f 5755 6048 6444
f 6048 6242 6444
f 6444 6242 6445
f 6138 6446 6360
f 6446 6138 6363
f 6447 6142 6448
f 6247 6140 6366
f 5875 6369 6249
f 6146 6449 5971
f 6062 6450 6253
f 6252 6063 6370
f 6149 6067 6451
f 6371 6452 6370
f 6453 6452 6371
f 6065 6454 6066
f 6067 6070 6455
f 6068 6253 6456
f 6454 6255 6066
f 6457 6068 6456
f 6371 6064 6153
f 6070 6254 6455
f 6068 6457 6154
f 6254 6071 6458
f 6072 5592 6376
f 5879 6375 6374
f 6375 6075 6459
f 6256 6460 5976
f 5976 6460 6378
f 6073 6379 6377
f 6259 6461 6155
f 6074 6381 6379
f 6462 5979 6257
f 6156 5979 6462
f 6260 6079 6463
f 6074 6076 6380
f 6079 6382 6463
f 6159 6464 6076
f 6157 6465 6158
f 6162 6383 6382
f 6163 6158 6384
f 6466 6159 6263
f 6163 6384 6165
f 6262 6467 6167
f 6263 6171 6468
f 6167 6467 6469
f 6265 5984 6470
f 6470 5984 6168
f 6471 6085 6264
f 6167 6469 6264
f 6169 6385 6166
f 6083 6265 6385
f 6472 6473 5699
f 5893 6386 6172
f 5699 6268 6472
f 5699 6473 6387
f 6177 5989 6474
f 6474 5989 6387
f 6093 6177 6474
f 6271 6274 6388
f 5896 5991 6475
f 6389 6273 5996
f 6182 6274 6180
f 6388 6274 6182
f 6181 6272 6388
f 6275 5991 6272
f 6181 6275 6272
f 6475 5991 6275
f 6476 6389 6179
f 6390 6273 6389
f 6276 6390 6477
f 6478 6099 6276
f 6479 6099 6478
f 6099 6479 6392
f 6480 6278 6277
f 6481 6482 6483
f 6279 6484 6189
f 6189 6484 6281
f 6393 6285 6100
f 6188 6187 6001
f 6188 6394 6187
f 6190 6485 6003
f 6003 6485 6396
f 6282 6284 6486
f 6282 6486 6283
f 5824 6283 6487
f 6397 5824 6487
f 6192 6007 6286
f 6394 6287 6400
f 6288 6396 6289
f 6396 6488 6289
f 6288 6398 6191
f 6397 6104 5913
f 6398 6289 6488
f 6292 6191 6398
f 6103 5916 6489
f 6292 6398 6490
f 6013 6292 6490
f 5829 6402 6401
f 6104 6491 6293
f 6294 6492 6290
f 6013 6490 6493
f 6403 6492 6294
f 6406 6293 6494
f 6102 6407 6399
f 6404 6296 6408
f 6403 6495 6492
f 6496 6408 6497
f 6497 6408 6498
f 6303 6499 6198
f 6499 6107 6198
f 6499 6306 6107
f 6500 6197 6106
f 6500 6106 6202
f 6308 6501 6411
f 6501 6308 6310
f 6501 6310 6502
f 6503 6203 6109
f 6412 6411 6504
f 6310 6312 6502
f 6109 6505 6503
f 6313 6023 6314
f 6109 6506 6505
f 6412 6507 6206
f 6413 6508 6024
f 6109 6414 6506
f 6507 5938 6206
f 6509 5938 6507
f 6312 6207 6208
f 6021 6510 6315
f 5938 6509 6210
f 6211 6511 6208
f 6210 6512 6318
f 6416 6315 6510
f 6316 6315 6416
f 6024 6508 6319
f 6211 6323 6511
f 6215 6513 6418
f 6513 6215 6420
f 6419 6514 6326
f 6515 6323 6214
f 6328 6423 6216
f 6118 6515 6214
f 6514 6421 6326
f 6332 6422 6516
f 6517 6515 6118
f 6331 6518 6420
f 6118 6218 6517
f 6518 6331 6519
f 6519 6331 6334
f 6329 6426 6123
f 6217 6520 6330
f 6521 6520 6217
f 6217 6421 6521
f 6120 6421 6217
f 6425 6122 6332
f 6425 6332 6516
f 6424 6522 6333
f 6523 6424 6425
f 6334 6428 6519
f 6221 6338 6524
f 6525 6519 6428
f 6335 6525 6428
f 6427 6335 6428
f 6221 6524 6428
f 6426 6429 6036
f 6427 6428 6524
f 6222 6427 6524
f 6525 6335 6222
f 6524 6525 6222
f 6220 6526 6337
f 6339 6341 6527
f 6223 6526 6220
f 6344 6528 6342
f 6528 6344 6529
f 6341 6432 6527
f 6345 6530 6529
f 6345 6529 6344
f 6531 6432 6532
f 6342 6528 6433
f 6432 6226 6349
f 6349 6532 6432
f 6530 6345 6347
f 6041 6346 6435
f 6350 6433 6437
f 6042 6437 6349
f 6533 6347 6352
f 6352 6347 6227
f 6438 6436 6351
f 6435 6534 6351
f 6533 6352 6535
f 6536 6353 6436
f 6351 6439 6438
f 6351 6534 6439
f 6354 6535 6352
f 6536 6537 6353
f 6353 6537 6440
f 5960 6538 5861
f 6538 5960 6237
f 6443 5861 6538
f 6358 6440 6047
f 6440 6237 6047
f 6441 6440 6358
f 6240 6361 6539
f 6365 6240 6539
f 6540 6447 6137
f 6444 6541 5755
f 5965 6243 6238
f 6366 6447 6448
f 6137 6447 6366
f 6242 6542 6445
f 5964 5755 6541
f 6543 6141 5964
f 6238 6243 6544
f 6244 6364 6365
f 6142 6246 6448
f 6545 6053 6239
f 6247 6448 6246
f 6366 6448 6247
f 5969 6546 6242
f 5969 6141 6547
f 6545 6143 6053
f 6547 6546 5969
f 6368 6548 6144
f 6144 6548 6248
f 6248 6548 6146
f 6145 6549 6367
f 6550 6449 6146
f 5971 6449 6251
f 6252 6551 6250
f 6147 6552 6062
f 6252 6370 6551
f 6149 6451 6148
f 6253 6450 6553
f 6451 6067 6554
f 6151 6555 6065
f 6151 6556 6555
f 6065 6555 6454
f 6253 6553 6456
f 6557 6067 6455
f 6153 6453 6371
f 6458 6455 6254
f 6071 6373 6458
f 6374 6558 6153
f 6559 6558 6374
f 6152 6372 6256
f 6154 6457 6560
f 6154 6560 6258
f 6559 6374 6561
f 6374 6375 6562
f 6376 6563 6072
f 6459 6562 6375
f 6256 6564 6460
f 6075 6565 6459
f 6258 6566 6257
f 6376 6377 6567
f 6565 6075 6077
f 6460 6461 6259
f 6460 6259 6378
f 6568 6377 6379
f 6568 6379 6381
f 6569 6570 6568
f 6155 6461 6571
f 6568 6381 6569
f 6572 6077 6260
f 6261 6155 6571
f 6381 6380 6569
f 6260 6463 6573
f 6156 6462 6574
f 6380 6076 6464
f 6575 6156 6574
f 6156 6575 5981
f 6262 6575 6576
f 5981 6575 6262
f 6159 6466 6464
f 6465 6384 6158
f 6262 6576 6467
f 6263 6468 6466
f 6468 6171 6577
f 6085 6577 6171
f 6272 6271 6388
f 6093 6474 6578
f 6179 6093 6578
f 6275 6391 6475
f 6179 6578 6579
f 6389 6476 6477
f 6389 6477 6390
f 6476 6179 6579
f 6580 6183 6185
f 6276 6477 6478
f 6278 6580 6185
f 6479 6478 6581
f 6582 6186 6187
f 6277 6186 6582
f 6581 6392 6479
f 6482 6583 6483
f 6279 6584 6484
f 6187 6394 6582
f 6281 6484 6585
f 6393 6002 6280
f 6393 6286 6285
f 6101 6395 6280
f 6284 6009 6486
f 6395 6290 6586
f 6399 6587 6400
f 6404 6490 6398
f 6404 6398 6405
f 6405 6398 6488
f 6491 6104 6397
f 6290 6492 6588
f 6496 6493 6490
f 6491 6494 6293
f 6589 6588 6492
f 6590 6403 6591
f 6403 6489 6591
f 6403 6590 6495
f 6592 6399 6407
f 6493 6300 6013
f 6495 6593 6589
f 6495 6589 6492
f 6496 6404 6408
f 6594 6496 6497
f 6595 6593 6495
f 6302 6298 6596
f 6597 6301 6598
f 6408 6299 6498
f 6596 6303 6302
f 6301 6304 6598
f 6298 6016 6596
f 6499 6303 6596
f 6409 6201 6300
f 6016 6197 6599
f 6019 6203 6305
f 5931 6196 6600
f 6601 6600 6196
f 6196 6017 6602
f 6601 6196 6602
f 5931 6600 6602
f 5931 6602 6017
f 5931 6017 6603
f 5931 6603 6205
f 6411 6501 6604
f 6307 6204 6313
f 6110 6205 6605
f 6504 6411 6604
f 6307 6606 6311
f 6307 6313 6607
f 6607 6313 6314
f 6110 6605 6413
f 6312 6608 6502
f 6606 6609 6311
f 6311 6609 6021
f 6609 6510 6021
f 6314 6610 6607
f 6611 6610 6209
f 6209 6610 6314
f 6506 6612 6613
f 6504 6507 6412
f 6312 6208 6608
f 6611 6209 6415
f 6414 6612 6506
f 6512 6210 6613
f 6613 6210 6509
f 6415 6319 6614
f 6510 6615 6416
f 6616 6320 6318
f 6321 6617 6322
f 6618 6617 6321
f 6321 6320 6618
f 6323 6328 6619
f 6328 6418 6619
f 6620 6419 6417
f 6328 6323 6515
f 6328 6515 6423
f 6621 6619 6418
f 6513 6621 6418
f 6329 6622 6623
f 6329 6327 6622
f 6514 6419 6620
f 6621 6513 6624
f 6513 6420 6518
f 6513 6518 6624
f 6421 6514 6620
f 6520 6521 6625
f 6523 6425 6626
f 6336 6525 6524
f 6338 6337 6627
f 6336 6339 6527
f 6126 6125 6431
f 6628 6337 6526
f 6527 6432 6531
f 6629 6346 6340
f 6630 6529 6530
f 6630 6528 6529
f 6528 6630 6433
f 6437 6532 6349
f 6630 6532 6433
f 6433 6532 6437
f 6631 6530 6347
f 6346 6632 6435
f 6434 6348 6229
f 6633 6631 6347
f 6347 6533 6633
f 6438 6634 6436
f 6438 6355 6635
f 6635 6355 6440
f 6354 5959 6359
f 6636 6235 6439
f 6357 6637 6359
f 6357 6356 6638
f 5859 6639 6356
f 6440 6537 6237
f 6636 6441 6235
f 6360 6639 5859
f 6640 6539 6361
f 6360 6446 6641
f 6142 6642 6362
f 6447 6642 6142
f 6540 6642 6447
f 6541 6543 5964
f 6643 6238 6544
f 6238 6545 6239
f 6363 6644 6446
f 6363 6244 6644
f 6242 6546 6542
f 6141 6543 6547
f 6543 6645 6547
f 6059 6544 6243
f 6646 6145 6249
f 6646 6249 6369
f 6367 6549 6552
f 6368 6250 6551
f 6147 6367 6552
f 6552 6450 6062
f 6449 6151 6251
f 6556 6151 6449
f 6452 6647 6370
f 6067 6557 6554
f 6255 6454 6648
f 6456 6649 6457
f 6648 6372 6255
f 6558 6453 6153
f 6649 6650 6457
f 6373 6072 6563
f 6458 6373 6651
f 6457 6650 6560
f 6652 6256 6372
f 6256 6652 6564
f 6653 6558 6559
f 6559 6561 6654
f 6559 6654 6653
f 6374 6562 6561
f 6566 6258 6655
f 6655 6258 6560
f 6562 6459 6565
f 6565 6656 6562
f 6564 6657 6460
f 6565 6658 6656
f 6565 6077 6658
f 6657 6659 6461
f 6460 6657 6461
f 6568 6567 6377
f 6567 6568 6570
f 6570 6660 6567
f 6660 6570 6661
f 6572 6658 6077
f 6461 6659 6571
f 6572 6260 6573
f 6662 6574 6462
f 6571 6663 6664
f 6664 6261 6571
f 6665 6569 6380
f 6261 6664 6666
f 6261 6666 6157
f 6665 6380 6464
f 6463 6382 6667
f 6665 6464 6668
f 6464 6466 6669
f 6669 6466 6468
f 6383 6166 6670
f 6384 6671 6470
f 6168 6384 6470
f 6166 6672 6670
f 6166 6385 6672
f 6672 6385 6265
f 6471 6577 6085
f 6469 6471 6264
f 6266 6172 6673
f 6267 6266 6674
f 6268 6270 6675
f 6268 6675 6472
f 6676 6172 6386
f 6473 6472 6677
f 5896 6678 6176
f 6391 6679 6475
f 6581 6478 6392
f 6482 6481 6680
f 6481 6681 6680
f 6681 6481 6483
f 6583 6681 6483
f 6392 6682 6279
f 6683 6684 6685
f 6686 6484 6584
f 6684 6683 6687
f 6484 6688 6585
f 6686 6688 6484
f 6393 6280 6689
f 6585 6190 6281
f 6485 6190 6585
f 6689 6192 6286
f 6686 6396 6485
f 6486 6009 6401
f 5916 6690 6489
f 6690 5916 6291
f 6691 6692 6693
f 6290 6694 6586
f 6588 6694 6290
f 6403 6103 6489
f 6588 6695 6694
f 6490 6404 6496
f 6589 6696 6588
f 6590 6588 6696
f 6695 6588 6590
f 6399 6592 6587
f 6295 6405 6697
f 6590 6696 6495
f 6698 6299 6295
f 6494 6699 6406
f 6491 6700 6494
f 6589 6701 6696
f 6594 6493 6496
f 6493 6594 6300
f 6589 6593 6701
f 6407 6301 6597
f 6702 6299 6698
f 6299 6702 6498
f 6498 6702 6594
f 6594 6497 6498
f 6304 6703 6598
f 6016 6599 6596
f 6599 6499 6596
f 6499 6202 6306
f 6704 6601 6602
f 6705 6704 6602
f 6602 6600 6603
f 6705 6602 6603
f 6017 6705 6603
f 6600 6706 6603
f 6705 6017 6410
f 6197 6500 6707
f 6603 6706 6205
f 6202 6708 6500
f 6502 6608 6709
f 6607 6606 6307
f 6609 6710 6510
f 6506 6613 6505
f 6612 6512 6613
f 6613 6509 6711
f 6612 6414 6712
f 6507 6711 6509
f 6511 6608 6208
f 6414 6322 6713
f 6617 6713 6322
f 6508 6714 6319
f 6616 6618 6320
f 6416 6615 6417
f 6323 6619 6715
f 6615 6716 6417
f 6620 6417 6716
f 6715 6619 6717
f 6622 6327 6330
f 6619 6621 6717
f 6718 6329 6623
f 6620 6521 6421
f 6423 6515 6517
f 6624 6719 6621
f 6718 6426 6329
f 6422 6333 6720
f 6422 6720 6516
f 6517 6218 6423
f 6522 6720 6333
f 6425 6516 6626
f 6424 6721 6522
f 6721 6424 6523
f 6627 6524 6338
f 6722 6524 6627
f 6336 6524 6722
f 6336 6527 6525
f 6723 6430 6336
f 6723 6223 6430
f 6724 6629 6340
f 6725 6531 6532
f 6346 6629 6632
f 6726 6725 6630
f 6630 6725 6532
f 6630 6530 6726
f 6534 6632 6727
f 6435 6632 6534
f 6634 6438 6635
f 6728 6439 6534
f 6537 6538 6237
f 6635 6440 6441
f 6728 6636 6439
f 6359 6637 6354
f 6354 6637 6535
f 6357 6638 6637
f 6537 6729 6538
f 6639 6638 6356
f 6360 6641 6639
f 6362 6642 6361
f 6137 6442 6540
f 6443 6730 6442
f 6445 6541 6444
f 6731 6539 6640
f 6541 6445 6542
f 6643 6545 6238
f 6641 6446 6644
f 6731 6365 6539
f 6732 6143 6545
f 6059 6733 6544
f 6734 6059 6143
f 6734 6143 6732
f 6546 6547 6735
f 6145 6646 6549
f 6146 6548 6550
f 6148 6451 6369
f 6556 6736 6555
f 6556 6737 6736
f 6454 6555 6736
f 6553 6649 6456
f 6452 6453 6647
f 6370 6647 6738
f 6454 6736 6648
f 6647 6453 6739
f 6557 6455 6740
f 6739 6453 6741
f 6455 6458 6740
f 6453 6558 6741
f 6742 6740 6458
f 6648 6743 6372
f 6741 6558 6744
f 6458 6651 6745
f 6742 6458 6745
f 6563 6651 6373
f 6744 6558 6653
f 6656 6654 6562
f 6654 6561 6562
f 6564 6652 6657
f 6655 6746 6566
f 6653 6747 6744
f 6654 6747 6653
f 6659 6657 6652
f 6563 6376 6567
f 6566 6662 6257
f 6661 6748 6660
f 6659 6749 6571
f 6661 6570 6569
f 6257 6662 6462
f 6750 6573 6751
f 6752 6666 6664
f 6751 6573 6463
f 6667 6751 6463
f 6753 6575 6574
f 6157 6752 6754
f 6157 6666 6752
f 6667 6382 6383
f 6465 6157 6754
f 6465 6754 6671
f 6668 6464 6669
f 6465 6671 6384
f 6468 6577 6669
f 6265 6755 6756
f 6470 6755 6265
f 6757 6755 6470
f 6671 6757 6470
f 6471 6758 6577
f 6265 6759 6672
f 6469 6467 6576
f 6471 6469 6760
f 6266 6673 6674
f 6673 6172 6676
f 6269 6761 6270
f 6270 6761 6675
f 6089 6176 6762
f 6678 5896 6475
f 6579 6578 6763
f 6764 6765 6580
f 6183 6580 6765
f 6391 6183 6765
f 6477 6476 6766
f 6477 6767 6478
f 6768 6478 6767
f 6278 6769 6580
f 6478 6768 6392
f 6278 6770 6769
f 6768 6682 6392
f 6681 6583 6771
f 6685 6684 6772
f 6684 6687 6772
f 6279 6682 6584
f 6773 6683 6685
f 6583 6482 6774
f 6689 6280 6775
f 6393 6689 6286
f 6686 6485 6688
f 6686 6776 6396
f 6486 6487 6283
f 6396 6776 6488
f 6192 6777 6291
f 6778 6693 6692
f 6691 6778 6692
f 6488 6776 6779
f 6780 6489 6690
f 6781 6782 6777
f 6777 6192 6781
f 6781 6192 6783
f 6586 6694 6784
f 6785 6782 6781
f 6691 6693 6786
f 6697 6405 6488
f 6591 6695 6784
f 6694 6489 6784
f 6489 6694 6591
f 6695 6591 6694
f 6787 6784 6489
f 6699 6402 6406
f 6491 6397 6788
f 6784 6590 6591
f 6784 6787 6590
f 6787 6695 6590
f 6697 6698 6295
f 6407 6789 6592
f 6701 6495 6696
f 6790 6300 6594
f 6791 6699 6494
f 6494 6700 6791
f 6790 6594 6702
f 6300 6790 6792
f 6595 6793 6593
f 6495 6701 6595
f 6701 6794 6595
f 6795 6597 6598
f 6595 6794 6793
f 6703 6304 6796
f 6797 6795 6798
f 6796 6304 6305
f 6799 6800 6801
f 6802 6599 6707
f 6499 6599 6802
f 6599 6197 6707
f 6203 6803 6305
f 6499 6708 6202
f 6410 6018 6409
f 6708 6707 6500
f 6804 6604 6501
f 6804 6501 6502
f 6706 6605 6205
f 6606 6805 6609
f 6413 6605 6806
f 6510 6805 6807
f 6510 6710 6805
f 6606 6807 6805
f 6607 6807 6606
f 6711 6808 6613
f 6809 6510 6807
f 6607 6810 6807
f 6811 6413 6806
f 6809 6812 6510
f 6510 6812 6615
f 6413 6811 6508
f 6811 6813 6508
f 6814 6414 6713
f 6712 6414 6814
f 6712 6512 6612
f 6415 6614 6815
f 6712 6318 6512
f 6508 6813 6714
f 6712 6616 6318
f 6715 6511 6323
f 6319 6816 6614
f 6319 6817 6816
f 6714 6817 6319
f 6818 6620 6716
f 6717 6621 6719
f 6330 6520 6622
f 6818 6521 6620
f 6624 6819 6719
f 6624 6518 6820
f 6516 6720 6821
f 6820 6819 6624
f 6518 6822 6823
f 6822 6518 6519
f 6721 6523 6824
f 6824 6523 6626
f 6431 6125 6825
f 6825 6125 6429
f 6627 6337 6628
f 6431 6724 6340
f 6223 6723 6526
f 6526 6723 6628
f 6527 6531 6826
f 6827 6826 6531
f 6725 6827 6531
f 6629 6828 6632
f 6530 6631 6726
f 6632 6828 6727
f 6436 6634 6829
f 6533 6830 6633
f 6831 6633 6830
f 6728 6534 6727
f 6830 6533 6535
f 6831 6830 6832
f 6833 6635 6441
f 6637 6830 6535
f 6832 6830 6637
f 6834 6833 6441
f 6441 6636 6834
f 6835 6641 6640
f 6540 6836 6642
f 6540 6442 6836
f 6538 6729 6443
f 6640 6641 6731
f 6541 6542 6837
f 6837 6543 6541
f 6732 6545 6643
f 6731 6644 6244
f 6365 6731 6244
f 6546 6837 6542
f 6643 6544 6733
f 6547 6645 6838
f 6059 6734 6733
f 6839 6548 6368
f 6840 6646 6369
f 6551 6839 6368
f 6369 6451 6840
f 6449 6550 6841
f 6451 6554 6840
f 6552 6553 6450
f 6551 6370 6738
f 6556 6449 6841
f 6556 6841 6737
f 6840 6554 6842
f 6557 6842 6554
f 6739 6738 6647
f 6842 6557 6740
f 6736 6737 6648
f 6737 6841 6648
f 6742 6842 6740
f 6743 6843 6372
f 6844 6560 6650
f 6843 6652 6372
f 6845 6744 6846
f 6748 6651 6563
f 6747 6846 6744
f 6566 6746 6847
f 6656 6747 6654
f 6660 6748 6563
f 6656 6658 6747
f 6660 6563 6567
f 6566 6847 6662
f 6659 6848 6749
f 6849 6749 6848
f 6750 6572 6573
f 6571 6749 6663
f 6850 6661 6569
f 6664 6663 6752
f 6665 6850 6569
f 6574 6851 6753
f 6668 6850 6665
f 6852 6853 6667
f 6854 6576 6753
f 6753 6576 6575
f 6667 6383 6852
f 6852 6383 6670
f 6855 6668 6669
f 6577 6856 6669
f 6856 6577 6758
f 6756 6759 6265
f 6758 6471 6857
f 6760 6857 6471
f 6760 6469 6858
f 6674 6859 6860
f 6674 6269 6267
f 6860 6269 6674
f 6472 6675 6861
f 6472 6861 6862
f 6677 6472 6862
f 6387 6863 6474
f 6387 6473 6864
f 6391 6765 6679
f 6579 6763 6476
f 6764 6580 6865
f 6767 6866 6768
f 6865 6580 6769
f 6278 6480 6770
f 6480 6680 6770
f 6770 6680 6681
f 6277 6867 6480
f 6583 6868 6771
f 6869 6867 6277
f 6869 6277 6582
f 6774 6680 6870
f 6870 6680 6480
f 6680 6774 6482
f 6583 6774 6868
f 6394 6869 6582
f 6584 6776 6686
f 6485 6585 6688
f 6394 6400 6871
f 6778 6872 6873
f 6486 6874 6487
f 6780 6690 6395
f 6291 6777 6690
f 6777 6783 6689
f 6689 6783 6192
f 6873 6693 6778
f 6875 6779 6776
f 6874 6486 6401
f 6487 6874 6397
f 6783 6777 6782
f 6586 6784 6876
f 6489 6780 6787
f 6786 6693 6877
f 6697 6488 6779
f 6695 6876 6784
f 6878 6785 6781
f 6878 6781 6783
f 6587 6879 6400
f 6876 6695 6787
f 6491 6788 6880
f 6880 6700 6491
f 6881 6587 6592
f 6592 6789 6881
f 6407 6597 6882
f 6407 6882 6789
f 6789 6883 6881
f 6700 6884 6791
f 6703 6885 6598
f 6598 6885 6881
f 6886 6887 6888
f 6793 6889 6593
f 6701 6889 6794
f 6593 6889 6701
f 6598 6881 6795
f 6797 6597 6795
f 6300 6792 6409
f 6802 6703 6796
f 6797 6798 6890
f 6890 6798 6891
f 6801 6800 6892
f 6802 6707 6893
f 6802 6796 6499
f 6499 6796 6894
f 6796 6803 6894
f 6796 6305 6803
f 6895 6800 6799
f 6708 6499 6894
f 6800 6895 6896
f 6600 6897 6704
f 6600 6601 6897
f 6898 6704 6705
f 6409 6899 6410
f 6706 6898 6705
f 6410 6900 6705
f 6705 6900 6706
f 6900 6410 6899
f 6804 6502 6901
f 6502 6709 6901
f 6609 6902 6710
f 6710 6902 6903
f 6902 6609 6805
f 6613 6503 6505
f 6503 6613 6808
f 6805 6710 6904
f 6610 6810 6607
f 6905 6709 6608
f 6810 6610 6906
f 6611 6906 6610
f 6806 6611 6907
f 6806 6907 6811
f 6608 6511 6905
f 6611 6415 6907
f 6507 6908 6711
f 6909 6809 6807
f 6807 6810 6910
f 6415 6815 6907
f 6811 6907 6813
f 6911 6807 6910
f 6614 6816 6815
f 6912 6713 6617
f 6912 6913 6713
f 6914 6617 6618
f 6818 6716 6915
f 6717 6719 6916
f 6521 6818 6625
f 6823 6820 6518
f 6516 6821 6626
f 6718 6917 6426
f 6917 6918 6426
f 6720 6522 6919
f 6822 6519 6525
f 6426 6918 6429
f 6627 6628 6722
f 6336 6722 6723
f 6829 6727 6828
f 6920 6725 6726
f 6726 6631 6921
f 6631 6633 6921
f 6436 6829 6536
f 6536 6829 6922
f 6829 6634 6727
f 6921 6920 6726
f 6633 6831 6921
f 6635 6728 6634
f 6727 6634 6728
f 6537 6536 6729
f 6361 6923 6640
f 6642 6923 6361
f 6924 6638 6639
f 6836 6925 6642
f 6836 6442 6730
f 6443 6729 6730
f 6730 6729 6926
f 6644 6731 6641
f 6733 6927 6643
f 6928 6643 6927
f 6928 6732 6643
f 6929 6645 6543
f 6732 6928 6734
f 6735 6547 6838
f 6552 6549 6930
f 6548 6931 6550
f 6552 6932 6553
f 6553 6932 6649
f 6649 6932 6933
f 6742 6934 6842
f 6648 6841 6743
f 6743 6841 6935
f 6741 6744 6845
f 6743 6936 6843
f 6655 6560 6844
f 6843 6937 6652
f 6848 6652 6937
f 6748 6938 6651
f 6746 6655 6939
f 6747 6940 6846
f 6659 6652 6848
f 6662 6847 6941
f 6942 6941 6847
f 6847 6939 6942
f 6847 6746 6939
f 6658 6940 6747
f 6941 6943 6662
f 6572 6944 6658
f 6848 6945 6849
f 6938 6748 6946
f 6947 6662 6943
f 6750 6948 6572
f 6946 6748 6661
f 6949 6950 6750
f 6951 6945 6949
f 6849 6945 6951
f 6952 6946 6661
f 6947 6851 6574
f 6662 6947 6574
f 6952 6851 6946
f 6953 6849 6951
f 6749 6849 6953
f 6663 6749 6953
f 6661 6850 6954
f 6952 6661 6954
f 6851 6952 6955
f 6949 6750 6751
f 6663 6953 6752
f 6952 6954 6956
f 6753 6851 6955
f 6953 6951 6957
f 6954 6850 6855
f 6853 6949 6751
f 6958 6957 6951
f 6752 6953 6957
f 6954 6855 6856
f 6853 6751 6667
f 6752 6957 6754
f 6956 6854 6753
f 6855 6850 6668
f 6957 6757 6671
f 6754 6957 6671
f 6856 6855 6669
f 6852 6670 6959
f 6755 6757 6756
f 6856 6758 6960
f 6576 6854 6858
f 6959 6670 6961
f 6960 6758 6857
f 6858 6469 6576
f 6756 6961 6759
f 6672 6759 6961
f 6672 6961 6670
f 6386 6089 6762
f 6386 6762 6676
f 6859 6674 6673
f 6673 6676 6962
f 6963 6761 6269
f 6761 6964 6675
f 6861 6675 6964
f 6863 6965 6474
f 6176 6678 6966
f 6762 6176 6966
f 6864 6863 6387
f 6474 6965 6578
f 6678 6475 6679
f 6967 6763 6578
f 6678 6679 6968
f 6969 6970 6971
f 6477 6766 6767
f 6972 6970 6969
f 6768 6866 6973
f 6974 6685 6975
f 6685 6772 6975
f 6772 6976 6975
f 6976 6682 6975
f 6975 6682 6973
f 6973 6682 6768
f 6976 6977 6682
f 6682 6977 6978
f 6772 6977 6976
f 6584 6682 6978
f 6867 6870 6480
f 6776 6584 6978
f 6979 6776 6978
f 6868 6774 6980
f 6394 6871 6869
f 6869 6872 6867
f 6870 6867 6872
f 6981 6775 6395
f 6775 6280 6395
f 6689 6775 6777
f 6872 6778 6982
f 6776 6983 6875
f 6395 6690 6981
f 6690 6984 6981
f 6690 6777 6984
f 6985 6779 6986
f 6875 6986 6779
f 6693 6873 6987
f 6877 6693 6987
f 6778 6691 6982
f 6779 6985 6988
f 6401 6402 6874
f 6874 6402 6397
f 6779 6988 6697
f 6699 6397 6402
f 6397 6699 6788
f 6878 6783 6782
f 6982 6691 6989
f 6786 6989 6691
f 6882 6786 6990
f 6990 6786 6877
f 6989 6786 6882
f 6883 6789 6990
f 6990 6789 6882
f 6880 6788 6699
f 6881 6885 6587
f 6885 6879 6587
f 6597 6991 6882
f 6698 6992 6702
f 6880 6699 6791
f 6883 6795 6881
f 6880 6993 6700
f 6993 6884 6700
f 6888 6994 6886
f 6887 6886 6995
f 6995 6886 6994
f 6702 6995 6996
f 6702 6996 6790
f 6993 6791 6884
f 6802 6997 6703
f 6795 6883 6798
f 6597 6797 6991
f 6995 6998 6999
f 6999 6996 6995
f 6409 6792 6899
f 6991 6797 6890
f 7000 6799 6801
f 7001 6999 6601
f 6889 6793 7002
f 6793 6794 7002
f 6798 7003 6891
f 7000 6801 6892
f 6794 6889 7002
f 6897 6601 6999
f 6601 6704 7001
f 7003 6894 6803
f 6891 7003 6803
f 6892 6800 6896
f 6898 6600 6704
f 6600 6898 7004
f 7001 7004 6898
f 7004 7001 6897
f 6704 6897 7001
f 7004 6897 7005
f 6706 7004 7005
f 6706 6600 7004
f 6706 7005 6898
f 6898 7005 7006
f 7007 6706 6900
f 7008 6893 6707
f 6707 6708 7008
f 6203 7009 6803
f 6706 7007 6605
f 6203 6503 7009
f 6710 6903 7010
f 6604 7011 6504
f 6710 7010 6904
f 6805 6904 7012
f 6812 6904 7010
f 6906 7013 6810
f 7013 6906 7014
f 6611 6806 6906
f 6906 6806 7014
f 7015 6808 6711
f 6904 6812 6809
f 6908 7015 6711
f 6908 6507 6504
f 7011 6908 6504
f 6904 6809 6909
f 6807 6911 6909
f 6616 6712 7016
f 6911 6910 7017
f 6511 6715 6905
f 6905 6715 7018
f 6615 7019 6716
f 6617 6914 6912
f 7018 6715 6717
f 6717 6916 7018
f 7020 6623 6622
f 6520 7020 6622
f 7021 6719 6819
f 6520 7022 7020
f 6820 7023 6819
f 6720 6919 6821
f 6822 6525 7024
f 7025 6824 6626
f 6527 7026 6525
f 6721 6919 6522
f 7027 6431 6825
f 6826 7026 6527
f 6722 6628 6723
f 7028 6725 6920
f 6832 7029 6831
f 6728 6635 6833
f 6728 6833 6636
f 6832 6637 7030
f 6832 7030 7029
f 6640 6923 6835
f 6642 6925 6923
f 6833 6834 6636
f 6637 6638 7030
f 6641 6835 6639
f 6929 6543 6837
f 6927 6733 7031
f 6837 6546 6735
f 6929 6838 6645
f 6931 6548 6839
f 6549 6646 7032
f 6930 6549 7032
f 6646 6840 7032
f 6550 6931 7033
f 6550 7033 6841
f 6552 6930 6932
f 6839 6551 6738
f 6842 7034 6840
f 7034 7035 6840
f 6934 7034 6842
f 6933 6932 7036
f 6935 6841 7033
f 6741 6845 6739
f 6649 6933 6650
f 6742 6745 7037
f 6933 6844 6650
f 6743 6935 7038
f 6743 7038 6936
f 6745 7039 7037
f 6742 7037 7040
f 6745 6651 7039
f 6651 7041 7039
f 6937 6843 6936
f 6846 7042 6845
f 6651 6938 7041
f 6658 7043 6940
f 6658 6944 7043
f 6941 7044 6943
f 6939 6941 6942
f 6572 6948 6944
f 6946 6851 6947
f 6750 6950 6948
f 6945 6950 6949
f 6952 6956 6955
f 6955 6956 6753
f 6951 6949 6958
f 6949 6853 6958
f 6954 6856 6956
f 6957 6958 6757
f 7045 6958 6853
f 6960 6956 6856
f 6757 6958 7045
f 7045 6853 6852
f 6854 6956 6960
f 6959 7045 6852
f 6854 6960 6858
f 6757 7045 6756
f 7045 6959 6756
f 6960 6857 6858
f 6959 6961 6756
f 6858 6857 6760
f 6676 6762 7046
f 6859 6673 7047
f 7048 6473 6677
f 7049 6966 6678
f 6269 6860 6963
f 6761 6963 6964
f 6861 6964 7050
f 6473 7048 7051
f 6473 7051 6864
f 7052 6967 7053
f 6967 7052 6763
f 6767 6766 7054
f 7055 6972 6969
f 6970 6972 6971
f 6767 7056 6866
f 6769 7057 6865
f 6866 7058 6973
f 6769 6770 7057
f 6975 6973 6974
f 6773 6685 6974
f 6977 6772 6687
f 6683 6773 7059
f 7060 6774 6870
f 6774 7060 6980
f 6683 7059 6687
f 7060 6870 7061
f 6869 6871 7062
f 7063 6872 6869
f 6870 6872 7061
f 6983 6776 6979
f 7064 6775 6981
f 7064 6777 6775
f 6872 7063 6873
f 7063 7065 6873
f 7061 6872 7065
f 6872 6982 7065
f 6984 6777 7064
f 6873 7065 6982
f 6395 6586 6780
f 6987 6873 7066
f 6873 6982 7066
f 6876 6780 6586
f 6780 6876 6787
f 6877 6987 7067
f 6982 6989 7066
f 6782 6785 6878
f 6877 7067 6990
f 7067 7068 6990
f 6882 7068 6989
f 6697 7069 6698
f 6883 6990 7070
f 6882 6991 7068
f 7068 6991 7071
f 6883 6879 6885
f 6883 6885 7072
f 6885 6703 7072
f 6702 6887 6995
f 6993 6880 6791
f 6790 6996 6792
f 6883 7073 6798
f 7074 6999 6998
f 6996 6999 6792
f 6792 6999 7001
f 7073 7003 6798
f 7075 6890 6891
f 6999 7074 6897
f 7076 6894 7003
f 6892 6896 7077
f 7006 7001 6898
f 6708 6894 7008
f 6803 7009 6891
f 7078 6604 6804
f 6503 7079 7009
f 6804 6901 7080
f 7081 6903 6902
f 6902 7012 7081
f 7012 6902 6805
f 7014 6806 6605
f 6808 7015 7082
f 7083 6908 7011
f 6810 7084 6910
f 6810 7013 7084
f 6709 6905 7085
f 6904 6909 7086
f 6712 6814 7016
f 6814 7087 7016
f 7088 6813 6907
f 6814 6713 6913
f 7085 6905 7018
f 6911 7086 6909
f 7017 7089 6911
f 7090 7085 7018
f 6813 7088 6714
f 7090 7018 6916
f 6618 6616 6914
f 7091 6817 6714
f 6718 6623 7092
f 7020 7092 6623
f 6915 7093 6818
f 6718 7092 6917
f 6818 7093 6625
f 6819 7094 7021
f 7094 6819 7023
f 6820 6823 7023
f 6822 7024 6823
f 6625 7095 6520
f 6429 6918 7096
f 7096 6825 6429
f 6724 6431 7027
f 6725 7097 6827
f 7028 7097 6725
f 6828 7098 6829
f 6921 7099 6920
f 7099 6921 7100
f 6921 6831 7100
f 7099 7101 6920
f 7102 7029 7030
f 7102 7030 6924
f 6924 6639 7102
f 7102 6639 6835
f 6836 6730 7103
f 7103 6730 6926
f 6926 6729 7104
f 6924 7030 6638
f 7031 6733 6734
f 6929 7105 6838
f 6927 7106 6928
f 6928 7106 6734
f 6838 7105 6735
f 6734 7107 7031
f 6734 7108 7107
f 6734 7106 7108
f 7108 7109 7107
f 6840 7035 7110
f 7032 6840 7110
f 6931 6839 7111
f 7033 6931 7112
f 6930 7032 7036
f 6930 7036 6932
f 6839 6738 7113
f 7111 6839 7113
f 7114 6738 6739
f 7115 6933 7036
f 6935 7033 7116
f 7038 6935 7116
f 7037 7117 7040
f 7037 7039 7117
f 7040 7117 7118
f 7038 7119 7120
f 7038 7120 6937
f 6936 7038 6937
f 6844 6939 6655
f 7118 7041 6938
f 7121 6943 7122
f 7123 7121 7122
f 6846 6940 7042
f 7120 6945 6848
f 6937 7120 6848
f 7044 7122 6943
f 6944 6948 7124
f 7121 7125 6947
f 6943 7121 6947
f 6944 7124 7043
f 6945 7126 6950
f 7125 6938 6946
f 6947 7125 6946
f 6941 6939 7127
f 7127 7044 6941
f 6676 7046 6962
f 6673 6962 7047
f 6677 6862 7048
f 7128 6861 7050
f 6578 7129 6967
f 7050 6964 7130
f 7131 7132 6967
f 6968 7133 6678
f 6969 6971 7134
f 7135 7053 7132
f 6967 7132 7053
f 6476 6763 7136
f 7055 6969 7134
f 6767 7054 7056
f 6865 7057 7137
f 7138 6974 7139
f 6866 7056 7140
f 7057 7141 7137
f 6770 7142 7057
f 7142 6770 6681
f 7138 7143 6974
f 6973 7139 6974
f 6681 7144 7142
f 6771 7144 6681
f 6773 6974 7145
f 6868 7146 6771
f 6773 7145 7147
f 7059 6773 7147
f 6977 6687 7148
f 6978 6977 7148
f 6978 7148 6979
f 7146 6868 6980
f 6687 7059 7148
f 7149 7150 7151
f 6979 7152 6983
f 6984 7153 6981
f 7154 6984 7064
f 7150 7155 7151
f 6988 6985 7156
f 6875 6983 7157
f 7158 6400 6879
f 6871 6400 7158
f 7067 7158 7068
f 7159 7068 7158
f 7068 7159 6987
f 6871 6987 7159
f 6987 6871 7067
f 7158 7067 6871
f 7066 6989 6987
f 6697 6988 7069
f 6989 7068 6987
f 7068 7160 6990
f 7161 6990 7160
f 6990 7161 7070
f 7162 7160 7068
f 7068 7071 7070
f 7068 7070 7161
f 7068 7161 7162
f 6994 6888 6887
f 6702 6992 6887
f 6883 7072 7073
f 6995 6994 6998
f 7072 6703 6997
f 7163 6792 7001
f 6893 6997 6802
f 7073 7164 7003
f 6799 7000 6895
f 7165 6896 6895
f 7074 6892 6897
f 6897 6892 7077
f 7001 7006 7163
f 6894 7166 7008
f 6894 7076 7166
f 6896 7165 7077
f 6899 7167 6900
f 7007 7005 6897
f 7007 7006 7005
f 6604 7078 7011
f 6903 7081 7010
f 6503 6808 7079
f 7014 7168 7013
f 6808 7082 7079
f 7012 6904 7169
f 6812 7170 6615
f 6910 7084 7017
f 6709 7085 6901
f 7089 7017 7171
f 7016 7172 6616
f 6911 7089 7086
f 7088 7173 6714
f 7090 6916 7174
f 7091 6714 7173
f 6616 7175 6914
f 6916 6719 7021
f 6916 7021 7176
f 6625 7093 7095
f 7023 6823 7177
f 7024 7177 6823
f 7095 7022 6520
f 7026 7178 6525
f 7179 6821 6919
f 6821 7179 6626
f 6626 7179 7025
f 6919 6721 7179
f 7180 7177 7181
f 6721 7182 7179
f 7026 6826 7183
f 7184 7185 7183
f 6629 7186 7187
f 6629 6724 7186
f 6824 7182 6721
f 6827 7183 6826
f 6827 7097 7183
f 7097 7184 7183
f 6828 7187 7098
f 6828 6629 7187
f 7184 7097 7188
f 6829 7098 7189
f 7099 7100 7190
f 6922 7191 6536
f 6829 7192 6922
f 7193 6729 6536
f 6920 7101 7028
f 6836 7194 6925
f 7103 7194 6836
f 7103 6926 7195
f 7195 6926 7104
f 7193 7104 6729
f 7196 6929 6837
f 6837 6735 7196
f 7107 6927 7031
f 7106 6927 7107
f 7197 7108 7106
f 7108 7197 7109
f 7035 7198 7199
f 7110 7035 7199
f 7034 7198 7035
f 7200 7198 7034
f 7110 7201 7032
f 7036 7032 7201
f 7114 7113 6738
f 7112 7116 7033
f 7034 6934 7200
f 7036 7201 7115
f 6845 7114 6739
f 7200 6934 7202
f 6934 6742 7202
f 7116 7119 7038
f 6742 7040 7202
f 7203 6844 6933
f 7117 7039 7118
f 7039 7041 7118
f 7040 7118 7204
f 7204 7125 7205
f 7122 7206 7207
f 7122 7207 7123
f 7120 7126 6945
f 7125 7118 6938
f 7125 7204 7118
f 7208 7205 7125
f 6939 6844 7127
f 6950 7209 6948
f 7210 7209 6950
f 7121 7208 7125
f 7123 7208 7121
f 6940 7124 7042
f 7210 6950 7126
f 7122 7044 7127
f 6940 7043 7124
f 7048 6862 7211
f 7046 6762 6966
f 6859 7047 7212
f 6965 7129 6578
f 6966 7049 7213
f 6860 6859 7212
f 6860 7214 6963
f 6964 6963 7215
f 6864 7051 7216
f 7217 6678 7133
f 7215 7130 6964
f 7135 7132 7216
f 7131 6967 7129
f 6764 7218 6765
f 6679 6765 7218
f 7219 6968 7218
f 6968 6679 7218
f 7055 7134 7133
f 7055 7133 7220
f 7053 7221 7222
f 7222 7052 7053
f 7223 6764 7137
f 6865 7137 6764
f 7057 7142 7224
f 7133 6968 7225
f 7226 7140 7056
f 7137 7227 7223
f 7227 7137 7141
f 7133 7225 7220
f 7055 7220 6972
f 6974 7143 7145
f 7060 7228 6980
f 7228 7146 6980
f 7060 7229 7228
f 7061 7229 7060
f 7229 7061 7230
f 7154 7064 7231
f 7062 7063 6869
f 7230 7061 7232
f 7149 7233 7150
f 7156 7151 7155
f 7156 7149 7151
f 7061 7065 7232
f 6986 7234 7235
f 6986 7235 6985
f 7154 7236 6984
f 7156 7155 6988
f 7236 7153 6984
f 6871 7159 7062
f 7237 7232 7065
f 6875 7238 6986
f 6986 7238 7234
f 7157 7238 6875
f 7153 7239 7240
f 7153 7236 7239
f 7241 7240 7239
f 7158 7160 7242
f 7162 7242 7160
f 6879 6883 7070
f 7160 7158 7070
f 7071 7160 7070
f 7071 7162 7161
f 7160 7071 7161
f 6887 7243 6994
f 7243 6887 6992
f 7071 6991 7244
f 6997 7164 7072
f 7072 7164 7073
f 6991 6890 7244
f 7164 6997 7245
f 6998 6892 7074
f 6792 7246 6899
f 7163 7246 6792
f 6998 7000 6892
f 7076 7003 7164
f 6895 7000 7165
f 6893 7008 7247
f 7248 6899 7246
f 7077 7249 6897
f 7250 7007 6897
f 7007 6900 7006
f 6899 7248 7167
f 6900 7167 7251
f 6804 7080 7078
f 7252 7010 7081
f 6605 7007 7253
f 7080 6901 7254
f 7012 7169 7081
f 6605 7253 7014
f 7253 7255 7014
f 7014 7255 7168
f 7256 7011 7078
f 6812 7010 7252
f 7254 6901 7085
f 7170 6812 7252
f 7257 7013 7168
f 6615 7170 7019
f 6904 7086 7169
f 7017 7084 7171
f 6815 6816 7258
f 7258 7259 6815
f 7259 6907 6815
f 7088 6907 7259
f 6816 6817 7258
f 7172 7260 6616
f 6716 7019 6915
f 6616 7260 7175
f 7173 7261 7091
f 6912 6914 7262
f 7262 6914 7263
f 7174 6916 7176
f 7175 7263 6914
f 7020 7264 7092
f 7092 7264 7265
f 7020 7266 7264
f 6915 7266 7093
f 7022 7266 7020
f 7267 7266 7022
f 7094 7268 7021
f 6917 7269 6918
f 7024 6525 7178
f 7023 7270 7094
f 7177 7024 7271
f 6918 7269 7096
f 7023 7177 7270
f 7177 7180 7270
f 7271 7272 7177
f 7272 7181 7177
f 7026 7183 7185
f 7187 7186 7273
f 6724 7027 7186
f 6825 7274 7027
f 7274 6825 7096
f 7097 7028 7188
f 7275 7100 6831
f 7193 6536 7191
f 7191 7276 7193
f 7191 7192 7276
f 7029 7275 6831
f 7191 6922 7192
f 7099 7277 7101
f 7277 7099 7190
f 7029 7102 7275
f 6835 7278 7102
f 6835 6923 7278
f 6923 6925 7279
f 7194 7103 7195
f 7277 7280 7101
f 7281 7282 7283
f 7282 7284 7283
f 7285 7282 7281
f 7282 7286 7284
f 7287 7282 7285
f 7282 7287 7286
f 6929 7196 7105
f 7196 6735 7288
f 6735 7105 7288
f 7107 7109 7106
f 6931 7289 7112
f 7200 7290 7198
f 7199 7198 7290
f 7289 6931 7111
f 7199 7290 7291
f 7110 7199 7291
f 7201 7110 7291
f 7112 7289 7116
f 7113 7292 7111
f 7113 7114 7293
f 7293 7114 6845
f 7289 7111 7292
f 7113 7293 7292
f 7119 7289 7292
f 7201 7291 7294
f 7119 7292 7295
f 7116 7289 7119
f 7115 7201 7203
f 7042 7293 6845
f 7201 7294 7296
f 7207 7201 7296
f 7115 7203 6933
f 7204 7202 7040
f 7294 7204 7205
f 7203 7201 7207
f 7209 7292 7293
f 7292 7209 7295
f 7120 7119 7295
f 7296 7294 7205
f 7297 7209 7293
f 7208 7296 7205
f 7207 7296 7123
f 7206 7203 7207
f 7209 7297 6948
f 7298 7295 7209
f 7120 7295 7126
f 7210 7298 7209
f 7210 7299 7298
f 7206 6844 7203
f 6844 7206 7127
f 7300 7210 7126
f 7301 7208 7123
f 7206 7122 7127
f 7297 7042 7124
f 7297 7124 6948
f 7300 7299 7210
f 6678 7217 7049
f 6966 7213 7302
f 7046 6966 7302
f 7046 7302 7303
f 6860 7212 7214
f 7128 7050 7304
f 7216 7051 7135
f 7134 7217 7133
f 6971 7305 7134
f 7050 7130 7304
f 6763 7052 7306
f 7136 6763 7306
f 6476 7136 6766
f 6764 7307 7218
f 7054 6766 7308
f 7223 7307 6764
f 6968 7219 7225
f 7053 7135 7221
f 6971 6972 7309
f 7309 6972 7310
f 7311 7138 7139
f 7139 6973 7058
f 7227 7312 7223
f 7141 7057 7313
f 6972 7220 7310
f 7143 7138 7314
f 7315 6866 7140
f 7312 7227 7316
f 7227 7141 7316
f 7317 7144 6771
f 7140 7226 7318
f 7146 7317 6771
f 7059 7147 7319
f 7148 7059 7320
f 7059 7319 7320
f 7148 7320 6979
f 6979 7320 7152
f 7231 7064 6981
f 7156 7321 7149
f 6981 7153 7231
f 6985 7235 7156
f 7240 7322 7153
f 7322 7231 7153
f 7232 7237 7323
f 7324 6988 7155
f 7325 7326 7327
f 7158 7062 7159
f 7065 7328 7237
f 7329 7155 7150
f 7324 7155 7329
f 6988 7324 7069
f 7328 7242 7237
f 7330 6698 7069
f 7241 7331 7240
f 7242 7162 7237
f 6698 7330 6992
f 7158 6879 7070
f 7241 7332 7331
f 7071 7244 7162
f 7333 6994 7243
f 6994 7333 6998
f 7244 6890 7075
f 7334 6998 7333
f 6998 7334 7000
f 6997 6893 7245
f 7245 6893 7247
f 7164 7245 7076
f 7163 7335 7246
f 7336 7076 7245
f 7335 7163 7006
f 7246 7335 7248
f 7247 7008 7337
f 7076 7336 7166
f 7335 7006 7251
f 7166 7337 7008
f 6891 7009 7338
f 7250 6897 7249
f 7006 6900 7251
f 7009 7079 7339
f 7253 7250 7340
f 7253 7007 7250
f 7251 7253 7341
f 7167 7253 7251
f 7255 7253 7167
f 7080 7342 7078
f 7168 7253 7340
f 7341 7168 7255
f 7168 7341 7253
f 7079 7082 7339
f 7078 7342 7256
f 7015 7343 7082
f 6908 7344 7015
f 7083 7344 6908
f 6913 7345 6814
f 7087 6814 7345
f 7087 7172 7016
f 7085 7090 7346
f 7347 7086 7348
f 6913 6912 7262
f 7019 7349 6915
f 7086 7089 7348
f 7174 7346 7090
f 7349 7265 7264
f 6915 7349 7264
f 7258 6817 7350
f 7264 7266 6915
f 6817 7091 7350
f 7091 7351 7352
f 7091 7261 7351
f 7176 7021 7268
f 7174 7176 7353
f 7350 7091 7352
f 7092 7269 6917
f 7093 7354 7095
f 7355 7024 7178
f 7356 7357 7358
f 7359 7357 7356
f 7360 7267 7022
f 7361 7356 7358
f 7356 7362 7359
f 7022 7095 7360
f 7362 7356 7361
f 7180 7272 7270
f 7272 7363 7181
f 7272 7180 7363
f 7179 7182 7364
f 7025 7179 7364
f 7180 7181 7365
f 6824 7025 7364
f 6824 7364 7366
f 7365 7181 7363
f 7184 7188 7185
f 7366 7182 6824
f 7188 7028 7367
f 7193 7276 7368
f 7276 7192 7369
f 6829 7189 7192
f 7195 7193 7370
f 7189 7371 7192
f 7193 7195 7104
f 7371 7372 7369
f 7369 7192 7371
f 7284 7286 7373
f 7287 7285 7374
f 7288 7105 7196
f 7197 7106 7109
f 7200 7202 7290
f 7291 7290 7202
f 7291 7202 7204
f 7294 7291 7204
f 7296 7301 7123
f 7300 7295 7298
f 7208 7301 7296
f 7295 7300 7126
f 7297 7293 7042
f 7299 7300 7298
f 6861 7375 6862
f 6863 6864 7376
f 6965 6863 7377
f 7049 7217 7378
f 7128 7375 6861
f 7131 7376 6864
f 7131 6864 7216
f 6965 7377 7129
f 7379 7049 7378
f 7049 7379 7213
f 7047 7380 7212
f 7128 7304 7381
f 7131 7216 7132
f 7214 7382 6963
f 7383 7217 7134
f 7305 6971 7309
f 7052 7222 7384
f 6766 7136 7308
f 7385 7225 7219
f 7386 7387 7388
f 7387 7389 7388
f 7390 7304 7130
f 7226 7056 7054
f 7390 7130 7391
f 7144 7392 7142
f 7144 7317 7385
f 7225 7385 7317
f 7225 7393 7220
f 7058 7394 7139
f 6866 7315 7058
f 7395 7225 7317
f 7220 7393 7310
f 7316 7396 7312
f 7316 7141 7313
f 7397 7396 7316
f 7313 7397 7316
f 7143 7398 7399
f 7143 7314 7398
f 7143 7399 7145
f 7140 7400 7401
f 7318 7400 7140
f 7228 7402 7146
f 7147 7145 7403
f 7400 7318 7404
f 7320 7321 7152
f 7405 7404 7318
f 7406 7233 7149
f 7149 7321 7406
f 7407 7321 7156
f 7154 7408 7236
f 7230 7232 7409
f 7327 7326 7410
f 7411 7065 7063
f 7324 7156 7235
f 7409 7232 7323
f 7327 7405 7412
f 7325 7327 7412
f 7065 7411 7328
f 7150 7233 7329
f 7233 7413 7329
f 7324 7414 7069
f 7239 7236 7415
f 7329 7416 7324
f 7325 7417 7326
f 7322 7240 7331
f 7062 7158 7418
f 7412 7419 7325
f 7242 7328 7420
f 7237 7162 7323
f 7332 7421 7331
f 7243 6992 7330
f 7241 7422 7332
f 7334 7423 7000
f 7165 7000 7423
f 7247 7424 7245
f 7425 7077 7165
f 7075 6891 7338
f 7426 7075 7338
f 7077 7425 7427
f 7428 7429 7247
f 7337 7428 7247
f 7249 7077 7427
f 7335 7251 7430
f 7009 7339 7338
f 7248 7431 7167
f 7251 7341 7430
f 7430 7341 7432
f 7167 7431 7255
f 7255 7432 7341
f 7342 7080 7254
f 7252 7081 7433
f 7252 7433 7170
f 7339 7082 7343
f 7085 7346 7254
f 7083 7011 7434
f 7256 7434 7011
f 7170 7435 7019
f 7013 7436 7084
f 7344 7343 7015
f 7169 7086 7347
f 7084 7436 7171
f 6913 7262 7345
f 7172 7087 7260
f 7437 7346 7174
f 7438 7173 7088
f 7439 7174 7353
f 7175 7440 7263
f 7260 7440 7175
f 7266 7267 7441
f 7442 7093 7266
f 7093 7442 7354
f 7443 7268 7270
f 7268 7094 7270
f 7444 7267 7360
f 7024 7355 7271
f 7445 7446 7178
f 7446 7355 7178
f 7178 7026 7445
f 7447 7360 7095
f 7447 7095 7354
f 7271 7355 7448
f 7360 7449 7274
f 7447 7449 7360
f 7272 7271 7448
f 7362 7361 7450
f 7272 7451 7270
f 7026 7185 7445
f 7452 7187 7273
f 7027 7453 7186
f 7364 7182 7454
f 7453 7455 7186
f 7182 7366 7454
f 7456 7454 7366
f 7452 7098 7187
f 7189 7098 7452
f 7100 7457 7190
f 7370 7193 7368
f 7368 7276 7369
f 7195 7370 7194
f 7371 7189 7458
f 7459 7028 7101
f 6925 7194 7460
f 7461 7371 7458
f 7371 7461 7372
f 7462 7281 7283
f 7284 7463 7464
f 7283 7284 7464
f 7281 7465 7285
f 7285 7465 7374
f 7287 7374 7466
f 7467 7287 7466
f 7286 7468 7373
f 7287 7468 7286
f 7467 7468 7287
f 6962 7046 7469
f 6862 7375 7211
f 6863 7376 7377
f 7470 7380 7047
f 7375 7128 7471
f 7051 7048 7211
f 7471 7128 7381
f 7051 7211 7472
f 7213 7379 7305
f 7305 7302 7213
f 7046 7303 7473
f 7134 7305 7383
f 7052 7384 7306
f 7474 7218 7307
f 7475 7476 7307
f 7304 7390 7477
f 7477 7390 7478
f 7135 7479 7221
f 7312 7307 7223
f 7142 7480 7224
f 7386 7481 7387
f 7482 7313 7057
f 7482 7057 7224
f 7142 7392 7480
f 7389 7387 7483
f 7222 7221 7484
f 7225 7395 7393
f 7401 7315 7140
f 7485 7318 7226
f 7317 7146 7395
f 7486 7397 7313
f 7405 7318 7485
f 7402 7228 7229
f 7147 7487 7488
f 7403 7487 7147
f 7488 7319 7147
f 7487 7489 7488
f 7321 7320 7490
f 7404 7405 7410
f 7321 7490 7406
f 7321 7407 7152
f 7410 7405 7327
f 7491 7230 7409
f 7407 7235 7152
f 7235 7234 7152
f 7231 7322 7408
f 7154 7231 7408
f 7063 7062 7492
f 7409 7493 7494
f 7156 7324 7407
f 7407 7324 7495
f 7152 7157 6983
f 7152 7234 7157
f 7322 7496 7408
f 7493 7409 7323
f 7324 7235 7414
f 7157 7234 7238
f 7412 7405 7497
f 7236 7408 7415
f 7418 7492 7062
f 7413 7233 7498
f 7495 7324 7416
f 7322 7331 7499
f 7239 7415 7500
f 7328 7501 7420
f 7323 7162 7502
f 7416 7329 7503
f 7419 7417 7325
f 7412 7504 7419
f 7239 7500 7241
f 7505 7158 7242
f 7420 7505 7242
f 7162 7420 7502
f 7331 7421 7499
f 7506 7420 7244
f 7420 7162 7244
f 7332 7422 7421
f 7500 7422 7241
f 7333 7507 7334
f 7333 7243 7507
f 7244 7075 7506
f 7075 7426 7506
f 7424 7336 7245
f 7336 7424 7166
f 7424 7247 7429
f 7166 7424 7337
f 7508 7424 7429
f 7337 7424 7508
f 7335 7430 7248
f 7337 7508 7428
f 7432 7248 7430
f 7432 7431 7248
f 7254 7509 7342
f 7250 7249 7340
f 7431 7432 7255
f 7433 7081 7510
f 7510 7081 7169
f 7433 7435 7170
f 7511 7168 7340
f 7013 7257 7436
f 7435 7512 7019
f 7349 7019 7512
f 7089 7171 7513
f 7088 7259 7438
f 7089 7513 7348
f 7087 7514 7260
f 7258 7350 7515
f 7438 7261 7173
f 7268 7353 7176
f 7266 7441 7442
f 7516 7515 7350
f 7092 7517 7269
f 7352 7516 7350
f 7269 7444 7096
f 7444 7360 7274
f 7359 7362 7518
f 7269 7518 7444
f 7444 7274 7096
f 7519 7448 7355
f 7450 7361 7520
f 7445 7185 7521
f 7180 7365 7363
f 7448 7451 7272
f 7522 7450 7520
f 7522 7520 7273
f 7185 7188 7523
f 7273 7520 7452
f 7186 7522 7273
f 7524 7453 7027
f 7524 7027 7274
f 7525 7364 7454
f 7364 7525 7366
f 7367 7523 7188
f 7366 7525 7526
f 7526 7456 7366
f 7527 7525 7456
f 7456 7525 7454
f 7527 7456 7528
f 7529 7190 7457
f 7530 7368 7369
f 7367 7028 7531
f 7102 7278 7275
f 6923 7279 7278
f 7372 7530 7369
f 7028 7459 7531
f 7529 7277 7190
f 7532 7279 6925
f 7460 7532 6925
f 7533 7281 7462
f 7284 7373 7463
f 6962 7469 7470
f 7047 6962 7470
f 7217 7534 7378
f 7214 7212 7382
f 7535 7051 7472
f 7051 7535 7135
f 7383 7534 7217
f 7305 7379 7383
f 7535 7479 7135
f 7474 7536 7218
f 7222 7537 7384
f 7136 7306 7538
f 7476 7474 7307
f 7385 7219 7539
f 7539 7540 7385
f 7541 7391 7130
f 7537 7222 7542
f 7543 7054 7308
f 7224 7474 7476
f 7474 7224 7480
f 7542 7222 7544
f 7543 7545 7394
f 7058 7543 7394
f 7315 7543 7058
f 7315 7054 7543
f 7226 7054 7546
f 7307 7312 7547
f 7475 7307 7547
f 7224 7476 7482
f 7548 7144 7385
f 7309 7310 7549
f 7481 7483 7387
f 7483 7550 7389
f 7551 7478 7390
f 7544 7222 7484
f 7544 7314 7552
f 7314 7138 7552
f 7552 7138 7311
f 7139 7553 7311
f 7139 7394 7554
f 7310 7393 7549
f 7555 7486 7313
f 7482 7555 7313
f 7556 7395 7146
f 7145 7399 7403
f 7146 7402 7556
f 7497 7405 7485
f 7557 7558 7559
f 7558 7560 7559
f 7399 7398 7561
f 7561 7487 7403
f 7402 7229 7562
f 7320 7319 7490
f 7558 7557 7563
f 7487 7561 7564
f 7489 7487 7564
f 7565 7566 7494
f 7567 7565 7493
f 7488 7489 7568
f 7411 7063 7492
f 7409 7569 7491
f 7494 7493 7565
f 7233 7406 7498
f 7235 7407 7570
f 7410 7571 7404
f 7572 7411 7492
f 7409 7494 7569
f 7489 7573 7568
f 7568 7498 7574
f 7235 7570 7414
f 7410 7326 7571
f 7408 7496 7415
f 7413 7568 7573
f 7498 7568 7413
f 7411 7575 7328
f 7413 7573 7576
f 7416 7570 7495
f 7577 7069 7414
f 7328 7575 7501
f 7329 7576 7503
f 7329 7413 7576
f 7322 7499 7578
f 7500 7415 7578
f 7579 7504 7412
f 7505 7418 7158
f 7507 7416 7503
f 7501 7502 7420
f 7420 7506 7505
f 7330 7580 7243
f 7581 7582 7583
f 7581 7419 7582
f 7419 7504 7582
f 7500 7584 7422
f 7585 7582 7504
f 7507 7243 7586
f 7243 7580 7587
f 7586 7423 7334
f 7586 7243 7587
f 7423 7588 7165
f 7425 7165 7588
f 7428 7508 7429
f 7338 7339 7589
f 7249 7427 7590
f 7340 7249 7590
f 7591 7509 7254
f 7339 7343 7592
f 7346 7591 7254
f 7593 7435 7433
f 7593 7433 7594
f 7510 7594 7433
f 7510 7169 7347
f 7257 7168 7511
f 7171 7436 7513
f 7595 7265 7596
f 7265 7349 7596
f 7348 7513 7597
f 7438 7259 7598
f 7087 7345 7514
f 7258 7515 7259
f 7174 7439 7437
f 7595 7517 7265
f 7438 7599 7261
f 7439 7353 7600
f 7439 7600 7601
f 7265 7517 7092
f 7261 7599 7351
f 7268 7602 7353
f 7441 7267 7444
f 7358 7357 7603
f 7518 7604 7359
f 7518 7269 7604
f 7442 7447 7354
f 7443 7270 7451
f 7362 7605 7518
f 7606 7448 7519
f 7450 7605 7362
f 7521 7185 7523
f 7607 7524 7274
f 7274 7449 7607
f 7608 7451 7448
f 7448 7606 7608
f 7186 7455 7522
f 7367 7609 7523
f 7531 7609 7367
f 7527 7526 7525
f 7452 7458 7189
f 7610 7526 7527
f 7610 7527 7611
f 7526 7528 7456
f 7610 7528 7526
f 7612 7370 7368
f 7528 7611 7527
f 7528 7610 7613
f 7279 7614 7615
f 7194 7616 7460
f 7613 7611 7528
f 7529 7617 7277
f 7462 7283 7464
f 7461 7618 7372
f 7618 7619 7372
f 7101 7280 7459
f 7533 7620 7281
f 7277 7617 7280
f 7464 7463 7621
f 7620 7465 7281
f 7463 7373 7622
f 7622 7373 7623
f 7466 7374 7624
f 7376 7625 7377
f 7469 7046 7473
f 7376 7131 7625
f 7471 7381 7626
f 7211 7627 7472
f 7131 7129 7625
f 7625 7129 7377
f 7303 7302 7628
f 7629 6963 7382
f 7534 7539 7630
f 7534 7540 7539
f 7383 7540 7534
f 7309 7302 7305
f 7388 7631 7386
f 7386 7631 7632
f 7304 7633 7381
f 7136 7538 7634
f 7136 7634 7308
f 7389 7635 7388
f 7130 7215 7541
f 7304 7636 7633
f 7304 7477 7636
f 7543 7308 7637
f 7474 7480 7536
f 7638 7391 7541
f 7637 7545 7543
f 7315 7546 7054
f 7639 7144 7548
f 7640 7309 7549
f 7484 7221 7641
f 7139 7554 7553
f 7475 7482 7476
f 7393 7642 7549
f 7549 7643 7644
f 7390 7391 7638
f 7638 7551 7390
f 7645 7314 7544
f 7315 7401 7546
f 7226 7546 7646
f 7647 7393 7395
f 7645 7398 7314
f 7485 7226 7646
f 7644 7643 7648
f 7648 7643 7649
f 7402 7650 7556
f 7557 7559 7650
f 7559 7556 7650
f 7649 7651 7652
f 7651 7649 7643
f 7399 7561 7403
f 7404 7653 7400
f 7650 7402 7566
f 7650 7566 7567
f 7567 7557 7650
f 7560 7558 7563
f 7649 7652 7654
f 7561 7398 7564
f 7655 7490 7319
f 7229 7230 7491
f 7565 7567 7566
f 7652 7656 7654
f 7490 7657 7406
f 7488 7568 7574
f 7491 7569 7572
f 7406 7574 7498
f 7407 7495 7570
f 7492 7658 7572
f 7572 7569 7411
f 7414 7570 7659
f 7569 7575 7411
f 7412 7497 7579
f 7418 7658 7492
f 7414 7659 7577
f 7326 7417 7571
f 7496 7578 7415
f 7322 7578 7496
f 7501 7575 7660
f 7661 7416 7507
f 7502 7501 7660
f 7504 7579 7662
f 7507 7503 7663
f 7069 7577 7330
f 7581 7662 7419
f 7585 7419 7662
f 7419 7585 7583
f 7504 7583 7585
f 7583 7504 7581
f 7662 7581 7504
f 7664 7505 7506
f 7507 7663 7665
f 7583 7666 7419
f 7665 7334 7507
f 7334 7665 7586
f 7667 7586 7665
f 7586 7667 7507
f 7668 7421 7422
f 7422 7584 7669
f 7669 7668 7422
f 7506 7426 7670
f 7580 7671 7587
f 7586 7588 7423
f 7671 7588 7586
f 7587 7671 7586
f 7589 7672 7338
f 7673 7674 7675
f 7674 7676 7675
f 7339 7592 7589
f 7509 7591 7677
f 7674 7593 7676
f 7340 7590 7678
f 7674 7673 7679
f 7679 7593 7674
f 7676 7593 7594
f 7511 7340 7678
f 7510 7347 7680
f 7343 7681 7592
f 7256 7682 7434
f 7683 7593 7679
f 7593 7683 7435
f 7343 7344 7681
f 7680 7347 7684
f 7513 7436 7685
f 7686 7685 7436
f 7436 7257 7686
f 7344 7083 7687
f 7435 7688 7512
f 7683 7688 7435
f 7511 7686 7257
f 7347 7348 7684
f 7512 7688 7349
f 7597 7684 7348
f 7349 7688 7596
f 7345 7262 7689
f 7345 7690 7514
f 7438 7598 7599
f 7514 7690 7691
f 7353 7602 7600
f 7440 7692 7263
f 7260 7691 7440
f 7260 7514 7691
f 7517 7604 7269
f 7515 7516 7693
f 7443 7602 7268
f 7694 7357 7359
f 7444 7695 7441
f 7442 7695 7447
f 7359 7696 7694
f 7604 7696 7359
f 7444 7697 7695
f 7698 7443 7451
f 7519 7355 7446
f 7444 7518 7697
f 7447 7695 7607
f 7449 7447 7607
f 7605 7450 7522
f 7699 7608 7606
f 7608 7700 7451
f 7608 7701 7700
f 7608 7699 7701
f 7452 7702 7458
f 7457 7609 7531
f 7703 7609 7457
f 7457 7100 7703
f 7100 7704 7703
f 7100 7275 7704
f 7612 7705 7370
f 7613 7610 7611
f 7278 7706 7275
f 7279 7706 7278
f 7279 7615 7706
f 7614 7279 7532
f 7460 7462 7707
f 7460 7707 7532
f 7462 7460 7533
f 7460 7616 7533
f 7616 7194 7370
f 7530 7372 7619
f 7461 7458 7708
f 7529 7709 7617
f 7464 7710 7462
f 7461 7708 7618
f 7617 7459 7280
f 7463 7622 7621
f 7620 7711 7465
f 7465 7711 7374
f 7374 7711 7624
f 7466 7712 7467
f 7373 7713 7623
f 7468 7713 7373
f 7467 7714 7468
f 7378 7534 7630
f 7630 7379 7378
f 7382 7212 7715
f 7630 7716 7379
f 7539 7717 7630
f 7379 7716 7383
f 7628 7302 7309
f 7628 7309 7718
f 7719 7382 7715
f 7720 6963 7629
f 7215 6963 7720
f 7306 7384 7721
f 7538 7306 7721
f 7219 7218 7722
f 7539 7219 7717
f 7383 7716 7540
f 7309 7640 7718
f 7629 7382 7719
f 7633 7636 7723
f 7308 7634 7637
f 7536 7480 7724
f 7540 7548 7385
f 7386 7725 7481
f 7480 7392 7724
f 7726 7640 7549
f 7544 7552 7542
f 7312 7727 7547
f 7728 7482 7475
f 7144 7639 7392
f 7481 7725 7729
f 7645 7544 7484
f 7728 7555 7482
f 7729 7725 7730
f 7731 7730 7725
f 7481 7729 7483
f 7732 7546 7401
f 7646 7546 7732
f 7733 7646 7732
f 7312 7396 7727
f 7395 7556 7647
f 7549 7651 7643
f 7644 7648 7734
f 7730 7731 7734
f 7735 7736 7737
f 7401 7733 7738
f 7485 7738 7733
f 7738 7485 7400
f 7646 7400 7485
f 7400 7646 7401
f 7733 7401 7646
f 7485 7739 7497
f 7647 7556 7740
f 7556 7559 7740
f 7397 7741 7396
f 7397 7486 7741
f 7653 7738 7400
f 7648 7649 7742
f 7402 7562 7566
f 7563 7743 7560
f 7742 7649 7654
f 7488 7655 7319
f 7657 7490 7655
f 7744 7566 7562
f 7563 7557 7567
f 7654 7656 7745
f 7746 7747 7497
f 7494 7566 7744
f 7748 7491 7572
f 7574 7406 7657
f 7571 7749 7653
f 7571 7653 7404
f 7572 7658 7748
f 7657 7750 7574
f 7497 7747 7579
f 7494 7575 7569
f 7751 7493 7752
f 7753 7571 7754
f 7754 7571 7417
f 7752 7493 7323
f 7418 7660 7658
f 7570 7416 7661
f 7502 7752 7323
f 7502 7660 7755
f 7755 7752 7502
f 7756 7757 7758
f 7418 7505 7759
f 7503 7576 7663
f 7505 7664 7759
f 7760 7761 7758
f 7760 7758 7757
f 7580 7330 7577
f 7666 7417 7419
f 7584 7500 7762
f 7762 7763 7584
f 7506 7670 7664
f 7665 7663 7764
f 7582 7765 7766
f 7766 7583 7582
f 7767 7427 7425
f 7427 7767 7590
f 7768 7675 7676
f 7342 7509 7769
f 7509 7677 7769
f 7256 7342 7769
f 7434 7682 7770
f 7687 7681 7344
f 7083 7770 7687
f 7434 7770 7083
f 7591 7346 7771
f 7346 7437 7772
f 7772 7437 7773
f 7439 7601 7437
f 7595 7596 7774
f 7345 7689 7690
f 7774 7517 7595
f 7515 7693 7259
f 7693 7598 7259
f 7262 7263 7689
f 7263 7692 7689
f 7600 7602 7775
f 7776 7351 7599
f 7692 7440 7691
f 7441 7695 7442
f 7352 7777 7516
f 7776 7352 7351
f 7698 7602 7443
f 7694 7603 7357
f 7361 7778 7520
f 7778 7361 7358
f 7698 7451 7779
f 7694 7605 7780
f 7696 7605 7694
f 7605 7696 7518
f 7518 7696 7697
f 7780 7697 7696
f 7697 7780 7605
f 7695 7697 7607
f 7519 7781 7606
f 7782 7699 7606
f 7520 7783 7452
f 7605 7522 7784
f 7697 7524 7607
f 7451 7700 7779
f 7522 7455 7784
f 7701 7699 7782
f 7783 7702 7452
f 7453 7784 7455
f 7784 7453 7524
f 7609 7703 7785
f 7612 7368 7786
f 7530 7786 7368
f 7529 7457 7531
f 7616 7370 7787
f 7530 7788 7789
f 7786 7530 7789
f 7704 7709 7529
f 7710 7621 7615
f 7710 7707 7462
f 7788 7530 7619
f 7790 7709 7704
f 7791 7790 7792
f 7710 7464 7621
f 7459 7793 7531
f 7791 7709 7790
f 7793 7459 7617
f 7621 7622 7794
f 7795 7622 7623
f 7466 7624 7712
f 7380 7470 7796
f 7797 7716 7630
f 7303 7628 7473
f 7626 7381 7633
f 7630 7717 7798
f 7218 7536 7722
f 7722 7717 7219
f 7716 7799 7540
f 7386 7632 7725
f 7800 7550 7719
f 7801 7719 7550
f 7629 7719 7801
f 7802 7538 7553
f 7803 7545 7637
f 7540 7804 7548
f 7389 7550 7800
f 7805 7477 7478
f 7552 7806 7542
f 7311 7806 7552
f 7311 7807 7806
f 7807 7311 7553
f 7553 7554 7802
f 7549 7644 7726
f 7550 7483 7801
f 7478 7551 7805
f 7394 7808 7554
f 7647 7642 7393
f 7809 7483 7729
f 7736 7810 7737
f 7805 7551 7811
f 7484 7812 7645
f 7732 7401 7738
f 7728 7813 7555
f 7549 7642 7651
f 7645 7812 7398
f 7733 7739 7485
f 7733 7732 7739
f 7732 7738 7739
f 7734 7814 7730
f 7734 7648 7814
f 7809 7729 7730
f 7736 7735 7815
f 7816 7817 7818
f 7740 7559 7560
f 7819 7817 7820
f 7821 7817 7819
f 7821 7818 7817
f 7653 7739 7738
f 7653 7746 7739
f 7740 7560 7743
f 7822 7823 7818
f 7564 7398 7824
f 7497 7739 7746
f 7229 7491 7825
f 7229 7825 7562
f 7654 7826 7742
f 7493 7751 7567
f 7488 7574 7655
f 7655 7574 7750
f 7491 7748 7825
f 7745 7656 7827
f 7746 7828 7747
f 7828 7753 7747
f 7571 7753 7749
f 7754 7747 7753
f 7579 7747 7829
f 7747 7754 7829
f 7830 7660 7575
f 7660 7830 7658
f 7570 7661 7659
f 7417 7829 7754
f 7418 7759 7660
f 7757 7756 7831
f 7757 7831 7760
f 7579 7829 7662
f 7659 7661 7832
f 7755 7660 7759
f 7833 7663 7576
f 7832 7661 7667
f 7666 7829 7417
f 7499 7762 7578
f 7578 7762 7500
f 7661 7507 7667
f 7577 7834 7580
f 7585 7662 7835
f 7499 7421 7836
f 7762 7499 7836
f 7837 7664 7670
f 7836 7763 7762
f 7765 7582 7585
f 7765 7585 7835
f 7421 7668 7836
f 7671 7580 7838
f 7839 7583 7766
f 7584 7763 7669
f 7670 7426 7840
f 7841 7588 7671
f 7669 7836 7668
f 7765 7842 7766
f 7842 7839 7766
f 7843 7426 7338
f 7425 7588 7841
f 7767 7425 7844
f 7845 7338 7672
f 7672 7846 7845
f 7590 7767 7847
f 7672 7589 7848
f 7846 7672 7848
f 7589 7592 7848
f 7673 7849 7679
f 7594 7850 7676
f 7769 7682 7256
f 7594 7851 7850
f 7510 7851 7594
f 7592 7681 7852
f 7511 7678 7853
f 7682 7854 7770
f 7855 7680 7684
f 7511 7853 7686
f 7346 7772 7771
f 7855 7684 7597
f 7688 7774 7596
f 7437 7601 7856
f 7775 7601 7600
f 7690 7689 7857
f 7690 7857 7691
f 7517 7774 7858
f 7689 7692 7859
f 7517 7858 7604
f 7691 7860 7692
f 7698 7861 7602
f 7446 7445 7862
f 7862 7445 7521
f 7862 7521 7863
f 7778 7358 7864
f 7358 7603 7864
f 7858 7780 7604
f 7352 7776 7777
f 7696 7604 7780
f 7698 7779 7861
f 7446 7865 7519
f 7519 7865 7866
f 7866 7781 7519
f 7867 7606 7781
f 7520 7868 7783
f 7867 7782 7606
f 7697 7605 7524
f 7524 7605 7784
f 7783 7869 7702
f 7700 7701 7870
f 7782 7870 7701
f 7871 7612 7869
f 7614 7532 7872
f 7872 7532 7707
f 7871 7705 7612
f 7612 7786 7869
f 7702 7869 7786
f 7704 7873 7703
f 7704 7275 7790
f 7874 7790 7275
f 7706 7874 7275
f 7875 7702 7786
f 7702 7875 7458
f 7531 7873 7529
f 7873 7704 7529
f 7876 7615 7614
f 7873 7531 7793
f 7794 7877 7621
f 7621 7877 7615
f 7615 7876 7710
f 7878 7793 7709
f 7533 7616 7620
f 7616 7879 7620
f 7880 7788 7619
f 7793 7617 7709
f 7709 7791 7881
f 7619 7618 7880
f 7618 7708 7882
f 7620 7883 7711
f 7714 7467 7712
f 7468 7884 7713
f 7885 7886 7887
f 7470 7469 7796
f 7886 7888 7887
f 7211 7375 7627
f 7473 7889 7469
f 7472 7627 7890
f 7796 7891 7380
f 7212 7380 7892
f 7715 7212 7892
f 7798 7797 7630
f 7631 7893 7632
f 7631 7388 7635
f 7894 7479 7535
f 7215 7720 7895
f 7384 7537 7896
f 7384 7896 7721
f 7722 7897 7717
f 7632 7898 7725
f 7389 7800 7635
f 7479 7641 7221
f 7538 7721 7553
f 7538 7802 7634
f 7548 7897 7639
f 7548 7804 7897
f 7725 7898 7731
f 7553 7721 7807
f 7899 7475 7547
f 7899 7728 7475
f 7392 7639 7900
f 7638 7541 7901
f 7484 7641 7902
f 7808 7394 7545
f 7803 7808 7545
f 7736 7903 7810
f 7902 7641 7816
f 7904 7905 7906
f 7803 7905 7904
f 7899 7813 7728
f 7907 7642 7647
f 7908 7651 7642
f 7909 7551 7638
f 7811 7817 7816
f 7902 7816 7818
f 7486 7555 7910
f 7907 7647 7740
f 7730 7911 7809
f 7735 7737 7912
f 7551 7820 7811
f 7817 7811 7820
f 7812 7913 7398
f 7727 7396 7741
f 7914 7727 7741
f 7907 7740 7743
f 7911 7730 7814
f 7815 7735 7915
f 7913 7824 7398
f 7486 7916 7741
f 7910 7916 7486
f 7652 7651 7917
f 7651 7908 7917
f 7818 7821 7822
f 7744 7562 7825
f 7652 7917 7656
f 7564 7824 7918
f 7657 7655 7750
f 7653 7828 7746
f 7494 7744 7919
f 7563 7567 7751
f 7743 7563 7751
f 7918 7489 7564
f 7494 7919 7920
f 7921 7922 7654
f 7918 7573 7489
f 7653 7749 7828
f 7745 7827 7921
f 7921 7654 7745
f 7658 7830 7748
f 7920 7575 7494
f 7659 7832 7577
f 7834 7577 7832
f 7832 7667 7923
f 7666 7662 7829
f 7924 7925 7926
f 7764 7663 7833
f 7662 7666 7835
f 7667 7665 7923
f 7923 7665 7764
f 7834 7838 7580
f 7583 7835 7666
f 7837 7670 7927
f 7670 7840 7927
f 7835 7583 7839
f 7835 7839 7765
f 7836 7928 7763
f 7671 7838 7841
f 7836 7669 7928
f 7763 7928 7669
f 7840 7426 7843
f 7841 7844 7425
f 7929 7930 7931
f 7930 7932 7931
f 7931 7933 7929
f 7933 7931 7932
f 7934 7845 7846
f 7932 7935 7677
f 7675 7768 7673
f 7935 7769 7677
f 7936 7769 7935
f 7673 7768 7849
f 7676 7850 7768
f 7590 7847 7678
f 7682 7769 7854
f 7854 7769 7936
f 7937 7677 7591
f 7680 7851 7510
f 7679 7938 7683
f 7681 7687 7939
f 7770 7940 7687
f 7686 7941 7685
f 7687 7942 7939
f 7685 7597 7513
f 7685 7855 7597
f 7686 7943 7941
f 7943 7686 7853
f 7944 7774 7688
f 7856 7773 7437
f 7859 7857 7689
f 7945 7599 7598
f 7945 7776 7599
f 7945 7946 7776
f 7859 7692 7860
f 7602 7861 7775
f 7862 7865 7446
f 7520 7778 7947
f 7948 7694 7780
f 7866 7861 7781
f 7863 7521 7949
f 7520 7947 7868
f 7779 7781 7861
f 7781 7779 7867
f 7523 7949 7521
f 7523 7785 7949
f 7700 7867 7779
f 7523 7609 7785
f 7783 7868 7869
f 7700 7870 7867
f 7782 7867 7870
f 7707 7950 7872
f 7871 7951 7705
f 7871 7869 7789
f 7952 7703 7873
f 7952 7873 7878
f 7874 7792 7790
f 7953 7876 7614
f 7705 7787 7370
f 7788 7871 7789
f 7615 7877 7706
f 7876 7950 7710
f 7710 7950 7707
f 7875 7786 7789
f 7878 7873 7793
f 7878 7709 7954
f 7955 7877 7794
f 7956 7955 7794
f 7709 7881 7954
f 7792 7957 7791
f 7875 7882 7708
f 7458 7875 7708
f 7879 7883 7620
f 7958 7880 7618
f 7882 7959 7618
f 7794 7622 7795
f 7711 7883 7960
f 7711 7960 7961
f 7961 7962 7711
f 7711 7962 7624
f 7795 7623 7963
f 7624 7962 7964
f 7712 7624 7964
f 7713 7963 7623
f 7714 7884 7468
f 7888 7965 7887
f 7888 7885 7471
f 7886 7885 7888
f 7471 7885 7375
f 7888 7471 7626
f 7473 7628 7889
f 7380 7891 7966
f 7535 7472 7894
f 7967 7626 7633
f 7723 7967 7633
f 7542 7968 7537
f 7540 7799 7804
f 7718 7640 7969
f 7215 7895 7541
f 7634 7802 7970
f 7803 7637 7971
f 7637 7634 7971
f 7726 7969 7640
f 7895 7901 7541
f 7721 7972 7807
f 7802 7554 7973
f 7802 7973 7970
f 7900 7724 7392
f 7974 7477 7805
f 7973 7554 7808
f 7726 7644 7734
f 7809 7801 7483
f 7484 7902 7812
f 7803 7975 7808
f 7803 7904 7975
f 7976 7905 7977
f 7905 7803 7977
f 7978 7801 7809
f 7638 7901 7909
f 7904 7979 7975
f 7904 7977 7979
f 7980 7979 7977
f 7979 7980 7906
f 7976 7906 7980
f 7906 7976 7904
f 7977 7904 7976
f 7980 7905 7976
f 7980 7981 7905
f 7981 7906 7905
f 7910 7727 7813
f 7982 7813 7727
f 7813 7982 7555
f 7547 7555 7982
f 7555 7547 7910
f 7727 7910 7547
f 7908 7642 7907
f 7736 7815 7903
f 7906 7983 7979
f 7983 7906 7981
f 7727 7914 7982
f 7910 7813 7984
f 7985 7986 7987
f 7915 7985 7987
f 7915 7735 7912
f 7986 7988 7987
f 7915 7987 7989
f 7902 7818 7823
f 7741 7916 7914
f 7990 7821 7819
f 7823 7991 7902
f 7917 7992 7656
f 7993 7742 7826
f 7823 7994 7995
f 7823 7995 7991
f 7919 7744 7825
f 7751 7996 7743
f 7656 7992 7827
f 7654 7922 7826
f 7825 7748 7920
f 7828 7749 7753
f 7748 7830 7920
f 7575 7920 7830
f 7997 7831 7756
f 7831 7998 7760
f 7998 7999 7760
f 7756 8000 7997
f 7756 7758 8000
f 8000 7758 8001
f 7759 7664 8002
f 7761 8001 7758
f 7834 7832 7923
f 8001 7761 8003
f 8004 7924 7926
f 7764 7833 8005
f 7834 7923 8006
f 8007 8008 8009
f 7764 8005 8006
f 8006 7923 7764
f 7838 7834 8006
f 7927 7840 8010
f 7838 8011 7841
f 7765 7839 7842
f 7338 7934 7843
f 7930 7935 7932
f 7338 7845 7934
f 7934 7846 8012
f 7768 8013 7849
f 7846 7848 8012
f 7932 7677 7933
f 7677 7937 7933
f 8013 7768 7850
f 7592 8014 7848
f 7678 7847 8015
f 7938 7679 7849
f 7937 7591 7771
f 7681 7939 7852
f 7854 7940 7770
f 7855 7685 8016
f 7941 8016 7685
f 7943 7853 8017
f 8018 7942 7687
f 7683 7938 7944
f 7683 7944 7688
f 7601 8019 7856
f 7601 7775 8019
f 7775 7861 8020
f 7598 7693 7945
f 7860 8021 7859
f 7864 8022 7778
f 7694 8023 7864
f 7694 7864 7603
f 8024 7693 7516
f 7946 7777 7776
f 7866 8020 7861
f 7777 8024 7516
f 7694 7948 8023
f 7785 8025 7949
f 8026 7869 7868
f 7952 7785 7703
f 7614 7872 7953
f 7872 7950 8027
f 7872 8027 8028
f 7869 8026 7789
f 7874 7706 8029
f 7705 8030 7787
f 7705 7951 8030
f 7874 8031 7792
f 7955 7876 7953
f 7871 8032 7951
f 8032 7871 7788
f 7950 7876 7955
f 7787 7879 7616
f 7789 7882 7875
f 8033 7882 7789
f 7880 8032 7788
f 7881 8034 7954
f 7881 7957 8034
f 7791 7957 7881
f 7618 7959 7958
f 7960 8035 7961
f 7794 7795 8036
f 8036 7961 8035
f 8037 8036 7795
f 7712 8038 7714
f 7885 7887 7965
f 7469 7889 7796
f 7631 7891 7893
f 7631 7966 7891
f 7966 7892 7380
f 7966 7631 7635
f 7966 7635 8039
f 7716 7797 8040
f 7800 7719 8041
f 7896 7537 7968
f 8042 7897 7722
f 7717 7897 7798
f 7799 7716 8040
f 7969 7799 8040
f 7969 8040 7718
f 7629 7801 8043
f 7970 7971 7634
f 7897 8042 7639
f 7898 8044 7731
f 7801 8045 8043
f 7477 7974 7636
f 7542 7806 7968
f 7726 8046 7969
f 7726 8047 8046
f 8048 7968 7806
f 8049 7899 7547
f 7734 7731 8047
f 7903 8050 7810
f 7811 7816 8051
f 7816 8052 8051
f 8052 7816 7641
f 8053 7806 7807
f 8053 7807 7972
f 7977 7803 8054
f 7547 7982 8049
f 7899 8049 7813
f 7811 8051 7805
f 7975 8055 7808
f 7980 7977 8054
f 8054 7981 7980
f 8056 7981 8054
f 7812 7902 7913
f 7975 7979 8057
f 7983 8057 7979
f 7915 7912 7985
f 7551 7909 7820
f 7908 8058 7917
f 7993 7648 7742
f 7648 7993 7814
f 8059 7911 7814
f 7915 7989 7815
f 7815 8060 7903
f 7916 8061 7914
f 7917 8058 8062
f 7987 7988 7989
f 7902 7991 7913
f 7824 7913 7991
f 7819 7820 7990
f 7990 8063 7821
f 7821 8063 7822
f 7743 7996 8064
f 7994 7823 7822
f 7920 7919 7825
f 7827 7992 8065
f 7921 7827 8065
f 7995 7994 8066
f 8067 7996 7751
f 8068 8066 7994
f 7573 7918 8069
f 7752 8067 7751
f 7831 8068 7998
f 7831 7997 8068
f 7573 8069 7576
f 7760 7999 7761
f 8070 7925 8001
f 8071 8005 7833
f 8009 8072 8007
f 8001 8003 8070
f 7925 8070 7926
f 8073 7926 8070
f 8073 8004 7926
f 8074 8071 8004
f 7927 8075 7837
f 8010 7840 8076
f 7840 7843 8076
f 7930 8077 7935
f 8077 7930 8078
f 7930 7929 8078
f 8079 8080 8081
f 8079 8081 8082
f 7929 7933 8078
f 7933 8083 8078
f 8012 7848 8084
f 7937 8083 7933
f 7847 7767 8085
f 8086 8013 7850
f 8014 8084 7848
f 8086 7850 7851
f 7849 8087 7938
f 7853 7678 8088
f 7853 8089 8017
f 7940 8018 7687
f 7772 8090 7771
f 8018 8091 7942
f 8092 8090 7772
f 7772 7773 8092
f 7856 8019 7773
f 8019 8092 7773
f 8093 7858 7944
f 7944 7858 7774
f 7865 7862 7863
f 7778 8022 7947
f 7858 8094 8095
f 7859 8021 7857
f 7857 7860 7691
f 7858 8095 7780
f 7945 7693 8096
f 7693 8024 8096
f 7868 7947 8097
f 8022 7864 8023
f 7780 8095 7948
f 8024 7777 7946
f 8021 7860 8098
f 7872 8099 7953
f 7785 7952 8031
f 7874 8029 8031
f 7877 7953 8099
f 7792 8031 8100
f 7877 8029 7706
f 7955 7953 7877
f 7955 8027 7950
f 8032 8033 7951
f 7789 7951 8033
f 7954 7952 7878
f 7787 8030 7879
f 8033 8032 8101
f 7792 8100 7957
f 8101 8032 7880
f 8102 7956 7794
f 8101 7880 7958
f 8036 8102 7794
f 8037 7961 8036
f 7961 8037 8103
f 7961 8103 7962
f 7795 7963 8037
f 7712 7964 8038
f 7713 7884 8104
f 7375 7885 8105
f 7375 8105 7627
f 7888 8106 7965
f 8106 7888 7626
f 7627 8107 7890
f 7891 7796 8108
f 8107 8109 7890
f 8108 7893 7891
f 8110 7890 8109
f 7472 7890 8110
f 7797 7798 8111
f 7715 8041 7719
f 7894 7472 8110
f 8040 7797 8112
f 8113 7479 7894
f 7641 8113 8052
f 8113 7641 7479
f 7721 7896 8114
f 7536 7724 8115
f 7722 7536 8115
f 8042 7722 8115
f 7799 7969 8116
f 8117 8044 7898
f 7974 7723 7636
f 7968 8048 7896
f 8114 7972 7721
f 7900 8118 8115
f 7900 8115 7724
f 7803 7971 8054
f 8119 7900 7639
f 7639 8042 8119
f 8047 7726 7734
f 7801 7978 8045
f 7810 8050 7737
f 8120 7901 7895
f 7805 8051 7974
f 8121 8048 7806
f 8121 7806 8122
f 7808 8055 7973
f 8119 8123 7900
f 7737 8050 7912
f 8124 8055 7975
f 7982 8125 8049
f 7813 8049 7984
f 7809 8126 7978
f 8057 8124 7975
f 7809 7911 8126
f 7908 7907 8127
f 7982 7914 8061
f 7743 8127 7907
f 8059 7814 8128
f 8059 8126 7911
f 8059 8129 8126
f 8129 8130 8126
f 7910 8131 7916
f 7743 8064 8127
f 7815 7989 8132
f 7815 8132 8060
f 7990 7820 8133
f 7991 8134 7824
f 7916 8131 8061
f 7917 8062 7992
f 7918 7824 8134
f 7822 8135 7994
f 8135 8068 7994
f 8068 8135 8136
f 7998 8068 8136
f 7997 7998 8136
f 8068 7997 8066
f 7576 8069 8137
f 8067 7752 8138
f 7755 8138 7752
f 7999 7998 7997
f 7997 8000 7999
f 8139 7576 8137
f 7924 8140 7925
f 7576 8139 7833
f 8001 8141 8000
f 7925 8141 8001
f 8140 8141 7925
f 7833 8004 8071
f 8002 8142 7759
f 8143 8009 8008
f 8144 8003 7761
f 8144 7761 7999
f 8071 8074 8145
f 8005 8071 8145
f 7664 7837 8002
f 8008 8146 8147
f 8008 8007 8146
f 8074 8004 8073
f 7837 8075 8148
f 8075 7927 8010
f 8006 8145 8149
f 8006 8011 7838
f 7843 8150 8076
f 8011 7844 7841
f 8151 8152 8153
f 7934 8012 7843
f 8079 8154 8080
f 8082 8154 8079
f 7849 8013 8155
f 8085 8015 7847
f 8014 7592 7852
f 7678 8015 8088
f 8156 8083 7937
f 7680 7855 8157
f 7940 7854 8158
f 7771 8159 7937
f 7937 8159 8156
f 8088 8089 7853
f 7939 7942 8160
f 8018 7940 8161
f 8090 8159 7771
f 8162 7944 7938
f 7858 8093 8163
f 8019 7775 8164
f 7775 8020 8164
f 8165 8097 8022
f 8022 8097 7947
f 8096 8166 7945
f 7945 8166 7946
f 7857 8167 7860
f 7857 8021 8167
f 7865 8168 8169
f 7865 7863 8168
f 7863 7949 8168
f 8022 8023 8165
f 8167 8021 8170
f 8167 8098 7860
f 7865 8169 8020
f 7865 8020 7866
f 7868 8097 8171
f 7948 8095 8023
f 8172 8024 8166
f 8166 8024 7946
f 8170 8021 8098
f 8025 8173 7949
f 7785 8174 8175
f 7785 8176 8174
f 8028 8099 7872
f 7868 8171 8026
f 7785 8031 8176
f 7877 8099 8029
f 7789 8026 8177
f 8178 8027 7955
f 8030 7951 8179
f 7952 7954 8031
f 8100 8031 7954
f 7954 8034 8100
f 8180 7879 8030
f 8100 8034 7957
f 8180 7883 7879
f 8101 7959 8033
f 8180 7960 7883
f 8101 7958 7959
f 8033 7959 7882
f 8102 8036 8035
f 8103 7964 7962
f 7965 8181 7885
f 8182 8107 7627
f 8107 8182 8109
f 7626 7967 8106
f 8106 7967 8183
f 7797 8111 8112
f 7718 8184 7628
f 7893 7898 7632
f 7635 8185 8039
f 7635 7800 8185
f 7798 7897 8186
f 8040 8112 8187
f 7718 8040 8187
f 8187 8184 7718
f 7897 7804 8186
f 8187 8116 7969
f 8188 8187 7969
f 7969 8046 8188
f 7970 7973 8189
f 8189 7971 7970
f 7972 8190 8053
f 7973 8055 8189
f 8118 7900 8123
f 8121 8122 8191
f 8053 8122 7806
f 8053 8190 8122
f 7909 7901 8120
f 8192 7986 7985
f 8193 7903 8060
f 8194 7983 8056
f 7981 8056 7983
f 7986 8192 7988
f 7912 8195 8192
f 7912 8192 7985
f 8195 7912 8196
f 8133 7820 7909
f 7910 7984 8197
f 7993 8128 7814
f 8131 7910 8197
f 8129 8198 8130
f 7988 8199 7989
f 8061 8131 8200
f 8059 8128 8201
f 7989 8199 8202
f 8202 8132 7989
f 8129 8059 8201
f 8198 8129 8203
f 7992 8062 8065
f 8129 8201 8203
f 7991 7995 8204
f 7995 8066 8204
f 8064 7996 8205
f 7921 8206 7922
f 7921 8065 8206
f 7996 8067 8205
f 8207 8065 8208
f 7997 8136 8066
f 8000 8141 7999
f 7755 7759 8142
f 7755 8142 8138
f 8004 8140 7924
f 8209 8140 8004
f 7833 8209 8004
f 7999 8210 8144
f 8005 8145 8006
f 8002 7837 8148
f 8074 8073 8211
f 8212 8075 8010
f 8010 8076 8212
f 8006 8149 8011
f 8151 8213 8152
f 8152 8214 8153
f 8080 8154 8215
f 8012 8150 7843
f 8151 8153 8216
f 8151 8216 8217
f 8218 8219 8082
f 8214 8220 8153
f 8214 8221 8220
f 8153 8220 8216
f 8081 8218 8082
f 8222 8077 8078
f 7767 7844 8085
f 8222 8078 8083
f 8013 8223 8155
f 8077 7936 7935
f 8155 8087 7849
f 8085 8224 8015
f 8015 8224 8225
f 8158 7854 7936
f 7851 7680 8157
f 8015 8225 8088
f 8160 7942 8226
f 8162 8093 7944
f 8227 8228 8229
f 8229 8228 8230
f 7858 8163 8094
f 8231 8164 8020
f 8173 8232 8168
f 8173 8168 7949
f 8023 8233 8165
f 8096 8024 8172
f 8096 8172 8166
f 8167 8170 8098
f 8175 8173 8025
f 8025 8234 8175
f 8235 8234 8025
f 8232 8173 8174
f 8175 8174 8173
f 8175 8235 7785
f 7785 8235 8025
f 8174 8176 8236
f 8028 8178 8099
f 8178 8237 8099
f 8027 8178 8028
f 8031 8238 8239
f 8031 8239 8176
f 8177 7951 7789
f 7955 7956 8240
f 8241 8030 8179
f 8030 8241 8180
f 8102 8035 8242
f 8035 7960 8180
f 8037 7963 8243
f 8243 8244 8037
f 8037 8244 8103
f 7964 8103 8245
f 8038 7964 8245
f 7963 7713 8104
f 8181 8105 7885
f 7627 8105 8182
f 8246 8181 7965
f 7965 8106 8246
f 7966 8247 7892
f 7892 8247 8248
f 8248 7715 7892
f 8183 8246 8106
f 8108 8249 7893
f 7966 8039 8247
f 8041 7715 8248
f 8111 7798 8186
f 7893 8249 7898
f 8185 7800 8041
f 7898 8249 8117
f 8188 8116 8112
f 8187 8112 8116
f 8052 8113 8250
f 8251 8042 8115
f 8051 8052 8250
f 7972 8114 8252
f 8251 8119 8042
f 8051 8253 7974
f 8252 8190 7972
f 8054 7971 8254
f 8119 8255 8123
f 8193 8050 7903
f 8049 8256 7984
f 8050 8196 7912
f 8120 8257 7909
f 8197 7984 8256
f 7982 8061 8258
f 8125 7982 8258
f 8127 8058 7908
f 7909 8257 8133
f 8064 8259 8127
f 8058 8127 8259
f 8192 8199 7988
f 8199 8192 8195
f 8193 8060 8260
f 8061 8200 8258
f 7826 8261 7993
f 8064 8205 8259
f 8058 8262 8062
f 8202 8199 8195
f 8132 8263 8060
f 8134 7991 8204
f 7826 8264 8261
f 8203 8265 8198
f 8266 8198 8265
f 8267 8268 8269
f 7918 8134 8069
f 8262 8065 8062
f 7922 8206 7826
f 8265 8203 8270
f 8063 7990 8271
f 7822 8063 8135
f 8206 8065 8272
f 8273 8205 8067
f 8208 8262 8273
f 8262 8208 8065
f 8273 8067 8208
f 8207 8208 8067
f 8138 8274 8067
f 8274 8138 8072
f 8072 8275 8007
f 8072 8138 8275
f 8141 8276 7999
f 8277 8141 8140
f 8209 7833 8139
f 8009 8143 8072
f 8007 8275 8146
f 8070 8003 8278
f 8070 8279 8073
f 8279 8211 8073
f 8143 8008 8147
f 8148 8280 8002
f 8281 8146 8275
f 8148 8075 8212
f 8146 8281 8147
f 8282 8074 8211
f 8152 8213 8214
f 7844 8149 8283
f 8011 8149 7844
f 8150 8284 8076
f 7844 8283 8285
f 8217 8213 8151
f 8219 8154 8082
f 8286 7844 8285
f 8287 8221 8288
f 8287 8220 8221
f 8287 8289 8220
f 8220 8289 8216
f 8155 8223 8218
f 8222 8083 8290
f 8291 8216 8289
f 8080 8292 8081
f 8218 8081 8293
f 8293 8155 8218
f 8294 8081 8292
f 8293 8081 8294
f 8290 8083 8156
f 8084 8014 8295
f 8086 8157 8296
f 8086 7851 8157
f 8014 7852 8297
f 8295 8014 8297
f 8298 7855 8016
f 7939 8160 7852
f 8299 7938 8087
f 8298 8016 7941
f 7938 8299 8162
f 7941 8300 8298
f 8089 8301 8017
f 8017 8302 7943
f 7942 8091 8226
f 8090 8092 8019
f 8303 8228 8304
f 7943 8305 7941
f 7943 8302 8305
f 8019 8306 8090
f 8019 8164 8306
f 8228 8303 8307
f 8304 8228 8227
f 8308 8309 8310
f 8162 8311 8093
f 8227 8229 8312
f 8310 8309 8313
f 8228 8307 8230
f 8314 8315 8230
f 8315 8229 8230
f 8316 8317 8318
f 8314 8165 8319
f 8020 8320 8231
f 8165 8314 8097
f 8319 8165 8233
f 8321 8234 8235
f 8171 8097 8322
f 8323 8023 8095
f 8169 8320 8020
f 8316 8324 8317
f 8023 8323 8233
f 8236 8232 8174
f 8175 8234 8325
f 8235 8175 8325
f 8177 8326 8327
f 8176 8328 8236
f 8176 8239 8328
f 8329 8029 8330
f 8029 8099 8330
f 8099 8237 8330
f 8026 8331 8177
f 8331 8026 8171
f 8329 8031 8029
f 8178 8240 8237
f 8327 8179 8177
f 8240 8178 7955
f 8177 8179 7951
f 8240 7956 8102
f 8240 8102 8242
f 8180 8242 8035
f 8244 8332 8103
f 8104 8243 7963
f 8333 7714 8038
f 7714 8334 7884
f 8333 8334 7714
f 7796 7889 8335
f 7796 8335 8108
f 8182 8336 8109
f 8109 8336 8337
f 8112 8111 8338
f 8113 7894 8339
f 8249 8340 8117
f 8043 7720 7629
f 8186 7804 8341
f 8188 8112 8342
f 8188 8342 8187
f 8117 8343 8044
f 8343 8117 8340
f 7895 7720 8344
f 8345 8346 8115
f 8346 8251 8115
f 7799 8341 7804
f 7799 8116 8341
f 8253 8051 8347
f 8250 8347 8051
f 8114 7896 8048
f 8115 8118 8345
f 8346 8119 8251
f 8046 8348 8188
f 8047 8349 8046
f 8350 8047 7731
f 8048 8121 8191
f 8119 8346 8255
f 8189 8055 8351
f 8254 7971 8189
f 8118 8123 8352
f 7978 8353 8045
f 8055 8124 8351
f 8125 8256 8049
f 8056 8054 8354
f 8194 8056 8354
f 8057 7983 8355
f 8194 8355 7983
f 8128 7993 8261
f 8130 8266 8356
f 8198 8266 8130
f 8357 8268 8257
f 8200 8131 8258
f 8358 8131 8197
f 8359 8262 8259
f 8259 8262 8058
f 8268 8357 8269
f 8131 8358 8258
f 8202 8360 8132
f 8360 8263 8132
f 8361 8267 8269
f 8268 8267 8362
f 8268 8362 8363
f 7990 8133 8271
f 8267 8361 8364
f 8362 8267 8365
f 8271 8133 8366
f 8271 8135 8063
f 8066 8367 8204
f 8134 8368 8069
f 8206 8272 8264
f 7826 8206 8264
f 8365 8369 8362
f 8367 8066 8136
f 8207 8272 8065
f 8369 8370 8362
f 8371 8372 8373
f 8371 8374 8372
f 8371 8375 8374
f 8375 8371 8376
f 8376 8371 8373
f 8276 8141 8277
f 8277 8140 8209
f 8138 8142 8275
f 8072 8143 8377
f 8070 8278 8279
f 8142 8002 8280
f 8281 8275 8142
f 8074 8282 8145
f 8378 8145 8282
f 8145 8378 8149
f 8148 8212 8280
f 8379 8147 8281
f 8380 8212 8076
f 8284 8380 8076
f 8379 8281 8381
f 8214 8382 8383
f 8150 8012 8384
f 8385 8150 8384
f 8214 8383 8221
f 8386 8217 8216
f 8215 8292 8080
f 8383 8387 8221
f 8291 8386 8216
f 8085 7844 8286
f 8222 8290 8387
f 8221 8387 8288
f 8387 8290 8288
f 8223 8013 8086
f 8296 8223 8086
f 8388 8294 8292
f 8084 8295 8012
f 8156 8288 8290
f 8156 8389 8288
f 8155 8293 8087
f 8298 8157 7855
f 8156 8159 8389
f 7852 8160 8297
f 7940 8158 8161
f 8089 8088 8390
f 8391 8159 8090
f 8089 8390 8301
f 8303 8392 8393
f 8303 8393 8307
f 8302 8017 8301
f 8161 8394 8018
f 8308 8395 8309
f 8396 8308 8310
f 8397 8226 8091
f 8397 8091 8018
f 8397 8018 8394
f 8395 8398 8399
f 8395 8399 8309
f 8313 8309 8399
f 8163 8400 8094
f 8307 8314 8230
f 8229 8315 8312
f 8321 8310 8313
f 8401 8314 8307
f 8315 8314 8319
f 8318 8402 8316
f 8318 8317 8403
f 8094 8404 8095
f 8314 8401 8097
f 8095 8404 8323
f 8168 8405 8169
f 8168 8232 8405
f 8234 8313 8406
f 8321 8313 8234
f 8407 8403 8317
f 8401 8322 8097
f 8325 8234 8406
f 8317 8324 8407
f 8232 8236 8405
f 8330 8408 8329
f 8326 8177 8409
f 8235 8325 8328
f 8328 8239 8235
f 8238 8410 8239
f 8177 8331 8409
f 8322 8331 8171
f 8329 8411 8238
f 8031 8329 8238
f 8179 8327 8412
f 8179 8412 8241
f 8240 8242 8413
f 8244 8414 8332
f 8245 8103 8332
f 8243 8104 8415
f 8181 8416 8105
f 8105 8416 8182
f 8416 8336 8182
f 8417 7889 7628
f 8418 8108 8335
f 8418 8249 8108
f 7967 8336 8183
f 8109 8337 8110
f 8111 8186 8419
f 8419 8338 8111
f 8417 7628 8184
f 8418 8340 8249
f 8420 8039 8185
f 8420 8247 8039
f 8185 8041 8420
f 8041 8248 8420
f 8336 8421 8337
f 8336 7967 8421
f 7967 7723 8421
f 7894 8422 8339
f 8339 8423 8113
f 8341 8419 8186
f 8112 8338 8342
f 8187 8342 8424
f 8184 8187 8424
f 8350 8044 8343
f 8344 7720 8043
f 8113 8425 8250
f 8113 8423 8425
f 8341 8116 8426
f 8044 8350 7731
f 8348 8046 8427
f 8046 8349 8427
f 8047 8350 8349
f 8428 8120 7895
f 8114 8048 8191
f 8346 8345 8429
f 8430 8043 8045
f 8189 8351 8254
f 8118 8352 8345
f 8122 8431 8191
f 8254 8354 8054
f 8432 8123 8255
f 7978 8126 8353
f 8433 8125 8258
f 8256 8125 8433
f 8126 8130 8356
f 8193 8260 8434
f 8357 8120 8428
f 8057 8435 8124
f 8433 8258 8436
f 8196 8202 8195
f 8120 8357 8257
f 8355 8435 8057
f 8355 8194 8437
f 8358 8197 8438
f 8060 8263 8260
f 8205 8359 8259
f 8360 8202 8439
f 8359 8205 8273
f 8262 8359 8273
f 8201 8440 8203
f 8441 8203 8440
f 8270 8203 8441
f 8134 8204 8368
f 8368 8204 8367
f 8267 8442 8365
f 8135 8443 8136
f 8365 8442 8369
f 8370 8363 8362
f 8444 8272 8207
f 8372 8445 8373
f 8368 8137 8069
f 8444 8207 8067
f 8370 8369 8446
f 8137 8447 8139
f 8072 8377 8274
f 8276 8210 7999
f 8209 8448 8277
f 8447 8209 8139
f 8143 8147 8449
f 8143 8449 8377
f 8003 8144 8278
f 8144 8210 8278
f 8450 8279 8278
f 8211 8279 8451
f 8281 8142 8280
f 8452 8449 8147
f 8282 8211 8453
f 8147 8379 8452
f 8378 8282 8453
f 8454 8455 8456
f 8380 8280 8212
f 8280 8381 8281
f 8213 8382 8214
f 8213 8217 8382
f 8457 8458 8459
f 8455 8460 8456
f 8283 8461 8285
f 8150 8385 8284
f 8462 8382 8217
f 8215 8456 8460
f 8463 8456 8215
f 8154 8463 8215
f 8286 8285 8464
f 8385 8384 8465
f 8217 8386 8462
f 8215 8460 8292
f 8154 8219 8463
f 8466 8386 8291
f 8218 8467 8219
f 8468 8077 8222
f 8387 8468 8222
f 8469 8466 8291
f 8470 8218 8223
f 8295 8384 8012
f 8291 8289 8471
f 8471 8469 8291
f 8466 8469 8472
f 8473 8388 8292
f 8474 8287 8288
f 8389 8474 8288
f 8469 8475 8472
f 8293 8476 8087
f 8388 8477 8294
f 8294 8476 8293
f 8478 8294 8477
f 8476 8294 8478
f 8087 8476 8299
f 8478 8479 8476
f 8225 8480 8088
f 8088 8480 8390
f 8299 8476 8479
f 8159 8391 8389
f 8162 8299 8479
f 8160 8226 8481
f 8392 8303 8482
f 8482 8303 8304
f 8162 8479 8311
f 8305 8300 7941
f 8481 8226 8397
f 8161 8483 8394
f 8308 8484 8395
f 8164 8485 8306
f 8093 8311 8163
f 8395 8484 8398
f 8486 8396 8310
f 8487 8486 8310
f 8488 8487 8310
f 8227 8312 8489
f 8164 8231 8485
f 8310 8321 8488
f 8318 8490 8402
f 8404 8094 8491
f 8231 8320 8492
f 8313 8399 8493
f 8316 8402 8494
f 8492 8320 8495
f 8325 8406 8405
f 8408 8330 8496
f 8316 8494 8324
f 8326 8409 8497
f 8169 8495 8320
f 8169 8405 8498
f 8236 8325 8405
f 8499 8500 8408
f 8330 8237 8501
f 8501 8237 8494
f 8407 8324 8502
f 8325 8236 8328
f 8235 8239 8410
f 8408 8500 8329
f 8324 8413 8502
f 8500 8411 8329
f 8240 8413 8237
f 8331 8503 8409
f 8503 8331 8322
f 8504 8180 8505
f 8505 8180 8241
f 8413 8242 8504
f 8180 8504 8242
f 8243 8415 8244
f 8038 8245 8333
f 7884 8506 8104
f 7884 8334 8506
f 8181 8246 8507
f 7889 8417 8508
f 7889 8508 8335
f 8416 8183 8336
f 7894 8110 8509
f 7894 8509 8422
f 8418 8510 8340
f 8340 8510 8343
f 7895 8344 8511
f 7723 7974 8421
f 8347 8512 8253
f 8116 8513 8426
f 8188 8513 8116
f 8513 8188 8348
f 8427 8424 8348
f 8253 8514 7974
f 7895 8515 8428
f 8431 8516 8191
f 8114 8191 8516
f 8345 8352 8517
f 8429 8345 8517
f 8430 8045 8518
f 8430 8518 8050
f 8519 8518 8045
f 8123 8520 8352
f 8520 8517 8352
f 8126 8356 8353
f 8521 8431 8122
f 8190 8521 8122
f 8435 8351 8124
f 8351 8522 8254
f 8354 8254 8522
f 8256 8433 8197
f 8194 8354 8437
f 8356 8266 8523
f 8257 8268 8133
f 8258 8358 8436
f 8436 8358 8524
f 8268 8363 8525
f 8366 8133 8525
f 8526 8523 8266
f 8263 8527 8528
f 8269 8529 8361
f 8357 8529 8269
f 8264 8445 8261
f 8266 8265 8526
f 8267 8364 8442
f 8366 8530 8271
f 8201 8128 8440
f 8441 8531 8270
f 8265 8270 8532
f 8532 8270 8439
f 8360 8533 8263
f 8263 8533 8527
f 8534 8270 8531
f 8439 8270 8534
f 8535 8439 8534
f 8360 8439 8535
f 8533 8360 8535
f 8443 8271 8536
f 8135 8271 8443
f 8367 8136 8443
f 8537 8369 8442
f 8271 8530 8536
f 8369 8537 8446
f 8137 8368 8447
f 8067 8274 8538
f 8536 8539 8540
f 8209 8447 8448
f 8541 8542 8543
f 8277 8544 8276
f 8276 8278 8210
f 8544 8278 8276
f 8451 8279 8450
f 8450 8278 8545
f 8453 8211 8451
f 8546 8378 8453
f 8379 8547 8452
f 8455 8454 8548
f 8283 8149 8378
f 8381 8547 8379
f 8283 8378 8461
f 8458 8549 8459
f 8460 8455 8550
f 8550 8454 8456
f 8285 8461 8551
f 8381 8284 8385
f 8456 8463 8550
f 8550 8463 8460
f 8464 8285 8552
f 8382 8462 8383
f 8463 8473 8460
f 8460 8473 8292
f 8464 8553 8286
f 8386 8554 8462
f 8463 8555 8473
f 8219 8555 8463
f 8470 8467 8218
f 8077 8468 7936
f 8556 8473 8555
f 8295 8557 8384
f 8287 8558 8289
f 8473 8556 8388
f 8296 8559 8223
f 8224 8085 8286
f 8287 8474 8558
f 8388 8560 8477
f 8469 8471 8475
f 8157 8298 8296
f 8480 8225 8224
f 8161 8561 8562
f 8391 8090 8306
f 8563 8301 8390
f 8396 8484 8308
f 8392 8482 8393
f 8301 8563 8302
f 8304 8227 8489
f 8481 8397 8564
f 8484 8565 8398
f 8307 8393 8566
f 8564 8397 8394
f 8483 8567 8394
f 8568 8489 8312
f 8568 8312 8404
f 8400 8569 8094
f 8318 8403 8490
f 8315 8570 8312
f 8404 8312 8570
f 8404 8491 8568
f 8094 8569 8491
f 8315 8319 8571
f 8493 8406 8313
f 8402 8572 8494
f 8319 8573 8571
f 8570 8323 8404
f 8406 8493 8405
f 8235 8410 8321
f 8408 8496 8499
f 8494 8572 8501
f 8574 8500 8499
f 8496 8330 8501
f 8413 8494 8237
f 8324 8494 8413
f 8505 8407 8502
f 8497 8327 8326
f 8233 8575 8319
f 8323 8575 8233
f 8169 8498 8495
f 8411 8576 8410
f 8409 8503 8577
f 8500 8578 8411
f 8574 8578 8500
f 8411 8410 8238
f 8504 8502 8413
f 8505 8502 8504
f 8241 8412 8505
f 8104 8506 8415
f 8507 8416 8181
f 8507 8246 8183
f 8183 8416 8579
f 8580 8110 8337
f 8110 8580 8509
f 8183 8579 8507
f 8416 8581 8579
f 8422 8509 8582
f 8339 8422 8583
f 8423 8339 8583
f 8584 8342 8338
f 8342 8584 8424
f 8343 8585 8350
f 8250 8425 8347
f 8423 8586 8425
f 8426 8587 8341
f 8587 8419 8341
f 8043 8430 8588
f 8588 8344 8043
f 8348 8589 8513
f 8430 8050 8588
f 8511 8515 7895
f 8590 8429 8517
f 8587 8591 8592
f 8050 8593 8588
f 8193 8593 8050
f 8516 8431 8594
f 8353 8519 8045
f 8193 8434 8593
f 8595 8190 8252
f 8255 8346 8432
f 8432 8520 8123
f 8522 8351 8435
f 8050 8518 8196
f 8428 8596 8357
f 8435 8597 8522
f 8355 8597 8435
f 8433 8438 8197
f 8260 8263 8528
f 8133 8268 8525
f 8202 8196 8439
f 8196 8598 8439
f 8527 8599 8528
f 8529 8357 8600
f 8600 8357 8596
f 8597 8355 8601
f 8601 8355 8437
f 8261 8445 8602
f 8438 8524 8358
f 8440 8128 8603
f 8532 8526 8265
f 8532 8604 8526
f 8527 8533 8605
f 8364 8361 8529
f 8604 8532 8534
f 8606 8604 8535
f 8606 8535 8534
f 8606 8534 8532
f 8606 8532 8439
f 8606 8439 8598
f 8607 8367 8443
f 8608 8609 8531
f 8609 8534 8531
f 8604 8534 8609
f 8535 8604 8609
f 8537 8442 8610
f 8363 8370 8446
f 8611 8373 8445
f 8612 8445 8372
f 8443 8536 8540
f 8444 8067 8538
f 8372 8374 8612
f 8613 8539 8536
f 8611 8376 8373
f 8614 8376 8611
f 8612 8374 8615
f 8375 8376 8616
f 8616 8376 8614
f 8539 8617 8540
f 8541 8543 8618
f 8542 8619 8543
f 8620 8619 8542
f 8616 8621 8375
f 8621 8374 8375
f 8542 8541 8622
f 8278 8544 8545
f 8449 8452 8623
f 8624 8625 8626
f 8625 8624 8627
f 8450 8545 8548
f 8459 8628 8457
f 8450 8548 8454
f 8454 8629 8450
f 8630 8381 8280
f 8548 8550 8455
f 8454 8550 8629
f 8631 8551 8453
f 8551 8546 8453
f 8632 8461 8378
f 8633 8380 8284
f 8380 8633 8634
f 8630 8633 8381
f 8633 8284 8381
f 8635 8458 8457
f 8285 8551 8631
f 8552 8285 8631
f 8385 8636 8381
f 8385 8634 8633
f 8385 8633 8636
f 8547 8381 8636
f 8458 8635 8637
f 8464 8632 8638
f 8632 8464 8461
f 8552 8461 8464
f 8461 8552 8551
f 8458 8639 8549
f 8464 8638 8553
f 8637 8639 8458
f 8219 8467 8555
f 8640 8387 8383
f 8641 8462 8554
f 8640 8468 8387
f 8642 8477 8643
f 8556 8555 8467
f 8554 8289 8558
f 8554 8471 8289
f 8643 8477 8560
f 8559 8470 8223
f 8642 8644 8477
f 8556 8645 8388
f 8388 8645 8560
f 8472 8475 8646
f 8559 8296 8298
f 8158 7936 8647
f 8644 8648 8477
f 8295 8649 8561
f 8649 8295 8297
f 8561 8161 8158
f 8650 8651 8652
f 8650 8652 8653
f 8654 8477 8648
f 8478 8477 8654
f 8655 8298 8300
f 8478 8654 8656
f 8657 8658 8389
f 8478 8659 8479
f 8657 8389 8391
f 8651 8650 8660
f 8161 8562 8483
f 8479 8659 8311
f 8305 8661 8300
f 8662 8391 8306
f 8484 8396 8663
f 8664 8665 8656
f 8311 8659 8665
f 8659 8656 8665
f 8396 8486 8666
f 8665 8667 8311
f 8566 8393 8482
f 8482 8668 8669
f 8482 8304 8670
f 8668 8482 8670
f 8670 8304 8489
f 8667 8665 8671
f 8163 8667 8400
f 8163 8311 8667
f 8672 8302 8563
f 8485 8673 8674
f 8675 8673 8485
f 8231 8675 8485
f 8566 8401 8307
f 8676 8305 8302
f 8672 8676 8302
f 8394 8677 8564
f 8567 8677 8394
f 8675 8231 8492
f 8490 8678 8402
f 8679 8490 8403
f 8315 8571 8570
f 8491 8569 8680
f 8321 8410 8488
f 8678 8572 8402
f 8570 8681 8323
f 8403 8407 8679
f 8401 8503 8322
f 8682 8496 8501
f 8683 8497 8409
f 8492 8495 8684
f 8493 8498 8405
f 8496 8574 8499
f 8682 8574 8496
f 8683 8409 8577
f 8498 8684 8495
f 8407 8505 8685
f 8498 8686 8684
f 8682 8578 8574
f 8505 8687 8685
f 8505 8412 8687
f 8414 8244 8688
f 8244 8415 8688
f 8333 8245 8332
f 8247 8420 8248
f 8418 8689 8510
f 8338 8419 8690
f 8184 8424 8691
f 8184 8691 8417
f 8691 8424 8427
f 8350 8692 8349
f 8350 8585 8692
f 8510 8585 8343
f 8514 8421 7974
f 8419 8587 8693
f 8424 8694 8348
f 8511 8344 8588
f 8695 8587 8592
f 8693 8587 8695
f 8589 8696 8513
f 8589 8348 8694
f 8587 8697 8591
f 8426 8697 8587
f 8252 8114 8516
f 8591 8695 8592
f 8698 8695 8591
f 8517 8520 8590
f 8697 8699 8591
f 8594 8431 8521
f 8521 8190 8700
f 8190 8595 8700
f 8432 8701 8520
f 8356 8523 8353
f 8260 8528 8434
f 8702 8354 8522
f 8354 8702 8703
f 8436 8704 8433
f 8703 8437 8354
f 8438 8433 8704
f 8599 8598 8196
f 8524 8438 8705
f 8706 8705 8438
f 8527 8707 8599
f 8527 8605 8707
f 8600 8364 8529
f 8708 8601 8437
f 8604 8606 8526
f 8600 8442 8364
f 8525 8363 8709
f 8272 8710 8264
f 8264 8611 8445
f 8612 8602 8445
f 8440 8603 8711
f 8711 8441 8440
f 8609 8712 8535
f 8535 8713 8533
f 8713 8605 8533
f 8610 8442 8714
f 8714 8442 8600
f 8446 8709 8363
f 8710 8272 8444
f 8713 8535 8715
f 8446 8537 8709
f 8443 8540 8716
f 8368 8367 8607
f 8607 8717 8368
f 8368 8717 8447
f 8447 8717 8718
f 8448 8447 8718
f 8538 8274 8719
f 8539 8613 8617
f 8274 8377 8719
f 8540 8617 8720
f 8377 8449 8719
f 8374 8621 8615
f 8277 8721 8544
f 8623 8719 8449
f 8719 8623 8541
f 8541 8623 8622
f 8620 8542 8627
f 8625 8622 8623
f 8542 8622 8627
f 8616 8722 8621
f 8622 8625 8627
f 8451 8450 8723
f 8627 8624 8724
f 8725 8726 8727
f 8727 8728 8725
f 8450 8629 8723
f 8546 8729 8378
f 8280 8380 8630
f 8547 8730 8452
f 8724 8624 8731
f 8453 8732 8631
f 8380 8634 8630
f 8628 8459 8549
f 8552 8631 8732
f 8729 8546 8551
f 8378 8729 8632
f 8634 8733 8630
f 8630 8636 8633
f 8636 8630 8733
f 8634 8385 8733
f 8547 8636 8733
f 8552 8732 8638
f 8729 8638 8632
f 8638 8729 8552
f 8551 8552 8729
f 8385 8465 8733
f 8383 8462 8640
f 8286 8553 8734
f 8640 8462 8641
f 8554 8386 8466
f 8470 8735 8467
f 8647 7936 8468
f 8554 8558 8641
f 8466 8472 8736
f 8643 8737 8642
f 8467 8735 8556
f 8286 8738 8224
f 8739 8740 8741
f 8642 8737 8742
f 8743 8560 8645
f 8642 8742 8644
f 8480 8224 8738
f 8557 8295 8561
f 8474 8389 8744
f 8559 8298 8745
f 8298 8655 8745
f 8561 8158 8746
f 8746 8158 8647
f 8300 8480 8655
f 8480 8300 8747
f 8747 8390 8480
f 8649 8562 8561
f 8656 8654 8748
f 8478 8656 8659
f 8160 8481 8297
f 8663 8658 8657
f 8660 8650 8749
f 8661 8747 8300
f 8656 8748 8750
f 8657 8391 8662
f 8751 8657 8662
f 8663 8657 8565
f 8565 8657 8751
f 8484 8663 8565
f 8666 8663 8396
f 8671 8665 8664
f 8481 8564 8752
f 8306 8485 8662
f 8662 8485 8674
f 8487 8753 8486
f 8487 8754 8753
f 8669 8566 8482
f 8400 8667 8755
f 8752 8564 8677
f 8756 8666 8486
f 8488 8754 8487
f 8566 8757 8401
f 8569 8400 8755
f 8399 8398 8758
f 8493 8399 8758
f 8678 8490 8679
f 8680 8759 8568
f 8491 8680 8568
f 8677 8567 8760
f 8488 8410 8761
f 8761 8410 8576
f 8503 8401 8757
f 8571 8681 8570
f 8501 8572 8762
f 8678 8762 8572
f 8497 8683 8763
f 8762 8682 8501
f 8319 8764 8573
f 8687 8327 8765
f 8765 8327 8497
f 8503 8683 8577
f 8764 8319 8575
f 8323 8681 8575
f 8411 8766 8576
f 8679 8407 8685
f 8411 8578 8766
f 8766 8578 8767
f 8767 8578 8682
f 8412 8327 8687
f 8506 8688 8415
f 8334 8333 8768
f 8507 8769 8581
f 8581 8416 8507
f 8418 8335 8770
f 8769 8507 8579
f 8337 8771 8580
f 8508 8417 8772
f 8337 8421 8771
f 8422 8582 8347
f 8422 8347 8583
f 8338 8690 8584
f 8691 8427 8694
f 8585 8510 8773
f 8510 8689 8773
f 8425 8774 8347
f 8775 8423 8583
f 8419 8693 8690
f 8694 8424 8584
f 8349 8694 8427
f 8512 8776 8253
f 8586 8774 8425
f 8586 8423 8775
f 8695 8697 8693
f 8777 8693 8426
f 8697 8426 8693
f 8513 8696 8426
f 8511 8588 8778
f 8588 8593 8778
f 8252 8516 8779
f 8252 8779 8595
f 8698 8591 8780
f 8780 8591 8699
f 8429 8432 8346
f 8701 8781 8782
f 8701 8782 8590
f 8701 8590 8520
f 8783 8784 8523
f 8518 8785 8196
f 8702 8522 8597
f 8785 8599 8196
f 8785 8528 8599
f 8438 8704 8706
f 8523 8526 8783
f 8786 8436 8524
f 8261 8603 8128
f 8598 8599 8787
f 8708 8437 8703
f 8524 8705 8786
f 8603 8261 8602
f 8788 8783 8526
f 8710 8611 8264
f 8711 8603 8789
f 8790 8526 8606
f 8598 8790 8606
f 8787 8790 8598
f 8713 8707 8605
f 8600 8791 8714
f 8530 8366 8792
f 8712 8609 8790
f 8609 8608 8790
f 8715 8535 8712
f 8714 8707 8793
f 8610 8714 8793
f 8530 8792 8536
f 8443 8716 8607
f 8531 8441 8711
f 8537 8610 8794
f 8537 8794 8709
f 8795 8717 8607
f 8716 8540 8796
f 8615 8797 8612
f 8618 8543 8619
f 8616 8614 8798
f 8613 8799 8617
f 8720 8800 8540
f 8719 8541 8618
f 8720 8617 8799
f 8277 8801 8721
f 8277 8448 8801
f 8448 8718 8801
f 8802 8540 8800
f 8621 8803 8615
f 8804 8545 8544
f 8805 8625 8623
f 8627 8724 8806
f 8621 8722 8726
f 8726 8803 8621
f 8807 8453 8451
f 8730 8623 8452
f 8726 8722 8808
f 8545 8809 8548
f 8723 8629 8810
f 8548 8809 8550
f 8807 8732 8453
f 8624 8626 8731
f 8727 8726 8811
f 8635 8457 8812
f 8457 8628 8812
f 8813 8550 8809
f 8550 8814 8629
f 8815 8732 8807
f 8547 8733 8816
f 8811 8808 8817
f 8818 8727 8811
f 8727 8819 8728
f 8635 8820 8637
f 8733 8465 8816
f 8638 8732 8553
f 8739 8821 8818
f 8739 8818 8740
f 8740 8818 8822
f 8821 8739 8823
f 8639 8637 8824
f 8824 8825 8639
f 8465 8384 8557
f 8466 8736 8554
f 8826 8643 8560
f 8470 8827 8735
f 8734 8738 8286
f 8554 8828 8471
f 8736 8828 8554
f 8472 8646 8736
f 8741 8823 8739
f 8556 8735 8645
f 8558 8474 8828
f 8744 8471 8828
f 8560 8743 8826
f 8557 8561 8829
f 8828 8474 8744
f 8471 8744 8475
f 8744 8658 8475
f 8738 8830 8480
f 8831 8746 8647
f 8832 8742 8833
f 8644 8742 8832
f 8648 8644 8832
f 8746 8829 8561
f 8658 8744 8389
f 8830 8655 8480
f 8834 8653 8652
f 8649 8297 8835
f 8297 8481 8836
f 8297 8836 8835
f 8650 8653 8749
f 8390 8837 8563
f 8649 8838 8562
f 8651 8660 8839
f 8750 8664 8656
f 8562 8838 8483
f 8674 8751 8662
f 8748 8669 8750
f 8752 8836 8481
f 8565 8751 8840
f 8666 8841 8663
f 8566 8842 8757
f 8842 8566 8669
f 8843 8661 8305
f 8486 8753 8844
f 8757 8845 8763
f 8666 8756 8841
f 8486 8844 8756
f 8761 8846 8754
f 8752 8677 8847
f 8758 8848 8565
f 8849 8565 8848
f 8565 8849 8398
f 8673 8398 8849
f 8398 8673 8758
f 8848 8758 8673
f 8565 8840 8758
f 8844 8850 8756
f 8754 8488 8761
f 8568 8670 8489
f 8676 8843 8305
f 8672 8851 8676
f 8852 8483 8838
f 8848 8673 8675
f 8840 8853 8758
f 8483 8852 8567
f 8853 8493 8758
f 8854 8765 8855
f 8763 8683 8757
f 8569 8755 8680
f 8760 8847 8677
f 8852 8856 8760
f 8567 8852 8760
f 8765 8497 8763
f 8757 8683 8503
f 8681 8571 8573
f 8492 8857 8675
f 8762 8678 8858
f 8765 8854 8687
f 8573 8764 8681
f 8682 8762 8767
f 8679 8859 8678
f 8856 8860 8760
f 8492 8684 8857
f 8493 8853 8498
f 8679 8861 8859
f 8861 8679 8685
f 8764 8575 8681
f 8685 8687 8861
f 8862 8332 8414
f 8333 8332 8768
f 8508 8770 8335
f 8509 8580 8582
f 8508 8772 8863
f 8770 8508 8863
f 8689 8418 8770
f 8771 8421 8864
f 8772 8417 8691
f 8347 8582 8865
f 8514 8864 8421
f 8774 8512 8865
f 8347 8865 8512
f 8583 8774 8865
f 8774 8583 8347
f 8694 8584 8866
f 8514 8867 8864
f 8777 8690 8693
f 8586 8868 8774
f 8775 8868 8586
f 8696 8777 8426
f 8698 8697 8695
f 8697 8698 8869
f 8697 8870 8699
f 8516 8594 8779
f 8698 8780 8869
f 8515 8871 8428
f 8780 8699 8872
f 8594 8521 8779
f 8779 8873 8595
f 8874 8434 8528
f 8875 8779 8521
f 8521 8700 8875
f 8873 8700 8595
f 8701 8876 8781
f 8877 8876 8701
f 8432 8877 8701
f 8523 8784 8353
f 8518 8519 8785
f 8428 8871 8596
f 8528 8785 8878
f 8702 8597 8879
f 8703 8702 8879
f 8784 8783 8880
f 8436 8786 8704
f 8705 8706 8881
f 8526 8882 8788
f 8882 8526 8790
f 8883 8599 8707
f 8602 8612 8797
f 8787 8712 8790
f 8884 8707 8885
f 8707 8714 8885
f 8714 8886 8885
f 8886 8714 8791
f 8708 8887 8601
f 8888 8786 8705
f 8888 8705 8881
f 8889 8790 8608
f 8713 8715 8890
f 8713 8891 8707
f 8536 8792 8613
f 8892 8711 8789
f 8711 8893 8531
f 8889 8608 8894
f 8793 8707 8891
f 8613 8792 8895
f 8795 8607 8716
f 8538 8719 8896
f 8531 8894 8608
f 8895 8799 8613
f 8531 8893 8894
f 8719 8618 8896
f 8897 8720 8799
f 8721 8804 8544
f 8620 8627 8806
f 8720 8897 8898
f 8800 8720 8898
f 8723 8899 8451
f 8451 8899 8900
f 8805 8623 8901
f 8805 8626 8625
f 8623 8730 8901
f 8805 8902 8626
f 8903 8726 8725
f 8904 8723 8810
f 8725 8728 8819
f 8905 8906 8730
f 8808 8811 8726
f 8810 8629 8814
f 8816 8905 8547
f 8547 8905 8730
f 8814 8550 8813
f 8727 8818 8819
f 8812 8820 8635
f 8549 8825 8628
f 8732 8815 8553
f 8819 8818 8821
f 8825 8549 8639
f 8821 8823 8822
f 8465 8557 8816
f 8907 8641 8558
f 8468 8908 8647
f 8907 8558 8828
f 8740 8822 8741
f 8823 8741 8909
f 8735 8910 8645
f 8827 8910 8735
f 8647 8908 8831
f 8911 8828 8736
f 8912 8742 8737
f 8559 8827 8470
f 8913 8909 8741
f 8833 8742 8912
f 8475 8658 8646
f 8559 8745 8827
f 8834 8652 8651
f 8654 8914 8748
f 8663 8915 8658
f 8916 8917 8918
f 8917 8916 8919
f 8916 8920 8919
f 8747 8837 8390
f 8649 8835 8838
f 8653 8921 8749
f 8651 8839 8834
f 8922 8916 8918
f 8837 8923 8563
f 8660 8749 8839
f 8749 8921 8839
f 8916 8922 8924
f 8916 8924 8920
f 8663 8841 8915
f 8925 8926 8927
f 8751 8674 8840
f 8754 8928 8753
f 8846 8928 8754
f 8922 8918 8929
f 8922 8930 8924
f 8931 8924 8930
f 8845 8931 8930
f 8842 8845 8757
f 8750 8669 8668
f 8932 8836 8752
f 8835 8836 8932
f 8835 8932 8838
f 8674 8849 8840
f 8929 8933 8930
f 8929 8930 8922
f 8845 8930 8763
f 8664 8668 8670
f 8671 8664 8670
f 8674 8673 8849
f 8934 8935 8925
f 8936 8937 8855
f 8763 8930 8933
f 8851 8672 8923
f 8932 8752 8847
f 8848 8840 8849
f 8938 8939 8854
f 8937 8935 8855
f 8670 8568 8671
f 8667 8671 8940
f 8940 8755 8667
f 8932 8852 8838
f 8840 8848 8853
f 8841 8756 8941
f 8850 8941 8756
f 8854 8855 8935
f 8759 8671 8568
f 8942 8761 8576
f 8939 8943 8854
f 8936 8855 8765
f 8936 8765 8944
f 8944 8763 8933
f 8843 8676 8945
f 8932 8847 8946
f 8944 8765 8763
f 8947 8759 8680
f 8755 8947 8680
f 8675 8857 8848
f 8853 8848 8948
f 8948 8848 8857
f 8762 8858 8949
f 8678 8859 8858
f 8943 8859 8861
f 8854 8943 8687
f 8687 8943 8861
f 8676 8950 8945
f 8676 8851 8950
f 8760 8946 8847
f 8951 8576 8766
f 8951 8767 8762
f 8860 8946 8760
f 8860 8856 8952
f 8953 8946 8860
f 8857 8684 8686
f 8498 8853 8948
f 8767 8951 8766
f 8860 8954 8953
f 8948 8686 8498
f 8688 8506 8955
f 8956 8506 8334
f 8956 8334 8957
f 8957 8334 8768
f 8581 8769 8579
f 8691 8694 8866
f 8958 8865 8582
f 8865 8959 8583
f 8958 8959 8865
f 8959 8775 8583
f 8514 8776 8867
f 8958 8512 8774
f 8959 8958 8774
f 8696 8584 8690
f 8960 8584 8696
f 8960 8866 8584
f 8960 8589 8694
f 8349 8961 8694
f 8694 8961 8960
f 8514 8253 8776
f 8962 8776 8512
f 8958 8962 8512
f 8868 8959 8774
f 8960 8696 8589
f 8963 8511 8778
f 8515 8511 8963
f 8593 8964 8778
f 8434 8964 8593
f 8870 8697 8869
f 8434 8874 8964
f 8869 8780 8965
f 8872 8699 8870
f 8782 8781 8966
f 8782 8966 8590
f 8429 8590 8966
f 8429 8877 8432
f 8353 8967 8519
f 8873 8779 8875
f 8781 8876 8966
f 8966 8876 8968
f 8780 8872 8965
f 8353 8784 8967
f 8969 8596 8871
f 8969 8528 8878
f 8878 8785 8970
f 8875 8700 8873
f 8600 8596 8971
f 8791 8600 8971
f 8703 8879 8972
f 8597 8601 8879
f 8704 8786 8973
f 8602 8974 8603
f 8974 8789 8603
f 8787 8599 8883
f 8972 8708 8703
f 8881 8706 8704
f 8788 8975 8783
f 8976 8975 8788
f 8882 8976 8788
f 8601 8887 8879
f 8786 8888 8973
f 8882 8790 8889
f 8715 8712 8787
f 8977 8715 8787
f 8891 8978 8884
f 8890 8891 8884
f 8713 8890 8884
f 8978 8891 8885
f 8713 8885 8891
f 8885 8713 8884
f 8444 8979 8710
f 8891 8890 8980
f 8980 8793 8891
f 8979 8444 8538
f 8614 8981 8982
f 8611 8981 8614
f 8711 8892 8893
f 8983 8610 8984
f 8794 8610 8983
f 8982 8798 8614
f 8892 8985 8893
f 8982 8986 8798
f 8540 8802 8796
f 8801 8718 8721
f 8721 8718 8717
f 8618 8987 8896
f 8619 8987 8618
f 8987 8619 8620
f 8620 8806 8987
f 8616 8798 8988
f 8722 8616 8988
f 8615 8803 8989
f 8802 8800 8990
f 8990 8800 8898
f 8809 8545 8804
f 8451 8900 8807
f 8902 8805 8991
f 8724 8991 8806
f 8808 8722 8992
f 8904 8993 8723
f 8993 8899 8723
f 8901 8730 8994
f 8992 8995 8808
f 8996 8725 8819
f 8897 8997 8998
f 8906 8994 8730
f 8724 8731 8999
f 8809 9000 8813
f 8626 8902 8731
f 8808 8995 8817
f 8820 8998 9001
f 9002 8815 8807
f 8820 9001 8637
f 8628 8825 8812
f 8813 9000 9003
f 8814 8813 9004
f 9002 8810 8814
f 9002 8814 9004
f 9002 9004 9005
f 9002 9005 8815
f 8815 9006 8553
f 8815 9005 9006
f 8641 9007 8640
f 9008 9005 9004
f 9006 9005 9008
f 8553 9006 8734
f 8468 8640 8908
f 8641 8907 9007
f 9009 8822 8823
f 9010 9011 8637
f 9011 8824 8637
f 8557 9012 8816
f 8823 8909 9009
f 8828 8911 8907
f 8822 9013 8741
f 8912 9011 8833
f 9011 8912 9014
f 8826 8737 8643
f 8741 9013 8913
f 9015 8909 9016
f 8912 9017 9018
f 8912 8737 9017
f 8912 9018 9014
f 8913 9019 8909
f 8909 9019 9016
f 8654 8648 8914
f 9020 8646 8658
f 8832 9021 8648
f 8655 9022 8745
f 9022 8655 8830
f 8834 9023 8653
f 8919 9024 8917
f 8748 8914 9025
f 9020 8658 8915
f 8920 9026 9024
f 8920 9024 8919
f 9023 8921 8653
f 8834 8839 9023
f 9023 8839 9027
f 8926 9028 8927
f 9029 8918 8917
f 9029 9030 8918
f 9031 9019 8846
f 8918 9030 9032
f 9032 9030 9033
f 8924 9032 9033
f 9026 8920 9033
f 9026 9033 8842
f 9033 8920 8924
f 8669 8748 9025
f 8837 8747 8661
f 8925 9034 9035
f 9036 9033 9030
f 9033 9036 8931
f 9032 8924 8931
f 8845 9033 8931
f 8842 9033 8845
f 8669 9025 8842
f 8934 8925 9035
f 8926 8925 8937
f 8926 8937 9028
f 9032 9037 8929
f 8918 9032 8929
f 9037 8931 9038
f 9037 9032 8931
f 9036 9038 8931
f 8750 8668 8664
f 8837 8661 8843
f 8923 8672 8563
f 8941 8915 8841
f 8935 8937 8925
f 8937 8936 9039
f 9037 8933 8929
f 9040 8923 8837
f 8844 9041 9042
f 8753 9041 8844
f 8844 8941 8850
f 9042 8941 8844
f 9031 8846 8942
f 8942 8846 8761
f 8935 8934 9043
f 9040 8843 8945
f 8939 8938 9044
f 8938 8854 8935
f 9045 9039 8936
f 9046 8942 8576
f 9044 8943 8939
f 8936 8944 9045
f 8852 8932 8946
f 9044 8859 8943
f 8755 8940 8947
f 9046 8576 8951
f 8762 9046 8951
f 8762 8949 9046
f 8950 8851 9047
f 9048 8852 8946
f 8856 8852 9048
f 8856 9048 8952
f 8950 9049 8945
f 9050 9049 8950
f 8946 8953 9048
f 8952 9051 8860
f 8948 8857 8686
f 8954 8860 9051
f 8954 9051 9052
f 9053 9052 9051
f 8414 8688 8955
f 9054 8580 8771
f 8770 9055 8689
f 8771 8864 9054
f 8582 8580 9056
f 8863 9057 8770
f 8691 8866 8772
f 9058 8961 8772
f 8772 8961 8863
f 8692 8863 8961
f 8692 9057 8863
f 9059 8958 8582
f 8772 8866 9060
f 8961 8349 8692
f 8690 8777 8696
f 8585 8773 9061
f 9059 8962 8958
f 8959 8868 8775
f 8870 8869 8965
f 8966 8877 8429
f 8965 8872 8870
f 8968 8877 8966
f 8874 8528 8969
f 8877 8968 8876
f 8519 8967 8970
f 8785 8519 8970
f 8971 8969 8878
f 8971 8596 8969
f 8975 8880 8783
f 8883 8707 9062
f 8707 8884 9062
f 8791 8971 8886
f 8525 8709 9063
f 8525 9063 8366
f 9063 8792 8366
f 8704 8973 8881
f 8602 8797 8974
f 8889 9064 8882
f 8787 8883 8977
f 9062 8884 8978
f 8978 8885 9065
f 9065 8885 9066
f 8885 8886 9066
f 8709 8794 9063
f 9067 8879 9068
f 9067 8972 8879
f 8887 9068 8879
f 8710 8979 9069
f 8710 8981 8611
f 8789 9070 8892
f 8889 8977 9064
f 8715 9062 8890
f 8980 9062 8715
f 9062 8980 9065
f 8978 8890 9062
f 8890 9065 8980
f 9065 8890 8978
f 8887 8708 9071
f 8708 8972 9071
f 8973 8888 9072
f 8892 9070 8985
f 8894 8977 8889
f 9073 8977 8894
f 8715 8977 9073
f 9074 8715 9073
f 8794 8983 9075
f 9068 8887 9071
f 8888 8881 9076
f 8538 8896 9077
f 9077 8979 8538
f 8980 9078 8793
f 9072 8888 9076
f 8797 8615 8989
f 9079 8793 9078
f 8984 8793 9079
f 8985 9080 9081
f 9081 8893 8985
f 8893 9082 8894
f 9083 8721 8717
f 9083 8804 8721
f 9082 8893 9084
f 8799 9085 8897
f 8805 8901 9086
f 8991 8805 9086
f 8806 8991 9086
f 9087 8897 9085
f 8804 9083 9088
f 8722 8988 8992
f 8803 8726 8903
f 8803 8903 9089
f 8725 8996 8903
f 9090 9091 9092
f 9092 9091 8997
f 9092 8997 9087
f 8897 9087 8997
f 8804 8993 8809
f 8993 8804 9088
f 8901 8994 9093
f 8903 9094 9089
f 9091 9095 8997
f 8998 8997 9095
f 8900 9096 8807
f 8999 9097 8724
f 9001 8998 9095
f 8731 8902 9098
f 8999 8995 9097
f 9099 9097 8995
f 9002 8904 8810
f 9002 8807 9096
f 8817 8995 9100
f 8813 9003 9101
f 9004 8813 9101
f 8822 8818 9102
f 9001 9010 8637
f 9103 9008 9004
f 9104 8640 9007
f 9007 8907 9105
f 8640 9104 8908
f 9105 8907 9106
f 8824 9011 8825
f 9009 9013 8822
f 9107 8738 8734
f 9011 9010 8833
f 8557 8829 9012
f 8736 8646 8911
f 8826 9017 8737
f 9015 9016 9108
f 8833 9109 8832
f 9010 9109 8833
f 8738 9107 8830
f 9107 9110 8830
f 9108 9016 9111
f 9108 9112 9113
f 9108 9113 9114
f 9115 9114 9113
f 9116 9024 9117
f 8832 9109 9021
f 8830 9110 9022
f 8746 9118 8829
f 8831 9118 8746
f 9115 9119 9120
f 9121 9117 9024
f 9031 9016 9019
f 9111 9016 9031
f 9119 9115 9113
f 9122 9123 9116
f 9024 9116 8917
f 8917 9116 9123
f 9029 9121 9024
f 8915 9124 9020
f 9119 9113 9035
f 9034 9119 9035
f 8927 9125 8925
f 9125 8927 9028
f 9123 9029 8917
f 9030 9029 9024
f 9024 9026 9030
f 9023 9126 8921
f 8839 8921 9027
f 9019 8928 8846
f 9125 9034 8925
f 9036 9030 9026
f 9124 8915 9126
f 9113 9127 9128
f 9113 9128 9129
f 9035 9113 9129
f 9125 9028 9130
f 8842 9131 9026
f 9026 9131 9036
f 8842 9025 9131
f 9126 8915 9042
f 8921 9126 9042
f 9042 9132 8921
f 9133 9111 9031
f 9028 8937 9130
f 9042 8915 8941
f 8753 8928 9041
f 9134 9041 8928
f 8928 9135 9134
f 8937 9039 9130
f 8837 8843 9040
f 9133 9031 8942
f 8934 9035 9129
f 9136 9128 9133
f 9129 9128 9136
f 8934 9129 9043
f 8923 9040 9047
f 9043 9129 9044
f 8938 9043 9044
f 8935 9043 8938
f 9137 8942 9046
f 9136 8858 9044
f 8944 9138 9045
f 9138 8944 8933
f 8671 8759 8940
f 8923 9047 8851
f 8858 9136 9139
f 9044 8858 8859
f 8947 8940 8759
f 9140 9046 8949
f 9139 8949 8858
f 9139 9141 8949
f 8945 9049 9040
f 9141 9140 8949
f 9142 9040 9049
f 9048 8953 8952
f 9049 9050 9142
f 9142 9050 9143
f 8950 9047 9050
f 8953 8954 8952
f 9051 8952 9053
f 8952 8954 9053
f 9144 9143 9050
f 9144 9145 9143
f 9146 8414 8955
f 8332 8862 8768
f 9147 8768 8862
f 8506 8956 8955
f 9147 8957 8768
f 8580 9054 9056
f 9055 8770 9057
f 8864 9148 9054
f 9058 8772 9060
f 9059 8582 9149
f 8692 8585 9057
f 8773 8689 9150
f 8867 9148 8864
f 9151 9148 8867
f 8867 9152 9151
f 8776 8962 9153
f 8866 8960 9060
f 8961 9154 8960
f 8960 9154 9155
f 9156 9061 8773
f 9150 9156 8773
f 8960 9155 9060
f 8778 8964 8963
f 8963 8964 9157
f 9158 8515 8963
f 9157 8964 8874
f 8515 9158 8871
f 8969 9158 8874
f 9158 8969 8871
f 8784 8880 9159
f 8976 8882 9064
f 8886 8971 9066
f 8710 9069 8981
f 8974 9160 8789
f 9160 9070 8789
f 9161 9162 9062
f 9161 9062 9065
f 8881 8973 9076
f 9076 8973 9072
f 9069 9163 8981
f 9163 8982 8981
f 8715 9161 8980
f 9161 8715 9162
f 9074 9162 8715
f 9162 9074 9164
f 9165 9164 9074
f 9164 9165 9078
f 9164 9078 8980
f 9164 8980 9161
f 9164 9161 9065
f 9063 8794 9075
f 8792 9063 9075
f 9071 8972 9067
f 8716 8796 8795
f 9071 9166 9068
f 8982 9163 8986
f 8985 9070 9080
f 8793 8984 8610
f 9068 9166 9067
f 9085 8799 8895
f 8802 9167 9168
f 8802 9168 8796
f 8896 8987 9077
f 8986 9169 8798
f 9081 9084 8893
f 9170 9073 8894
f 8988 8798 9169
f 9171 9081 9080
f 8894 9082 9170
f 8987 8806 9086
f 8989 8803 9089
f 9094 8903 8996
f 8898 9172 8990
f 8990 9172 9173
f 9174 8809 9175
f 8899 8993 9088
f 8899 9088 8900
f 8724 9176 8991
f 9177 8898 8897
f 9000 9174 9178
f 9174 9000 8809
f 8809 8993 9175
f 8996 8819 9179
f 8897 8998 9177
f 8993 9180 9175
f 9095 9181 9001
f 9003 9000 9178
f 9002 9096 8904
f 9098 8999 8731
f 8999 9100 8995
f 8819 8821 9179
f 8812 9182 8820
f 8820 9182 8998
f 9182 8812 8825
f 8906 8905 9183
f 9098 9184 9105
f 8999 9098 9105
f 8811 8817 9102
f 8817 9185 9102
f 8818 8811 9102
f 9179 8821 9102
f 9186 9182 8825
f 9004 9101 9187
f 9188 9183 8905
f 9184 9104 9007
f 9184 9007 9105
f 9102 8821 8822
f 9001 9189 9010
f 9004 9187 9103
f 9190 9188 8905
f 9104 9188 9191
f 9008 9192 9006
f 9192 8734 9006
f 9104 9191 8908
f 9103 9193 9008
f 8827 9103 8910
f 9193 9103 8827
f 8911 9194 8907
f 8909 9195 9009
f 8909 9015 9196
f 9197 8645 8910
f 9198 8913 9013
f 9196 9195 8909
f 9015 9108 9199
f 9200 9114 9201
f 9010 9117 9109
f 9014 9018 9202
f 8743 9017 8826
f 9199 9108 9200
f 9114 9200 9108
f 9114 9115 9203
f 9204 8827 8745
f 9205 9206 9207
f 8646 9208 8911
f 9208 8646 9020
f 9108 9111 9112
f 8648 9021 9209
f 9209 8914 8648
f 9210 9022 9110
f 9020 9124 9208
f 9112 9111 9211
f 9034 9120 9119
f 9210 8745 9022
f 9019 8913 9198
f 9212 9122 9116
f 9209 9025 8914
f 9213 9023 9027
f 9125 9122 9034
f 9130 9122 9125
f 9214 9121 9029
f 9213 9124 9126
f 9213 9126 9023
f 9027 8921 9132
f 9123 9122 9214
f 9029 9123 9214
f 9019 9215 8928
f 9209 9216 9025
f 9216 9131 9025
f 9133 9217 9111
f 9217 9128 9127
f 9217 9133 9128
f 8928 9215 9135
f 9131 9038 9036
f 9132 9042 9041
f 9134 9218 9041
f 9037 9138 8933
f 9219 9134 9135
f 8942 9137 9133
f 9136 9133 9137
f 9129 9136 9044
f 9138 9220 9045
f 9046 9140 9137
f 9040 9142 9047
f 9142 9145 9144
f 9047 9144 9050
f 9142 9144 9047
f 8954 9052 9053
f 8956 9221 8955
f 8957 9222 8956
f 9222 8957 9147
f 9150 8689 9055
f 9223 9055 9057
f 9057 8585 9223
f 9223 8585 9061
f 9153 8867 8776
f 8962 9059 9224
f 9059 9225 9224
f 9155 9226 9060
f 9224 9227 8962
f 8963 9157 9158
f 9228 8970 8967
f 8784 9159 8967
f 9228 8878 8970
f 9229 8878 9228
f 8971 8878 9229
f 9230 8880 8975
f 9230 8975 8976
f 9231 8976 9064
f 9232 8977 8883
f 9162 9232 9062
f 9062 9232 8883
f 9066 8971 9233
f 8977 9234 9064
f 9232 9234 8977
f 9235 9165 9162
f 9164 9235 9162
f 9164 9065 9235
f 9235 9065 9236
f 9066 9236 9065
f 9233 9236 9066
f 9067 9237 9071
f 9165 9235 9078
f 9238 8797 8989
f 9070 9160 9080
f 9073 9239 9074
f 9074 9239 9165
f 9240 9078 9235
f 9241 9075 8983
f 8895 8792 9075
f 8796 9168 8795
f 9166 9237 9067
f 9163 9242 8986
f 9080 9160 9243
f 9241 8983 8984
f 9085 8895 9075
f 8717 8795 9083
f 9077 8987 9086
f 8979 9077 9086
f 8986 9242 9169
f 9078 9240 9244
f 9078 9244 9079
f 9171 9080 9243
f 9171 9084 9081
f 8990 9245 9167
f 8990 9167 8802
f 8989 9089 9238
f 9090 9092 9246
f 9173 9245 8990
f 8901 9247 9086
f 8992 8988 9169
f 9087 9246 9092
f 8901 9093 9247
f 9248 8991 9176
f 9089 9094 9249
f 9250 9173 9172
f 9097 9176 8724
f 9099 8995 8992
f 9251 9252 9253
f 9172 8898 9177
f 8904 9254 8993
f 8904 9096 9254
f 8991 9255 8902
f 9097 9099 9256
f 9257 9251 9253
f 9178 9258 9003
f 8906 9093 8994
f 8902 9255 9098
f 9255 9184 9098
f 9181 9095 9259
f 8998 9182 9177
f 9105 9260 8999
f 8999 9260 9100
f 9100 9261 8817
f 9185 8817 9261
f 9251 9257 9262
f 9186 9263 9182
f 9183 9188 9104
f 9183 9104 9264
f 9001 9265 9189
f 8905 8816 9266
f 9190 9191 9188
f 9184 9264 9104
f 8816 9012 9266
f 9190 8905 9266
f 9257 9267 9262
f 8825 9011 9186
f 9268 9008 9193
f 9013 9269 9270
f 9262 9267 9271
f 9103 9187 8910
f 9187 9272 8910
f 9107 8734 9192
f 9010 9189 9117
f 9011 9014 9202
f 9186 9011 9202
f 9191 9273 8908
f 8907 9194 9106
f 9274 9013 9270
f 9271 9267 9275
f 9276 9193 8827
f 9194 8911 9277
f 9013 9274 9198
f 9015 9199 9196
f 9200 9201 9278
f 8743 8645 9279
f 9197 9279 8645
f 9204 9276 8827
f 9114 9203 9201
f 9117 9280 9116
f 9281 9109 9117
f 9012 8829 9118
f 8831 8908 9282
f 9205 9207 9283
f 9198 9274 9213
f 9112 9199 9200
f 9200 9284 9112
f 9122 9285 9120
f 9285 9122 9212
f 9280 9212 9116
f 9286 9283 9207
f 9282 9283 9286
f 9199 9112 9211
f 9199 9211 9284
f 9199 9284 9287
f 9284 9113 9112
f 9117 9121 9281
f 9288 9204 8745
f 9288 8745 9210
f 8831 9289 9118
f 9289 8831 9282
f 9206 9286 9207
f 9113 9284 9127
f 9122 9120 9034
f 9027 9198 9213
f 9290 9198 9027
f 9019 9198 9290
f 9284 9211 9217
f 9217 9211 9111
f 9127 9284 9217
f 9121 9214 9281
f 9109 9216 9021
f 9132 9290 9027
f 9290 9215 9019
f 9291 9122 9130
f 9214 9122 9291
f 9281 9214 9292
f 9209 9021 9216
f 9290 9132 9215
f 9214 9291 9037
f 9292 9214 9037
f 9293 9131 9216
f 9037 9038 9292
f 9215 9132 9218
f 9037 9291 9138
f 9293 9292 9038
f 9293 9038 9131
f 9218 9132 9041
f 9135 9215 9218
f 9219 9135 9218
f 9294 9130 9039
f 9134 9219 9218
f 9045 9220 9039
f 9136 9137 9139
f 9140 9139 9137
f 9141 9139 9140
f 9142 9143 9145
f 8956 9222 9295
f 9054 9148 9296
f 9054 9296 9056
f 9149 8582 9056
f 9148 9297 9296
f 8961 9058 9298
f 8961 9298 9154
f 9223 9061 9299
f 9299 9061 9156
f 8962 9227 9153
f 9300 9299 9156
f 9300 9156 9301
f 9302 9301 9156
f 9158 9157 8874
f 9159 8880 9303
f 9231 9064 9234
f 9162 9165 9232
f 9069 9304 9163
f 8797 9238 8974
f 8974 9238 9305
f 9160 8974 9305
f 9235 9236 9240
f 9232 9239 9234
f 9165 9239 9232
f 9306 9240 9236
f 9071 9307 9166
f 9237 9307 9071
f 9163 9304 9242
f 9239 9308 9234
f 9309 9168 9167
f 8979 9086 9310
f 9308 9239 9073
f 9244 9240 9311
f 9085 9075 9312
f 9166 9313 9314
f 9166 9314 9237
f 9166 9307 9313
f 9242 9315 9169
f 9073 9170 9308
f 9079 9316 8984
f 8795 9317 9083
f 9083 9317 9088
f 9238 9089 9249
f 9171 9243 9084
f 9318 9084 9243
f 9319 9079 9244
f 9316 9079 9319
f 9088 9317 9320
f 9315 8992 9169
f 9321 9245 9173
f 9315 9099 8992
f 9094 9322 9249
f 9094 8996 9323
f 8996 9179 9323
f 9324 9088 9320
f 8900 9324 9096
f 8900 9088 9324
f 9323 9322 9094
f 9325 9322 9323
f 9179 9326 9323
f 9327 9091 9090
f 9180 8993 9254
f 9248 9255 8991
f 9097 9256 9176
f 9327 9095 9091
f 9174 9175 9178
f 9328 9175 9180
f 9180 9254 9329
f 8906 9183 9093
f 9253 9330 9257
f 9259 9095 9327
f 9172 9177 9182
f 9331 9182 9263
f 9172 9182 9331
f 9250 9172 9331
f 9102 9332 9179
f 9251 9262 9333
f 9001 9181 9265
f 9003 9258 9101
f 9102 9269 9334
f 9257 9330 9335
f 9336 9337 9259
f 9260 9105 9106
f 9185 9269 9102
f 9257 9335 9267
f 9338 9333 9262
f 9336 9339 9337
f 9263 9186 9340
f 9269 9185 9270
f 9267 9335 9341
f 9262 9271 9338
f 9269 9013 9342
f 9343 9189 9344
f 9268 9192 9008
f 9009 9342 9013
f 9202 9340 9186
f 9345 9107 9192
f 9270 9346 9274
f 9009 9195 9342
f 9267 9278 9201
f 9275 9267 9201
f 9018 9017 9340
f 9197 9272 9347
f 8910 9272 9197
f 9193 9276 9268
f 9271 9275 9348
f 9285 9349 9350
f 9351 9197 9347
f 9012 9352 9266
f 9273 9283 8908
f 9273 9353 9283
f 9208 9277 8911
f 9208 9124 9274
f 9200 9278 9284
f 9201 9203 9275
f 9350 9120 9285
f 8743 9279 9017
f 9351 9279 9197
f 9012 9118 9352
f 9282 8908 9283
f 9205 9283 9353
f 9287 9196 9199
f 9203 9354 9275
f 9355 9349 9285
f 9285 9212 9355
f 9274 9124 9213
f 9289 9352 9118
f 9206 9356 9286
f 9115 9354 9203
f 9120 9357 9115
f 9358 9357 9120
f 9109 9281 9216
f 9293 9281 9292
f 9216 9281 9293
f 9291 9130 9294
f 9291 9294 9220
f 9291 9220 9138
f 9294 9039 9220
f 9359 9360 9361
f 9361 9362 9359
f 8414 9146 9363
f 8862 8414 9363
f 8955 9221 9146
f 9147 8862 9222
f 9295 9221 8956
f 9056 9364 9149
f 9225 9059 9149
f 9055 9223 9299
f 9153 9152 8867
f 9151 9297 9148
f 9365 9155 9154
f 9224 9366 9227
f 9367 9300 9301
f 9302 9368 9301
f 8967 9159 9228
f 8971 9229 9233
f 9230 9303 8880
f 9233 9306 9236
f 9306 9311 9240
f 9069 8979 9310
f 9318 9243 9305
f 9305 9243 9160
f 9241 9369 9075
f 9168 9317 8795
f 9237 9313 9307
f 8984 9316 9241
f 9241 9316 9369
f 9084 9318 9082
f 9170 9370 9308
f 9167 9245 9309
f 9170 9082 9371
f 9371 9370 9170
f 9087 9085 9312
f 9315 9372 9099
f 9249 9322 9373
f 9087 9312 9246
f 9246 9312 9374
f 9375 9325 9323
f 9323 9326 9375
f 9246 9376 9090
f 9321 9173 9250
f 9096 9324 9254
f 9247 9093 9255
f 9255 9093 9377
f 9248 9247 9255
f 9099 9372 9256
f 9378 9322 9325
f 9333 9379 9251
f 9376 9327 9090
f 9376 9336 9327
f 9374 9376 9246
f 9321 9250 9258
f 9178 9380 9321
f 9178 9321 9258
f 9175 9328 9178
f 9093 9183 9377
f 9255 9377 9381
f 9250 9331 9258
f 9255 9382 9184
f 9179 9383 9326
f 9259 9327 9336
f 9331 9263 9384
f 9334 9332 9102
f 9332 9383 9179
f 9385 9326 9383
f 9386 9181 9259
f 9344 9189 9265
f 9183 9264 9387
f 9388 9185 9261
f 9385 9383 9389
f 9341 9385 9389
f 9390 9260 9106
f 9185 9388 9270
f 9339 9391 9337
f 9259 9337 9392
f 9392 9386 9259
f 9184 9387 9264
f 9342 9334 9269
f 9271 9391 9338
f 9393 9386 9392
f 9272 9187 9101
f 9341 9389 9267
f 9392 9337 9391
f 9192 9268 9345
f 9190 9273 9191
f 9106 9194 9390
f 9394 9342 9195
f 9389 9395 9278
f 9267 9389 9278
f 9271 9396 9391
f 9392 9391 9397
f 9189 9393 9117
f 9018 9340 9202
f 9107 9345 9110
f 9190 9353 9273
f 9348 9396 9271
f 9117 9393 9280
f 9017 9398 9340
f 9208 9399 9277
f 9399 9208 9274
f 9196 9394 9195
f 9284 9278 9395
f 9017 9279 9398
f 9204 9400 9276
f 9401 9206 9205
f 9287 9284 9395
f 9348 9275 9354
f 9110 9402 9210
f 9206 9401 9356
f 9120 9350 9358
f 9212 9403 9355
f 9403 9212 9280
f 9210 9402 9288
f 9289 9282 9404
f 9356 9405 9286
f 9354 9115 9357
f 9204 9288 9406
f 9407 9289 9404
f 9286 9404 9282
f 9289 9407 9408
f 9362 9409 9359
f 9410 9363 9146
f 9146 9221 9410
f 9060 9411 9058
f 9150 9055 9412
f 9055 9299 9412
f 9413 9296 9297
f 9152 9153 9364
f 9411 9060 9226
f 9412 9299 9414
f 9150 9412 9156
f 9152 9415 9151
f 9151 9416 9297
f 9224 9225 9417
f 9300 9414 9299
f 9151 9415 9416
f 9366 9224 9417
f 9156 9412 9302
f 9228 9159 9418
f 9419 9230 8976
f 9231 9419 8976
f 9310 9304 9069
f 9231 9234 9308
f 9249 9305 9238
f 9075 9369 9312
f 9237 9314 9313
f 9315 9242 9420
f 9242 9304 9420
f 9305 9249 9421
f 9422 9310 9086
f 9249 9373 9421
f 9082 9318 9371
f 9319 9244 9311
f 9247 9422 9086
f 9252 9251 9379
f 9316 9319 9423
f 9316 9423 9369
f 9312 9424 9374
f 9248 9422 9247
f 9253 9252 9379
f 9321 9425 9245
f 9320 9380 9180
f 9248 9426 9422
f 9248 9176 9426
f 9378 9373 9322
f 9330 9253 9379
f 9321 9427 9425
f 9328 9380 9178
f 9180 9380 9328
f 9320 9180 9324
f 9256 9426 9176
f 9379 9333 9330
f 9380 9427 9321
f 9324 9180 9329
f 9324 9329 9254
f 9381 9382 9255
f 9428 9258 9331
f 9183 9387 9377
f 9429 9261 9100
f 9335 9330 9430
f 9430 9330 9333
f 9333 9431 9430
f 9336 9376 9432
f 9433 9181 9386
f 9181 9433 9265
f 9434 9428 9331
f 9429 9100 9260
f 9334 9435 9325
f 9334 9436 9435
f 9325 9332 9334
f 9325 9436 9332
f 9333 9338 9431
f 9339 9431 9338
f 9336 9437 9339
f 9432 9437 9336
f 9263 9438 9439
f 9263 9439 9384
f 9184 9382 9440
f 9260 9390 9441
f 9436 9334 9442
f 9436 9442 9332
f 9383 9332 9442
f 9391 9339 9338
f 9438 9263 9340
f 9440 9387 9184
f 9390 9443 9441
f 9334 9342 9442
f 9444 9438 9340
f 9391 9349 9397
f 9392 9445 9393
f 9343 9446 9393
f 9343 9393 9189
f 9346 9399 9274
f 9391 9396 9349
f 9445 9392 9397
f 9280 9393 9445
f 9447 9190 9266
f 9353 9190 9447
f 9194 9277 9390
f 9448 9394 9196
f 9349 9396 9350
f 9449 9398 9279
f 9353 9450 9205
f 9450 9401 9205
f 9277 9451 9390
f 9287 9452 9196
f 9196 9452 9448
f 9452 9287 9395
f 9396 9348 9350
f 9450 9353 9447
f 9280 9445 9403
f 9350 9453 9358
f 9348 9453 9350
f 9354 9357 9453
f 9288 9402 9454
f 9352 9289 9455
f 9455 9289 9408
f 9405 9404 9286
f 9453 9357 9358
f 9406 9400 9204
f 8862 9363 9222
f 9456 9295 9363
f 9295 9222 9363
f 9295 9457 9221
f 9295 9456 9457
f 9458 9056 9296
f 9056 9458 9364
f 9458 9152 9364
f 9415 9152 9459
f 9460 9149 9364
f 9225 9149 9460
f 9461 9154 9298
f 9416 9413 9297
f 9225 9460 9417
f 9226 9155 9462
f 9227 9463 9153
f 9464 9365 9154
f 9227 9465 9463
f 9366 9465 9227
f 9367 9414 9300
f 9466 9368 9302
f 9368 9367 9301
f 9467 9367 9368
f 9418 9468 9228
f 9228 9468 9229
f 9306 9229 9468
f 9229 9306 9233
f 9469 9318 9305
f 9469 9305 9421
f 9470 9308 9370
f 9309 9471 9168
f 9471 9317 9168
f 9315 9420 9372
f 9421 9373 9472
f 9319 9473 9423
f 9245 9425 9309
f 9317 9380 9320
f 9373 9378 9472
f 9376 9374 9474
f 9474 9374 9424
f 9325 9435 9378
f 9331 9475 9434
f 9384 9475 9331
f 9476 9427 9380
f 9381 9477 9382
f 9385 9478 9326
f 9478 9385 9341
f 9432 9376 9474
f 9475 9384 9479
f 9476 9101 9258
f 9325 9480 9436
f 9481 9478 9341
f 9335 9430 9482
f 9437 9483 9339
f 9437 9432 9484
f 9386 9432 9485
f 9386 9485 9433
f 9433 9486 9265
f 9440 9377 9387
f 9388 9261 9487
f 9436 9488 9435
f 9436 9480 9488
f 9442 9488 9480
f 9489 9383 9442
f 9344 9265 9490
f 9384 9439 9479
f 9491 9435 9488
f 9442 9342 9488
f 9480 9492 9442
f 9442 9492 9489
f 9383 9489 9493
f 9383 9493 9389
f 9482 9481 9341
f 9335 9482 9341
f 9432 9386 9484
f 9343 9344 9490
f 9270 9388 9346
f 9488 9342 9492
f 9494 9489 9342
f 9342 9489 9492
f 9389 9493 9395
f 9386 9393 9484
f 9272 9495 9496
f 9272 9101 9495
f 9342 9394 9494
f 9393 9446 9484
f 9494 9394 9497
f 9343 9498 9446
f 9340 9398 9444
f 9499 9345 9268
f 9493 9452 9395
f 9349 9355 9397
f 9345 9500 9110
f 9279 9351 9449
f 9268 9276 9499
f 9276 9400 9499
f 9403 9397 9355
f 9445 9397 9403
f 9400 9501 9499
f 9110 9500 9402
f 9455 9266 9352
f 9348 9354 9453
f 9356 9401 9450
f 9502 9400 9406
f 9455 9408 9503
f 9404 9504 9407
f 9288 9454 9406
f 9454 9505 9406
f 9407 9503 9408
f 9505 9506 9406
f 9407 9507 9503
f 9407 9504 9507
f 9404 9508 9504
f 9509 9507 9504
f 9508 9509 9504
f 9361 9510 9362
f 9510 9409 9362
f 9360 9510 9361
f 9360 9359 9511
f 9511 9359 9512
f 9359 9409 9512
f 9363 9410 9456
f 9410 9221 9457
f 9410 9457 9456
f 9296 9413 9513
f 9296 9513 9458
f 9152 9458 9459
f 9411 9514 9058
f 9364 9153 9460
f 9298 9058 9514
f 9298 9514 9461
f 9413 9416 9515
f 9462 9411 9226
f 9412 9414 9516
f 9516 9302 9412
f 9365 9462 9155
f 9414 9367 9516
f 9516 9367 9517
f 9466 9302 9516
f 9366 9518 9465
f 9366 9417 9518
f 9466 9467 9368
f 9303 9418 9159
f 9303 9519 9418
f 9468 9418 9520
f 9303 9230 9519
f 9521 9468 9520
f 9306 9468 9522
f 9519 9230 9419
f 9519 9419 9523
f 9419 9231 9470
f 9231 9521 9470
f 9524 9470 9521
f 9470 9524 9308
f 9468 9308 9524
f 9308 9468 9231
f 9521 9231 9468
f 9470 9523 9419
f 9306 9522 9311
f 9470 9370 9525
f 9311 9522 9526
f 9310 9420 9304
f 9469 9371 9318
f 9310 9422 9527
f 9311 9526 9319
f 9369 9528 9312
f 9370 9529 9525
f 9473 9319 9526
f 9312 9528 9424
f 9425 9471 9309
f 9530 9372 9420
f 9529 9370 9531
f 9532 9473 9526
f 9369 9423 9533
f 9471 9534 9317
f 9372 9530 9256
f 9370 9371 9535
f 9529 9531 9532
f 9380 9317 9534
f 9426 9256 9536
f 9256 9530 9536
f 9472 9378 9537
f 9528 9474 9424
f 9427 9538 9425
f 9325 9375 9539
f 9326 9478 9375
f 9380 9534 9476
f 9325 9539 9480
f 9474 9485 9432
f 9427 9540 9538
f 9476 9540 9428
f 9427 9428 9540
f 9428 9427 9258
f 9476 9258 9427
f 9440 9381 9377
f 9429 9487 9261
f 9378 9435 9537
f 9339 9483 9431
f 9428 9434 9541
f 9476 9428 9542
f 9542 9428 9541
f 9542 9101 9476
f 9101 9542 9495
f 9382 9477 9441
f 9441 9429 9260
f 9487 9429 9543
f 9435 9491 9537
f 9430 9431 9544
f 9437 9545 9483
f 9265 9486 9490
f 9441 9440 9382
f 9546 9440 9441
f 9546 9441 9443
f 9547 9429 9441
f 9480 9539 9492
f 9492 9539 9548
f 9549 9482 9430
f 9484 9545 9437
f 9495 9542 9550
f 9551 9388 9487
f 9551 9346 9388
f 9492 9491 9488
f 9492 9494 9491
f 9489 9494 9548
f 9548 9494 9492
f 9490 9552 9343
f 9443 9390 9451
f 9498 9343 9553
f 9343 9552 9553
f 9496 9347 9272
f 9351 9347 9496
f 9394 9448 9497
f 9554 9449 9351
f 9266 9455 9555
f 9447 9266 9555
f 9452 9556 9448
f 9557 9558 9446
f 9498 9557 9446
f 9450 9447 9559
f 9502 9501 9400
f 9356 9450 9405
f 9560 9454 9402
f 9560 9505 9454
f 9561 9404 9405
f 9406 9506 9502
f 9508 9404 9561
f 9509 9503 9507
f 9562 9509 9508
f 9510 9360 9511
f 9563 9512 9409
f 9513 9564 9458
f 9458 9564 9459
f 9153 9463 9460
f 9565 9415 9459
f 9565 9459 9564
f 9460 9463 9566
f 9417 9460 9567
f 9154 9461 9464
f 9568 9516 9517
f 9569 9515 9416
f 9415 9570 9416
f 9465 9566 9463
f 9417 9567 9518
f 9570 9569 9416
f 9517 9367 9571
f 9571 9367 9572
f 9367 9467 9572
f 9573 9467 9466
f 9574 9467 9573
f 9521 9523 9524
f 9470 9525 9523
f 9525 9524 9523
f 9468 9524 9525
f 9468 9525 9529
f 9522 9468 9529
f 9522 9575 9526
f 9527 9420 9310
f 9575 9522 9529
f 9472 9576 9421
f 9576 9469 9421
f 9526 9575 9532
f 9471 9425 9538
f 9528 9369 9533
f 9471 9538 9534
f 9576 9472 9577
f 9578 9535 9371
f 9426 9536 9422
f 9530 9579 9536
f 9472 9537 9577
f 9535 9531 9370
f 9535 9578 9478
f 9580 9531 9535
f 9423 9483 9533
f 9528 9485 9474
f 9581 9582 9534
f 9582 9476 9534
f 9478 9580 9535
f 9473 9532 9583
f 9473 9483 9423
f 9542 9540 9582
f 9582 9540 9476
f 9381 9440 9584
f 9585 9577 9537
f 9431 9473 9583
f 9483 9473 9431
f 9475 9479 9586
f 9541 9540 9542
f 9537 9491 9585
f 9485 9486 9433
f 9479 9439 9586
f 9550 9542 9587
f 9477 9547 9441
f 9588 9487 9543
f 9431 9583 9544
f 9588 9551 9487
f 9489 9548 9589
f 9549 9430 9544
f 9590 9545 9484
f 9493 9489 9589
f 9549 9591 9482
f 9484 9446 9590
f 9346 9551 9592
f 9491 9494 9497
f 9592 9399 9346
f 9446 9558 9590
f 9444 9398 9593
f 9594 9351 9496
f 9449 9593 9398
f 9594 9554 9351
f 9553 9595 9498
f 9501 9500 9499
f 9499 9500 9345
f 9277 9596 9451
f 9556 9597 9448
f 9595 9557 9498
f 9555 9559 9447
f 9500 9560 9402
f 9555 9455 9503
f 9598 9559 9555
f 9450 9559 9405
f 9405 9559 9561
f 9502 9506 9599
f 9598 9555 9503
f 9561 9600 9508
f 9600 9562 9508
f 9506 9601 9599
f 9505 9601 9506
f 9503 9602 9598
f 9503 9509 9602
f 9562 9600 9603
f 9562 9602 9509
f 9511 9604 9510
f 9409 9510 9563
f 9562 9603 9605
f 9511 9606 9604
f 9511 9512 9606
f 9563 9607 9512
f 9607 9606 9512
f 9605 9608 9562
f 9607 9609 9606
f 9610 9564 9513
f 9515 9611 9513
f 9413 9515 9513
f 9516 9568 9612
f 9415 9565 9570
f 9516 9612 9466
f 9572 9568 9517
f 9517 9612 9572
f 9571 9572 9612
f 9571 9466 9517
f 9612 9517 9466
f 9613 9462 9365
f 9365 9464 9614
f 9572 9467 9615
f 9418 9519 9616
f 9418 9616 9520
f 9616 9519 9523
f 9523 9521 9616
f 9527 9530 9420
f 9532 9575 9529
f 9527 9579 9530
f 9533 9617 9528
f 9536 9527 9422
f 9539 9375 9618
f 9539 9618 9576
f 9538 9581 9534
f 9536 9579 9527
f 9375 9619 9618
f 9375 9478 9619
f 9478 9578 9619
f 9533 9483 9617
f 9528 9617 9485
f 9532 9531 9580
f 9540 9581 9538
f 9582 9581 9542
f 9381 9584 9477
f 9620 9576 9577
f 9576 9620 9539
f 9478 9481 9580
f 9621 9583 9532
f 9622 9485 9617
f 9434 9587 9541
f 9587 9540 9541
f 9587 9581 9540
f 9542 9581 9587
f 9477 9584 9623
f 9617 9483 9545
f 9440 9546 9584
f 9623 9547 9477
f 9585 9491 9624
f 9539 9589 9548
f 9622 9486 9485
f 9546 9547 9623
f 9547 9546 9443
f 9625 9439 9438
f 9444 9625 9438
f 9626 9443 9451
f 9626 9547 9443
f 9486 9552 9490
f 9627 9496 9495
f 9627 9495 9550
f 9626 9451 9628
f 9491 9497 9624
f 9493 9589 9629
f 9496 9627 9594
f 9597 9497 9448
f 9399 9630 9631
f 9592 9630 9399
f 9452 9493 9556
f 9558 9557 9632
f 9596 9277 9631
f 9277 9399 9631
f 9554 9633 9449
f 9500 9501 9560
f 9501 9502 9634
f 9559 9598 9635
f 9559 9635 9561
f 9635 9600 9561
f 9599 9634 9502
f 9505 9560 9601
f 9598 9602 9636
f 9637 9599 9601
f 9604 9606 9510
f 9510 9606 9563
f 9562 9608 9602
f 9638 9563 9606
f 9638 9607 9563
f 9639 9606 9609
f 9639 9609 9640
f 9607 9638 9609
f 9513 9611 9610
f 9411 9641 9514
f 9514 9641 9461
f 9515 9569 9611
f 9564 9610 9565
f 9610 9642 9565
f 9566 9567 9460
f 9643 9567 9566
f 9612 9573 9571
f 9612 9568 9573
f 9568 9572 9573
f 9571 9573 9466
f 9566 9465 9643
f 9643 9465 9644
f 9645 9573 9572
f 9644 9465 9518
f 9614 9613 9365
f 9645 9574 9573
f 9572 9615 9645
f 9574 9646 9467
f 9647 9615 9467
f 9616 9521 9520
f 9576 9618 9469
f 9469 9618 9578
f 9469 9578 9371
f 9580 9621 9532
f 9585 9648 9577
f 9648 9620 9577
f 9475 9586 9649
f 9649 9434 9475
f 9623 9584 9650
f 9651 9580 9481
f 9652 9583 9621
f 9653 9617 9545
f 9587 9434 9649
f 9654 9587 9649
f 9550 9587 9654
f 9546 9655 9626
f 9546 9623 9655
f 9623 9650 9655
f 9539 9620 9589
f 9544 9583 9652
f 9626 9656 9546
f 9628 9656 9626
f 9656 9628 9655
f 9547 9655 9628
f 9655 9547 9626
f 9547 9628 9429
f 9653 9545 9590
f 9552 9657 9658
f 9486 9657 9552
f 9486 9622 9657
f 9439 9625 9586
f 9654 9627 9550
f 9482 9651 9481
f 9658 9653 9590
f 9549 9544 9652
f 9632 9659 9558
f 9590 9558 9659
f 9658 9590 9659
f 9552 9658 9553
f 9444 9593 9625
f 9591 9660 9482
f 9553 9658 9661
f 9553 9662 9595
f 9663 9556 9493
f 9554 9594 9633
f 9557 9662 9632
f 9662 9557 9595
f 9633 9664 9449
f 9665 9664 9633
f 9634 9666 9501
f 9560 9501 9666
f 9599 9667 9634
f 9666 9634 9667
f 9666 9601 9560
f 9598 9668 9635
f 9668 9600 9635
f 9667 9599 9669
f 9601 9666 9667
f 9668 9598 9636
f 9668 9670 9600
f 9601 9667 9671
f 9603 9600 9670
f 9637 9672 9669
f 9637 9669 9599
f 9601 9671 9637
f 9602 9608 9673
f 9603 9674 9605
f 9674 9608 9605
f 9606 9639 9638
f 9639 9640 9675
f 9675 9676 9639
f 9676 9609 9638
f 9677 9678 9640
f 9678 9675 9640
f 9676 9675 9677
f 9676 9677 9640
f 9609 9676 9640
f 9611 9569 9679
f 9565 9642 9570
f 9462 9613 9411
f 9461 9641 9464
f 9641 9680 9464
f 9681 9679 9569
f 9643 9682 9567
f 9567 9682 9518
f 9464 9683 9614
f 9464 9680 9683
f 9570 9681 9569
f 9682 9644 9518
f 9645 9646 9574
f 9645 9615 9684
f 9615 9647 9684
f 9467 9646 9647
f 9578 9618 9619
f 9653 9622 9617
f 9584 9546 9656
f 9584 9656 9650
f 9624 9648 9585
f 9648 9685 9620
f 9685 9589 9620
f 9622 9653 9686
f 9649 9586 9687
f 9655 9650 9656
f 9688 9543 9429
f 9621 9689 9652
f 9625 9687 9586
f 9625 9690 9687
f 9628 9688 9429
f 9497 9691 9624
f 9629 9589 9685
f 9653 9658 9686
f 9658 9692 9686
f 9658 9657 9692
f 9691 9629 9685
f 9482 9660 9651
f 9549 9652 9693
f 9659 9661 9658
f 9690 9625 9593
f 9691 9497 9597
f 9660 9694 9651
f 9591 9549 9693
f 9695 9591 9693
f 9659 9632 9696
f 9696 9661 9659
f 9451 9697 9628
f 9661 9696 9662
f 9553 9661 9662
f 9597 9663 9629
f 9629 9663 9493
f 9698 9593 9449
f 9632 9662 9696
f 9449 9664 9698
f 9699 9594 9627
f 9699 9633 9594
f 9451 9596 9697
f 9631 9630 9700
f 9597 9556 9663
f 9633 9699 9701
f 9631 9700 9596
f 9665 9633 9701
f 9668 9636 9670
f 9672 9702 9669
f 9669 9671 9667
f 9673 9670 9636
f 9602 9673 9636
f 9703 9637 9671
f 9670 9704 9603
f 9672 9703 9702
f 9703 9672 9637
f 9673 9608 9705
f 9704 9674 9603
f 9704 9706 9674
f 9674 9705 9608
f 9707 9674 9706
f 9707 9708 9674
f 9708 9705 9674
f 9638 9709 9710
f 9639 9709 9638
f 9711 9712 9710
f 9712 9638 9710
f 9713 9712 9711
f 9639 9676 9709
f 9712 9709 9676
f 9712 9676 9638
f 9611 9642 9610
f 9681 9570 9714
f 9570 9642 9714
f 9643 9644 9682
f 9614 9715 9613
f 9683 9716 9614
f 9645 9684 9646
f 9717 9715 9614
f 9717 9614 9716
f 9684 9718 9646
f 9684 9719 9718
f 9647 9646 9718
f 9720 9621 9580
f 9624 9721 9648
f 9685 9648 9721
f 9622 9686 9722
f 9722 9657 9622
f 9580 9651 9720
f 9723 9621 9720
f 9723 9689 9621
f 9724 9649 9687
f 9654 9649 9724
f 9725 9691 9685
f 9694 9720 9651
f 9689 9693 9652
f 9692 9726 9686
f 9588 9592 9551
f 9691 9597 9629
f 9689 9727 9693
f 9697 9688 9628
f 9693 9727 9695
f 9728 9690 9593
f 9698 9729 9593
f 9730 9591 9695
f 9731 9660 9591
f 9732 9660 9731
f 9730 9731 9591
f 9697 9596 9733
f 9700 9733 9596
f 9664 9665 9734
f 9735 9734 9665
f 9669 9703 9671
f 9669 9702 9703
f 9711 9736 9737
f 9704 9670 9673
f 9711 9710 9738
f 9736 9711 9738
f 9705 9739 9706
f 9707 9739 9740
f 9706 9739 9707
f 9739 9705 9708
f 9741 9707 9740
f 9741 9708 9707
f 9675 9709 9712
f 9739 9708 9742
f 9742 9708 9741
f 9675 9678 9709
f 9712 9743 9675
f 9675 9743 9677
f 9678 9743 9709
f 9677 9743 9678
f 9611 9744 9642
f 9411 9613 9641
f 9641 9745 9680
f 9611 9679 9744
f 9642 9744 9714
f 9715 9641 9613
f 9714 9746 9681
f 9684 9647 9719
f 9747 9647 9718
f 9719 9747 9718
f 9719 9647 9748
f 9747 9748 9647
f 9749 9719 9748
f 9748 9747 9749
f 9624 9691 9721
f 9750 9685 9721
f 9686 9726 9722
f 9724 9687 9690
f 9725 9685 9750
f 9723 9720 9751
f 9688 9752 9543
f 9543 9592 9588
f 9543 9752 9592
f 9689 9723 9727
f 9753 9692 9657
f 9753 9726 9692
f 9592 9752 9630
f 9694 9660 9720
f 9720 9660 9732
f 9728 9593 9729
f 9627 9754 9699
f 9654 9754 9627
f 9698 9754 9729
f 9754 9698 9699
f 9697 9733 9755
f 9695 9756 9730
f 9698 9664 9757
f 9699 9698 9701
f 9701 9698 9757
f 9630 9758 9700
f 9731 9730 9759
f 9733 9700 9760
f 9700 9758 9760
f 9664 9734 9757
f 9701 9757 9665
f 9665 9757 9761
f 9735 9665 9761
f 9762 9734 9735
f 9735 9737 9762
f 9763 9737 9735
f 9736 9762 9737
f 9711 9763 9764
f 9763 9711 9737
f 9704 9673 9705
f 9738 9764 9736
f 9711 9764 9713
f 9704 9705 9706
f 9710 9765 9738
f 9713 9738 9765
f 9713 9764 9738
f 9765 9710 9709
f 9765 9712 9713
f 9743 9712 9765
f 9766 9741 9740
f 9766 9740 9742
f 9739 9742 9740
f 9743 9765 9709
f 9766 9742 9741
f 9744 9679 9767
f 9768 9744 9767
f 9744 9768 9714
f 9641 9715 9745
f 9680 9745 9683
f 9679 9681 9767
f 9716 9683 9745
f 9767 9681 9746
f 9768 9746 9714
f 9768 9769 9746
f 9768 9770 9769
f 9747 9719 9771
f 9721 9772 9750
f 9691 9725 9721
f 9725 9772 9721
f 9750 9772 9773
f 9722 9726 9774
f 9657 9722 9753
f 9724 9690 9775
f 9773 9725 9750
f 9726 9776 9774
f 9724 9754 9654
f 9752 9688 9755
f 9727 9723 9777
f 9726 9778 9776
f 9778 9726 9753
f 9690 9728 9775
f 9779 9775 9728
f 9780 9630 9752
f 9727 9777 9695
f 9728 9729 9779
f 9695 9777 9756
f 9780 9758 9630
f 9759 9730 9781
f 9781 9730 9756
f 9758 9782 9760
f 9762 9783 9734
f 9763 9761 9784
f 9761 9763 9735
f 9784 9762 9736
f 9736 9763 9784
f 9763 9736 9764
f 9768 9767 9770
f 9770 9767 9746
f 9715 9785 9745
f 9716 9745 9785
f 9716 9785 9717
f 9769 9786 9746
f 9719 9749 9771
f 9747 9787 9749
f 9749 9788 9771
f 9771 9788 9789
f 9787 9790 9788
f 9749 9787 9788
f 9788 9790 9791
f 9788 9791 9789
f 9722 9774 9753
f 9772 9725 9773
f 9724 9775 9754
f 9775 9792 9754
f 9688 9697 9755
f 9723 9751 9777
f 9775 9779 9792
f 9752 9755 9780
f 9720 9732 9751
f 9779 9729 9792
f 9754 9792 9729
f 9751 9732 9793
f 9755 9733 9794
f 9732 9731 9793
f 9756 9777 9781
f 9733 9760 9794
f 9780 9782 9758
f 9734 9783 9757
f 9760 9795 9794
f 9782 9795 9760
f 9757 9783 9761
f 9762 9784 9783
f 9761 9783 9784
f 9770 9746 9786
f 9770 9786 9769
f 9715 9717 9785
f 9771 9787 9747
f 9787 9771 9789
f 9787 9789 9790
f 9796 9790 9789
f 9791 9797 9796
f 9791 9796 9789
f 9790 9796 9798
f 9790 9798 9791
f 9791 9798 9797
f 9778 9774 9799
f 9753 9774 9778
f 9799 9776 9778
f 9793 9777 9751
f 9755 9794 9780
f 9800 9777 9793
f 9800 9781 9777
f 9781 9800 9759
f 9801 9793 9731
f 9801 9731 9759
f 9782 9802 9795
f 9803 9759 9800
f 9803 9801 9759
f 9802 9804 9795
f 9774 9776 9799
f 9780 9794 9782
f 9794 9804 9782
f 9803 9800 9793
f 9794 9795 9804
f 9782 9804 9802
f 9801 9803 9805
f 9805 9803 9806
f 9796 9797 9798
f 9793 9807 9803
f 9803 9807 9806
f 9807 9801 9805
f 9808 9807 9805
f 9793 9801 9807
f 9806 9807 9808
f 9806 9808 9805
# Vertices: 9808, normals: 0, texture coordinates: 0, faces: 20000

